solid sphere_at
  facet normal -5.462496e-01 8.336794e-01 8.117845e-02
    outer loop
      vertex 3.4036722197e-01 7.2196270209e-01 5.2110000000e-01
      vertex 3.1788949478e-01 7.0526076060e-01 5.4137157336e-01
      vertex 3.5068958948e-01 7.2553233397e-01 5.5390009470e-01
    endloop
  endfacet
  facet normal -6.304608e-01 7.592464e-01 1.614436e-01
    outer loop
      vertex 2.9835488061e-01 6.8481161119e-01 5.6125550891e-01
      vertex 3.2898708522e-01 7.0746230731e-01 5.7435571641e-01
      vertex 3.1788949478e-01 7.0526076060e-01 5.4137157336e-01
    endloop
  endfacet
  facet normal -5.001420e-01 8.397879e-01 2.112210e-01
    outer loop
      vertex 3.6332785886e-01 7.2496712010e-01 5.8607297825e-01
      vertex 3.5068958948e-01 7.2553233397e-01 5.5390009470e-01
      vertex 3.2898708522e-01 7.0746230731e-01 5.7435571641e-01
    endloop
  endfacet
  facet normal -5.572841e-01 8.196344e-01 1.327925e-01
    outer loop
      vertex 3.1788949478e-01 7.0526076060e-01 5.4137157336e-01
      vertex 3.2898708522e-01 7.0746230731e-01 5.7435571641e-01
      vertex 3.5068958948e-01 7.2553233397e-01 5.5390009470e-01
    endloop
  endfacet
  facet normal -7.599989e-01 5.693580e-01 3.134218e-01
    outer loop
      vertex 2.6954575141e-01 6.3430000000e-01 5.9835424859e-01
      vertex 2.9502330470e-01 6.5967523875e-01 6.1403700862e-01
      vertex 2.8213692496e-01 6.6100628732e-01 5.8037158134e-01
    endloop
  endfacet
  facet normal -6.491008e-01 6.636828e-01 3.717435e-01
    outer loop
      vertex 3.2485368693e-01 6.8134774006e-01 6.2743135104e-01
      vertex 3.0994702653e-01 6.8487746169e-01 5.9510114814e-01
      vertex 2.9502330470e-01 6.5967523875e-01 6.1403700862e-01
    endloop
  endfacet
  facet normal -7.022584e-01 6.705276e-01 2.392192e-01
    outer loop
      vertex 2.9835488061e-01 6.8481161119e-01 5.6125550891e-01
      vertex 2.8213692496e-01 6.6100628732e-01 5.8037158134e-01
      vertex 3.0994702653e-01 6.8487746169e-01 5.9510114814e-01
    endloop
  endfacet
  facet normal -7.075762e-01 6.415571e-01 2.962101e-01
    outer loop
      vertex 2.9502330470e-01 6.5967523875e-01 6.1403700862e-01
      vertex 3.0994702653e-01 6.8487746169e-01 5.9510114814e-01
      vertex 2.8213692496e-01 6.6100628732e-01 5.8037158134e-01
    endloop
  endfacet
  facet normal -3.824786e-01 8.026783e-01 4.576217e-01
    outer loop
      vertex 3.9454575141e-01 7.1155424859e-01 6.4610000000e-01
      vertex 3.7804035813e-01 7.2027786866e-01 6.1700343317e-01
      vertex 3.5830237507e-01 6.9878385501e-01 6.3820746272e-01
    endloop
  endfacet
  facet normal -4.450681e-01 8.294800e-01 3.374572e-01
    outer loop
      vertex 3.6332785886e-01 7.2496712010e-01 5.8607297825e-01
      vertex 3.4276959499e-01 7.0516292459e-01 6.0763825370e-01
      vertex 3.7804035813e-01 7.2027786866e-01 6.1700343317e-01
    endloop
  endfacet
  facet normal -5.222192e-01 7.421000e-01 4.202079e-01
    outer loop
      vertex 3.2485368693e-01 6.8134774006e-01 6.2743135104e-01
      vertex 3.5830237507e-01 6.9878385501e-01 6.3820746272e-01
      vertex 3.4276959499e-01 7.0516292459e-01 6.0763825370e-01
    endloop
  endfacet
  facet normal -4.484825e-01 8.016858e-01 3.951751e-01
    outer loop
      vertex 3.7804035813e-01 7.2027786866e-01 6.1700343317e-01
      vertex 3.4276959499e-01 7.0516292459e-01 6.0763825370e-01
      vertex 3.5830237507e-01 6.9878385501e-01 6.3820746272e-01
    endloop
  endfacet
  facet normal -6.387266e-01 7.381036e-01 2.173281e-01
    outer loop
      vertex 2.9835488061e-01 6.8481161119e-01 5.6125550891e-01
      vertex 3.0994702653e-01 6.8487746169e-01 5.9510114814e-01
      vertex 3.2898708522e-01 7.0746230731e-01 5.7435571641e-01
    endloop
  endfacet
  facet normal -5.855635e-01 7.312575e-01 3.498255e-01
    outer loop
      vertex 3.2485368693e-01 6.8134774006e-01 6.2743135104e-01
      vertex 3.4276959499e-01 7.0516292459e-01 6.0763825370e-01
      vertex 3.0994702653e-01 6.8487746169e-01 5.9510114814e-01
    endloop
  endfacet
  facet normal -5.084250e-01 8.186344e-01 2.670988e-01
    outer loop
      vertex 3.6332785886e-01 7.2496712010e-01 5.8607297825e-01
      vertex 3.2898708522e-01 7.0746230731e-01 5.7435571641e-01
      vertex 3.4276959499e-01 7.0516292459e-01 6.0763825370e-01
    endloop
  endfacet
  facet normal -5.811538e-01 7.591756e-01 2.931085e-01
    outer loop
      vertex 3.0994702653e-01 6.8487746169e-01 5.9510114814e-01
      vertex 3.4276959499e-01 7.0516292459e-01 6.0763825370e-01
      vertex 3.2898708522e-01 7.0746230731e-01 5.7435571641e-01
    endloop
  endfacet
  facet normal -8.336794e-01 8.117845e-02 5.462496e-01
    outer loop
      vertex 2.5913729791e-01 5.0930000000e-01 6.5253277803e-01
      vertex 2.7583923940e-01 5.2957157336e-01 6.7501050522e-01
      vertex 2.5556766603e-01 5.4210009470e-01 6.4221041052e-01
    endloop
  endfacet
  facet normal -7.592464e-01 1.614436e-01 6.304608e-01
    outer loop
      vertex 2.9628838881e-01 5.4945550891e-01 6.9454511939e-01
      vertex 2.7363769269e-01 5.6255571641e-01 6.6391291478e-01
      vertex 2.7583923940e-01 5.2957157336e-01 6.7501050522e-01
    endloop
  endfacet
  facet normal -8.397879e-01 2.112210e-01 5.001420e-01
    outer loop
      vertex 2.5613287990e-01 5.7427297825e-01 6.2957214114e-01
      vertex 2.5556766603e-01 5.4210009470e-01 6.4221041052e-01
      vertex 2.7363769269e-01 5.6255571641e-01 6.6391291478e-01
    endloop
  endfacet
  facet normal -8.196344e-01 1.327925e-01 5.572841e-01
    outer loop
      vertex 2.7583923940e-01 5.2957157336e-01 6.7501050522e-01
      vertex 2.7363769269e-01 5.6255571641e-01 6.6391291478e-01
      vertex 2.5556766603e-01 5.4210009470e-01 6.4221041052e-01
    endloop
  endfacet
  facet normal -5.693580e-01 3.134218e-01 7.599989e-01
    outer loop
      vertex 3.4680000000e-01 5.8655424859e-01 7.2335424859e-01
      vertex 3.2142476125e-01 6.0223700862e-01 6.9787669530e-01
      vertex 3.2009371268e-01 5.6857158134e-01 7.1076307504e-01
    endloop
  endfacet
  facet normal -6.636828e-01 3.717435e-01 6.491008e-01
    outer loop
      vertex 2.9975225994e-01 6.1563135104e-01 6.6804631307e-01
      vertex 2.9622253831e-01 5.8330114814e-01 6.8295297347e-01
      vertex 3.2142476125e-01 6.0223700862e-01 6.9787669530e-01
    endloop
  endfacet
  facet normal -6.705276e-01 2.392192e-01 7.022584e-01
    outer loop
      vertex 2.9628838881e-01 5.4945550891e-01 6.9454511939e-01
      vertex 3.2009371268e-01 5.6857158134e-01 7.1076307504e-01
      vertex 2.9622253831e-01 5.8330114814e-01 6.8295297347e-01
    endloop
  endfacet
  facet normal -6.415571e-01 2.962101e-01 7.075762e-01
    outer loop
      vertex 3.2142476125e-01 6.0223700862e-01 6.9787669530e-01
      vertex 2.9622253831e-01 5.8330114814e-01 6.8295297347e-01
      vertex 3.2009371268e-01 5.6857158134e-01 7.1076307504e-01
    endloop
  endfacet
  facet normal -8.026783e-01 4.576217e-01 3.824786e-01
    outer loop
      vertex 2.6954575141e-01 6.3430000000e-01 5.9835424859e-01
      vertex 2.6082213134e-01 6.0520343317e-01 6.1485964187e-01
      vertex 2.8231614499e-01 6.2640746272e-01 6.3459762493e-01
    endloop
  endfacet
  facet normal -8.294800e-01 3.374572e-01 4.450681e-01
    outer loop
      vertex 2.5613287990e-01 5.7427297825e-01 6.2957214114e-01
      vertex 2.7593707541e-01 5.9583825370e-01 6.5013040501e-01
      vertex 2.6082213134e-01 6.0520343317e-01 6.1485964187e-01
    endloop
  endfacet
  facet normal -7.421000e-01 4.202079e-01 5.222192e-01
    outer loop
      vertex 2.9975225994e-01 6.1563135104e-01 6.6804631307e-01
      vertex 2.8231614499e-01 6.2640746272e-01 6.3459762493e-01
      vertex 2.7593707541e-01 5.9583825370e-01 6.5013040501e-01
    endloop
  endfacet
  facet normal -8.016858e-01 3.951751e-01 4.484825e-01
    outer loop
      vertex 2.6082213134e-01 6.0520343317e-01 6.1485964187e-01
      vertex 2.7593707541e-01 5.9583825370e-01 6.5013040501e-01
      vertex 2.8231614499e-01 6.2640746272e-01 6.3459762493e-01
    endloop
  endfacet
  facet normal -7.381036e-01 2.173281e-01 6.387266e-01
    outer loop
      vertex 2.9628838881e-01 5.4945550891e-01 6.9454511939e-01
      vertex 2.9622253831e-01 5.8330114814e-01 6.8295297347e-01
      vertex 2.7363769269e-01 5.6255571641e-01 6.6391291478e-01
    endloop
  endfacet
  facet normal -7.312575e-01 3.498255e-01 5.855635e-01
    outer loop
      vertex 2.9975225994e-01 6.1563135104e-01 6.6804631307e-01
      vertex 2.7593707541e-01 5.9583825370e-01 6.5013040501e-01
      vertex 2.9622253831e-01 5.8330114814e-01 6.8295297347e-01
    endloop
  endfacet
  facet normal -8.186344e-01 2.670988e-01 5.084250e-01
    outer loop
      vertex 2.5613287990e-01 5.7427297825e-01 6.2957214114e-01
      vertex 2.7363769269e-01 5.6255571641e-01 6.6391291478e-01
      vertex 2.7593707541e-01 5.9583825370e-01 6.5013040501e-01
    endloop
  endfacet
  facet normal -7.591756e-01 2.931085e-01 5.811538e-01
    outer loop
      vertex 2.9622253831e-01 5.8330114814e-01 6.8295297347e-01
      vertex 2.7593707541e-01 5.9583825370e-01 6.5013040501e-01
      vertex 2.7363769269e-01 5.6255571641e-01 6.6391291478e-01
    endloop
  endfacet
  facet normal -8.117845e-02 5.462496e-01 8.336794e-01
    outer loop
      vertex 4.7180000000e-01 6.4073277803e-01 7.3376270209e-01
      vertex 4.5152842664e-01 6.6321050522e-01 7.1706076060e-01
      vertex 4.3899990530e-01 6.3041041052e-01 7.3733233397e-01
    endloop
  endfacet
  facet normal -1.614436e-01 6.304608e-01 7.592464e-01
    outer loop
      vertex 4.3164449109e-01 6.8274511939e-01 6.9661161119e-01
      vertex 4.1854428359e-01 6.5211291478e-01 7.1926230731e-01
      vertex 4.5152842664e-01 6.6321050522e-01 7.1706076060e-01
    endloop
  endfacet
  facet normal -2.112210e-01 5.001420e-01 8.397879e-01
    outer loop
      vertex 4.0682702175e-01 6.1777214114e-01 7.3676712010e-01
      vertex 4.3899990530e-01 6.3041041052e-01 7.3733233397e-01
      vertex 4.1854428359e-01 6.5211291478e-01 7.1926230731e-01
    endloop
  endfacet
  facet normal -1.327925e-01 5.572841e-01 8.196344e-01
    outer loop
      vertex 4.5152842664e-01 6.6321050522e-01 7.1706076060e-01
      vertex 4.1854428359e-01 6.5211291478e-01 7.1926230731e-01
      vertex 4.3899990530e-01 6.3041041052e-01 7.3733233397e-01
    endloop
  endfacet
  facet normal -3.134218e-01 7.599989e-01 5.693580e-01
    outer loop
      vertex 3.9454575141e-01 7.1155424859e-01 6.4610000000e-01
      vertex 3.7886299138e-01 6.8607669530e-01 6.7147523875e-01
      vertex 4.1252841866e-01 6.9896307504e-01 6.7280628732e-01
    endloop
  endfacet
  facet normal -3.717435e-01 6.491008e-01 6.636828e-01
    outer loop
      vertex 3.6546864896e-01 6.5624631307e-01 6.9314774006e-01
      vertex 3.9779885186e-01 6.7115297347e-01 6.9667746169e-01
      vertex 3.7886299138e-01 6.8607669530e-01 6.7147523875e-01
    endloop
  endfacet
  facet normal -2.392192e-01 7.022584e-01 6.705276e-01
    outer loop
      vertex 4.3164449109e-01 6.8274511939e-01 6.9661161119e-01
      vertex 4.1252841866e-01 6.9896307504e-01 6.7280628732e-01
      vertex 3.9779885186e-01 6.7115297347e-01 6.9667746169e-01
    endloop
  endfacet
  facet normal -2.962101e-01 7.075762e-01 6.415571e-01
    outer loop
      vertex 3.7886299138e-01 6.8607669530e-01 6.7147523875e-01
      vertex 3.9779885186e-01 6.7115297347e-01 6.9667746169e-01
      vertex 4.1252841866e-01 6.9896307504e-01 6.7280628732e-01
    endloop
  endfacet
  facet normal -4.576217e-01 3.824786e-01 8.026783e-01
    outer loop
      vertex 3.4680000000e-01 5.8655424859e-01 7.2335424859e-01
      vertex 3.7589656683e-01 6.0305964187e-01 7.3207786866e-01
      vertex 3.5469253728e-01 6.2279762493e-01 7.1058385501e-01
    endloop
  endfacet
  facet normal -3.374572e-01 4.450681e-01 8.294800e-01
    outer loop
      vertex 4.0682702175e-01 6.1777214114e-01 7.3676712010e-01
      vertex 3.8526174630e-01 6.3833040501e-01 7.1696292459e-01
      vertex 3.7589656683e-01 6.0305964187e-01 7.3207786866e-01
    endloop
  endfacet
  facet normal -4.202079e-01 5.222192e-01 7.421000e-01
    outer loop
      vertex 3.6546864896e-01 6.5624631307e-01 6.9314774006e-01
      vertex 3.5469253728e-01 6.2279762493e-01 7.1058385501e-01
      vertex 3.8526174630e-01 6.3833040501e-01 7.1696292459e-01
    endloop
  endfacet
  facet normal -3.951751e-01 4.484825e-01 8.016858e-01
    outer loop
      vertex 3.7589656683e-01 6.0305964187e-01 7.3207786866e-01
      vertex 3.8526174630e-01 6.3833040501e-01 7.1696292459e-01
      vertex 3.5469253728e-01 6.2279762493e-01 7.1058385501e-01
    endloop
  endfacet
  facet normal -2.173281e-01 6.387266e-01 7.381036e-01
    outer loop
      vertex 4.3164449109e-01 6.8274511939e-01 6.9661161119e-01
      vertex 3.9779885186e-01 6.7115297347e-01 6.9667746169e-01
      vertex 4.1854428359e-01 6.5211291478e-01 7.1926230731e-01
    endloop
  endfacet
  facet normal -3.498255e-01 5.855635e-01 7.312575e-01
    outer loop
      vertex 3.6546864896e-01 6.5624631307e-01 6.9314774006e-01
      vertex 3.8526174630e-01 6.3833040501e-01 7.1696292459e-01
      vertex 3.9779885186e-01 6.7115297347e-01 6.9667746169e-01
    endloop
  endfacet
  facet normal -2.670988e-01 5.084250e-01 8.186344e-01
    outer loop
      vertex 4.0682702175e-01 6.1777214114e-01 7.3676712010e-01
      vertex 4.1854428359e-01 6.5211291478e-01 7.1926230731e-01
      vertex 3.8526174630e-01 6.3833040501e-01 7.1696292459e-01
    endloop
  endfacet
  facet normal -2.931085e-01 5.811538e-01 7.591756e-01
    outer loop
      vertex 3.9779885186e-01 6.7115297347e-01 6.9667746169e-01
      vertex 3.8526174630e-01 6.3833040501e-01 7.1696292459e-01
      vertex 4.1854428359e-01 6.5211291478e-01 7.1926230731e-01
    endloop
  endfacet
  facet normal -7.595136e-01 5.263422e-01 3.822343e-01
    outer loop
      vertex 2.6954575141e-01 6.3430000000e-01 5.9835424859e-01
      vertex 2.8231614499e-01 6.2640746272e-01 6.3459762493e-01
      vertex 2.9502330470e-01 6.5967523875e-01 6.1403700862e-01
    endloop
  endfacet
  facet normal -6.990111e-01 4.888946e-01 5.218865e-01
    outer loop
      vertex 2.9975225994e-01 6.1563135104e-01 6.6804631307e-01
      vertex 3.1015555205e-01 6.5036355294e-01 6.4944386031e-01
      vertex 2.8231614499e-01 6.2640746272e-01 6.3459762493e-01
    endloop
  endfacet
  facet normal -6.486873e-01 6.206439e-01 4.404610e-01
    outer loop
      vertex 3.2485368693e-01 6.8134774006e-01 6.2743135104e-01
      vertex 2.9502330470e-01 6.5967523875e-01 6.1403700862e-01
      vertex 3.1015555205e-01 6.5036355294e-01 6.4944386031e-01
    endloop
  endfacet
  facet normal -7.084426e-01 5.465636e-01 4.465169e-01
    outer loop
      vertex 2.8231614499e-01 6.2640746272e-01 6.3459762493e-01
      vertex 3.1015555205e-01 6.5036355294e-01 6.4944386031e-01
      vertex 2.9502330470e-01 6.5967523875e-01 6.1403700862e-01
    endloop
  endfacet
  facet normal -5.263422e-01 3.822343e-01 7.595136e-01
    outer loop
      vertex 3.4680000000e-01 5.8655424859e-01 7.2335424859e-01
      vertex 3.5469253728e-01 6.2279762493e-01 7.1058385501e-01
      vertex 3.2142476125e-01 6.0223700862e-01 6.9787669530e-01
    endloop
  endfacet
  facet normal -4.888946e-01 5.218865e-01 6.990111e-01
    outer loop
      vertex 3.6546864896e-01 6.5624631307e-01 6.9314774006e-01
      vertex 3.3073644706e-01 6.3764386031e-01 6.8274444795e-01
      vertex 3.5469253728e-01 6.2279762493e-01 7.1058385501e-01
    endloop
  endfacet
  facet normal -6.206439e-01 4.404610e-01 6.486873e-01
    outer loop
      vertex 2.9975225994e-01 6.1563135104e-01 6.6804631307e-01
      vertex 3.2142476125e-01 6.0223700862e-01 6.9787669530e-01
      vertex 3.3073644706e-01 6.3764386031e-01 6.8274444795e-01
    endloop
  endfacet
  facet normal -5.465636e-01 4.465169e-01 7.084426e-01
    outer loop
      vertex 3.5469253728e-01 6.2279762493e-01 7.1058385501e-01
      vertex 3.3073644706e-01 6.3764386031e-01 6.8274444795e-01
      vertex 3.2142476125e-01 6.0223700862e-01 6.9787669530e-01
    endloop
  endfacet
  facet normal -3.822343e-01 7.595136e-01 5.263422e-01
    outer loop
      vertex 3.9454575141e-01 7.1155424859e-01 6.4610000000e-01
      vertex 3.5830237507e-01 6.9878385501e-01 6.3820746272e-01
      vertex 3.7886299138e-01 6.8607669530e-01 6.7147523875e-01
    endloop
  endfacet
  facet normal -5.218865e-01 6.990111e-01 4.888946e-01
    outer loop
      vertex 3.2485368693e-01 6.8134774006e-01 6.2743135104e-01
      vertex 3.4345613969e-01 6.7094444795e-01 6.6216355294e-01
      vertex 3.5830237507e-01 6.9878385501e-01 6.3820746272e-01
    endloop
  endfacet
  facet normal -4.404610e-01 6.486873e-01 6.206439e-01
    outer loop
      vertex 3.6546864896e-01 6.5624631307e-01 6.9314774006e-01
      vertex 3.7886299138e-01 6.8607669530e-01 6.7147523875e-01
      vertex 3.4345613969e-01 6.7094444795e-01 6.6216355294e-01
    endloop
  endfacet
  facet normal -4.465169e-01 7.084426e-01 5.465636e-01
    outer loop
      vertex 3.5830237507e-01 6.9878385501e-01 6.3820746272e-01
      vertex 3.4345613969e-01 6.7094444795e-01 6.6216355294e-01
      vertex 3.7886299138e-01 6.8607669530e-01 6.7147523875e-01
    endloop
  endfacet
  facet normal -6.354715e-01 5.037511e-01 5.851588e-01
    outer loop
      vertex 2.9975225994e-01 6.1563135104e-01 6.6804631307e-01
      vertex 3.3073644706e-01 6.3764386031e-01 6.8274444795e-01
      vertex 3.1015555205e-01 6.5036355294e-01 6.4944386031e-01
    endloop
  endfacet
  facet normal -5.037511e-01 5.851588e-01 6.354715e-01
    outer loop
      vertex 3.6546864896e-01 6.5624631307e-01 6.9314774006e-01
      vertex 3.4345613969e-01 6.7094444795e-01 6.6216355294e-01
      vertex 3.3073644706e-01 6.3764386031e-01 6.8274444795e-01
    endloop
  endfacet
  facet normal -5.851588e-01 6.354715e-01 5.037511e-01
    outer loop
      vertex 3.2485368693e-01 6.8134774006e-01 6.2743135104e-01
      vertex 3.1015555205e-01 6.5036355294e-01 6.4944386031e-01
      vertex 3.4345613969e-01 6.7094444795e-01 6.6216355294e-01
    endloop
  endfacet
  facet normal -5.773503e-01 5.773503e-01 5.773503e-01
    outer loop
      vertex 3.3073644706e-01 6.3764386031e-01 6.8274444795e-01
      vertex 3.4345613969e-01 6.7094444795e-01 6.6216355294e-01
      vertex 3.1015555205e-01 6.5036355294e-01 6.4944386031e-01
    endloop
  endfacet
  facet normal -4.650712e-01 8.838505e-01 5.017104e-02
    outer loop
      vertex 3.4036722197e-01 7.2196270209e-01 5.2110000000e-01
      vertex 3.5068958948e-01 7.2553233397e-01 5.5390009470e-01
      vertex 3.7096116285e-01 7.3806085531e-01 5.2110000000e-01
    endloop
  endfacet
  facet normal -4.192398e-01 8.897882e-01 1.803191e-01
    outer loop
      vertex 3.6332785886e-01 7.2496712010e-01 5.8607297825e-01
      vertex 3.8224280163e-01 7.4037615015e-01 5.5401384284e-01
      vertex 3.5068958948e-01 7.2553233397e-01 5.5390009470e-01
    endloop
  endfacet
  facet normal -3.386983e-01 9.395655e-01 5.000027e-02
    outer loop
      vertex 4.0348336777e-01 7.4978458945e-01 5.2110000000e-01
      vertex 3.7096116285e-01 7.3806085531e-01 5.2110000000e-01
      vertex 3.8224280163e-01 7.4037615015e-01 5.5401384284e-01
    endloop
  endfacet
  facet normal -4.244916e-01 9.017047e-01 8.207030e-02
    outer loop
      vertex 3.5068958948e-01 7.2553233397e-01 5.5390009470e-01
      vertex 3.8224280163e-01 7.4037615015e-01 5.5401384284e-01
      vertex 3.7096116285e-01 7.3806085531e-01 5.2110000000e-01
    endloop
  endfacet
  facet normal -3.023772e-01 8.521837e-01 4.270257e-01
    outer loop
      vertex 3.9454575141e-01 7.1155424859e-01 6.4610000000e-01
      vertex 4.1213076742e-01 7.3205163105e-01 6.1764684640e-01
      vertex 3.7804035813e-01 7.2027786866e-01 6.1700343317e-01
    endloop
  endfacet
  facet normal -2.288929e-01 9.233856e-01 3.081672e-01
    outer loop
      vertex 4.3118503797e-01 7.4706412907e-01 5.8681638901e-01
      vertex 3.9648528023e-01 7.3836104380e-01 5.8712068766e-01
      vertex 4.1213076742e-01 7.3205163105e-01 6.1764684640e-01
    endloop
  endfacet
  facet normal -3.648012e-01 8.790876e-01 3.067980e-01
    outer loop
      vertex 3.6332785886e-01 7.2496712010e-01 5.8607297825e-01
      vertex 3.7804035813e-01 7.2027786866e-01 6.1700343317e-01
      vertex 3.9648528023e-01 7.3836104380e-01 5.8712068766e-01
    endloop
  endfacet
  facet normal -3.124011e-01 8.857887e-01 3.431966e-01
    outer loop
      vertex 4.1213076742e-01 7.3205163105e-01 6.1764684640e-01
      vertex 3.9648528023e-01 7.3836104380e-01 5.8712068766e-01
      vertex 3.7804035813e-01 7.2027786866e-01 6.1700343317e-01
    endloop
  endfacet
  facet normal -6.905681e-02 9.963836e-01 4.950537e-02
    outer loop
      vertex 4.7180000000e-01 7.5930000000e-01 5.2110000000e-01
      vertex 4.3731193947e-01 7.5690972049e-01 5.2110000000e-01
      vertex 4.5123938368e-01 7.5622208515e-01 5.5436777604e-01
    endloop
  endfacet
  facet normal -2.058489e-01 9.773256e-01 4.960764e-02
    outer loop
      vertex 4.0348336777e-01 7.4978458945e-01 5.2110000000e-01
      vertex 4.1677074313e-01 7.5089814935e-01 5.5429811921e-01
      vertex 4.3731193947e-01 7.5690972049e-01 5.2110000000e-01
    endloop
  endfacet
  facet normal -1.504758e-01 9.718501e-01 1.812856e-01
    outer loop
      vertex 4.3118503797e-01 7.4706412907e-01 5.8681638901e-01
      vertex 4.5123938368e-01 7.5622208515e-01 5.5436777604e-01
      vertex 4.1677074313e-01 7.5089814935e-01 5.5429811921e-01
    endloop
  endfacet
  facet normal -1.522724e-01 9.847537e-01 8.410292e-02
    outer loop
      vertex 4.3731193947e-01 7.5690972049e-01 5.2110000000e-01
      vertex 4.1677074313e-01 7.5089814935e-01 5.5429811921e-01
      vertex 4.5123938368e-01 7.5622208515e-01 5.5436777604e-01
    endloop
  endfacet
  facet normal -3.716277e-01 9.031797e-01 2.148469e-01
    outer loop
      vertex 3.6332785886e-01 7.2496712010e-01 5.8607297825e-01
      vertex 3.9648528023e-01 7.3836104380e-01 5.8712068766e-01
      vertex 3.8224280163e-01 7.4037615015e-01 5.5401384284e-01
    endloop
  endfacet
  facet normal -2.357379e-01 9.474616e-01 2.162041e-01
    outer loop
      vertex 4.3118503797e-01 7.4706412907e-01 5.8681638901e-01
      vertex 4.1677074313e-01 7.5089814935e-01 5.5429811921e-01
      vertex 3.9648528023e-01 7.3836104380e-01 5.8712068766e-01
    endloop
  endfacet
  facet normal -2.910970e-01 9.529505e-01 8.454536e-02
    outer loop
      vertex 4.0348336777e-01 7.4978458945e-01 5.2110000000e-01
      vertex 3.8224280163e-01 7.4037615015e-01 5.5401384284e-01
      vertex 4.1677074313e-01 7.5089814935e-01 5.5429811921e-01
    endloop
  endfacet
  facet normal -2.880454e-01 9.403266e-01 1.811510e-01
    outer loop
      vertex 3.9648528023e-01 7.3836104380e-01 5.8712068766e-01
      vertex 4.1677074313e-01 7.5089814935e-01 5.5429811921e-01
      vertex 3.8224280163e-01 7.4037615015e-01 5.5401384284e-01
    endloop
  endfacet
  facet normal 0.000000e+00 5.964207e-01 8.026720e-01
    outer loop
      vertex 4.7180000000e-01 6.4073277803e-01 7.3376270209e-01
      vertex 4.9207157336e-01 6.6321050522e-01 7.1706076060e-01
      vertex 4.5152842664e-01 6.6321050522e-01 7.1706076060e-01
    endloop
  endfacet
  facet normal 8.054149e-02 6.804611e-01 7.283445e-01
    outer loop
      vertex 5.1195550891e-01 6.8274511939e-01 6.9661161119e-01
      vertex 4.7180000000e-01 6.8502675762e-01 6.9892043374e-01
      vertex 4.9207157336e-01 6.6321050522e-01 7.1706076060e-01
    endloop
  endfacet
  facet normal -8.054149e-02 6.804611e-01 7.283445e-01
    outer loop
      vertex 4.3164449109e-01 6.8274511939e-01 6.9661161119e-01
      vertex 4.5152842664e-01 6.6321050522e-01 7.1706076060e-01
      vertex 4.7180000000e-01 6.8502675762e-01 6.9892043374e-01
    endloop
  endfacet
  facet normal 0.000000e+00 6.393544e-01 7.689122e-01
    outer loop
      vertex 4.9207157336e-01 6.6321050522e-01 7.1706076060e-01
      vertex 4.7180000000e-01 6.8502675762e-01 6.9892043374e-01
      vertex 4.5152842664e-01 6.6321050522e-01 7.1706076060e-01
    endloop
  endfacet
  facet normal 2.333204e-01 8.095043e-01 5.387620e-01
    outer loop
      vertex 5.4905424859e-01 7.1155424859e-01 6.4610000000e-01
      vertex 5.1090861626e-01 7.1934447133e-01 6.5091462243e-01
      vertex 5.3107158134e-01 6.9896307504e-01 6.7280628732e-01
    endloop
  endfacet
  facet normal 7.841715e-02 8.303865e-01 5.516422e-01
    outer loop
      vertex 4.7180000000e-01 7.2196270209e-01 6.5253277803e-01
      vertex 4.9208546290e-01 7.0435109268e-01 6.7615989565e-01
      vertex 5.1090861626e-01 7.1934447133e-01 6.5091462243e-01
    endloop
  endfacet
  facet normal 1.589524e-01 7.518660e-01 6.398684e-01
    outer loop
      vertex 5.1195550891e-01 6.8274511939e-01 6.9661161119e-01
      vertex 5.3107158134e-01 6.9896307504e-01 6.7280628732e-01
      vertex 4.9208546290e-01 7.0435109268e-01 6.7615989565e-01
    endloop
  endfacet
  facet normal 1.601287e-01 7.916792e-01 5.895786e-01
    outer loop
      vertex 5.1090861626e-01 7.1934447133e-01 6.5091462243e-01
      vertex 4.9208546290e-01 7.0435109268e-01 6.7615989565e-01
      vertex 5.3107158134e-01 6.9896307504e-01 6.7280628732e-01
    endloop
  endfacet
  facet normal -2.333204e-01 8.095043e-01 5.387620e-01
    outer loop
      vertex 3.9454575141e-01 7.1155424859e-01 6.4610000000e-01
      vertex 4.1252841866e-01 6.9896307504e-01 6.7280628732e-01
      vertex 4.3269138374e-01 7.1934447133e-01 6.5091462243e-01
    endloop
  endfacet
  facet normal -1.589524e-01 7.518660e-01 6.398684e-01
    outer loop
      vertex 4.3164449109e-01 6.8274511939e-01 6.9661161119e-01
      vertex 4.5151453710e-01 7.0435109268e-01 6.7615989565e-01
      vertex 4.1252841866e-01 6.9896307504e-01 6.7280628732e-01
    endloop
  endfacet
  facet normal -7.841715e-02 8.303865e-01 5.516422e-01
    outer loop
      vertex 4.7180000000e-01 7.2196270209e-01 6.5253277803e-01
      vertex 4.3269138374e-01 7.1934447133e-01 6.5091462243e-01
      vertex 4.5151453710e-01 7.0435109268e-01 6.7615989565e-01
    endloop
  endfacet
  facet normal -1.601287e-01 7.916792e-01 5.895786e-01
    outer loop
      vertex 4.1252841866e-01 6.9896307504e-01 6.7280628732e-01
      vertex 4.5151453710e-01 7.0435109268e-01 6.7615989565e-01
      vertex 4.3269138374e-01 7.1934447133e-01 6.5091462243e-01
    endloop
  endfacet
  facet normal 8.053079e-02 7.232719e-01 6.858517e-01
    outer loop
      vertex 5.1195550891e-01 6.8274511939e-01 6.9661161119e-01
      vertex 4.9208546290e-01 7.0435109268e-01 6.7615989565e-01
      vertex 4.7180000000e-01 6.8502675762e-01 6.9892043374e-01
    endloop
  endfacet
  facet normal 0.000000e+00 8.017675e-01 5.976360e-01
    outer loop
      vertex 4.7180000000e-01 7.2196270209e-01 6.5253277803e-01
      vertex 4.5151453710e-01 7.0435109268e-01 6.7615989565e-01
      vertex 4.9208546290e-01 7.0435109268e-01 6.7615989565e-01
    endloop
  endfacet
  facet normal -8.053079e-02 7.232719e-01 6.858517e-01
    outer loop
      vertex 4.3164449109e-01 6.8274511939e-01 6.9661161119e-01
      vertex 4.7180000000e-01 6.8502675762e-01 6.9892043374e-01
      vertex 4.5151453710e-01 7.0435109268e-01 6.7615989565e-01
    endloop
  endfacet
  facet normal 0.000000e+00 7.623048e-01 6.472182e-01
    outer loop
      vertex 4.9208546290e-01 7.0435109268e-01 6.7615989565e-01
      vertex 4.5151453710e-01 7.0435109268e-01 6.7615989565e-01
      vertex 4.7180000000e-01 6.8502675762e-01 6.9892043374e-01
    endloop
  endfacet
  facet normal 4.650712e-01 8.838505e-01 5.017104e-02
    outer loop
      vertex 6.0323277803e-01 7.2196270209e-01 5.2110000000e-01
      vertex 5.7263883715e-01 7.3806085531e-01 5.2110000000e-01
      vertex 5.9291041052e-01 7.2553233397e-01 5.5390009470e-01
    endloop
  endfacet
  facet normal 3.386983e-01 9.395655e-01 5.000027e-02
    outer loop
      vertex 5.4011663223e-01 7.4978458945e-01 5.2110000000e-01
      vertex 5.6135719837e-01 7.4037615015e-01 5.5401384284e-01
      vertex 5.7263883715e-01 7.3806085531e-01 5.2110000000e-01
    endloop
  endfacet
  facet normal 4.192398e-01 8.897882e-01 1.803191e-01
    outer loop
      vertex 5.8027214114e-01 7.2496712010e-01 5.8607297825e-01
      vertex 5.9291041052e-01 7.2553233397e-01 5.5390009470e-01
      vertex 5.6135719837e-01 7.4037615015e-01 5.5401384284e-01
    endloop
  endfacet
  facet normal 4.244916e-01 9.017047e-01 8.207030e-02
    outer loop
      vertex 5.7263883715e-01 7.3806085531e-01 5.2110000000e-01
      vertex 5.6135719837e-01 7.4037615015e-01 5.5401384284e-01
      vertex 5.9291041052e-01 7.2553233397e-01 5.5390009470e-01
    endloop
  endfacet
  facet normal 6.905681e-02 9.963836e-01 4.950537e-02
    outer loop
      vertex 4.7180000000e-01 7.5930000000e-01 5.2110000000e-01
      vertex 4.9236061632e-01 7.5622208515e-01 5.5436777604e-01
      vertex 5.0628806053e-01 7.5690972049e-01 5.2110000000e-01
    endloop
  endfacet
  facet normal 1.504758e-01 9.718501e-01 1.812856e-01
    outer loop
      vertex 5.1241496203e-01 7.4706412907e-01 5.8681638901e-01
      vertex 5.2682925687e-01 7.5089814935e-01 5.5429811921e-01
      vertex 4.9236061632e-01 7.5622208515e-01 5.5436777604e-01
    endloop
  endfacet
  facet normal 2.058489e-01 9.773256e-01 4.960764e-02
    outer loop
      vertex 5.4011663223e-01 7.4978458945e-01 5.2110000000e-01
      vertex 5.0628806053e-01 7.5690972049e-01 5.2110000000e-01
      vertex 5.2682925687e-01 7.5089814935e-01 5.5429811921e-01
    endloop
  endfacet
  facet normal 1.522724e-01 9.847537e-01 8.410292e-02
    outer loop
      vertex 4.9236061632e-01 7.5622208515e-01 5.5436777604e-01
      vertex 5.2682925687e-01 7.5089814935e-01 5.5429811921e-01
      vertex 5.0628806053e-01 7.5690972049e-01 5.2110000000e-01
    endloop
  endfacet
  facet normal 3.023772e-01 8.521837e-01 4.270257e-01
    outer loop
      vertex 5.4905424859e-01 7.1155424859e-01 6.4610000000e-01
      vertex 5.6555964187e-01 7.2027786866e-01 6.1700343317e-01
      vertex 5.3146923258e-01 7.3205163105e-01 6.1764684640e-01
    endloop
  endfacet
  facet normal 3.648012e-01 8.790876e-01 3.067980e-01
    outer loop
      vertex 5.8027214114e-01 7.2496712010e-01 5.8607297825e-01
      vertex 5.4711471977e-01 7.3836104380e-01 5.8712068766e-01
      vertex 5.6555964187e-01 7.2027786866e-01 6.1700343317e-01
    endloop
  endfacet
  facet normal 2.288929e-01 9.233856e-01 3.081672e-01
    outer loop
      vertex 5.1241496203e-01 7.4706412907e-01 5.8681638901e-01
      vertex 5.3146923258e-01 7.3205163105e-01 6.1764684640e-01
      vertex 5.4711471977e-01 7.3836104380e-01 5.8712068766e-01
    endloop
  endfacet
  facet normal 3.124011e-01 8.857887e-01 3.431966e-01
    outer loop
      vertex 5.6555964187e-01 7.2027786866e-01 6.1700343317e-01
      vertex 5.4711471977e-01 7.3836104380e-01 5.8712068766e-01
      vertex 5.3146923258e-01 7.3205163105e-01 6.1764684640e-01
    endloop
  endfacet
  facet normal 2.910970e-01 9.529505e-01 8.454536e-02
    outer loop
      vertex 5.4011663223e-01 7.4978458945e-01 5.2110000000e-01
      vertex 5.2682925687e-01 7.5089814935e-01 5.5429811921e-01
      vertex 5.6135719837e-01 7.4037615015e-01 5.5401384284e-01
    endloop
  endfacet
  facet normal 2.357379e-01 9.474616e-01 2.162041e-01
    outer loop
      vertex 5.1241496203e-01 7.4706412907e-01 5.8681638901e-01
      vertex 5.4711471977e-01 7.3836104380e-01 5.8712068766e-01
      vertex 5.2682925687e-01 7.5089814935e-01 5.5429811921e-01
    endloop
  endfacet
  facet normal 3.716277e-01 9.031797e-01 2.148469e-01
    outer loop
      vertex 5.8027214114e-01 7.2496712010e-01 5.8607297825e-01
      vertex 5.6135719837e-01 7.4037615015e-01 5.5401384284e-01
      vertex 5.4711471977e-01 7.3836104380e-01 5.8712068766e-01
    endloop
  endfacet
  facet normal 2.880454e-01 9.403266e-01 1.811510e-01
    outer loop
      vertex 5.2682925687e-01 7.5089814935e-01 5.5429811921e-01
      vertex 5.4711471977e-01 7.3836104380e-01 5.8712068766e-01
      vertex 5.6135719837e-01 7.4037615015e-01 5.5401384284e-01
    endloop
  endfacet
  facet normal -2.331714e-01 8.516395e-01 4.694052e-01
    outer loop
      vertex 3.9454575141e-01 7.1155424859e-01 6.4610000000e-01
      vertex 4.3269138374e-01 7.1934447133e-01 6.5091462243e-01
      vertex 4.1213076742e-01 7.3205163105e-01 6.1764684640e-01
    endloop
  endfacet
  facet normal -7.836719e-02 8.724736e-01 4.823363e-01
    outer loop
      vertex 4.7180000000e-01 7.2196270209e-01 6.5253277803e-01
      vertex 4.5121910499e-01 7.3754562323e-01 6.2100176293e-01
      vertex 4.3269138374e-01 7.1934447133e-01 6.5091462243e-01
    endloop
  endfacet
  facet normal -1.597927e-01 9.227974e-01 3.505871e-01
    outer loop
      vertex 4.3118503797e-01 7.4706412907e-01 5.8681638901e-01
      vertex 4.1213076742e-01 7.3205163105e-01 6.1764684640e-01
      vertex 4.5121910499e-01 7.3754562323e-01 6.2100176293e-01
    endloop
  endfacet
  facet normal -1.618790e-01 8.843585e-01 4.378416e-01
    outer loop
      vertex 4.3269138374e-01 7.1934447133e-01 6.5091462243e-01
      vertex 4.5121910499e-01 7.3754562323e-01 6.2100176293e-01
      vertex 4.1213076742e-01 7.3205163105e-01 6.1764684640e-01
    endloop
  endfacet
  facet normal 2.331714e-01 8.516395e-01 4.694052e-01
    outer loop
      vertex 5.4905424859e-01 7.1155424859e-01 6.4610000000e-01
      vertex 5.3146923258e-01 7.3205163105e-01 6.1764684640e-01
      vertex 5.1090861626e-01 7.1934447133e-01 6.5091462243e-01
    endloop
  endfacet
  facet normal 1.597927e-01 9.227974e-01 3.505871e-01
    outer loop
      vertex 5.1241496203e-01 7.4706412907e-01 5.8681638901e-01
      vertex 4.9238089501e-01 7.3754562323e-01 6.2100176293e-01
      vertex 5.3146923258e-01 7.3205163105e-01 6.1764684640e-01
    endloop
  endfacet
  facet normal 7.836719e-02 8.724736e-01 4.823363e-01
    outer loop
      vertex 4.7180000000e-01 7.2196270209e-01 6.5253277803e-01
      vertex 5.1090861626e-01 7.1934447133e-01 6.5091462243e-01
      vertex 4.9238089501e-01 7.3754562323e-01 6.2100176293e-01
    endloop
  endfacet
  facet normal 1.618790e-01 8.843585e-01 4.378416e-01
    outer loop
      vertex 5.3146923258e-01 7.3205163105e-01 6.1764684640e-01
      vertex 4.9238089501e-01 7.3754562323e-01 6.2100176293e-01
      vertex 5.1090861626e-01 7.1934447133e-01 6.5091462243e-01
    endloop
  endfacet
  facet normal 0.000000e+00 9.957474e-01 9.212595e-02
    outer loop
      vertex 4.7180000000e-01 7.5930000000e-01 5.2110000000e-01
      vertex 4.5123938368e-01 7.5622208515e-01 5.5436777604e-01
      vertex 4.9236061632e-01 7.5622208515e-01 5.5436777604e-01
    endloop
  endfacet
  facet normal -8.142553e-02 9.712310e-01 2.237863e-01
    outer loop
      vertex 4.3118503797e-01 7.4706412907e-01 5.8681638901e-01
      vertex 4.7180000000e-01 7.5026531587e-01 5.8770117528e-01
      vertex 4.5123938368e-01 7.5622208515e-01 5.5436777604e-01
    endloop
  endfacet
  facet normal 8.142553e-02 9.712310e-01 2.237863e-01
    outer loop
      vertex 5.1241496203e-01 7.4706412907e-01 5.8681638901e-01
      vertex 4.9236061632e-01 7.5622208515e-01 5.5436777604e-01
      vertex 4.7180000000e-01 7.5026531587e-01 5.8770117528e-01
    endloop
  endfacet
  facet normal -0.000000e+00 9.844052e-01 1.759159e-01
    outer loop
      vertex 4.5123938368e-01 7.5622208515e-01 5.5436777604e-01
      vertex 4.7180000000e-01 7.5026531587e-01 5.8770117528e-01
      vertex 4.9236061632e-01 7.5622208515e-01 5.5436777604e-01
    endloop
  endfacet
  facet normal 0.000000e+00 8.964941e-01 4.430557e-01
    outer loop
      vertex 4.7180000000e-01 7.2196270209e-01 6.5253277803e-01
      vertex 4.9238089501e-01 7.3754562323e-01 6.2100176293e-01
      vertex 4.5121910499e-01 7.3754562323e-01 6.2100176293e-01
    endloop
  endfacet
  facet normal 8.140770e-02 9.468068e-01 3.113353e-01
    outer loop
      vertex 5.1241496203e-01 7.4706412907e-01 5.8681638901e-01
      vertex 4.7180000000e-01 7.5026531587e-01 5.8770117528e-01
      vertex 4.9238089501e-01 7.3754562323e-01 6.2100176293e-01
    endloop
  endfacet
  facet normal -8.140770e-02 9.468068e-01 3.113353e-01
    outer loop
      vertex 4.3118503797e-01 7.4706412907e-01 5.8681638901e-01
      vertex 4.5121910499e-01 7.3754562323e-01 6.2100176293e-01
      vertex 4.7180000000e-01 7.5026531587e-01 5.8770117528e-01
    endloop
  endfacet
  facet normal 0.000000e+00 9.341724e-01 3.568221e-01
    outer loop
      vertex 4.9238089501e-01 7.3754562323e-01 6.2100176293e-01
      vertex 4.7180000000e-01 7.5026531587e-01 5.8770117528e-01
      vertex 4.5121910499e-01 7.3754562323e-01 6.2100176293e-01
    endloop
  endfacet
  facet normal -4.650712e-01 8.838505e-01 -5.017104e-02
    outer loop
      vertex 3.4036722197e-01 7.2196270209e-01 5.2110000000e-01
      vertex 3.7096116285e-01 7.3806085531e-01 5.2110000000e-01
      vertex 3.5068958948e-01 7.2553233397e-01 4.8829990530e-01
    endloop
  endfacet
  facet normal -3.386983e-01 9.395655e-01 -5.000027e-02
    outer loop
      vertex 4.0348336777e-01 7.4978458945e-01 5.2110000000e-01
      vertex 3.8224280163e-01 7.4037615015e-01 4.8818615716e-01
      vertex 3.7096116285e-01 7.3806085531e-01 5.2110000000e-01
    endloop
  endfacet
  facet normal -4.192398e-01 8.897882e-01 -1.803191e-01
    outer loop
      vertex 3.6332785886e-01 7.2496712010e-01 4.5612702175e-01
      vertex 3.5068958948e-01 7.2553233397e-01 4.8829990530e-01
      vertex 3.8224280163e-01 7.4037615015e-01 4.8818615716e-01
    endloop
  endfacet
  facet normal -4.244916e-01 9.017047e-01 -8.207030e-02
    outer loop
      vertex 3.7096116285e-01 7.3806085531e-01 5.2110000000e-01
      vertex 3.8224280163e-01 7.4037615015e-01 4.8818615716e-01
      vertex 3.5068958948e-01 7.2553233397e-01 4.8829990530e-01
    endloop
  endfacet
  facet normal -6.905681e-02 9.963836e-01 -4.950537e-02
    outer loop
      vertex 4.7180000000e-01 7.5930000000e-01 5.2110000000e-01
      vertex 4.5123938368e-01 7.5622208515e-01 4.8783222396e-01
      vertex 4.3731193947e-01 7.5690972049e-01 5.2110000000e-01
    endloop
  endfacet
  facet normal -1.504758e-01 9.718501e-01 -1.812856e-01
    outer loop
      vertex 4.3118503797e-01 7.4706412907e-01 4.5538361099e-01
      vertex 4.1677074313e-01 7.5089814935e-01 4.8790188079e-01
      vertex 4.5123938368e-01 7.5622208515e-01 4.8783222396e-01
    endloop
  endfacet
  facet normal -2.058489e-01 9.773256e-01 -4.960764e-02
    outer loop
      vertex 4.0348336777e-01 7.4978458945e-01 5.2110000000e-01
      vertex 4.3731193947e-01 7.5690972049e-01 5.2110000000e-01
      vertex 4.1677074313e-01 7.5089814935e-01 4.8790188079e-01
    endloop
  endfacet
  facet normal -1.522724e-01 9.847537e-01 -8.410292e-02
    outer loop
      vertex 4.5123938368e-01 7.5622208515e-01 4.8783222396e-01
      vertex 4.1677074313e-01 7.5089814935e-01 4.8790188079e-01
      vertex 4.3731193947e-01 7.5690972049e-01 5.2110000000e-01
    endloop
  endfacet
  facet normal -3.023772e-01 8.521837e-01 -4.270257e-01
    outer loop
      vertex 3.9454575141e-01 7.1155424859e-01 3.9610000000e-01
      vertex 3.7804035813e-01 7.2027786866e-01 4.2519656683e-01
      vertex 4.1213076742e-01 7.3205163105e-01 4.2455315360e-01
    endloop
  endfacet
  facet normal -3.648012e-01 8.790876e-01 -3.067980e-01
    outer loop
      vertex 3.6332785886e-01 7.2496712010e-01 4.5612702175e-01
      vertex 3.9648528023e-01 7.3836104380e-01 4.5507931234e-01
      vertex 3.7804035813e-01 7.2027786866e-01 4.2519656683e-01
    endloop
  endfacet
  facet normal -2.288929e-01 9.233856e-01 -3.081672e-01
    outer loop
      vertex 4.3118503797e-01 7.4706412907e-01 4.5538361099e-01
      vertex 4.1213076742e-01 7.3205163105e-01 4.2455315360e-01
      vertex 3.9648528023e-01 7.3836104380e-01 4.5507931234e-01
    endloop
  endfacet
  facet normal -3.124011e-01 8.857887e-01 -3.431966e-01
    outer loop
      vertex 3.7804035813e-01 7.2027786866e-01 4.2519656683e-01
      vertex 3.9648528023e-01 7.3836104380e-01 4.5507931234e-01
      vertex 4.1213076742e-01 7.3205163105e-01 4.2455315360e-01
    endloop
  endfacet
  facet normal -2.910970e-01 9.529505e-01 -8.454536e-02
    outer loop
      vertex 4.0348336777e-01 7.4978458945e-01 5.2110000000e-01
      vertex 4.1677074313e-01 7.5089814935e-01 4.8790188079e-01
      vertex 3.8224280163e-01 7.4037615015e-01 4.8818615716e-01
    endloop
  endfacet
  facet normal -2.357379e-01 9.474616e-01 -2.162041e-01
    outer loop
      vertex 4.3118503797e-01 7.4706412907e-01 4.5538361099e-01
      vertex 3.9648528023e-01 7.3836104380e-01 4.5507931234e-01
      vertex 4.1677074313e-01 7.5089814935e-01 4.8790188079e-01
    endloop
  endfacet
  facet normal -3.716277e-01 9.031797e-01 -2.148469e-01
    outer loop
      vertex 3.6332785886e-01 7.2496712010e-01 4.5612702175e-01
      vertex 3.8224280163e-01 7.4037615015e-01 4.8818615716e-01
      vertex 3.9648528023e-01 7.3836104380e-01 4.5507931234e-01
    endloop
  endfacet
  facet normal -2.880454e-01 9.403266e-01 -1.811510e-01
    outer loop
      vertex 4.1677074313e-01 7.5089814935e-01 4.8790188079e-01
      vertex 3.9648528023e-01 7.3836104380e-01 4.5507931234e-01
      vertex 3.8224280163e-01 7.4037615015e-01 4.8818615716e-01
    endloop
  endfacet
  facet normal 4.650712e-01 8.838505e-01 -5.017104e-02
    outer loop
      vertex 6.0323277803e-01 7.2196270209e-01 5.2110000000e-01
      vertex 5.9291041052e-01 7.2553233397e-01 4.8829990530e-01
      vertex 5.7263883715e-01 7.3806085531e-01 5.2110000000e-01
    endloop
  endfacet
  facet normal 4.192398e-01 8.897882e-01 -1.803191e-01
    outer loop
      vertex 5.8027214114e-01 7.2496712010e-01 4.5612702175e-01
      vertex 5.6135719837e-01 7.4037615015e-01 4.8818615716e-01
      vertex 5.9291041052e-01 7.2553233397e-01 4.8829990530e-01
    endloop
  endfacet
  facet normal 3.386983e-01 9.395655e-01 -5.000027e-02
    outer loop
      vertex 5.4011663223e-01 7.4978458945e-01 5.2110000000e-01
      vertex 5.7263883715e-01 7.3806085531e-01 5.2110000000e-01
      vertex 5.6135719837e-01 7.4037615015e-01 4.8818615716e-01
    endloop
  endfacet
  facet normal 4.244916e-01 9.017047e-01 -8.207030e-02
    outer loop
      vertex 5.9291041052e-01 7.2553233397e-01 4.8829990530e-01
      vertex 5.6135719837e-01 7.4037615015e-01 4.8818615716e-01
      vertex 5.7263883715e-01 7.3806085531e-01 5.2110000000e-01
    endloop
  endfacet
  facet normal 3.023772e-01 8.521837e-01 -4.270257e-01
    outer loop
      vertex 5.4905424859e-01 7.1155424859e-01 3.9610000000e-01
      vertex 5.3146923258e-01 7.3205163105e-01 4.2455315360e-01
      vertex 5.6555964187e-01 7.2027786866e-01 4.2519656683e-01
    endloop
  endfacet
  facet normal 2.288929e-01 9.233856e-01 -3.081672e-01
    outer loop
      vertex 5.1241496203e-01 7.4706412907e-01 4.5538361099e-01
      vertex 5.4711471977e-01 7.3836104380e-01 4.5507931234e-01
      vertex 5.3146923258e-01 7.3205163105e-01 4.2455315360e-01
    endloop
  endfacet
  facet normal 3.648012e-01 8.790876e-01 -3.067980e-01
    outer loop
      vertex 5.8027214114e-01 7.2496712010e-01 4.5612702175e-01
      vertex 5.6555964187e-01 7.2027786866e-01 4.2519656683e-01
      vertex 5.4711471977e-01 7.3836104380e-01 4.5507931234e-01
    endloop
  endfacet
  facet normal 3.124011e-01 8.857887e-01 -3.431966e-01
    outer loop
      vertex 5.3146923258e-01 7.3205163105e-01 4.2455315360e-01
      vertex 5.4711471977e-01 7.3836104380e-01 4.5507931234e-01
      vertex 5.6555964187e-01 7.2027786866e-01 4.2519656683e-01
    endloop
  endfacet
  facet normal 6.905681e-02 9.963836e-01 -4.950537e-02
    outer loop
      vertex 4.7180000000e-01 7.5930000000e-01 5.2110000000e-01
      vertex 5.0628806053e-01 7.5690972049e-01 5.2110000000e-01
      vertex 4.9236061632e-01 7.5622208515e-01 4.8783222396e-01
    endloop
  endfacet
  facet normal 2.058489e-01 9.773256e-01 -4.960764e-02
    outer loop
      vertex 5.4011663223e-01 7.4978458945e-01 5.2110000000e-01
      vertex 5.2682925687e-01 7.5089814935e-01 4.8790188079e-01
      vertex 5.0628806053e-01 7.5690972049e-01 5.2110000000e-01
    endloop
  endfacet
  facet normal 1.504758e-01 9.718501e-01 -1.812856e-01
    outer loop
      vertex 5.1241496203e-01 7.4706412907e-01 4.5538361099e-01
      vertex 4.9236061632e-01 7.5622208515e-01 4.8783222396e-01
      vertex 5.2682925687e-01 7.5089814935e-01 4.8790188079e-01
    endloop
  endfacet
  facet normal 1.522724e-01 9.847537e-01 -8.410292e-02
    outer loop
      vertex 5.0628806053e-01 7.5690972049e-01 5.2110000000e-01
      vertex 5.2682925687e-01 7.5089814935e-01 4.8790188079e-01
      vertex 4.9236061632e-01 7.5622208515e-01 4.8783222396e-01
    endloop
  endfacet
  facet normal 3.716277e-01 9.031797e-01 -2.148469e-01
    outer loop
      vertex 5.8027214114e-01 7.2496712010e-01 4.5612702175e-01
      vertex 5.4711471977e-01 7.3836104380e-01 4.5507931234e-01
      vertex 5.6135719837e-01 7.4037615015e-01 4.8818615716e-01
    endloop
  endfacet
  facet normal 2.357379e-01 9.474616e-01 -2.162041e-01
    outer loop
      vertex 5.1241496203e-01 7.4706412907e-01 4.5538361099e-01
      vertex 5.2682925687e-01 7.5089814935e-01 4.8790188079e-01
      vertex 5.4711471977e-01 7.3836104380e-01 4.5507931234e-01
    endloop
  endfacet
  facet normal 2.910970e-01 9.529505e-01 -8.454536e-02
    outer loop
      vertex 5.4011663223e-01 7.4978458945e-01 5.2110000000e-01
      vertex 5.6135719837e-01 7.4037615015e-01 4.8818615716e-01
      vertex 5.2682925687e-01 7.5089814935e-01 4.8790188079e-01
    endloop
  endfacet
  facet normal 2.880454e-01 9.403266e-01 -1.811510e-01
    outer loop
      vertex 5.4711471977e-01 7.3836104380e-01 4.5507931234e-01
      vertex 5.2682925687e-01 7.5089814935e-01 4.8790188079e-01
      vertex 5.6135719837e-01 7.4037615015e-01 4.8818615716e-01
    endloop
  endfacet
  facet normal 0.000000e+00 5.964207e-01 -8.026720e-01
    outer loop
      vertex 4.7180000000e-01 6.4073277803e-01 3.0843729791e-01
      vertex 4.5152842664e-01 6.6321050522e-01 3.2513923940e-01
      vertex 4.9207157336e-01 6.6321050522e-01 3.2513923940e-01
    endloop
  endfacet
  facet normal -8.054149e-02 6.804611e-01 -7.283445e-01
    outer loop
      vertex 4.3164449109e-01 6.8274511939e-01 3.4558838881e-01
      vertex 4.7180000000e-01 6.8502675762e-01 3.4327956626e-01
      vertex 4.5152842664e-01 6.6321050522e-01 3.2513923940e-01
    endloop
  endfacet
  facet normal 8.054149e-02 6.804611e-01 -7.283445e-01
    outer loop
      vertex 5.1195550891e-01 6.8274511939e-01 3.4558838881e-01
      vertex 4.9207157336e-01 6.6321050522e-01 3.2513923940e-01
      vertex 4.7180000000e-01 6.8502675762e-01 3.4327956626e-01
    endloop
  endfacet
  facet normal 0.000000e+00 6.393544e-01 -7.689122e-01
    outer loop
      vertex 4.5152842664e-01 6.6321050522e-01 3.2513923940e-01
      vertex 4.7180000000e-01 6.8502675762e-01 3.4327956626e-01
      vertex 4.9207157336e-01 6.6321050522e-01 3.2513923940e-01
    endloop
  endfacet
  facet normal -2.333204e-01 8.095043e-01 -5.387620e-01
    outer loop
      vertex 3.9454575141e-01 7.1155424859e-01 3.9610000000e-01
      vertex 4.3269138374e-01 7.1934447133e-01 3.9128537757e-01
      vertex 4.1252841866e-01 6.9896307504e-01 3.6939371268e-01
    endloop
  endfacet
  facet normal -7.841715e-02 8.303865e-01 -5.516422e-01
    outer loop
      vertex 4.7180000000e-01 7.2196270209e-01 3.8966722197e-01
      vertex 4.5151453710e-01 7.0435109268e-01 3.6604010435e-01
      vertex 4.3269138374e-01 7.1934447133e-01 3.9128537757e-01
    endloop
  endfacet
  facet normal -1.589524e-01 7.518660e-01 -6.398684e-01
    outer loop
      vertex 4.3164449109e-01 6.8274511939e-01 3.4558838881e-01
      vertex 4.1252841866e-01 6.9896307504e-01 3.6939371268e-01
      vertex 4.5151453710e-01 7.0435109268e-01 3.6604010435e-01
    endloop
  endfacet
  facet normal -1.601287e-01 7.916792e-01 -5.895786e-01
    outer loop
      vertex 4.3269138374e-01 7.1934447133e-01 3.9128537757e-01
      vertex 4.5151453710e-01 7.0435109268e-01 3.6604010435e-01
      vertex 4.1252841866e-01 6.9896307504e-01 3.6939371268e-01
    endloop
  endfacet
  facet normal 2.333204e-01 8.095043e-01 -5.387620e-01
    outer loop
      vertex 5.4905424859e-01 7.1155424859e-01 3.9610000000e-01
      vertex 5.3107158134e-01 6.9896307504e-01 3.6939371268e-01
      vertex 5.1090861626e-01 7.1934447133e-01 3.9128537757e-01
    endloop
  endfacet
  facet normal 1.589524e-01 7.518660e-01 -6.398684e-01
    outer loop
      vertex 5.1195550891e-01 6.8274511939e-01 3.4558838881e-01
      vertex 4.9208546290e-01 7.0435109268e-01 3.6604010435e-01
      vertex 5.3107158134e-01 6.9896307504e-01 3.6939371268e-01
    endloop
  endfacet
  facet normal 7.841715e-02 8.303865e-01 -5.516422e-01
    outer loop
      vertex 4.7180000000e-01 7.2196270209e-01 3.8966722197e-01
      vertex 5.1090861626e-01 7.1934447133e-01 3.9128537757e-01
      vertex 4.9208546290e-01 7.0435109268e-01 3.6604010435e-01
    endloop
  endfacet
  facet normal 1.601287e-01 7.916792e-01 -5.895786e-01
    outer loop
      vertex 5.3107158134e-01 6.9896307504e-01 3.6939371268e-01
      vertex 4.9208546290e-01 7.0435109268e-01 3.6604010435e-01
      vertex 5.1090861626e-01 7.1934447133e-01 3.9128537757e-01
    endloop
  endfacet
  facet normal -8.053079e-02 7.232719e-01 -6.858517e-01
    outer loop
      vertex 4.3164449109e-01 6.8274511939e-01 3.4558838881e-01
      vertex 4.5151453710e-01 7.0435109268e-01 3.6604010435e-01
      vertex 4.7180000000e-01 6.8502675762e-01 3.4327956626e-01
    endloop
  endfacet
  facet normal 0.000000e+00 8.017675e-01 -5.976360e-01
    outer loop
      vertex 4.7180000000e-01 7.2196270209e-01 3.8966722197e-01
      vertex 4.9208546290e-01 7.0435109268e-01 3.6604010435e-01
      vertex 4.5151453710e-01 7.0435109268e-01 3.6604010435e-01
    endloop
  endfacet
  facet normal 8.053079e-02 7.232719e-01 -6.858517e-01
    outer loop
      vertex 5.1195550891e-01 6.8274511939e-01 3.4558838881e-01
      vertex 4.7180000000e-01 6.8502675762e-01 3.4327956626e-01
      vertex 4.9208546290e-01 7.0435109268e-01 3.6604010435e-01
    endloop
  endfacet
  facet normal 0.000000e+00 7.623048e-01 -6.472182e-01
    outer loop
      vertex 4.5151453710e-01 7.0435109268e-01 3.6604010435e-01
      vertex 4.9208546290e-01 7.0435109268e-01 3.6604010435e-01
      vertex 4.7180000000e-01 6.8502675762e-01 3.4327956626e-01
    endloop
  endfacet
  facet normal 0.000000e+00 9.957474e-01 -9.212595e-02
    outer loop
      vertex 4.7180000000e-01 7.5930000000e-01 5.2110000000e-01
      vertex 4.9236061632e-01 7.5622208515e-01 4.8783222396e-01
      vertex 4.5123938368e-01 7.5622208515e-01 4.8783222396e-01
    endloop
  endfacet
  facet normal 8.142553e-02 9.712310e-01 -2.237863e-01
    outer loop
      vertex 5.1241496203e-01 7.4706412907e-01 4.5538361099e-01
      vertex 4.7180000000e-01 7.5026531587e-01 4.5449882472e-01
      vertex 4.9236061632e-01 7.5622208515e-01 4.8783222396e-01
    endloop
  endfacet
  facet normal -8.142553e-02 9.712310e-01 -2.237863e-01
    outer loop
      vertex 4.3118503797e-01 7.4706412907e-01 4.5538361099e-01
      vertex 4.5123938368e-01 7.5622208515e-01 4.8783222396e-01
      vertex 4.7180000000e-01 7.5026531587e-01 4.5449882472e-01
    endloop
  endfacet
  facet normal 0.000000e+00 9.844052e-01 -1.759159e-01
    outer loop
      vertex 4.9236061632e-01 7.5622208515e-01 4.8783222396e-01
      vertex 4.7180000000e-01 7.5026531587e-01 4.5449882472e-01
      vertex 4.5123938368e-01 7.5622208515e-01 4.8783222396e-01
    endloop
  endfacet
  facet normal 2.331714e-01 8.516395e-01 -4.694052e-01
    outer loop
      vertex 5.4905424859e-01 7.1155424859e-01 3.9610000000e-01
      vertex 5.1090861626e-01 7.1934447133e-01 3.9128537757e-01
      vertex 5.3146923258e-01 7.3205163105e-01 4.2455315360e-01
    endloop
  endfacet
  facet normal 7.836719e-02 8.724736e-01 -4.823363e-01
    outer loop
      vertex 4.7180000000e-01 7.2196270209e-01 3.8966722197e-01
      vertex 4.9238089501e-01 7.3754562323e-01 4.2119823707e-01
      vertex 5.1090861626e-01 7.1934447133e-01 3.9128537757e-01
    endloop
  endfacet
  facet normal 1.597927e-01 9.227974e-01 -3.505871e-01
    outer loop
      vertex 5.1241496203e-01 7.4706412907e-01 4.5538361099e-01
      vertex 5.3146923258e-01 7.3205163105e-01 4.2455315360e-01
      vertex 4.9238089501e-01 7.3754562323e-01 4.2119823707e-01
    endloop
  endfacet
  facet normal 1.618790e-01 8.843585e-01 -4.378416e-01
    outer loop
      vertex 5.1090861626e-01 7.1934447133e-01 3.9128537757e-01
      vertex 4.9238089501e-01 7.3754562323e-01 4.2119823707e-01
      vertex 5.3146923258e-01 7.3205163105e-01 4.2455315360e-01
    endloop
  endfacet
  facet normal -2.331714e-01 8.516395e-01 -4.694052e-01
    outer loop
      vertex 3.9454575141e-01 7.1155424859e-01 3.9610000000e-01
      vertex 4.1213076742e-01 7.3205163105e-01 4.2455315360e-01
      vertex 4.3269138374e-01 7.1934447133e-01 3.9128537757e-01
    endloop
  endfacet
  facet normal -1.597927e-01 9.227974e-01 -3.505871e-01
    outer loop
      vertex 4.3118503797e-01 7.4706412907e-01 4.5538361099e-01
      vertex 4.5121910499e-01 7.3754562323e-01 4.2119823707e-01
      vertex 4.1213076742e-01 7.3205163105e-01 4.2455315360e-01
    endloop
  endfacet
  facet normal -7.836719e-02 8.724736e-01 -4.823363e-01
    outer loop
      vertex 4.7180000000e-01 7.2196270209e-01 3.8966722197e-01
      vertex 4.3269138374e-01 7.1934447133e-01 3.9128537757e-01
      vertex 4.5121910499e-01 7.3754562323e-01 4.2119823707e-01
    endloop
  endfacet
  facet normal -1.618790e-01 8.843585e-01 -4.378416e-01
    outer loop
      vertex 4.1213076742e-01 7.3205163105e-01 4.2455315360e-01
      vertex 4.5121910499e-01 7.3754562323e-01 4.2119823707e-01
      vertex 4.3269138374e-01 7.1934447133e-01 3.9128537757e-01
    endloop
  endfacet
  facet normal 8.140770e-02 9.468068e-01 -3.113353e-01
    outer loop
      vertex 5.1241496203e-01 7.4706412907e-01 4.5538361099e-01
      vertex 4.9238089501e-01 7.3754562323e-01 4.2119823707e-01
      vertex 4.7180000000e-01 7.5026531587e-01 4.5449882472e-01
    endloop
  endfacet
  facet normal 0.000000e+00 8.964941e-01 -4.430557e-01
    outer loop
      vertex 4.7180000000e-01 7.2196270209e-01 3.8966722197e-01
      vertex 4.5121910499e-01 7.3754562323e-01 4.2119823707e-01
      vertex 4.9238089501e-01 7.3754562323e-01 4.2119823707e-01
    endloop
  endfacet
  facet normal -8.140770e-02 9.468068e-01 -3.113353e-01
    outer loop
      vertex 4.3118503797e-01 7.4706412907e-01 4.5538361099e-01
      vertex 4.7180000000e-01 7.5026531587e-01 4.5449882472e-01
      vertex 4.5121910499e-01 7.3754562323e-01 4.2119823707e-01
    endloop
  endfacet
  facet normal 0.000000e+00 9.341724e-01 -3.568221e-01
    outer loop
      vertex 4.9238089501e-01 7.3754562323e-01 4.2119823707e-01
      vertex 4.5121910499e-01 7.3754562323e-01 4.2119823707e-01
      vertex 4.7180000000e-01 7.5026531587e-01 4.5449882472e-01
    endloop
  endfacet
  facet normal -5.462496e-01 8.336794e-01 -8.117845e-02
    outer loop
      vertex 3.4036722197e-01 7.2196270209e-01 5.2110000000e-01
      vertex 3.5068958948e-01 7.2553233397e-01 4.8829990530e-01
      vertex 3.1788949478e-01 7.0526076060e-01 5.0082842664e-01
    endloop
  endfacet
  facet normal -5.001420e-01 8.397879e-01 -2.112210e-01
    outer loop
      vertex 3.6332785886e-01 7.2496712010e-01 4.5612702175e-01
      vertex 3.2898708522e-01 7.0746230731e-01 4.6784428359e-01
      vertex 3.5068958948e-01 7.2553233397e-01 4.8829990530e-01
    endloop
  endfacet
  facet normal -6.304608e-01 7.592464e-01 -1.614436e-01
    outer loop
      vertex 2.9835488061e-01 6.8481161119e-01 4.8094449109e-01
      vertex 3.1788949478e-01 7.0526076060e-01 5.0082842664e-01
      vertex 3.2898708522e-01 7.0746230731e-01 4.6784428359e-01
    endloop
  endfacet
  facet normal -5.572841e-01 8.196344e-01 -1.327925e-01
    outer loop
      vertex 3.5068958948e-01 7.2553233397e-01 4.8829990530e-01
      vertex 3.2898708522e-01 7.0746230731e-01 4.6784428359e-01
      vertex 3.1788949478e-01 7.0526076060e-01 5.0082842664e-01
    endloop
  endfacet
  facet normal -3.824786e-01 8.026783e-01 -4.576217e-01
    outer loop
      vertex 3.9454575141e-01 7.1155424859e-01 3.9610000000e-01
      vertex 3.5830237507e-01 6.9878385501e-01 4.0399253728e-01
      vertex 3.7804035813e-01 7.2027786866e-01 4.2519656683e-01
    endloop
  endfacet
  facet normal -5.222192e-01 7.421000e-01 -4.202079e-01
    outer loop
      vertex 3.2485368693e-01 6.8134774006e-01 4.1476864896e-01
      vertex 3.4276959499e-01 7.0516292459e-01 4.3456174630e-01
      vertex 3.5830237507e-01 6.9878385501e-01 4.0399253728e-01
    endloop
  endfacet
  facet normal -4.450681e-01 8.294800e-01 -3.374572e-01
    outer loop
      vertex 3.6332785886e-01 7.2496712010e-01 4.5612702175e-01
      vertex 3.7804035813e-01 7.2027786866e-01 4.2519656683e-01
      vertex 3.4276959499e-01 7.0516292459e-01 4.3456174630e-01
    endloop
  endfacet
  facet normal -4.484825e-01 8.016858e-01 -3.951751e-01
    outer loop
      vertex 3.5830237507e-01 6.9878385501e-01 4.0399253728e-01
      vertex 3.4276959499e-01 7.0516292459e-01 4.3456174630e-01
      vertex 3.7804035813e-01 7.2027786866e-01 4.2519656683e-01
    endloop
  endfacet
  facet normal -7.599989e-01 5.693580e-01 -3.134218e-01
    outer loop
      vertex 2.6954575141e-01 6.3430000000e-01 4.4384575141e-01
      vertex 2.8213692496e-01 6.6100628732e-01 4.6182841866e-01
      vertex 2.9502330470e-01 6.5967523875e-01 4.2816299138e-01
    endloop
  endfacet
  facet normal -7.022584e-01 6.705276e-01 -2.392192e-01
    outer loop
      vertex 2.9835488061e-01 6.8481161119e-01 4.8094449109e-01
      vertex 3.0994702653e-01 6.8487746169e-01 4.4709885186e-01
      vertex 2.8213692496e-01 6.6100628732e-01 4.6182841866e-01
    endloop
  endfacet
  facet normal -6.491008e-01 6.636828e-01 -3.717435e-01
    outer loop
      vertex 3.2485368693e-01 6.8134774006e-01 4.1476864896e-01
      vertex 2.9502330470e-01 6.5967523875e-01 4.2816299138e-01
      vertex 3.0994702653e-01 6.8487746169e-01 4.4709885186e-01
    endloop
  endfacet
  facet normal -7.075762e-01 6.415571e-01 -2.962101e-01
    outer loop
      vertex 2.8213692496e-01 6.6100628732e-01 4.6182841866e-01
      vertex 3.0994702653e-01 6.8487746169e-01 4.4709885186e-01
      vertex 2.9502330470e-01 6.5967523875e-01 4.2816299138e-01
    endloop
  endfacet
  facet normal -5.084250e-01 8.186344e-01 -2.670988e-01
    outer loop
      vertex 3.6332785886e-01 7.2496712010e-01 4.5612702175e-01
      vertex 3.4276959499e-01 7.0516292459e-01 4.3456174630e-01
      vertex 3.2898708522e-01 7.0746230731e-01 4.6784428359e-01
    endloop
  endfacet
  facet normal -5.855635e-01 7.312575e-01 -3.498255e-01
    outer loop
      vertex 3.2485368693e-01 6.8134774006e-01 4.1476864896e-01
      vertex 3.0994702653e-01 6.8487746169e-01 4.4709885186e-01
      vertex 3.4276959499e-01 7.0516292459e-01 4.3456174630e-01
    endloop
  endfacet
  facet normal -6.387266e-01 7.381036e-01 -2.173281e-01
    outer loop
      vertex 2.9835488061e-01 6.8481161119e-01 4.8094449109e-01
      vertex 3.2898708522e-01 7.0746230731e-01 4.6784428359e-01
      vertex 3.0994702653e-01 6.8487746169e-01 4.4709885186e-01
    endloop
  endfacet
  facet normal -5.811538e-01 7.591756e-01 -2.931085e-01
    outer loop
      vertex 3.4276959499e-01 7.0516292459e-01 4.3456174630e-01
      vertex 3.0994702653e-01 6.8487746169e-01 4.4709885186e-01
      vertex 3.2898708522e-01 7.0746230731e-01 4.6784428359e-01
    endloop
  endfacet
  facet normal -8.117845e-02 5.462496e-01 -8.336794e-01
    outer loop
      vertex 4.7180000000e-01 6.4073277803e-01 3.0843729791e-01
      vertex 4.3899990530e-01 6.3041041052e-01 3.0486766603e-01
      vertex 4.5152842664e-01 6.6321050522e-01 3.2513923940e-01
    endloop
  endfacet
  facet normal -2.112210e-01 5.001420e-01 -8.397879e-01
    outer loop
      vertex 4.0682702175e-01 6.1777214114e-01 3.0543287990e-01
      vertex 4.1854428359e-01 6.5211291478e-01 3.2293769269e-01
      vertex 4.3899990530e-01 6.3041041052e-01 3.0486766603e-01
    endloop
  endfacet
  facet normal -1.614436e-01 6.304608e-01 -7.592464e-01
    outer loop
      vertex 4.3164449109e-01 6.8274511939e-01 3.4558838881e-01
      vertex 4.5152842664e-01 6.6321050522e-01 3.2513923940e-01
      vertex 4.1854428359e-01 6.5211291478e-01 3.2293769269e-01
    endloop
  endfacet
  facet normal -1.327925e-01 5.572841e-01 -8.196344e-01
    outer loop
      vertex 4.3899990530e-01 6.3041041052e-01 3.0486766603e-01
      vertex 4.1854428359e-01 6.5211291478e-01 3.2293769269e-01
      vertex 4.5152842664e-01 6.6321050522e-01 3.2513923940e-01
    endloop
  endfacet
  facet normal -4.576217e-01 3.824786e-01 -8.026783e-01
    outer loop
      vertex 3.4680000000e-01 5.8655424859e-01 3.1884575141e-01
      vertex 3.5469253728e-01 6.2279762493e-01 3.3161614499e-01
      vertex 3.7589656683e-01 6.0305964187e-01 3.1012213134e-01
    endloop
  endfacet
  facet normal -4.202079e-01 5.222192e-01 -7.421000e-01
    outer loop
      vertex 3.6546864896e-01 6.5624631307e-01 3.4905225994e-01
      vertex 3.8526174630e-01 6.3833040501e-01 3.2523707541e-01
      vertex 3.5469253728e-01 6.2279762493e-01 3.3161614499e-01
    endloop
  endfacet
  facet normal -3.374572e-01 4.450681e-01 -8.294800e-01
    outer loop
      vertex 4.0682702175e-01 6.1777214114e-01 3.0543287990e-01
      vertex 3.7589656683e-01 6.0305964187e-01 3.1012213134e-01
      vertex 3.8526174630e-01 6.3833040501e-01 3.2523707541e-01
    endloop
  endfacet
  facet normal -3.951751e-01 4.484825e-01 -8.016858e-01
    outer loop
      vertex 3.5469253728e-01 6.2279762493e-01 3.3161614499e-01
      vertex 3.8526174630e-01 6.3833040501e-01 3.2523707541e-01
      vertex 3.7589656683e-01 6.0305964187e-01 3.1012213134e-01
    endloop
  endfacet
  facet normal -3.134218e-01 7.599989e-01 -5.693580e-01
    outer loop
      vertex 3.9454575141e-01 7.1155424859e-01 3.9610000000e-01
      vertex 4.1252841866e-01 6.9896307504e-01 3.6939371268e-01
      vertex 3.7886299138e-01 6.8607669530e-01 3.7072476125e-01
    endloop
  endfacet
  facet normal -2.392192e-01 7.022584e-01 -6.705276e-01
    outer loop
      vertex 4.3164449109e-01 6.8274511939e-01 3.4558838881e-01
      vertex 3.9779885186e-01 6.7115297347e-01 3.4552253831e-01
      vertex 4.1252841866e-01 6.9896307504e-01 3.6939371268e-01
    endloop
  endfacet
  facet normal -3.717435e-01 6.491008e-01 -6.636828e-01
    outer loop
      vertex 3.6546864896e-01 6.5624631307e-01 3.4905225994e-01
      vertex 3.7886299138e-01 6.8607669530e-01 3.7072476125e-01
      vertex 3.9779885186e-01 6.7115297347e-01 3.4552253831e-01
    endloop
  endfacet
  facet normal -2.962101e-01 7.075762e-01 -6.415571e-01
    outer loop
      vertex 4.1252841866e-01 6.9896307504e-01 3.6939371268e-01
      vertex 3.9779885186e-01 6.7115297347e-01 3.4552253831e-01
      vertex 3.7886299138e-01 6.8607669530e-01 3.7072476125e-01
    endloop
  endfacet
  facet normal -2.670988e-01 5.084250e-01 -8.186344e-01
    outer loop
      vertex 4.0682702175e-01 6.1777214114e-01 3.0543287990e-01
      vertex 3.8526174630e-01 6.3833040501e-01 3.2523707541e-01
      vertex 4.1854428359e-01 6.5211291478e-01 3.2293769269e-01
    endloop
  endfacet
  facet normal -3.498255e-01 5.855635e-01 -7.312575e-01
    outer loop
      vertex 3.6546864896e-01 6.5624631307e-01 3.4905225994e-01
      vertex 3.9779885186e-01 6.7115297347e-01 3.4552253831e-01
      vertex 3.8526174630e-01 6.3833040501e-01 3.2523707541e-01
    endloop
  endfacet
  facet normal -2.173281e-01 6.387266e-01 -7.381036e-01
    outer loop
      vertex 4.3164449109e-01 6.8274511939e-01 3.4558838881e-01
      vertex 4.1854428359e-01 6.5211291478e-01 3.2293769269e-01
      vertex 3.9779885186e-01 6.7115297347e-01 3.4552253831e-01
    endloop
  endfacet
  facet normal -2.931085e-01 5.811538e-01 -7.591756e-01
    outer loop
      vertex 3.8526174630e-01 6.3833040501e-01 3.2523707541e-01
      vertex 3.9779885186e-01 6.7115297347e-01 3.4552253831e-01
      vertex 4.1854428359e-01 6.5211291478e-01 3.2293769269e-01
    endloop
  endfacet
  facet normal -8.336794e-01 8.117845e-02 -5.462496e-01
    outer loop
      vertex 2.5913729791e-01 5.0930000000e-01 3.8966722197e-01
      vertex 2.5556766603e-01 5.4210009470e-01 3.9998958948e-01
      vertex 2.7583923940e-01 5.2957157336e-01 3.6718949478e-01
    endloop
  endfacet
  facet normal -8.397879e-01 2.112210e-01 -5.001420e-01
    outer loop
      vertex 2.5613287990e-01 5.7427297825e-01 4.1262785886e-01
      vertex 2.7363769269e-01 5.6255571641e-01 3.7828708522e-01
      vertex 2.5556766603e-01 5.4210009470e-01 3.9998958948e-01
    endloop
  endfacet
  facet normal -7.592464e-01 1.614436e-01 -6.304608e-01
    outer loop
      vertex 2.9628838881e-01 5.4945550891e-01 3.4765488061e-01
      vertex 2.7583923940e-01 5.2957157336e-01 3.6718949478e-01
      vertex 2.7363769269e-01 5.6255571641e-01 3.7828708522e-01
    endloop
  endfacet
  facet normal -8.196344e-01 1.327925e-01 -5.572841e-01
    outer loop
      vertex 2.5556766603e-01 5.4210009470e-01 3.9998958948e-01
      vertex 2.7363769269e-01 5.6255571641e-01 3.7828708522e-01
      vertex 2.7583923940e-01 5.2957157336e-01 3.6718949478e-01
    endloop
  endfacet
  facet normal -8.026783e-01 4.576217e-01 -3.824786e-01
    outer loop
      vertex 2.6954575141e-01 6.3430000000e-01 4.4384575141e-01
      vertex 2.8231614499e-01 6.2640746272e-01 4.0760237507e-01
      vertex 2.6082213134e-01 6.0520343317e-01 4.2734035813e-01
    endloop
  endfacet
  facet normal -7.421000e-01 4.202079e-01 -5.222192e-01
    outer loop
      vertex 2.9975225994e-01 6.1563135104e-01 3.7415368693e-01
      vertex 2.7593707541e-01 5.9583825370e-01 3.9206959499e-01
      vertex 2.8231614499e-01 6.2640746272e-01 4.0760237507e-01
    endloop
  endfacet
  facet normal -8.294800e-01 3.374572e-01 -4.450681e-01
    outer loop
      vertex 2.5613287990e-01 5.7427297825e-01 4.1262785886e-01
      vertex 2.6082213134e-01 6.0520343317e-01 4.2734035813e-01
      vertex 2.7593707541e-01 5.9583825370e-01 3.9206959499e-01
    endloop
  endfacet
  facet normal -8.016858e-01 3.951751e-01 -4.484825e-01
    outer loop
      vertex 2.8231614499e-01 6.2640746272e-01 4.0760237507e-01
      vertex 2.7593707541e-01 5.9583825370e-01 3.9206959499e-01
      vertex 2.6082213134e-01 6.0520343317e-01 4.2734035813e-01
    endloop
  endfacet
  facet normal -5.693580e-01 3.134218e-01 -7.599989e-01
    outer loop
      vertex 3.4680000000e-01 5.8655424859e-01 3.1884575141e-01
      vertex 3.2009371268e-01 5.6857158134e-01 3.3143692496e-01
      vertex 3.2142476125e-01 6.0223700862e-01 3.4432330470e-01
    endloop
  endfacet
  facet normal -6.705276e-01 2.392192e-01 -7.022584e-01
    outer loop
      vertex 2.9628838881e-01 5.4945550891e-01 3.4765488061e-01
      vertex 2.9622253831e-01 5.8330114814e-01 3.5924702653e-01
      vertex 3.2009371268e-01 5.6857158134e-01 3.3143692496e-01
    endloop
  endfacet
  facet normal -6.636828e-01 3.717435e-01 -6.491008e-01
    outer loop
      vertex 2.9975225994e-01 6.1563135104e-01 3.7415368693e-01
      vertex 3.2142476125e-01 6.0223700862e-01 3.4432330470e-01
      vertex 2.9622253831e-01 5.8330114814e-01 3.5924702653e-01
    endloop
  endfacet
  facet normal -6.415571e-01 2.962101e-01 -7.075762e-01
    outer loop
      vertex 3.2009371268e-01 5.6857158134e-01 3.3143692496e-01
      vertex 2.9622253831e-01 5.8330114814e-01 3.5924702653e-01
      vertex 3.2142476125e-01 6.0223700862e-01 3.4432330470e-01
    endloop
  endfacet
  facet normal -8.186344e-01 2.670988e-01 -5.084250e-01
    outer loop
      vertex 2.5613287990e-01 5.7427297825e-01 4.1262785886e-01
      vertex 2.7593707541e-01 5.9583825370e-01 3.9206959499e-01
      vertex 2.7363769269e-01 5.6255571641e-01 3.7828708522e-01
    endloop
  endfacet
  facet normal -7.312575e-01 3.498255e-01 -5.855635e-01
    outer loop
      vertex 2.9975225994e-01 6.1563135104e-01 3.7415368693e-01
      vertex 2.9622253831e-01 5.8330114814e-01 3.5924702653e-01
      vertex 2.7593707541e-01 5.9583825370e-01 3.9206959499e-01
    endloop
  endfacet
  facet normal -7.381036e-01 2.173281e-01 -6.387266e-01
    outer loop
      vertex 2.9628838881e-01 5.4945550891e-01 3.4765488061e-01
      vertex 2.7363769269e-01 5.6255571641e-01 3.7828708522e-01
      vertex 2.9622253831e-01 5.8330114814e-01 3.5924702653e-01
    endloop
  endfacet
  facet normal -7.591756e-01 2.931085e-01 -5.811538e-01
    outer loop
      vertex 2.7593707541e-01 5.9583825370e-01 3.9206959499e-01
      vertex 2.9622253831e-01 5.8330114814e-01 3.5924702653e-01
      vertex 2.7363769269e-01 5.6255571641e-01 3.7828708522e-01
    endloop
  endfacet
  facet normal -3.822343e-01 7.595136e-01 -5.263422e-01
    outer loop
      vertex 3.9454575141e-01 7.1155424859e-01 3.9610000000e-01
      vertex 3.7886299138e-01 6.8607669530e-01 3.7072476125e-01
      vertex 3.5830237507e-01 6.9878385501e-01 4.0399253728e-01
    endloop
  endfacet
  facet normal -4.404610e-01 6.486873e-01 -6.206439e-01
    outer loop
      vertex 3.6546864896e-01 6.5624631307e-01 3.4905225994e-01
      vertex 3.4345613969e-01 6.7094444795e-01 3.8003644706e-01
      vertex 3.7886299138e-01 6.8607669530e-01 3.7072476125e-01
    endloop
  endfacet
  facet normal -5.218865e-01 6.990111e-01 -4.888946e-01
    outer loop
      vertex 3.2485368693e-01 6.8134774006e-01 4.1476864896e-01
      vertex 3.5830237507e-01 6.9878385501e-01 4.0399253728e-01
      vertex 3.4345613969e-01 6.7094444795e-01 3.8003644706e-01
    endloop
  endfacet
  facet normal -4.465169e-01 7.084426e-01 -5.465636e-01
    outer loop
      vertex 3.7886299138e-01 6.8607669530e-01 3.7072476125e-01
      vertex 3.4345613969e-01 6.7094444795e-01 3.8003644706e-01
      vertex 3.5830237507e-01 6.9878385501e-01 4.0399253728e-01
    endloop
  endfacet
  facet normal -5.263422e-01 3.822343e-01 -7.595136e-01
    outer loop
      vertex 3.4680000000e-01 5.8655424859e-01 3.1884575141e-01
      vertex 3.2142476125e-01 6.0223700862e-01 3.4432330470e-01
      vertex 3.5469253728e-01 6.2279762493e-01 3.3161614499e-01
    endloop
  endfacet
  facet normal -6.206439e-01 4.404610e-01 -6.486873e-01
    outer loop
      vertex 2.9975225994e-01 6.1563135104e-01 3.7415368693e-01
      vertex 3.3073644706e-01 6.3764386031e-01 3.5945555205e-01
      vertex 3.2142476125e-01 6.0223700862e-01 3.4432330470e-01
    endloop
  endfacet
  facet normal -4.888946e-01 5.218865e-01 -6.990111e-01
    outer loop
      vertex 3.6546864896e-01 6.5624631307e-01 3.4905225994e-01
      vertex 3.5469253728e-01 6.2279762493e-01 3.3161614499e-01
      vertex 3.3073644706e-01 6.3764386031e-01 3.5945555205e-01
    endloop
  endfacet
  facet normal -5.465636e-01 4.465169e-01 -7.084426e-01
    outer loop
      vertex 3.2142476125e-01 6.0223700862e-01 3.4432330470e-01
      vertex 3.3073644706e-01 6.3764386031e-01 3.5945555205e-01
      vertex 3.5469253728e-01 6.2279762493e-01 3.3161614499e-01
    endloop
  endfacet
  facet normal -7.595136e-01 5.263422e-01 -3.822343e-01
    outer loop
      vertex 2.6954575141e-01 6.3430000000e-01 4.4384575141e-01
      vertex 2.9502330470e-01 6.5967523875e-01 4.2816299138e-01
      vertex 2.8231614499e-01 6.2640746272e-01 4.0760237507e-01
    endloop
  endfacet
  facet normal -6.486873e-01 6.206439e-01 -4.404610e-01
    outer loop
      vertex 3.2485368693e-01 6.8134774006e-01 4.1476864896e-01
      vertex 3.1015555205e-01 6.5036355294e-01 3.9275613969e-01
      vertex 2.9502330470e-01 6.5967523875e-01 4.2816299138e-01
    endloop
  endfacet
  facet normal -6.990111e-01 4.888946e-01 -5.218865e-01
    outer loop
      vertex 2.9975225994e-01 6.1563135104e-01 3.7415368693e-01
      vertex 2.8231614499e-01 6.2640746272e-01 4.0760237507e-01
      vertex 3.1015555205e-01 6.5036355294e-01 3.9275613969e-01
    endloop
  endfacet
  facet normal -7.084426e-01 5.465636e-01 -4.465169e-01
    outer loop
      vertex 2.9502330470e-01 6.5967523875e-01 4.2816299138e-01
      vertex 3.1015555205e-01 6.5036355294e-01 3.9275613969e-01
      vertex 2.8231614499e-01 6.2640746272e-01 4.0760237507e-01
    endloop
  endfacet
  facet normal -5.037511e-01 5.851588e-01 -6.354715e-01
    outer loop
      vertex 3.6546864896e-01 6.5624631307e-01 3.4905225994e-01
      vertex 3.3073644706e-01 6.3764386031e-01 3.5945555205e-01
      vertex 3.4345613969e-01 6.7094444795e-01 3.8003644706e-01
    endloop
  endfacet
  facet normal -6.354715e-01 5.037511e-01 -5.851588e-01
    outer loop
      vertex 2.9975225994e-01 6.1563135104e-01 3.7415368693e-01
      vertex 3.1015555205e-01 6.5036355294e-01 3.9275613969e-01
      vertex 3.3073644706e-01 6.3764386031e-01 3.5945555205e-01
    endloop
  endfacet
  facet normal -5.851588e-01 6.354715e-01 -5.037511e-01
    outer loop
      vertex 3.2485368693e-01 6.8134774006e-01 4.1476864896e-01
      vertex 3.4345613969e-01 6.7094444795e-01 3.8003644706e-01
      vertex 3.1015555205e-01 6.5036355294e-01 3.9275613969e-01
    endloop
  endfacet
  facet normal -5.773503e-01 5.773503e-01 -5.773503e-01
    outer loop
      vertex 3.3073644706e-01 6.3764386031e-01 3.5945555205e-01
      vertex 3.1015555205e-01 6.5036355294e-01 3.9275613969e-01
      vertex 3.4345613969e-01 6.7094444795e-01 3.8003644706e-01
    endloop
  endfacet
  facet normal -5.964207e-01 8.026720e-01 0.000000e+00
    outer loop
      vertex 3.4036722197e-01 7.2196270209e-01 5.2110000000e-01
      vertex 3.1788949478e-01 7.0526076060e-01 5.0082842664e-01
      vertex 3.1788949478e-01 7.0526076060e-01 5.4137157336e-01
    endloop
  endfacet
  facet normal -6.804611e-01 7.283445e-01 -8.054149e-02
    outer loop
      vertex 2.9835488061e-01 6.8481161119e-01 4.8094449109e-01
      vertex 2.9607324238e-01 6.8712043374e-01 5.2110000000e-01
      vertex 3.1788949478e-01 7.0526076060e-01 5.0082842664e-01
    endloop
  endfacet
  facet normal -6.804611e-01 7.283445e-01 8.054149e-02
    outer loop
      vertex 2.9835488061e-01 6.8481161119e-01 5.6125550891e-01
      vertex 3.1788949478e-01 7.0526076060e-01 5.4137157336e-01
      vertex 2.9607324238e-01 6.8712043374e-01 5.2110000000e-01
    endloop
  endfacet
  facet normal -6.393544e-01 7.689122e-01 0.000000e+00
    outer loop
      vertex 3.1788949478e-01 7.0526076060e-01 5.0082842664e-01
      vertex 2.9607324238e-01 6.8712043374e-01 5.2110000000e-01
      vertex 3.1788949478e-01 7.0526076060e-01 5.4137157336e-01
    endloop
  endfacet
  facet normal -8.095043e-01 5.387620e-01 -2.333204e-01
    outer loop
      vertex 2.6954575141e-01 6.3430000000e-01 4.4384575141e-01
      vertex 2.6175552867e-01 6.3911462243e-01 4.8199138374e-01
      vertex 2.8213692496e-01 6.6100628732e-01 4.6182841866e-01
    endloop
  endfacet
  facet normal -8.303865e-01 5.516422e-01 -7.841715e-02
    outer loop
      vertex 2.5913729791e-01 6.4073277803e-01 5.2110000000e-01
      vertex 2.7674890732e-01 6.6435989565e-01 5.0081453710e-01
      vertex 2.6175552867e-01 6.3911462243e-01 4.8199138374e-01
    endloop
  endfacet
  facet normal -7.518660e-01 6.398684e-01 -1.589524e-01
    outer loop
      vertex 2.9835488061e-01 6.8481161119e-01 4.8094449109e-01
      vertex 2.8213692496e-01 6.6100628732e-01 4.6182841866e-01
      vertex 2.7674890732e-01 6.6435989565e-01 5.0081453710e-01
    endloop
  endfacet
  facet normal -7.916792e-01 5.895786e-01 -1.601287e-01
    outer loop
      vertex 2.6175552867e-01 6.3911462243e-01 4.8199138374e-01
      vertex 2.7674890732e-01 6.6435989565e-01 5.0081453710e-01
      vertex 2.8213692496e-01 6.6100628732e-01 4.6182841866e-01
    endloop
  endfacet
  facet normal -8.095043e-01 5.387620e-01 2.333204e-01
    outer loop
      vertex 2.6954575141e-01 6.3430000000e-01 5.9835424859e-01
      vertex 2.8213692496e-01 6.6100628732e-01 5.8037158134e-01
      vertex 2.6175552867e-01 6.3911462243e-01 5.6020861626e-01
    endloop
  endfacet
  facet normal -7.518660e-01 6.398684e-01 1.589524e-01
    outer loop
      vertex 2.9835488061e-01 6.8481161119e-01 5.6125550891e-01
      vertex 2.7674890732e-01 6.6435989565e-01 5.4138546290e-01
      vertex 2.8213692496e-01 6.6100628732e-01 5.8037158134e-01
    endloop
  endfacet
  facet normal -8.303865e-01 5.516422e-01 7.841715e-02
    outer loop
      vertex 2.5913729791e-01 6.4073277803e-01 5.2110000000e-01
      vertex 2.6175552867e-01 6.3911462243e-01 5.6020861626e-01
      vertex 2.7674890732e-01 6.6435989565e-01 5.4138546290e-01
    endloop
  endfacet
  facet normal -7.916792e-01 5.895786e-01 1.601287e-01
    outer loop
      vertex 2.8213692496e-01 6.6100628732e-01 5.8037158134e-01
      vertex 2.7674890732e-01 6.6435989565e-01 5.4138546290e-01
      vertex 2.6175552867e-01 6.3911462243e-01 5.6020861626e-01
    endloop
  endfacet
  facet normal -7.232719e-01 6.858517e-01 -8.053079e-02
    outer loop
      vertex 2.9835488061e-01 6.8481161119e-01 4.8094449109e-01
      vertex 2.7674890732e-01 6.6435989565e-01 5.0081453710e-01
      vertex 2.9607324238e-01 6.8712043374e-01 5.2110000000e-01
    endloop
  endfacet
  facet normal -8.017675e-01 5.976360e-01 0.000000e+00
    outer loop
      vertex 2.5913729791e-01 6.4073277803e-01 5.2110000000e-01
      vertex 2.7674890732e-01 6.6435989565e-01 5.4138546290e-01
      vertex 2.7674890732e-01 6.6435989565e-01 5.0081453710e-01
    endloop
  endfacet
  facet normal -7.232719e-01 6.858517e-01 8.053079e-02
    outer loop
      vertex 2.9835488061e-01 6.8481161119e-01 5.6125550891e-01
      vertex 2.9607324238e-01 6.8712043374e-01 5.2110000000e-01
      vertex 2.7674890732e-01 6.6435989565e-01 5.4138546290e-01
    endloop
  endfacet
  facet normal -7.623048e-01 6.472182e-01 0.000000e+00
    outer loop
      vertex 2.7674890732e-01 6.6435989565e-01 5.0081453710e-01
      vertex 2.7674890732e-01 6.6435989565e-01 5.4138546290e-01
      vertex 2.9607324238e-01 6.8712043374e-01 5.2110000000e-01
    endloop
  endfacet
  facet normal -8.838505e-01 5.017104e-02 -4.650712e-01
    outer loop
      vertex 2.5913729791e-01 5.0930000000e-01 3.8966722197e-01
      vertex 2.4303914469e-01 5.0930000000e-01 4.2026116285e-01
      vertex 2.5556766603e-01 5.4210009470e-01 3.9998958948e-01
    endloop
  endfacet
  facet normal -9.395655e-01 5.000027e-02 -3.386983e-01
    outer loop
      vertex 2.3131541055e-01 5.0930000000e-01 4.5278336777e-01
      vertex 2.4072384985e-01 5.4221384284e-01 4.3154280163e-01
      vertex 2.4303914469e-01 5.0930000000e-01 4.2026116285e-01
    endloop
  endfacet
  facet normal -8.897882e-01 1.803191e-01 -4.192398e-01
    outer loop
      vertex 2.5613287990e-01 5.7427297825e-01 4.1262785886e-01
      vertex 2.5556766603e-01 5.4210009470e-01 3.9998958948e-01
      vertex 2.4072384985e-01 5.4221384284e-01 4.3154280163e-01
    endloop
  endfacet
  facet normal -9.017047e-01 8.207030e-02 -4.244916e-01
    outer loop
      vertex 2.4303914469e-01 5.0930000000e-01 4.2026116285e-01
      vertex 2.4072384985e-01 5.4221384284e-01 4.3154280163e-01
      vertex 2.5556766603e-01 5.4210009470e-01 3.9998958948e-01
    endloop
  endfacet
  facet normal -9.963836e-01 4.950537e-02 -6.905681e-02
    outer loop
      vertex 2.2180000000e-01 5.0930000000e-01 5.2110000000e-01
      vertex 2.2487791485e-01 5.4256777604e-01 5.0053938368e-01
      vertex 2.2419027951e-01 5.0930000000e-01 4.8661193947e-01
    endloop
  endfacet
  facet normal -9.718501e-01 1.812856e-01 -1.504758e-01
    outer loop
      vertex 2.3403587093e-01 5.7501638901e-01 4.8048503797e-01
      vertex 2.3020185065e-01 5.4249811921e-01 4.6607074313e-01
      vertex 2.2487791485e-01 5.4256777604e-01 5.0053938368e-01
    endloop
  endfacet
  facet normal -9.773256e-01 4.960764e-02 -2.058489e-01
    outer loop
      vertex 2.3131541055e-01 5.0930000000e-01 4.5278336777e-01
      vertex 2.2419027951e-01 5.0930000000e-01 4.8661193947e-01
      vertex 2.3020185065e-01 5.4249811921e-01 4.6607074313e-01
    endloop
  endfacet
  facet normal -9.847537e-01 8.410292e-02 -1.522724e-01
    outer loop
      vertex 2.2487791485e-01 5.4256777604e-01 5.0053938368e-01
      vertex 2.3020185065e-01 5.4249811921e-01 4.6607074313e-01
      vertex 2.2419027951e-01 5.0930000000e-01 4.8661193947e-01
    endloop
  endfacet
  facet normal -8.521837e-01 4.270257e-01 -3.023772e-01
    outer loop
      vertex 2.6954575141e-01 6.3430000000e-01 4.4384575141e-01
      vertex 2.6082213134e-01 6.0520343317e-01 4.2734035813e-01
      vertex 2.4904836895e-01 6.0584684640e-01 4.6143076742e-01
    endloop
  endfacet
  facet normal -8.790876e-01 3.067980e-01 -3.648012e-01
    outer loop
      vertex 2.5613287990e-01 5.7427297825e-01 4.1262785886e-01
      vertex 2.4273895620e-01 5.7532068766e-01 4.4578528023e-01
      vertex 2.6082213134e-01 6.0520343317e-01 4.2734035813e-01
    endloop
  endfacet
  facet normal -9.233856e-01 3.081672e-01 -2.288929e-01
    outer loop
      vertex 2.3403587093e-01 5.7501638901e-01 4.8048503797e-01
      vertex 2.4904836895e-01 6.0584684640e-01 4.6143076742e-01
      vertex 2.4273895620e-01 5.7532068766e-01 4.4578528023e-01
    endloop
  endfacet
  facet normal -8.857887e-01 3.431966e-01 -3.124011e-01
    outer loop
      vertex 2.6082213134e-01 6.0520343317e-01 4.2734035813e-01
      vertex 2.4273895620e-01 5.7532068766e-01 4.4578528023e-01
      vertex 2.4904836895e-01 6.0584684640e-01 4.6143076742e-01
    endloop
  endfacet
  facet normal -9.529505e-01 8.454536e-02 -2.910970e-01
    outer loop
      vertex 2.3131541055e-01 5.0930000000e-01 4.5278336777e-01
      vertex 2.3020185065e-01 5.4249811921e-01 4.6607074313e-01
      vertex 2.4072384985e-01 5.4221384284e-01 4.3154280163e-01
    endloop
  endfacet
  facet normal -9.474616e-01 2.162041e-01 -2.357379e-01
    outer loop
      vertex 2.3403587093e-01 5.7501638901e-01 4.8048503797e-01
      vertex 2.4273895620e-01 5.7532068766e-01 4.4578528023e-01
      vertex 2.3020185065e-01 5.4249811921e-01 4.6607074313e-01
    endloop
  endfacet
  facet normal -9.031797e-01 2.148469e-01 -3.716277e-01
    outer loop
      vertex 2.5613287990e-01 5.7427297825e-01 4.1262785886e-01
      vertex 2.4072384985e-01 5.4221384284e-01 4.3154280163e-01
      vertex 2.4273895620e-01 5.7532068766e-01 4.4578528023e-01
    endloop
  endfacet
  facet normal -9.403266e-01 1.811510e-01 -2.880454e-01
    outer loop
      vertex 2.3020185065e-01 5.4249811921e-01 4.6607074313e-01
      vertex 2.4273895620e-01 5.7532068766e-01 4.4578528023e-01
      vertex 2.4072384985e-01 5.4221384284e-01 4.3154280163e-01
    endloop
  endfacet
  facet normal -8.838505e-01 5.017104e-02 4.650712e-01
    outer loop
      vertex 2.5913729791e-01 5.0930000000e-01 6.5253277803e-01
      vertex 2.5556766603e-01 5.4210009470e-01 6.4221041052e-01
      vertex 2.4303914469e-01 5.0930000000e-01 6.2193883715e-01
    endloop
  endfacet
  facet normal -8.897882e-01 1.803191e-01 4.192398e-01
    outer loop
      vertex 2.5613287990e-01 5.7427297825e-01 6.2957214114e-01
      vertex 2.4072384985e-01 5.4221384284e-01 6.1065719837e-01
      vertex 2.5556766603e-01 5.4210009470e-01 6.4221041052e-01
    endloop
  endfacet
  facet normal -9.395655e-01 5.000027e-02 3.386983e-01
    outer loop
      vertex 2.3131541055e-01 5.0930000000e-01 5.8941663223e-01
      vertex 2.4303914469e-01 5.0930000000e-01 6.2193883715e-01
      vertex 2.4072384985e-01 5.4221384284e-01 6.1065719837e-01
    endloop
  endfacet
  facet normal -9.017047e-01 8.207030e-02 4.244916e-01
    outer loop
      vertex 2.5556766603e-01 5.4210009470e-01 6.4221041052e-01
      vertex 2.4072384985e-01 5.4221384284e-01 6.1065719837e-01
      vertex 2.4303914469e-01 5.0930000000e-01 6.2193883715e-01
    endloop
  endfacet
  facet normal -8.521837e-01 4.270257e-01 3.023772e-01
    outer loop
      vertex 2.6954575141e-01 6.3430000000e-01 5.9835424859e-01
      vertex 2.4904836895e-01 6.0584684640e-01 5.8076923258e-01
      vertex 2.6082213134e-01 6.0520343317e-01 6.1485964187e-01
    endloop
  endfacet
  facet normal -9.233856e-01 3.081672e-01 2.288929e-01
    outer loop
      vertex 2.3403587093e-01 5.7501638901e-01 5.6171496203e-01
      vertex 2.4273895620e-01 5.7532068766e-01 5.9641471977e-01
      vertex 2.4904836895e-01 6.0584684640e-01 5.8076923258e-01
    endloop
  endfacet
  facet normal -8.790876e-01 3.067980e-01 3.648012e-01
    outer loop
      vertex 2.5613287990e-01 5.7427297825e-01 6.2957214114e-01
      vertex 2.6082213134e-01 6.0520343317e-01 6.1485964187e-01
      vertex 2.4273895620e-01 5.7532068766e-01 5.9641471977e-01
    endloop
  endfacet
  facet normal -8.857887e-01 3.431966e-01 3.124011e-01
    outer loop
      vertex 2.4904836895e-01 6.0584684640e-01 5.8076923258e-01
      vertex 2.4273895620e-01 5.7532068766e-01 5.9641471977e-01
      vertex 2.6082213134e-01 6.0520343317e-01 6.1485964187e-01
    endloop
  endfacet
  facet normal -9.963836e-01 4.950537e-02 6.905681e-02
    outer loop
      vertex 2.2180000000e-01 5.0930000000e-01 5.2110000000e-01
      vertex 2.2419027951e-01 5.0930000000e-01 5.5558806053e-01
      vertex 2.2487791485e-01 5.4256777604e-01 5.4166061632e-01
    endloop
  endfacet
  facet normal -9.773256e-01 4.960764e-02 2.058489e-01
    outer loop
      vertex 2.3131541055e-01 5.0930000000e-01 5.8941663223e-01
      vertex 2.3020185065e-01 5.4249811921e-01 5.7612925687e-01
      vertex 2.2419027951e-01 5.0930000000e-01 5.5558806053e-01
    endloop
  endfacet
  facet normal -9.718501e-01 1.812856e-01 1.504758e-01
    outer loop
      vertex 2.3403587093e-01 5.7501638901e-01 5.6171496203e-01
      vertex 2.2487791485e-01 5.4256777604e-01 5.4166061632e-01
      vertex 2.3020185065e-01 5.4249811921e-01 5.7612925687e-01
    endloop
  endfacet
  facet normal -9.847537e-01 8.410292e-02 1.522724e-01
    outer loop
      vertex 2.2419027951e-01 5.0930000000e-01 5.5558806053e-01
      vertex 2.3020185065e-01 5.4249811921e-01 5.7612925687e-01
      vertex 2.2487791485e-01 5.4256777604e-01 5.4166061632e-01
    endloop
  endfacet
  facet normal -9.031797e-01 2.148469e-01 3.716277e-01
    outer loop
      vertex 2.5613287990e-01 5.7427297825e-01 6.2957214114e-01
      vertex 2.4273895620e-01 5.7532068766e-01 5.9641471977e-01
      vertex 2.4072384985e-01 5.4221384284e-01 6.1065719837e-01
    endloop
  endfacet
  facet normal -9.474616e-01 2.162041e-01 2.357379e-01
    outer loop
      vertex 2.3403587093e-01 5.7501638901e-01 5.6171496203e-01
      vertex 2.3020185065e-01 5.4249811921e-01 5.7612925687e-01
      vertex 2.4273895620e-01 5.7532068766e-01 5.9641471977e-01
    endloop
  endfacet
  facet normal -9.529505e-01 8.454536e-02 2.910970e-01
    outer loop
      vertex 2.3131541055e-01 5.0930000000e-01 5.8941663223e-01
      vertex 2.4072384985e-01 5.4221384284e-01 6.1065719837e-01
      vertex 2.3020185065e-01 5.4249811921e-01 5.7612925687e-01
    endloop
  endfacet
  facet normal -9.403266e-01 1.811510e-01 2.880454e-01
    outer loop
      vertex 2.4273895620e-01 5.7532068766e-01 5.9641471977e-01
      vertex 2.3020185065e-01 5.4249811921e-01 5.7612925687e-01
      vertex 2.4072384985e-01 5.4221384284e-01 6.1065719837e-01
    endloop
  endfacet
  facet normal -8.516395e-01 4.694052e-01 -2.331714e-01
    outer loop
      vertex 2.6954575141e-01 6.3430000000e-01 4.4384575141e-01
      vertex 2.4904836895e-01 6.0584684640e-01 4.6143076742e-01
      vertex 2.6175552867e-01 6.3911462243e-01 4.8199138374e-01
    endloop
  endfacet
  facet normal -9.227974e-01 3.505871e-01 -1.597927e-01
    outer loop
      vertex 2.3403587093e-01 5.7501638901e-01 4.8048503797e-01
      vertex 2.4355437677e-01 6.0920176293e-01 5.0051910499e-01
      vertex 2.4904836895e-01 6.0584684640e-01 4.6143076742e-01
    endloop
  endfacet
  facet normal -8.724736e-01 4.823363e-01 -7.836719e-02
    outer loop
      vertex 2.5913729791e-01 6.4073277803e-01 5.2110000000e-01
      vertex 2.6175552867e-01 6.3911462243e-01 4.8199138374e-01
      vertex 2.4355437677e-01 6.0920176293e-01 5.0051910499e-01
    endloop
  endfacet
  facet normal -8.843585e-01 4.378416e-01 -1.618790e-01
    outer loop
      vertex 2.4904836895e-01 6.0584684640e-01 4.6143076742e-01
      vertex 2.4355437677e-01 6.0920176293e-01 5.0051910499e-01
      vertex 2.6175552867e-01 6.3911462243e-01 4.8199138374e-01
    endloop
  endfacet
  facet normal -9.957474e-01 9.212595e-02 0.000000e+00
    outer loop
      vertex 2.2180000000e-01 5.0930000000e-01 5.2110000000e-01
      vertex 2.2487791485e-01 5.4256777604e-01 5.4166061632e-01
      vertex 2.2487791485e-01 5.4256777604e-01 5.0053938368e-01
    endloop
  endfacet
  facet normal -9.712310e-01 2.237863e-01 8.142553e-02
    outer loop
      vertex 2.3403587093e-01 5.7501638901e-01 5.6171496203e-01
      vertex 2.3083468413e-01 5.7590117528e-01 5.2110000000e-01
      vertex 2.2487791485e-01 5.4256777604e-01 5.4166061632e-01
    endloop
  endfacet
  facet normal -9.712310e-01 2.237863e-01 -8.142553e-02
    outer loop
      vertex 2.3403587093e-01 5.7501638901e-01 4.8048503797e-01
      vertex 2.2487791485e-01 5.4256777604e-01 5.0053938368e-01
      vertex 2.3083468413e-01 5.7590117528e-01 5.2110000000e-01
    endloop
  endfacet
  facet normal -9.844052e-01 1.759159e-01 0.000000e+00
    outer loop
      vertex 2.2487791485e-01 5.4256777604e-01 5.4166061632e-01
      vertex 2.3083468413e-01 5.7590117528e-01 5.2110000000e-01
      vertex 2.2487791485e-01 5.4256777604e-01 5.0053938368e-01
    endloop
  endfacet
  facet normal -8.516395e-01 4.694052e-01 2.331714e-01
    outer loop
      vertex 2.6954575141e-01 6.3430000000e-01 5.9835424859e-01
      vertex 2.6175552867e-01 6.3911462243e-01 5.6020861626e-01
      vertex 2.4904836895e-01 6.0584684640e-01 5.8076923258e-01
    endloop
  endfacet
  facet normal -8.724736e-01 4.823363e-01 7.836719e-02
    outer loop
      vertex 2.5913729791e-01 6.4073277803e-01 5.2110000000e-01
      vertex 2.4355437677e-01 6.0920176293e-01 5.4168089501e-01
      vertex 2.6175552867e-01 6.3911462243e-01 5.6020861626e-01
    endloop
  endfacet
  facet normal -9.227974e-01 3.505871e-01 1.597927e-01
    outer loop
      vertex 2.3403587093e-01 5.7501638901e-01 5.6171496203e-01
      vertex 2.4904836895e-01 6.0584684640e-01 5.8076923258e-01
      vertex 2.4355437677e-01 6.0920176293e-01 5.4168089501e-01
    endloop
  endfacet
  facet normal -8.843585e-01 4.378416e-01 1.618790e-01
    outer loop
      vertex 2.6175552867e-01 6.3911462243e-01 5.6020861626e-01
      vertex 2.4355437677e-01 6.0920176293e-01 5.4168089501e-01
      vertex 2.4904836895e-01 6.0584684640e-01 5.8076923258e-01
    endloop
  endfacet
  facet normal -9.468068e-01 3.113353e-01 -8.140770e-02
    outer loop
      vertex 2.3403587093e-01 5.7501638901e-01 4.8048503797e-01
      vertex 2.3083468413e-01 5.7590117528e-01 5.2110000000e-01
      vertex 2.4355437677e-01 6.0920176293e-01 5.0051910499e-01
    endloop
  endfacet
  facet normal -9.468068e-01 3.113353e-01 8.140770e-02
    outer loop
      vertex 2.3403587093e-01 5.7501638901e-01 5.6171496203e-01
      vertex 2.4355437677e-01 6.0920176293e-01 5.4168089501e-01
      vertex 2.3083468413e-01 5.7590117528e-01 5.2110000000e-01
    endloop
  endfacet
  facet normal -8.964941e-01 4.430557e-01 0.000000e+00
    outer loop
      vertex 2.5913729791e-01 6.4073277803e-01 5.2110000000e-01
      vertex 2.4355437677e-01 6.0920176293e-01 5.0051910499e-01
      vertex 2.4355437677e-01 6.0920176293e-01 5.4168089501e-01
    endloop
  endfacet
  facet normal -9.341724e-01 3.568221e-01 0.000000e+00
    outer loop
      vertex 2.3083468413e-01 5.7590117528e-01 5.2110000000e-01
      vertex 2.4355437677e-01 6.0920176293e-01 5.4168089501e-01
      vertex 2.4355437677e-01 6.0920176293e-01 5.0051910499e-01
    endloop
  endfacet
  facet normal 5.462496e-01 8.336794e-01 8.117845e-02
    outer loop
      vertex 6.0323277803e-01 7.2196270209e-01 5.2110000000e-01
      vertex 5.9291041052e-01 7.2553233397e-01 5.5390009470e-01
      vertex 6.2571050522e-01 7.0526076060e-01 5.4137157336e-01
    endloop
  endfacet
  facet normal 5.001420e-01 8.397879e-01 2.112210e-01
    outer loop
      vertex 5.8027214114e-01 7.2496712010e-01 5.8607297825e-01
      vertex 6.1461291478e-01 7.0746230731e-01 5.7435571641e-01
      vertex 5.9291041052e-01 7.2553233397e-01 5.5390009470e-01
    endloop
  endfacet
  facet normal 6.304608e-01 7.592464e-01 1.614436e-01
    outer loop
      vertex 6.4524511939e-01 6.8481161119e-01 5.6125550891e-01
      vertex 6.2571050522e-01 7.0526076060e-01 5.4137157336e-01
      vertex 6.1461291478e-01 7.0746230731e-01 5.7435571641e-01
    endloop
  endfacet
  facet normal 5.572841e-01 8.196344e-01 1.327925e-01
    outer loop
      vertex 5.9291041052e-01 7.2553233397e-01 5.5390009470e-01
      vertex 6.1461291478e-01 7.0746230731e-01 5.7435571641e-01
      vertex 6.2571050522e-01 7.0526076060e-01 5.4137157336e-01
    endloop
  endfacet
  facet normal 3.824786e-01 8.026783e-01 4.576217e-01
    outer loop
      vertex 5.4905424859e-01 7.1155424859e-01 6.4610000000e-01
      vertex 5.8529762493e-01 6.9878385501e-01 6.3820746272e-01
      vertex 5.6555964187e-01 7.2027786866e-01 6.1700343317e-01
    endloop
  endfacet
  facet normal 5.222192e-01 7.421000e-01 4.202079e-01
    outer loop
      vertex 6.1874631307e-01 6.8134774006e-01 6.2743135104e-01
      vertex 6.0083040501e-01 7.0516292459e-01 6.0763825370e-01
      vertex 5.8529762493e-01 6.9878385501e-01 6.3820746272e-01
    endloop
  endfacet
  facet normal 4.450681e-01 8.294800e-01 3.374572e-01
    outer loop
      vertex 5.8027214114e-01 7.2496712010e-01 5.8607297825e-01
      vertex 5.6555964187e-01 7.2027786866e-01 6.1700343317e-01
      vertex 6.0083040501e-01 7.0516292459e-01 6.0763825370e-01
    endloop
  endfacet
  facet normal 4.484825e-01 8.016858e-01 3.951751e-01
    outer loop
      vertex 5.8529762493e-01 6.9878385501e-01 6.3820746272e-01
      vertex 6.0083040501e-01 7.0516292459e-01 6.0763825370e-01
      vertex 5.6555964187e-01 7.2027786866e-01 6.1700343317e-01
    endloop
  endfacet
  facet normal 7.599989e-01 5.693580e-01 3.134218e-01
    outer loop
      vertex 6.7405424859e-01 6.3430000000e-01 5.9835424859e-01
      vertex 6.6146307504e-01 6.6100628732e-01 5.8037158134e-01
      vertex 6.4857669530e-01 6.5967523875e-01 6.1403700862e-01
    endloop
  endfacet
  facet normal 7.022584e-01 6.705276e-01 2.392192e-01
    outer loop
      vertex 6.4524511939e-01 6.8481161119e-01 5.6125550891e-01
      vertex 6.3365297347e-01 6.8487746169e-01 5.9510114814e-01
      vertex 6.6146307504e-01 6.6100628732e-01 5.8037158134e-01
    endloop
  endfacet
  facet normal 6.491008e-01 6.636828e-01 3.717435e-01
    outer loop
      vertex 6.1874631307e-01 6.8134774006e-01 6.2743135104e-01
      vertex 6.4857669530e-01 6.5967523875e-01 6.1403700862e-01
      vertex 6.3365297347e-01 6.8487746169e-01 5.9510114814e-01
    endloop
  endfacet
  facet normal 7.075762e-01 6.415571e-01 2.962101e-01
    outer loop
      vertex 6.6146307504e-01 6.6100628732e-01 5.8037158134e-01
      vertex 6.3365297347e-01 6.8487746169e-01 5.9510114814e-01
      vertex 6.4857669530e-01 6.5967523875e-01 6.1403700862e-01
    endloop
  endfacet
  facet normal 5.084250e-01 8.186344e-01 2.670988e-01
    outer loop
      vertex 5.8027214114e-01 7.2496712010e-01 5.8607297825e-01
      vertex 6.0083040501e-01 7.0516292459e-01 6.0763825370e-01
      vertex 6.1461291478e-01 7.0746230731e-01 5.7435571641e-01
    endloop
  endfacet
  facet normal 5.855635e-01 7.312575e-01 3.498255e-01
    outer loop
      vertex 6.1874631307e-01 6.8134774006e-01 6.2743135104e-01
      vertex 6.3365297347e-01 6.8487746169e-01 5.9510114814e-01
      vertex 6.0083040501e-01 7.0516292459e-01 6.0763825370e-01
    endloop
  endfacet
  facet normal 6.387266e-01 7.381036e-01 2.173281e-01
    outer loop
      vertex 6.4524511939e-01 6.8481161119e-01 5.6125550891e-01
      vertex 6.1461291478e-01 7.0746230731e-01 5.7435571641e-01
      vertex 6.3365297347e-01 6.8487746169e-01 5.9510114814e-01
    endloop
  endfacet
  facet normal 5.811538e-01 7.591756e-01 2.931085e-01
    outer loop
      vertex 6.0083040501e-01 7.0516292459e-01 6.0763825370e-01
      vertex 6.3365297347e-01 6.8487746169e-01 5.9510114814e-01
      vertex 6.1461291478e-01 7.0746230731e-01 5.7435571641e-01
    endloop
  endfacet
  facet normal 8.117845e-02 5.462496e-01 8.336794e-01
    outer loop
      vertex 4.7180000000e-01 6.4073277803e-01 7.3376270209e-01
      vertex 5.0460009470e-01 6.3041041052e-01 7.3733233397e-01
      vertex 4.9207157336e-01 6.6321050522e-01 7.1706076060e-01
    endloop
  endfacet
  facet normal 2.112210e-01 5.001420e-01 8.397879e-01
    outer loop
      vertex 5.3677297825e-01 6.1777214114e-01 7.3676712010e-01
      vertex 5.2505571641e-01 6.5211291478e-01 7.1926230731e-01
      vertex 5.0460009470e-01 6.3041041052e-01 7.3733233397e-01
    endloop
  endfacet
  facet normal 1.614436e-01 6.304608e-01 7.592464e-01
    outer loop
      vertex 5.1195550891e-01 6.8274511939e-01 6.9661161119e-01
      vertex 4.9207157336e-01 6.6321050522e-01 7.1706076060e-01
      vertex 5.2505571641e-01 6.5211291478e-01 7.1926230731e-01
    endloop
  endfacet
  facet normal 1.327925e-01 5.572841e-01 8.196344e-01
    outer loop
      vertex 5.0460009470e-01 6.3041041052e-01 7.3733233397e-01
      vertex 5.2505571641e-01 6.5211291478e-01 7.1926230731e-01
      vertex 4.9207157336e-01 6.6321050522e-01 7.1706076060e-01
    endloop
  endfacet
  facet normal 4.576217e-01 3.824786e-01 8.026783e-01
    outer loop
      vertex 5.9680000000e-01 5.8655424859e-01 7.2335424859e-01
      vertex 5.8890746272e-01 6.2279762493e-01 7.1058385501e-01
      vertex 5.6770343317e-01 6.0305964187e-01 7.3207786866e-01
    endloop
  endfacet
  facet normal 4.202079e-01 5.222192e-01 7.421000e-01
    outer loop
      vertex 5.7813135104e-01 6.5624631307e-01 6.9314774006e-01
      vertex 5.5833825370e-01 6.3833040501e-01 7.1696292459e-01
      vertex 5.8890746272e-01 6.2279762493e-01 7.1058385501e-01
    endloop
  endfacet
  facet normal 3.374572e-01 4.450681e-01 8.294800e-01
    outer loop
      vertex 5.3677297825e-01 6.1777214114e-01 7.3676712010e-01
      vertex 5.6770343317e-01 6.0305964187e-01 7.3207786866e-01
      vertex 5.5833825370e-01 6.3833040501e-01 7.1696292459e-01
    endloop
  endfacet
  facet normal 3.951751e-01 4.484825e-01 8.016858e-01
    outer loop
      vertex 5.8890746272e-01 6.2279762493e-01 7.1058385501e-01
      vertex 5.5833825370e-01 6.3833040501e-01 7.1696292459e-01
      vertex 5.6770343317e-01 6.0305964187e-01 7.3207786866e-01
    endloop
  endfacet
  facet normal 3.134218e-01 7.599989e-01 5.693580e-01
    outer loop
      vertex 5.4905424859e-01 7.1155424859e-01 6.4610000000e-01
      vertex 5.3107158134e-01 6.9896307504e-01 6.7280628732e-01
      vertex 5.6473700862e-01 6.8607669530e-01 6.7147523875e-01
    endloop
  endfacet
  facet normal 2.392192e-01 7.022584e-01 6.705276e-01
    outer loop
      vertex 5.1195550891e-01 6.8274511939e-01 6.9661161119e-01
      vertex 5.4580114814e-01 6.7115297347e-01 6.9667746169e-01
      vertex 5.3107158134e-01 6.9896307504e-01 6.7280628732e-01
    endloop
  endfacet
  facet normal 3.717435e-01 6.491008e-01 6.636828e-01
    outer loop
      vertex 5.7813135104e-01 6.5624631307e-01 6.9314774006e-01
      vertex 5.6473700862e-01 6.8607669530e-01 6.7147523875e-01
      vertex 5.4580114814e-01 6.7115297347e-01 6.9667746169e-01
    endloop
  endfacet
  facet normal 2.962101e-01 7.075762e-01 6.415571e-01
    outer loop
      vertex 5.3107158134e-01 6.9896307504e-01 6.7280628732e-01
      vertex 5.4580114814e-01 6.7115297347e-01 6.9667746169e-01
      vertex 5.6473700862e-01 6.8607669530e-01 6.7147523875e-01
    endloop
  endfacet
  facet normal 2.670988e-01 5.084250e-01 8.186344e-01
    outer loop
      vertex 5.3677297825e-01 6.1777214114e-01 7.3676712010e-01
      vertex 5.5833825370e-01 6.3833040501e-01 7.1696292459e-01
      vertex 5.2505571641e-01 6.5211291478e-01 7.1926230731e-01
    endloop
  endfacet
  facet normal 3.498255e-01 5.855635e-01 7.312575e-01
    outer loop
      vertex 5.7813135104e-01 6.5624631307e-01 6.9314774006e-01
      vertex 5.4580114814e-01 6.7115297347e-01 6.9667746169e-01
      vertex 5.5833825370e-01 6.3833040501e-01 7.1696292459e-01
    endloop
  endfacet
  facet normal 2.173281e-01 6.387266e-01 7.381036e-01
    outer loop
      vertex 5.1195550891e-01 6.8274511939e-01 6.9661161119e-01
      vertex 5.2505571641e-01 6.5211291478e-01 7.1926230731e-01
      vertex 5.4580114814e-01 6.7115297347e-01 6.9667746169e-01
    endloop
  endfacet
  facet normal 2.931085e-01 5.811538e-01 7.591756e-01
    outer loop
      vertex 5.5833825370e-01 6.3833040501e-01 7.1696292459e-01
      vertex 5.4580114814e-01 6.7115297347e-01 6.9667746169e-01
      vertex 5.2505571641e-01 6.5211291478e-01 7.1926230731e-01
    endloop
  endfacet
  facet normal 8.336794e-01 8.117845e-02 5.462496e-01
    outer loop
      vertex 6.8446270209e-01 5.0930000000e-01 6.5253277803e-01
      vertex 6.8803233397e-01 5.4210009470e-01 6.4221041052e-01
      vertex 6.6776076060e-01 5.2957157336e-01 6.7501050522e-01
    endloop
  endfacet
  facet normal 8.397879e-01 2.112210e-01 5.001420e-01
    outer loop
      vertex 6.8746712010e-01 5.7427297825e-01 6.2957214114e-01
      vertex 6.6996230731e-01 5.6255571641e-01 6.6391291478e-01
      vertex 6.8803233397e-01 5.4210009470e-01 6.4221041052e-01
    endloop
  endfacet
  facet normal 7.592464e-01 1.614436e-01 6.304608e-01
    outer loop
      vertex 6.4731161119e-01 5.4945550891e-01 6.9454511939e-01
      vertex 6.6776076060e-01 5.2957157336e-01 6.7501050522e-01
      vertex 6.6996230731e-01 5.6255571641e-01 6.6391291478e-01
    endloop
  endfacet
  facet normal 8.196344e-01 1.327925e-01 5.572841e-01
    outer loop
      vertex 6.8803233397e-01 5.4210009470e-01 6.4221041052e-01
      vertex 6.6996230731e-01 5.6255571641e-01 6.6391291478e-01
      vertex 6.6776076060e-01 5.2957157336e-01 6.7501050522e-01
    endloop
  endfacet
  facet normal 8.026783e-01 4.576217e-01 3.824786e-01
    outer loop
      vertex 6.7405424859e-01 6.3430000000e-01 5.9835424859e-01
      vertex 6.6128385501e-01 6.2640746272e-01 6.3459762493e-01
      vertex 6.8277786866e-01 6.0520343317e-01 6.1485964187e-01
    endloop
  endfacet
  facet normal 7.421000e-01 4.202079e-01 5.222192e-01
    outer loop
      vertex 6.4384774006e-01 6.1563135104e-01 6.6804631307e-01
      vertex 6.6766292459e-01 5.9583825370e-01 6.5013040501e-01
      vertex 6.6128385501e-01 6.2640746272e-01 6.3459762493e-01
    endloop
  endfacet
  facet normal 8.294800e-01 3.374572e-01 4.450681e-01
    outer loop
      vertex 6.8746712010e-01 5.7427297825e-01 6.2957214114e-01
      vertex 6.8277786866e-01 6.0520343317e-01 6.1485964187e-01
      vertex 6.6766292459e-01 5.9583825370e-01 6.5013040501e-01
    endloop
  endfacet
  facet normal 8.016858e-01 3.951751e-01 4.484825e-01
    outer loop
      vertex 6.6128385501e-01 6.2640746272e-01 6.3459762493e-01
      vertex 6.6766292459e-01 5.9583825370e-01 6.5013040501e-01
      vertex 6.8277786866e-01 6.0520343317e-01 6.1485964187e-01
    endloop
  endfacet
  facet normal 5.693580e-01 3.134218e-01 7.599989e-01
    outer loop
      vertex 5.9680000000e-01 5.8655424859e-01 7.2335424859e-01
      vertex 6.2350628732e-01 5.6857158134e-01 7.1076307504e-01
      vertex 6.2217523875e-01 6.0223700862e-01 6.9787669530e-01
    endloop
  endfacet
  facet normal 6.705276e-01 2.392192e-01 7.022584e-01
    outer loop
      vertex 6.4731161119e-01 5.4945550891e-01 6.9454511939e-01
      vertex 6.4737746169e-01 5.8330114814e-01 6.8295297347e-01
      vertex 6.2350628732e-01 5.6857158134e-01 7.1076307504e-01
    endloop
  endfacet
  facet normal 6.636828e-01 3.717435e-01 6.491008e-01
    outer loop
      vertex 6.4384774006e-01 6.1563135104e-01 6.6804631307e-01
      vertex 6.2217523875e-01 6.0223700862e-01 6.9787669530e-01
      vertex 6.4737746169e-01 5.8330114814e-01 6.8295297347e-01
    endloop
  endfacet
  facet normal 6.415571e-01 2.962101e-01 7.075762e-01
    outer loop
      vertex 6.2350628732e-01 5.6857158134e-01 7.1076307504e-01
      vertex 6.4737746169e-01 5.8330114814e-01 6.8295297347e-01
      vertex 6.2217523875e-01 6.0223700862e-01 6.9787669530e-01
    endloop
  endfacet
  facet normal 8.186344e-01 2.670988e-01 5.084250e-01
    outer loop
      vertex 6.8746712010e-01 5.7427297825e-01 6.2957214114e-01
      vertex 6.6766292459e-01 5.9583825370e-01 6.5013040501e-01
      vertex 6.6996230731e-01 5.6255571641e-01 6.6391291478e-01
    endloop
  endfacet
  facet normal 7.312575e-01 3.498255e-01 5.855635e-01
    outer loop
      vertex 6.4384774006e-01 6.1563135104e-01 6.6804631307e-01
      vertex 6.4737746169e-01 5.8330114814e-01 6.8295297347e-01
      vertex 6.6766292459e-01 5.9583825370e-01 6.5013040501e-01
    endloop
  endfacet
  facet normal 7.381036e-01 2.173281e-01 6.387266e-01
    outer loop
      vertex 6.4731161119e-01 5.4945550891e-01 6.9454511939e-01
      vertex 6.6996230731e-01 5.6255571641e-01 6.6391291478e-01
      vertex 6.4737746169e-01 5.8330114814e-01 6.8295297347e-01
    endloop
  endfacet
  facet normal 7.591756e-01 2.931085e-01 5.811538e-01
    outer loop
      vertex 6.6766292459e-01 5.9583825370e-01 6.5013040501e-01
      vertex 6.4737746169e-01 5.8330114814e-01 6.8295297347e-01
      vertex 6.6996230731e-01 5.6255571641e-01 6.6391291478e-01
    endloop
  endfacet
  facet normal 3.822343e-01 7.595136e-01 5.263422e-01
    outer loop
      vertex 5.4905424859e-01 7.1155424859e-01 6.4610000000e-01
      vertex 5.6473700862e-01 6.8607669530e-01 6.7147523875e-01
      vertex 5.8529762493e-01 6.9878385501e-01 6.3820746272e-01
    endloop
  endfacet
  facet normal 4.404610e-01 6.486873e-01 6.206439e-01
    outer loop
      vertex 5.7813135104e-01 6.5624631307e-01 6.9314774006e-01
      vertex 6.0014386031e-01 6.7094444795e-01 6.6216355294e-01
      vertex 5.6473700862e-01 6.8607669530e-01 6.7147523875e-01
    endloop
  endfacet
  facet normal 5.218865e-01 6.990111e-01 4.888946e-01
    outer loop
      vertex 6.1874631307e-01 6.8134774006e-01 6.2743135104e-01
      vertex 5.8529762493e-01 6.9878385501e-01 6.3820746272e-01
      vertex 6.0014386031e-01 6.7094444795e-01 6.6216355294e-01
    endloop
  endfacet
  facet normal 4.465169e-01 7.084426e-01 5.465636e-01
    outer loop
      vertex 5.6473700862e-01 6.8607669530e-01 6.7147523875e-01
      vertex 6.0014386031e-01 6.7094444795e-01 6.6216355294e-01
      vertex 5.8529762493e-01 6.9878385501e-01 6.3820746272e-01
    endloop
  endfacet
  facet normal 5.263422e-01 3.822343e-01 7.595136e-01
    outer loop
      vertex 5.9680000000e-01 5.8655424859e-01 7.2335424859e-01
      vertex 6.2217523875e-01 6.0223700862e-01 6.9787669530e-01
      vertex 5.8890746272e-01 6.2279762493e-01 7.1058385501e-01
    endloop
  endfacet
  facet normal 6.206439e-01 4.404610e-01 6.486873e-01
    outer loop
      vertex 6.4384774006e-01 6.1563135104e-01 6.6804631307e-01
      vertex 6.1286355294e-01 6.3764386031e-01 6.8274444795e-01
      vertex 6.2217523875e-01 6.0223700862e-01 6.9787669530e-01
    endloop
  endfacet
  facet normal 4.888946e-01 5.218865e-01 6.990111e-01
    outer loop
      vertex 5.7813135104e-01 6.5624631307e-01 6.9314774006e-01
      vertex 5.8890746272e-01 6.2279762493e-01 7.1058385501e-01
      vertex 6.1286355294e-01 6.3764386031e-01 6.8274444795e-01
    endloop
  endfacet
  facet normal 5.465636e-01 4.465169e-01 7.084426e-01
    outer loop
      vertex 6.2217523875e-01 6.0223700862e-01 6.9787669530e-01
      vertex 6.1286355294e-01 6.3764386031e-01 6.8274444795e-01
      vertex 5.8890746272e-01 6.2279762493e-01 7.1058385501e-01
    endloop
  endfacet
  facet normal 7.595136e-01 5.263422e-01 3.822343e-01
    outer loop
      vertex 6.7405424859e-01 6.3430000000e-01 5.9835424859e-01
      vertex 6.4857669530e-01 6.5967523875e-01 6.1403700862e-01
      vertex 6.6128385501e-01 6.2640746272e-01 6.3459762493e-01
    endloop
  endfacet
  facet normal 6.486873e-01 6.206439e-01 4.404610e-01
    outer loop
      vertex 6.1874631307e-01 6.8134774006e-01 6.2743135104e-01
      vertex 6.3344444795e-01 6.5036355294e-01 6.4944386031e-01
      vertex 6.4857669530e-01 6.5967523875e-01 6.1403700862e-01
    endloop
  endfacet
  facet normal 6.990111e-01 4.888946e-01 5.218865e-01
    outer loop
      vertex 6.4384774006e-01 6.1563135104e-01 6.6804631307e-01
      vertex 6.6128385501e-01 6.2640746272e-01 6.3459762493e-01
      vertex 6.3344444795e-01 6.5036355294e-01 6.4944386031e-01
    endloop
  endfacet
  facet normal 7.084426e-01 5.465636e-01 4.465169e-01
    outer loop
      vertex 6.4857669530e-01 6.5967523875e-01 6.1403700862e-01
      vertex 6.3344444795e-01 6.5036355294e-01 6.4944386031e-01
      vertex 6.6128385501e-01 6.2640746272e-01 6.3459762493e-01
    endloop
  endfacet
  facet normal 5.037511e-01 5.851588e-01 6.354715e-01
    outer loop
      vertex 5.7813135104e-01 6.5624631307e-01 6.9314774006e-01
      vertex 6.1286355294e-01 6.3764386031e-01 6.8274444795e-01
      vertex 6.0014386031e-01 6.7094444795e-01 6.6216355294e-01
    endloop
  endfacet
  facet normal 6.354715e-01 5.037511e-01 5.851588e-01
    outer loop
      vertex 6.4384774006e-01 6.1563135104e-01 6.6804631307e-01
      vertex 6.3344444795e-01 6.5036355294e-01 6.4944386031e-01
      vertex 6.1286355294e-01 6.3764386031e-01 6.8274444795e-01
    endloop
  endfacet
  facet normal 5.851588e-01 6.354715e-01 5.037511e-01
    outer loop
      vertex 6.1874631307e-01 6.8134774006e-01 6.2743135104e-01
      vertex 6.0014386031e-01 6.7094444795e-01 6.6216355294e-01
      vertex 6.3344444795e-01 6.5036355294e-01 6.4944386031e-01
    endloop
  endfacet
  facet normal 5.773503e-01 5.773503e-01 5.773503e-01
    outer loop
      vertex 6.1286355294e-01 6.3764386031e-01 6.8274444795e-01
      vertex 6.3344444795e-01 6.5036355294e-01 6.4944386031e-01
      vertex 6.0014386031e-01 6.7094444795e-01 6.6216355294e-01
    endloop
  endfacet
  facet normal -5.017104e-02 4.650712e-01 8.838505e-01
    outer loop
      vertex 4.7180000000e-01 6.4073277803e-01 7.3376270209e-01
      vertex 4.3899990530e-01 6.3041041052e-01 7.3733233397e-01
      vertex 4.7180000000e-01 6.1013883715e-01 7.4986085531e-01
    endloop
  endfacet
  facet normal -1.803191e-01 4.192398e-01 8.897882e-01
    outer loop
      vertex 4.0682702175e-01 6.1777214114e-01 7.3676712010e-01
      vertex 4.3888615716e-01 5.9885719837e-01 7.5217615015e-01
      vertex 4.3899990530e-01 6.3041041052e-01 7.3733233397e-01
    endloop
  endfacet
  facet normal -5.000027e-02 3.386983e-01 9.395655e-01
    outer loop
      vertex 4.7180000000e-01 5.7761663223e-01 7.6158458945e-01
      vertex 4.7180000000e-01 6.1013883715e-01 7.4986085531e-01
      vertex 4.3888615716e-01 5.9885719837e-01 7.5217615015e-01
    endloop
  endfacet
  facet normal -8.207030e-02 4.244916e-01 9.017047e-01
    outer loop
      vertex 4.3899990530e-01 6.3041041052e-01 7.3733233397e-01
      vertex 4.3888615716e-01 5.9885719837e-01 7.5217615015e-01
      vertex 4.7180000000e-01 6.1013883715e-01 7.4986085531e-01
    endloop
  endfacet
  facet normal -4.270257e-01 3.023772e-01 8.521837e-01
    outer loop
      vertex 3.4680000000e-01 5.8655424859e-01 7.2335424859e-01
      vertex 3.7525315360e-01 5.6896923258e-01 7.4385163105e-01
      vertex 3.7589656683e-01 6.0305964187e-01 7.3207786866e-01
    endloop
  endfacet
  facet normal -3.081672e-01 2.288929e-01 9.233856e-01
    outer loop
      vertex 4.0608361099e-01 5.4991496203e-01 7.5886412907e-01
      vertex 4.0577931234e-01 5.8461471977e-01 7.5016104380e-01
      vertex 3.7525315360e-01 5.6896923258e-01 7.4385163105e-01
    endloop
  endfacet
  facet normal -3.067980e-01 3.648012e-01 8.790876e-01
    outer loop
      vertex 4.0682702175e-01 6.1777214114e-01 7.3676712010e-01
      vertex 3.7589656683e-01 6.0305964187e-01 7.3207786866e-01
      vertex 4.0577931234e-01 5.8461471977e-01 7.5016104380e-01
    endloop
  endfacet
  facet normal -3.431966e-01 3.124011e-01 8.857887e-01
    outer loop
      vertex 3.7525315360e-01 5.6896923258e-01 7.4385163105e-01
      vertex 4.0577931234e-01 5.8461471977e-01 7.5016104380e-01
      vertex 3.7589656683e-01 6.0305964187e-01 7.3207786866e-01
    endloop
  endfacet
  facet normal -4.950537e-02 6.905681e-02 9.963836e-01
    outer loop
      vertex 4.7180000000e-01 5.0930000000e-01 7.7110000000e-01
      vertex 4.7180000000e-01 5.4378806053e-01 7.6870972049e-01
      vertex 4.3853222396e-01 5.2986061632e-01 7.6802208515e-01
    endloop
  endfacet
  facet normal -4.960764e-02 2.058489e-01 9.773256e-01
    outer loop
      vertex 4.7180000000e-01 5.7761663223e-01 7.6158458945e-01
      vertex 4.3860188079e-01 5.6432925687e-01 7.6269814935e-01
      vertex 4.7180000000e-01 5.4378806053e-01 7.6870972049e-01
    endloop
  endfacet
  facet normal -1.812856e-01 1.504758e-01 9.718501e-01
    outer loop
      vertex 4.0608361099e-01 5.4991496203e-01 7.5886412907e-01
      vertex 4.3853222396e-01 5.2986061632e-01 7.6802208515e-01
      vertex 4.3860188079e-01 5.6432925687e-01 7.6269814935e-01
    endloop
  endfacet
  facet normal -8.410292e-02 1.522724e-01 9.847537e-01
    outer loop
      vertex 4.7180000000e-01 5.4378806053e-01 7.6870972049e-01
      vertex 4.3860188079e-01 5.6432925687e-01 7.6269814935e-01
      vertex 4.3853222396e-01 5.2986061632e-01 7.6802208515e-01
    endloop
  endfacet
  facet normal -2.148469e-01 3.716277e-01 9.031797e-01
    outer loop
      vertex 4.0682702175e-01 6.1777214114e-01 7.3676712010e-01
      vertex 4.0577931234e-01 5.8461471977e-01 7.5016104380e-01
      vertex 4.3888615716e-01 5.9885719837e-01 7.5217615015e-01
    endloop
  endfacet
  facet normal -2.162041e-01 2.357379e-01 9.474616e-01
    outer loop
      vertex 4.0608361099e-01 5.4991496203e-01 7.5886412907e-01
      vertex 4.3860188079e-01 5.6432925687e-01 7.6269814935e-01
      vertex 4.0577931234e-01 5.8461471977e-01 7.5016104380e-01
    endloop
  endfacet
  facet normal -8.454536e-02 2.910970e-01 9.529505e-01
    outer loop
      vertex 4.7180000000e-01 5.7761663223e-01 7.6158458945e-01
      vertex 4.3888615716e-01 5.9885719837e-01 7.5217615015e-01
      vertex 4.3860188079e-01 5.6432925687e-01 7.6269814935e-01
    endloop
  endfacet
  facet normal -1.811510e-01 2.880454e-01 9.403266e-01
    outer loop
      vertex 4.0577931234e-01 5.8461471977e-01 7.5016104380e-01
      vertex 4.3860188079e-01 5.6432925687e-01 7.6269814935e-01
      vertex 4.3888615716e-01 5.9885719837e-01 7.5217615015e-01
    endloop
  endfacet
  facet normal -8.026720e-01 0.000000e+00 5.964207e-01
    outer loop
      vertex 2.5913729791e-01 5.0930000000e-01 6.5253277803e-01
      vertex 2.7583923940e-01 4.8902842664e-01 6.7501050522e-01
      vertex 2.7583923940e-01 5.2957157336e-01 6.7501050522e-01
    endloop
  endfacet
  facet normal -7.283445e-01 -8.054149e-02 6.804611e-01
    outer loop
      vertex 2.9628838881e-01 4.6914449109e-01 6.9454511939e-01
      vertex 2.9397956626e-01 5.0930000000e-01 6.9682675762e-01
      vertex 2.7583923940e-01 4.8902842664e-01 6.7501050522e-01
    endloop
  endfacet
  facet normal -7.283445e-01 8.054149e-02 6.804611e-01
    outer loop
      vertex 2.9628838881e-01 5.4945550891e-01 6.9454511939e-01
      vertex 2.7583923940e-01 5.2957157336e-01 6.7501050522e-01
      vertex 2.9397956626e-01 5.0930000000e-01 6.9682675762e-01
    endloop
  endfacet
  facet normal -7.689122e-01 0.000000e+00 6.393544e-01
    outer loop
      vertex 2.7583923940e-01 4.8902842664e-01 6.7501050522e-01
      vertex 2.9397956626e-01 5.0930000000e-01 6.9682675762e-01
      vertex 2.7583923940e-01 5.2957157336e-01 6.7501050522e-01
    endloop
  endfacet
  facet normal -5.387620e-01 -2.333204e-01 8.095043e-01
    outer loop
      vertex 3.4680000000e-01 4.3204575141e-01 7.2335424859e-01
      vertex 3.4198537757e-01 4.7019138374e-01 7.3114447133e-01
      vertex 3.2009371268e-01 4.5002841866e-01 7.1076307504e-01
    endloop
  endfacet
  facet normal -5.516422e-01 -7.841715e-02 8.303865e-01
    outer loop
      vertex 3.4036722197e-01 5.0930000000e-01 7.3376270209e-01
      vertex 3.1674010435e-01 4.8901453710e-01 7.1615109268e-01
      vertex 3.4198537757e-01 4.7019138374e-01 7.3114447133e-01
    endloop
  endfacet
  facet normal -6.398684e-01 -1.589524e-01 7.518660e-01
    outer loop
      vertex 2.9628838881e-01 4.6914449109e-01 6.9454511939e-01
      vertex 3.2009371268e-01 4.5002841866e-01 7.1076307504e-01
      vertex 3.1674010435e-01 4.8901453710e-01 7.1615109268e-01
    endloop
  endfacet
  facet normal -5.895786e-01 -1.601287e-01 7.916792e-01
    outer loop
      vertex 3.4198537757e-01 4.7019138374e-01 7.3114447133e-01
      vertex 3.1674010435e-01 4.8901453710e-01 7.1615109268e-01
      vertex 3.2009371268e-01 4.5002841866e-01 7.1076307504e-01
    endloop
  endfacet
  facet normal -5.387620e-01 2.333204e-01 8.095043e-01
    outer loop
      vertex 3.4680000000e-01 5.8655424859e-01 7.2335424859e-01
      vertex 3.2009371268e-01 5.6857158134e-01 7.1076307504e-01
      vertex 3.4198537757e-01 5.4840861626e-01 7.3114447133e-01
    endloop
  endfacet
  facet normal -6.398684e-01 1.589524e-01 7.518660e-01
    outer loop
      vertex 2.9628838881e-01 5.4945550891e-01 6.9454511939e-01
      vertex 3.1674010435e-01 5.2958546290e-01 7.1615109268e-01
      vertex 3.2009371268e-01 5.6857158134e-01 7.1076307504e-01
    endloop
  endfacet
  facet normal -5.516422e-01 7.841715e-02 8.303865e-01
    outer loop
      vertex 3.4036722197e-01 5.0930000000e-01 7.3376270209e-01
      vertex 3.4198537757e-01 5.4840861626e-01 7.3114447133e-01
      vertex 3.1674010435e-01 5.2958546290e-01 7.1615109268e-01
    endloop
  endfacet
  facet normal -5.895786e-01 1.601287e-01 7.916792e-01
    outer loop
      vertex 3.2009371268e-01 5.6857158134e-01 7.1076307504e-01
      vertex 3.1674010435e-01 5.2958546290e-01 7.1615109268e-01
      vertex 3.4198537757e-01 5.4840861626e-01 7.3114447133e-01
    endloop
  endfacet
  facet normal -6.858517e-01 -8.053079e-02 7.232719e-01
    outer loop
      vertex 2.9628838881e-01 4.6914449109e-01 6.9454511939e-01
      vertex 3.1674010435e-01 4.8901453710e-01 7.1615109268e-01
      vertex 2.9397956626e-01 5.0930000000e-01 6.9682675762e-01
    endloop
  endfacet
  facet normal -5.976360e-01 0.000000e+00 8.017675e-01
    outer loop
      vertex 3.4036722197e-01 5.0930000000e-01 7.3376270209e-01
      vertex 3.1674010435e-01 5.2958546290e-01 7.1615109268e-01
      vertex 3.1674010435e-01 4.8901453710e-01 7.1615109268e-01
    endloop
  endfacet
  facet normal -6.858517e-01 8.053079e-02 7.232719e-01
    outer loop
      vertex 2.9628838881e-01 5.4945550891e-01 6.9454511939e-01
      vertex 2.9397956626e-01 5.0930000000e-01 6.9682675762e-01
      vertex 3.1674010435e-01 5.2958546290e-01 7.1615109268e-01
    endloop
  endfacet
  facet normal -6.472182e-01 0.000000e+00 7.623048e-01
    outer loop
      vertex 3.1674010435e-01 4.8901453710e-01 7.1615109268e-01
      vertex 3.1674010435e-01 5.2958546290e-01 7.1615109268e-01
      vertex 2.9397956626e-01 5.0930000000e-01 6.9682675762e-01
    endloop
  endfacet
  facet normal -5.017104e-02 -4.650712e-01 8.838505e-01
    outer loop
      vertex 4.7180000000e-01 3.7786722197e-01 7.3376270209e-01
      vertex 4.7180000000e-01 4.0846116285e-01 7.4986085531e-01
      vertex 4.3899990530e-01 3.8818958948e-01 7.3733233397e-01
    endloop
  endfacet
  facet normal -5.000027e-02 -3.386983e-01 9.395655e-01
    outer loop
      vertex 4.7180000000e-01 4.4098336777e-01 7.6158458945e-01
      vertex 4.3888615716e-01 4.1974280163e-01 7.5217615015e-01
      vertex 4.7180000000e-01 4.0846116285e-01 7.4986085531e-01
    endloop
  endfacet
  facet normal -1.803191e-01 -4.192398e-01 8.897882e-01
    outer loop
      vertex 4.0682702175e-01 4.0082785886e-01 7.3676712010e-01
      vertex 4.3899990530e-01 3.8818958948e-01 7.3733233397e-01
      vertex 4.3888615716e-01 4.1974280163e-01 7.5217615015e-01
    endloop
  endfacet
  facet normal -8.207030e-02 -4.244916e-01 9.017047e-01
    outer loop
      vertex 4.7180000000e-01 4.0846116285e-01 7.4986085531e-01
      vertex 4.3888615716e-01 4.1974280163e-01 7.5217615015e-01
      vertex 4.3899990530e-01 3.8818958948e-01 7.3733233397e-01
    endloop
  endfacet
  facet normal -4.950537e-02 -6.905681e-02 9.963836e-01
    outer loop
      vertex 4.7180000000e-01 5.0930000000e-01 7.7110000000e-01
      vertex 4.3853222396e-01 4.8873938368e-01 7.6802208515e-01
      vertex 4.7180000000e-01 4.7481193947e-01 7.6870972049e-01
    endloop
  endfacet
  facet normal -1.812856e-01 -1.504758e-01 9.718501e-01
    outer loop
      vertex 4.0608361099e-01 4.6868503797e-01 7.5886412907e-01
      vertex 4.3860188079e-01 4.5427074313e-01 7.6269814935e-01
      vertex 4.3853222396e-01 4.8873938368e-01 7.6802208515e-01
    endloop
  endfacet
  facet normal -4.960764e-02 -2.058489e-01 9.773256e-01
    outer loop
      vertex 4.7180000000e-01 4.4098336777e-01 7.6158458945e-01
      vertex 4.7180000000e-01 4.7481193947e-01 7.6870972049e-01
      vertex 4.3860188079e-01 4.5427074313e-01 7.6269814935e-01
    endloop
  endfacet
  facet normal -8.410292e-02 -1.522724e-01 9.847537e-01
    outer loop
      vertex 4.3853222396e-01 4.8873938368e-01 7.6802208515e-01
      vertex 4.3860188079e-01 4.5427074313e-01 7.6269814935e-01
      vertex 4.7180000000e-01 4.7481193947e-01 7.6870972049e-01
    endloop
  endfacet
  facet normal -4.270257e-01 -3.023772e-01 8.521837e-01
    outer loop
      vertex 3.4680000000e-01 4.3204575141e-01 7.2335424859e-01
      vertex 3.7589656683e-01 4.1554035813e-01 7.3207786866e-01
      vertex 3.7525315360e-01 4.4963076742e-01 7.4385163105e-01
    endloop
  endfacet
  facet normal -3.067980e-01 -3.648012e-01 8.790876e-01
    outer loop
      vertex 4.0682702175e-01 4.0082785886e-01 7.3676712010e-01
      vertex 4.0577931234e-01 4.3398528023e-01 7.5016104380e-01
      vertex 3.7589656683e-01 4.1554035813e-01 7.3207786866e-01
    endloop
  endfacet
  facet normal -3.081672e-01 -2.288929e-01 9.233856e-01
    outer loop
      vertex 4.0608361099e-01 4.6868503797e-01 7.5886412907e-01
      vertex 3.7525315360e-01 4.4963076742e-01 7.4385163105e-01
      vertex 4.0577931234e-01 4.3398528023e-01 7.5016104380e-01
    endloop
  endfacet
  facet normal -3.431966e-01 -3.124011e-01 8.857887e-01
    outer loop
      vertex 3.7589656683e-01 4.1554035813e-01 7.3207786866e-01
      vertex 4.0577931234e-01 4.3398528023e-01 7.5016104380e-01
      vertex 3.7525315360e-01 4.4963076742e-01 7.4385163105e-01
    endloop
  endfacet
  facet normal -8.454536e-02 -2.910970e-01 9.529505e-01
    outer loop
      vertex 4.7180000000e-01 4.4098336777e-01 7.6158458945e-01
      vertex 4.3860188079e-01 4.5427074313e-01 7.6269814935e-01
      vertex 4.3888615716e-01 4.1974280163e-01 7.5217615015e-01
    endloop
  endfacet
  facet normal -2.162041e-01 -2.357379e-01 9.474616e-01
    outer loop
      vertex 4.0608361099e-01 4.6868503797e-01 7.5886412907e-01
      vertex 4.0577931234e-01 4.3398528023e-01 7.5016104380e-01
      vertex 4.3860188079e-01 4.5427074313e-01 7.6269814935e-01
    endloop
  endfacet
  facet normal -2.148469e-01 -3.716277e-01 9.031797e-01
    outer loop
      vertex 4.0682702175e-01 4.0082785886e-01 7.3676712010e-01
      vertex 4.3888615716e-01 4.1974280163e-01 7.5217615015e-01
      vertex 4.0577931234e-01 4.3398528023e-01 7.5016104380e-01
    endloop
  endfacet
  facet normal -1.811510e-01 -2.880454e-01 9.403266e-01
    outer loop
      vertex 4.3860188079e-01 4.5427074313e-01 7.6269814935e-01
      vertex 4.0577931234e-01 4.3398528023e-01 7.5016104380e-01
      vertex 4.3888615716e-01 4.1974280163e-01 7.5217615015e-01
    endloop
  endfacet
  facet normal -4.694052e-01 2.331714e-01 8.516395e-01
    outer loop
      vertex 3.4680000000e-01 5.8655424859e-01 7.2335424859e-01
      vertex 3.4198537757e-01 5.4840861626e-01 7.3114447133e-01
      vertex 3.7525315360e-01 5.6896923258e-01 7.4385163105e-01
    endloop
  endfacet
  facet normal -4.823363e-01 7.836719e-02 8.724736e-01
    outer loop
      vertex 3.4036722197e-01 5.0930000000e-01 7.3376270209e-01
      vertex 3.7189823707e-01 5.2988089501e-01 7.4934562323e-01
      vertex 3.4198537757e-01 5.4840861626e-01 7.3114447133e-01
    endloop
  endfacet
  facet normal -3.505871e-01 1.597927e-01 9.227974e-01
    outer loop
      vertex 4.0608361099e-01 5.4991496203e-01 7.5886412907e-01
      vertex 3.7525315360e-01 5.6896923258e-01 7.4385163105e-01
      vertex 3.7189823707e-01 5.2988089501e-01 7.4934562323e-01
    endloop
  endfacet
  facet normal -4.378416e-01 1.618790e-01 8.843585e-01
    outer loop
      vertex 3.4198537757e-01 5.4840861626e-01 7.3114447133e-01
      vertex 3.7189823707e-01 5.2988089501e-01 7.4934562323e-01
      vertex 3.7525315360e-01 5.6896923258e-01 7.4385163105e-01
    endloop
  endfacet
  facet normal -4.694052e-01 -2.331714e-01 8.516395e-01
    outer loop
      vertex 3.4680000000e-01 4.3204575141e-01 7.2335424859e-01
      vertex 3.7525315360e-01 4.4963076742e-01 7.4385163105e-01
      vertex 3.4198537757e-01 4.7019138374e-01 7.3114447133e-01
    endloop
  endfacet
  facet normal -3.505871e-01 -1.597927e-01 9.227974e-01
    outer loop
      vertex 4.0608361099e-01 4.6868503797e-01 7.5886412907e-01
      vertex 3.7189823707e-01 4.8871910499e-01 7.4934562323e-01
      vertex 3.7525315360e-01 4.4963076742e-01 7.4385163105e-01
    endloop
  endfacet
  facet normal -4.823363e-01 -7.836719e-02 8.724736e-01
    outer loop
      vertex 3.4036722197e-01 5.0930000000e-01 7.3376270209e-01
      vertex 3.4198537757e-01 4.7019138374e-01 7.3114447133e-01
      vertex 3.7189823707e-01 4.8871910499e-01 7.4934562323e-01
    endloop
  endfacet
  facet normal -4.378416e-01 -1.618790e-01 8.843585e-01
    outer loop
      vertex 3.7525315360e-01 4.4963076742e-01 7.4385163105e-01
      vertex 3.7189823707e-01 4.8871910499e-01 7.4934562323e-01
      vertex 3.4198537757e-01 4.7019138374e-01 7.3114447133e-01
    endloop
  endfacet
  facet normal -9.212595e-02 0.000000e+00 9.957474e-01
    outer loop
      vertex 4.7180000000e-01 5.0930000000e-01 7.7110000000e-01
      vertex 4.3853222396e-01 5.2986061632e-01 7.6802208515e-01
      vertex 4.3853222396e-01 4.8873938368e-01 7.6802208515e-01
    endloop
  endfacet
  facet normal -2.237863e-01 8.142553e-02 9.712310e-01
    outer loop
      vertex 4.0608361099e-01 5.4991496203e-01 7.5886412907e-01
      vertex 4.0519882472e-01 5.0930000000e-01 7.6206531587e-01
      vertex 4.3853222396e-01 5.2986061632e-01 7.6802208515e-01
    endloop
  endfacet
  facet normal -2.237863e-01 -8.142553e-02 9.712310e-01
    outer loop
      vertex 4.0608361099e-01 4.6868503797e-01 7.5886412907e-01
      vertex 4.3853222396e-01 4.8873938368e-01 7.6802208515e-01
      vertex 4.0519882472e-01 5.0930000000e-01 7.6206531587e-01
    endloop
  endfacet
  facet normal -1.759159e-01 0.000000e+00 9.844052e-01
    outer loop
      vertex 4.3853222396e-01 5.2986061632e-01 7.6802208515e-01
      vertex 4.0519882472e-01 5.0930000000e-01 7.6206531587e-01
      vertex 4.3853222396e-01 4.8873938368e-01 7.6802208515e-01
    endloop
  endfacet
  facet normal -4.430557e-01 0.000000e+00 8.964941e-01
    outer loop
      vertex 3.4036722197e-01 5.0930000000e-01 7.3376270209e-01
      vertex 3.7189823707e-01 4.8871910499e-01 7.4934562323e-01
      vertex 3.7189823707e-01 5.2988089501e-01 7.4934562323e-01
    endloop
  endfacet
  facet normal -3.113353e-01 -8.140770e-02 9.468068e-01
    outer loop
      vertex 4.0608361099e-01 4.6868503797e-01 7.5886412907e-01
      vertex 4.0519882472e-01 5.0930000000e-01 7.6206531587e-01
      vertex 3.7189823707e-01 4.8871910499e-01 7.4934562323e-01
    endloop
  endfacet
  facet normal -3.113353e-01 8.140770e-02 9.468068e-01
    outer loop
      vertex 4.0608361099e-01 5.4991496203e-01 7.5886412907e-01
      vertex 3.7189823707e-01 5.2988089501e-01 7.4934562323e-01
      vertex 4.0519882472e-01 5.0930000000e-01 7.6206531587e-01
    endloop
  endfacet
  facet normal -3.568221e-01 0.000000e+00 9.341724e-01
    outer loop
      vertex 3.7189823707e-01 4.8871910499e-01 7.4934562323e-01
      vertex 4.0519882472e-01 5.0930000000e-01 7.6206531587e-01
      vertex 3.7189823707e-01 5.2988089501e-01 7.4934562323e-01
    endloop
  endfacet
  facet normal -8.838505e-01 -5.017104e-02 4.650712e-01
    outer loop
      vertex 2.5913729791e-01 5.0930000000e-01 6.5253277803e-01
      vertex 2.4303914469e-01 5.0930000000e-01 6.2193883715e-01
      vertex 2.5556766603e-01 4.7649990530e-01 6.4221041052e-01
    endloop
  endfacet
  facet normal -9.395655e-01 -5.000027e-02 3.386983e-01
    outer loop
      vertex 2.3131541055e-01 5.0930000000e-01 5.8941663223e-01
      vertex 2.4072384985e-01 4.7638615716e-01 6.1065719837e-01
      vertex 2.4303914469e-01 5.0930000000e-01 6.2193883715e-01
    endloop
  endfacet
  facet normal -8.897882e-01 -1.803191e-01 4.192398e-01
    outer loop
      vertex 2.5613287990e-01 4.4432702175e-01 6.2957214114e-01
      vertex 2.5556766603e-01 4.7649990530e-01 6.4221041052e-01
      vertex 2.4072384985e-01 4.7638615716e-01 6.1065719837e-01
    endloop
  endfacet
  facet normal -9.017047e-01 -8.207030e-02 4.244916e-01
    outer loop
      vertex 2.4303914469e-01 5.0930000000e-01 6.2193883715e-01
      vertex 2.4072384985e-01 4.7638615716e-01 6.1065719837e-01
      vertex 2.5556766603e-01 4.7649990530e-01 6.4221041052e-01
    endloop
  endfacet
  facet normal -9.963836e-01 -4.950537e-02 6.905681e-02
    outer loop
      vertex 2.2180000000e-01 5.0930000000e-01 5.2110000000e-01
      vertex 2.2487791485e-01 4.7603222396e-01 5.4166061632e-01
      vertex 2.2419027951e-01 5.0930000000e-01 5.5558806053e-01
    endloop
  endfacet
  facet normal -9.718501e-01 -1.812856e-01 1.504758e-01
    outer loop
      vertex 2.3403587093e-01 4.4358361099e-01 5.6171496203e-01
      vertex 2.3020185065e-01 4.7610188079e-01 5.7612925687e-01
      vertex 2.2487791485e-01 4.7603222396e-01 5.4166061632e-01
    endloop
  endfacet
  facet normal -9.773256e-01 -4.960764e-02 2.058489e-01
    outer loop
      vertex 2.3131541055e-01 5.0930000000e-01 5.8941663223e-01
      vertex 2.2419027951e-01 5.0930000000e-01 5.5558806053e-01
      vertex 2.3020185065e-01 4.7610188079e-01 5.7612925687e-01
    endloop
  endfacet
  facet normal -9.847537e-01 -8.410292e-02 1.522724e-01
    outer loop
      vertex 2.2487791485e-01 4.7603222396e-01 5.4166061632e-01
      vertex 2.3020185065e-01 4.7610188079e-01 5.7612925687e-01
      vertex 2.2419027951e-01 5.0930000000e-01 5.5558806053e-01
    endloop
  endfacet
  facet normal -8.521837e-01 -4.270257e-01 3.023772e-01
    outer loop
      vertex 2.6954575141e-01 3.8430000000e-01 5.9835424859e-01
      vertex 2.6082213134e-01 4.1339656683e-01 6.1485964187e-01
      vertex 2.4904836895e-01 4.1275315360e-01 5.8076923258e-01
    endloop
  endfacet
  facet normal -8.790876e-01 -3.067980e-01 3.648012e-01
    outer loop
      vertex 2.5613287990e-01 4.4432702175e-01 6.2957214114e-01
      vertex 2.4273895620e-01 4.4327931234e-01 5.9641471977e-01
      vertex 2.6082213134e-01 4.1339656683e-01 6.1485964187e-01
    endloop
  endfacet
  facet normal -9.233856e-01 -3.081672e-01 2.288929e-01
    outer loop
      vertex 2.3403587093e-01 4.4358361099e-01 5.6171496203e-01
      vertex 2.4904836895e-01 4.1275315360e-01 5.8076923258e-01
      vertex 2.4273895620e-01 4.4327931234e-01 5.9641471977e-01
    endloop
  endfacet
  facet normal -8.857887e-01 -3.431966e-01 3.124011e-01
    outer loop
      vertex 2.6082213134e-01 4.1339656683e-01 6.1485964187e-01
      vertex 2.4273895620e-01 4.4327931234e-01 5.9641471977e-01
      vertex 2.4904836895e-01 4.1275315360e-01 5.8076923258e-01
    endloop
  endfacet
  facet normal -9.529505e-01 -8.454536e-02 2.910970e-01
    outer loop
      vertex 2.3131541055e-01 5.0930000000e-01 5.8941663223e-01
      vertex 2.3020185065e-01 4.7610188079e-01 5.7612925687e-01
      vertex 2.4072384985e-01 4.7638615716e-01 6.1065719837e-01
    endloop
  endfacet
  facet normal -9.474616e-01 -2.162041e-01 2.357379e-01
    outer loop
      vertex 2.3403587093e-01 4.4358361099e-01 5.6171496203e-01
      vertex 2.4273895620e-01 4.4327931234e-01 5.9641471977e-01
      vertex 2.3020185065e-01 4.7610188079e-01 5.7612925687e-01
    endloop
  endfacet
  facet normal -9.031797e-01 -2.148469e-01 3.716277e-01
    outer loop
      vertex 2.5613287990e-01 4.4432702175e-01 6.2957214114e-01
      vertex 2.4072384985e-01 4.7638615716e-01 6.1065719837e-01
      vertex 2.4273895620e-01 4.4327931234e-01 5.9641471977e-01
    endloop
  endfacet
  facet normal -9.403266e-01 -1.811510e-01 2.880454e-01
    outer loop
      vertex 2.3020185065e-01 4.7610188079e-01 5.7612925687e-01
      vertex 2.4273895620e-01 4.4327931234e-01 5.9641471977e-01
      vertex 2.4072384985e-01 4.7638615716e-01 6.1065719837e-01
    endloop
  endfacet
  facet normal -8.838505e-01 -5.017104e-02 -4.650712e-01
    outer loop
      vertex 2.5913729791e-01 5.0930000000e-01 3.8966722197e-01
      vertex 2.5556766603e-01 4.7649990530e-01 3.9998958948e-01
      vertex 2.4303914469e-01 5.0930000000e-01 4.2026116285e-01
    endloop
  endfacet
  facet normal -8.897882e-01 -1.803191e-01 -4.192398e-01
    outer loop
      vertex 2.5613287990e-01 4.4432702175e-01 4.1262785886e-01
      vertex 2.4072384985e-01 4.7638615716e-01 4.3154280163e-01
      vertex 2.5556766603e-01 4.7649990530e-01 3.9998958948e-01
    endloop
  endfacet
  facet normal -9.395655e-01 -5.000027e-02 -3.386983e-01
    outer loop
      vertex 2.3131541055e-01 5.0930000000e-01 4.5278336777e-01
      vertex 2.4303914469e-01 5.0930000000e-01 4.2026116285e-01
      vertex 2.4072384985e-01 4.7638615716e-01 4.3154280163e-01
    endloop
  endfacet
  facet normal -9.017047e-01 -8.207030e-02 -4.244916e-01
    outer loop
      vertex 2.5556766603e-01 4.7649990530e-01 3.9998958948e-01
      vertex 2.4072384985e-01 4.7638615716e-01 4.3154280163e-01
      vertex 2.4303914469e-01 5.0930000000e-01 4.2026116285e-01
    endloop
  endfacet
  facet normal -8.521837e-01 -4.270257e-01 -3.023772e-01
    outer loop
      vertex 2.6954575141e-01 3.8430000000e-01 4.4384575141e-01
      vertex 2.4904836895e-01 4.1275315360e-01 4.6143076742e-01
      vertex 2.6082213134e-01 4.1339656683e-01 4.2734035813e-01
    endloop
  endfacet
  facet normal -9.233856e-01 -3.081672e-01 -2.288929e-01
    outer loop
      vertex 2.3403587093e-01 4.4358361099e-01 4.8048503797e-01
      vertex 2.4273895620e-01 4.4327931234e-01 4.4578528023e-01
      vertex 2.4904836895e-01 4.1275315360e-01 4.6143076742e-01
    endloop
  endfacet
  facet normal -8.790876e-01 -3.067980e-01 -3.648012e-01
    outer loop
      vertex 2.5613287990e-01 4.4432702175e-01 4.1262785886e-01
      vertex 2.6082213134e-01 4.1339656683e-01 4.2734035813e-01
      vertex 2.4273895620e-01 4.4327931234e-01 4.4578528023e-01
    endloop
  endfacet
  facet normal -8.857887e-01 -3.431966e-01 -3.124011e-01
    outer loop
      vertex 2.4904836895e-01 4.1275315360e-01 4.6143076742e-01
      vertex 2.4273895620e-01 4.4327931234e-01 4.4578528023e-01
      vertex 2.6082213134e-01 4.1339656683e-01 4.2734035813e-01
    endloop
  endfacet
  facet normal -9.963836e-01 -4.950537e-02 -6.905681e-02
    outer loop
      vertex 2.2180000000e-01 5.0930000000e-01 5.2110000000e-01
      vertex 2.2419027951e-01 5.0930000000e-01 4.8661193947e-01
      vertex 2.2487791485e-01 4.7603222396e-01 5.0053938368e-01
    endloop
  endfacet
  facet normal -9.773256e-01 -4.960764e-02 -2.058489e-01
    outer loop
      vertex 2.3131541055e-01 5.0930000000e-01 4.5278336777e-01
      vertex 2.3020185065e-01 4.7610188079e-01 4.6607074313e-01
      vertex 2.2419027951e-01 5.0930000000e-01 4.8661193947e-01
    endloop
  endfacet
  facet normal -9.718501e-01 -1.812856e-01 -1.504758e-01
    outer loop
      vertex 2.3403587093e-01 4.4358361099e-01 4.8048503797e-01
      vertex 2.2487791485e-01 4.7603222396e-01 5.0053938368e-01
      vertex 2.3020185065e-01 4.7610188079e-01 4.6607074313e-01
    endloop
  endfacet
  facet normal -9.847537e-01 -8.410292e-02 -1.522724e-01
    outer loop
      vertex 2.2419027951e-01 5.0930000000e-01 4.8661193947e-01
      vertex 2.3020185065e-01 4.7610188079e-01 4.6607074313e-01
      vertex 2.2487791485e-01 4.7603222396e-01 5.0053938368e-01
    endloop
  endfacet
  facet normal -9.031797e-01 -2.148469e-01 -3.716277e-01
    outer loop
      vertex 2.5613287990e-01 4.4432702175e-01 4.1262785886e-01
      vertex 2.4273895620e-01 4.4327931234e-01 4.4578528023e-01
      vertex 2.4072384985e-01 4.7638615716e-01 4.3154280163e-01
    endloop
  endfacet
  facet normal -9.474616e-01 -2.162041e-01 -2.357379e-01
    outer loop
      vertex 2.3403587093e-01 4.4358361099e-01 4.8048503797e-01
      vertex 2.3020185065e-01 4.7610188079e-01 4.6607074313e-01
      vertex 2.4273895620e-01 4.4327931234e-01 4.4578528023e-01
    endloop
  endfacet
  facet normal -9.529505e-01 -8.454536e-02 -2.910970e-01
    outer loop
      vertex 2.3131541055e-01 5.0930000000e-01 4.5278336777e-01
      vertex 2.4072384985e-01 4.7638615716e-01 4.3154280163e-01
      vertex 2.3020185065e-01 4.7610188079e-01 4.6607074313e-01
    endloop
  endfacet
  facet normal -9.403266e-01 -1.811510e-01 -2.880454e-01
    outer loop
      vertex 2.4273895620e-01 4.4327931234e-01 4.4578528023e-01
      vertex 2.3020185065e-01 4.7610188079e-01 4.6607074313e-01
      vertex 2.4072384985e-01 4.7638615716e-01 4.3154280163e-01
    endloop
  endfacet
  facet normal -5.964207e-01 -8.026720e-01 0.000000e+00
    outer loop
      vertex 3.4036722197e-01 2.9663729791e-01 5.2110000000e-01
      vertex 3.1788949478e-01 3.1333923940e-01 5.4137157336e-01
      vertex 3.1788949478e-01 3.1333923940e-01 5.0082842664e-01
    endloop
  endfacet
  facet normal -6.804611e-01 -7.283445e-01 8.054149e-02
    outer loop
      vertex 2.9835488061e-01 3.3378838881e-01 5.6125550891e-01
      vertex 2.9607324238e-01 3.3147956626e-01 5.2110000000e-01
      vertex 3.1788949478e-01 3.1333923940e-01 5.4137157336e-01
    endloop
  endfacet
  facet normal -6.804611e-01 -7.283445e-01 -8.054149e-02
    outer loop
      vertex 2.9835488061e-01 3.3378838881e-01 4.8094449109e-01
      vertex 3.1788949478e-01 3.1333923940e-01 5.0082842664e-01
      vertex 2.9607324238e-01 3.3147956626e-01 5.2110000000e-01
    endloop
  endfacet
  facet normal -6.393544e-01 -7.689122e-01 -0.000000e+00
    outer loop
      vertex 3.1788949478e-01 3.1333923940e-01 5.4137157336e-01
      vertex 2.9607324238e-01 3.3147956626e-01 5.2110000000e-01
      vertex 3.1788949478e-01 3.1333923940e-01 5.0082842664e-01
    endloop
  endfacet
  facet normal -8.095043e-01 -5.387620e-01 2.333204e-01
    outer loop
      vertex 2.6954575141e-01 3.8430000000e-01 5.9835424859e-01
      vertex 2.6175552867e-01 3.7948537757e-01 5.6020861626e-01
      vertex 2.8213692496e-01 3.5759371268e-01 5.8037158134e-01
    endloop
  endfacet
  facet normal -8.303865e-01 -5.516422e-01 7.841715e-02
    outer loop
      vertex 2.5913729791e-01 3.7786722197e-01 5.2110000000e-01
      vertex 2.7674890732e-01 3.5424010435e-01 5.4138546290e-01
      vertex 2.6175552867e-01 3.7948537757e-01 5.6020861626e-01
    endloop
  endfacet
  facet normal -7.518660e-01 -6.398684e-01 1.589524e-01
    outer loop
      vertex 2.9835488061e-01 3.3378838881e-01 5.6125550891e-01
      vertex 2.8213692496e-01 3.5759371268e-01 5.8037158134e-01
      vertex 2.7674890732e-01 3.5424010435e-01 5.4138546290e-01
    endloop
  endfacet
  facet normal -7.916792e-01 -5.895786e-01 1.601287e-01
    outer loop
      vertex 2.6175552867e-01 3.7948537757e-01 5.6020861626e-01
      vertex 2.7674890732e-01 3.5424010435e-01 5.4138546290e-01
      vertex 2.8213692496e-01 3.5759371268e-01 5.8037158134e-01
    endloop
  endfacet
  facet normal -8.095043e-01 -5.387620e-01 -2.333204e-01
    outer loop
      vertex 2.6954575141e-01 3.8430000000e-01 4.4384575141e-01
      vertex 2.8213692496e-01 3.5759371268e-01 4.6182841866e-01
      vertex 2.6175552867e-01 3.7948537757e-01 4.8199138374e-01
    endloop
  endfacet
  facet normal -7.518660e-01 -6.398684e-01 -1.589524e-01
    outer loop
      vertex 2.9835488061e-01 3.3378838881e-01 4.8094449109e-01
      vertex 2.7674890732e-01 3.5424010435e-01 5.0081453710e-01
      vertex 2.8213692496e-01 3.5759371268e-01 4.6182841866e-01
    endloop
  endfacet
  facet normal -8.303865e-01 -5.516422e-01 -7.841715e-02
    outer loop
      vertex 2.5913729791e-01 3.7786722197e-01 5.2110000000e-01
      vertex 2.6175552867e-01 3.7948537757e-01 4.8199138374e-01
      vertex 2.7674890732e-01 3.5424010435e-01 5.0081453710e-01
    endloop
  endfacet
  facet normal -7.916792e-01 -5.895786e-01 -1.601287e-01
    outer loop
      vertex 2.8213692496e-01 3.5759371268e-01 4.6182841866e-01
      vertex 2.7674890732e-01 3.5424010435e-01 5.0081453710e-01
      vertex 2.6175552867e-01 3.7948537757e-01 4.8199138374e-01
    endloop
  endfacet
  facet normal -7.232719e-01 -6.858517e-01 8.053079e-02
    outer loop
      vertex 2.9835488061e-01 3.3378838881e-01 5.6125550891e-01
      vertex 2.7674890732e-01 3.5424010435e-01 5.4138546290e-01
      vertex 2.9607324238e-01 3.3147956626e-01 5.2110000000e-01
    endloop
  endfacet
  facet normal -8.017675e-01 -5.976360e-01 0.000000e+00
    outer loop
      vertex 2.5913729791e-01 3.7786722197e-01 5.2110000000e-01
      vertex 2.7674890732e-01 3.5424010435e-01 5.0081453710e-01
      vertex 2.7674890732e-01 3.5424010435e-01 5.4138546290e-01
    endloop
  endfacet
  facet normal -7.232719e-01 -6.858517e-01 -8.053079e-02
    outer loop
      vertex 2.9835488061e-01 3.3378838881e-01 4.8094449109e-01
      vertex 2.9607324238e-01 3.3147956626e-01 5.2110000000e-01
      vertex 2.7674890732e-01 3.5424010435e-01 5.0081453710e-01
    endloop
  endfacet
  facet normal -7.623048e-01 -6.472182e-01 -0.000000e+00
    outer loop
      vertex 2.7674890732e-01 3.5424010435e-01 5.4138546290e-01
      vertex 2.7674890732e-01 3.5424010435e-01 5.0081453710e-01
      vertex 2.9607324238e-01 3.3147956626e-01 5.2110000000e-01
    endloop
  endfacet
  facet normal -9.957474e-01 -9.212595e-02 0.000000e+00
    outer loop
      vertex 2.2180000000e-01 5.0930000000e-01 5.2110000000e-01
      vertex 2.2487791485e-01 4.7603222396e-01 5.0053938368e-01
      vertex 2.2487791485e-01 4.7603222396e-01 5.4166061632e-01
    endloop
  endfacet
  facet normal -9.712310e-01 -2.237863e-01 -8.142553e-02
    outer loop
      vertex 2.3403587093e-01 4.4358361099e-01 4.8048503797e-01
      vertex 2.3083468413e-01 4.4269882472e-01 5.2110000000e-01
      vertex 2.2487791485e-01 4.7603222396e-01 5.0053938368e-01
    endloop
  endfacet
  facet normal -9.712310e-01 -2.237863e-01 8.142553e-02
    outer loop
      vertex 2.3403587093e-01 4.4358361099e-01 5.6171496203e-01
      vertex 2.2487791485e-01 4.7603222396e-01 5.4166061632e-01
      vertex 2.3083468413e-01 4.4269882472e-01 5.2110000000e-01
    endloop
  endfacet
  facet normal -9.844052e-01 -1.759159e-01 0.000000e+00
    outer loop
      vertex 2.2487791485e-01 4.7603222396e-01 5.0053938368e-01
      vertex 2.3083468413e-01 4.4269882472e-01 5.2110000000e-01
      vertex 2.2487791485e-01 4.7603222396e-01 5.4166061632e-01
    endloop
  endfacet
  facet normal -8.516395e-01 -4.694052e-01 -2.331714e-01
    outer loop
      vertex 2.6954575141e-01 3.8430000000e-01 4.4384575141e-01
      vertex 2.6175552867e-01 3.7948537757e-01 4.8199138374e-01
      vertex 2.4904836895e-01 4.1275315360e-01 4.6143076742e-01
    endloop
  endfacet
  facet normal -8.724736e-01 -4.823363e-01 -7.836719e-02
    outer loop
      vertex 2.5913729791e-01 3.7786722197e-01 5.2110000000e-01
      vertex 2.4355437677e-01 4.0939823707e-01 5.0051910499e-01
      vertex 2.6175552867e-01 3.7948537757e-01 4.8199138374e-01
    endloop
  endfacet
  facet normal -9.227974e-01 -3.505871e-01 -1.597927e-01
    outer loop
      vertex 2.3403587093e-01 4.4358361099e-01 4.8048503797e-01
      vertex 2.4904836895e-01 4.1275315360e-01 4.6143076742e-01
      vertex 2.4355437677e-01 4.0939823707e-01 5.0051910499e-01
    endloop
  endfacet
  facet normal -8.843585e-01 -4.378416e-01 -1.618790e-01
    outer loop
      vertex 2.6175552867e-01 3.7948537757e-01 4.8199138374e-01
      vertex 2.4355437677e-01 4.0939823707e-01 5.0051910499e-01
      vertex 2.4904836895e-01 4.1275315360e-01 4.6143076742e-01
    endloop
  endfacet
  facet normal -8.516395e-01 -4.694052e-01 2.331714e-01
    outer loop
      vertex 2.6954575141e-01 3.8430000000e-01 5.9835424859e-01
      vertex 2.4904836895e-01 4.1275315360e-01 5.8076923258e-01
      vertex 2.6175552867e-01 3.7948537757e-01 5.6020861626e-01
    endloop
  endfacet
  facet normal -9.227974e-01 -3.505871e-01 1.597927e-01
    outer loop
      vertex 2.3403587093e-01 4.4358361099e-01 5.6171496203e-01
      vertex 2.4355437677e-01 4.0939823707e-01 5.4168089501e-01
      vertex 2.4904836895e-01 4.1275315360e-01 5.8076923258e-01
    endloop
  endfacet
  facet normal -8.724736e-01 -4.823363e-01 7.836719e-02
    outer loop
      vertex 2.5913729791e-01 3.7786722197e-01 5.2110000000e-01
      vertex 2.6175552867e-01 3.7948537757e-01 5.6020861626e-01
      vertex 2.4355437677e-01 4.0939823707e-01 5.4168089501e-01
    endloop
  endfacet
  facet normal -8.843585e-01 -4.378416e-01 1.618790e-01
    outer loop
      vertex 2.4904836895e-01 4.1275315360e-01 5.8076923258e-01
      vertex 2.4355437677e-01 4.0939823707e-01 5.4168089501e-01
      vertex 2.6175552867e-01 3.7948537757e-01 5.6020861626e-01
    endloop
  endfacet
  facet normal -9.468068e-01 -3.113353e-01 -8.140770e-02
    outer loop
      vertex 2.3403587093e-01 4.4358361099e-01 4.8048503797e-01
      vertex 2.4355437677e-01 4.0939823707e-01 5.0051910499e-01
      vertex 2.3083468413e-01 4.4269882472e-01 5.2110000000e-01
    endloop
  endfacet
  facet normal -8.964941e-01 -4.430557e-01 0.000000e+00
    outer loop
      vertex 2.5913729791e-01 3.7786722197e-01 5.2110000000e-01
      vertex 2.4355437677e-01 4.0939823707e-01 5.4168089501e-01
      vertex 2.4355437677e-01 4.0939823707e-01 5.0051910499e-01
    endloop
  endfacet
  facet normal -9.468068e-01 -3.113353e-01 8.140770e-02
    outer loop
      vertex 2.3403587093e-01 4.4358361099e-01 5.6171496203e-01
      vertex 2.3083468413e-01 4.4269882472e-01 5.2110000000e-01
      vertex 2.4355437677e-01 4.0939823707e-01 5.4168089501e-01
    endloop
  endfacet
  facet normal -9.341724e-01 -3.568221e-01 0.000000e+00
    outer loop
      vertex 2.4355437677e-01 4.0939823707e-01 5.0051910499e-01
      vertex 2.4355437677e-01 4.0939823707e-01 5.4168089501e-01
      vertex 2.3083468413e-01 4.4269882472e-01 5.2110000000e-01
    endloop
  endfacet
  facet normal -8.026720e-01 0.000000e+00 -5.964207e-01
    outer loop
      vertex 2.5913729791e-01 5.0930000000e-01 3.8966722197e-01
      vertex 2.7583923940e-01 5.2957157336e-01 3.6718949478e-01
      vertex 2.7583923940e-01 4.8902842664e-01 3.6718949478e-01
    endloop
  endfacet
  facet normal -7.283445e-01 8.054149e-02 -6.804611e-01
    outer loop
      vertex 2.9628838881e-01 5.4945550891e-01 3.4765488061e-01
      vertex 2.9397956626e-01 5.0930000000e-01 3.4537324238e-01
      vertex 2.7583923940e-01 5.2957157336e-01 3.6718949478e-01
    endloop
  endfacet
  facet normal -7.283445e-01 -8.054149e-02 -6.804611e-01
    outer loop
      vertex 2.9628838881e-01 4.6914449109e-01 3.4765488061e-01
      vertex 2.7583923940e-01 4.8902842664e-01 3.6718949478e-01
      vertex 2.9397956626e-01 5.0930000000e-01 3.4537324238e-01
    endloop
  endfacet
  facet normal -7.689122e-01 -0.000000e+00 -6.393544e-01
    outer loop
      vertex 2.7583923940e-01 5.2957157336e-01 3.6718949478e-01
      vertex 2.9397956626e-01 5.0930000000e-01 3.4537324238e-01
      vertex 2.7583923940e-01 4.8902842664e-01 3.6718949478e-01
    endloop
  endfacet
  facet normal -5.387620e-01 2.333204e-01 -8.095043e-01
    outer loop
      vertex 3.4680000000e-01 5.8655424859e-01 3.1884575141e-01
      vertex 3.4198537757e-01 5.4840861626e-01 3.1105552867e-01
      vertex 3.2009371268e-01 5.6857158134e-01 3.3143692496e-01
    endloop
  endfacet
  facet normal -5.516422e-01 7.841715e-02 -8.303865e-01
    outer loop
      vertex 3.4036722197e-01 5.0930000000e-01 3.0843729791e-01
      vertex 3.1674010435e-01 5.2958546290e-01 3.2604890732e-01
      vertex 3.4198537757e-01 5.4840861626e-01 3.1105552867e-01
    endloop
  endfacet
  facet normal -6.398684e-01 1.589524e-01 -7.518660e-01
    outer loop
      vertex 2.9628838881e-01 5.4945550891e-01 3.4765488061e-01
      vertex 3.2009371268e-01 5.6857158134e-01 3.3143692496e-01
      vertex 3.1674010435e-01 5.2958546290e-01 3.2604890732e-01
    endloop
  endfacet
  facet normal -5.895786e-01 1.601287e-01 -7.916792e-01
    outer loop
      vertex 3.4198537757e-01 5.4840861626e-01 3.1105552867e-01
      vertex 3.1674010435e-01 5.2958546290e-01 3.2604890732e-01
      vertex 3.2009371268e-01 5.6857158134e-01 3.3143692496e-01
    endloop
  endfacet
  facet normal -5.387620e-01 -2.333204e-01 -8.095043e-01
    outer loop
      vertex 3.4680000000e-01 4.3204575141e-01 3.1884575141e-01
      vertex 3.2009371268e-01 4.5002841866e-01 3.3143692496e-01
      vertex 3.4198537757e-01 4.7019138374e-01 3.1105552867e-01
    endloop
  endfacet
  facet normal -6.398684e-01 -1.589524e-01 -7.518660e-01
    outer loop
      vertex 2.9628838881e-01 4.6914449109e-01 3.4765488061e-01
      vertex 3.1674010435e-01 4.8901453710e-01 3.2604890732e-01
      vertex 3.2009371268e-01 4.5002841866e-01 3.3143692496e-01
    endloop
  endfacet
  facet normal -5.516422e-01 -7.841715e-02 -8.303865e-01
    outer loop
      vertex 3.4036722197e-01 5.0930000000e-01 3.0843729791e-01
      vertex 3.4198537757e-01 4.7019138374e-01 3.1105552867e-01
      vertex 3.1674010435e-01 4.8901453710e-01 3.2604890732e-01
    endloop
  endfacet
  facet normal -5.895786e-01 -1.601287e-01 -7.916792e-01
    outer loop
      vertex 3.2009371268e-01 4.5002841866e-01 3.3143692496e-01
      vertex 3.1674010435e-01 4.8901453710e-01 3.2604890732e-01
      vertex 3.4198537757e-01 4.7019138374e-01 3.1105552867e-01
    endloop
  endfacet
  facet normal -6.858517e-01 8.053079e-02 -7.232719e-01
    outer loop
      vertex 2.9628838881e-01 5.4945550891e-01 3.4765488061e-01
      vertex 3.1674010435e-01 5.2958546290e-01 3.2604890732e-01
      vertex 2.9397956626e-01 5.0930000000e-01 3.4537324238e-01
    endloop
  endfacet
  facet normal -5.976360e-01 0.000000e+00 -8.017675e-01
    outer loop
      vertex 3.4036722197e-01 5.0930000000e-01 3.0843729791e-01
      vertex 3.1674010435e-01 4.8901453710e-01 3.2604890732e-01
      vertex 3.1674010435e-01 5.2958546290e-01 3.2604890732e-01
    endloop
  endfacet
  facet normal -6.858517e-01 -8.053079e-02 -7.232719e-01
    outer loop
      vertex 2.9628838881e-01 4.6914449109e-01 3.4765488061e-01
      vertex 2.9397956626e-01 5.0930000000e-01 3.4537324238e-01
      vertex 3.1674010435e-01 4.8901453710e-01 3.2604890732e-01
    endloop
  endfacet
  facet normal -6.472182e-01 -0.000000e+00 -7.623048e-01
    outer loop
      vertex 3.1674010435e-01 5.2958546290e-01 3.2604890732e-01
      vertex 3.1674010435e-01 4.8901453710e-01 3.2604890732e-01
      vertex 2.9397956626e-01 5.0930000000e-01 3.4537324238e-01
    endloop
  endfacet
  facet normal -5.017104e-02 4.650712e-01 -8.838505e-01
    outer loop
      vertex 4.7180000000e-01 6.4073277803e-01 3.0843729791e-01
      vertex 4.7180000000e-01 6.1013883715e-01 2.9233914469e-01
      vertex 4.3899990530e-01 6.3041041052e-01 3.0486766603e-01
    endloop
  endfacet
  facet normal -5.000027e-02 3.386983e-01 -9.395655e-01
    outer loop
      vertex 4.7180000000e-01 5.7761663223e-01 2.8061541055e-01
      vertex 4.3888615716e-01 5.9885719837e-01 2.9002384985e-01
      vertex 4.7180000000e-01 6.1013883715e-01 2.9233914469e-01
    endloop
  endfacet
  facet normal -1.803191e-01 4.192398e-01 -8.897882e-01
    outer loop
      vertex 4.0682702175e-01 6.1777214114e-01 3.0543287990e-01
      vertex 4.3899990530e-01 6.3041041052e-01 3.0486766603e-01
      vertex 4.3888615716e-01 5.9885719837e-01 2.9002384985e-01
    endloop
  endfacet
  facet normal -8.207030e-02 4.244916e-01 -9.017047e-01
    outer loop
      vertex 4.7180000000e-01 6.1013883715e-01 2.9233914469e-01
      vertex 4.3888615716e-01 5.9885719837e-01 2.9002384985e-01
      vertex 4.3899990530e-01 6.3041041052e-01 3.0486766603e-01
    endloop
  endfacet
  facet normal -4.950537e-02 6.905681e-02 -9.963836e-01
    outer loop
      vertex 4.7180000000e-01 5.0930000000e-01 2.7110000000e-01
      vertex 4.3853222396e-01 5.2986061632e-01 2.7417791485e-01
      vertex 4.7180000000e-01 5.4378806053e-01 2.7349027951e-01
    endloop
  endfacet
  facet normal -1.812856e-01 1.504758e-01 -9.718501e-01
    outer loop
      vertex 4.0608361099e-01 5.4991496203e-01 2.8333587093e-01
      vertex 4.3860188079e-01 5.6432925687e-01 2.7950185065e-01
      vertex 4.3853222396e-01 5.2986061632e-01 2.7417791485e-01
    endloop
  endfacet
  facet normal -4.960764e-02 2.058489e-01 -9.773256e-01
    outer loop
      vertex 4.7180000000e-01 5.7761663223e-01 2.8061541055e-01
      vertex 4.7180000000e-01 5.4378806053e-01 2.7349027951e-01
      vertex 4.3860188079e-01 5.6432925687e-01 2.7950185065e-01
    endloop
  endfacet
  facet normal -8.410292e-02 1.522724e-01 -9.847537e-01
    outer loop
      vertex 4.3853222396e-01 5.2986061632e-01 2.7417791485e-01
      vertex 4.3860188079e-01 5.6432925687e-01 2.7950185065e-01
      vertex 4.7180000000e-01 5.4378806053e-01 2.7349027951e-01
    endloop
  endfacet
  facet normal -4.270257e-01 3.023772e-01 -8.521837e-01
    outer loop
      vertex 3.4680000000e-01 5.8655424859e-01 3.1884575141e-01
      vertex 3.7589656683e-01 6.0305964187e-01 3.1012213134e-01
      vertex 3.7525315360e-01 5.6896923258e-01 2.9834836895e-01
    endloop
  endfacet
  facet normal -3.067980e-01 3.648012e-01 -8.790876e-01
    outer loop
      vertex 4.0682702175e-01 6.1777214114e-01 3.0543287990e-01
      vertex 4.0577931234e-01 5.8461471977e-01 2.9203895620e-01
      vertex 3.7589656683e-01 6.0305964187e-01 3.1012213134e-01
    endloop
  endfacet
  facet normal -3.081672e-01 2.288929e-01 -9.233856e-01
    outer loop
      vertex 4.0608361099e-01 5.4991496203e-01 2.8333587093e-01
      vertex 3.7525315360e-01 5.6896923258e-01 2.9834836895e-01
      vertex 4.0577931234e-01 5.8461471977e-01 2.9203895620e-01
    endloop
  endfacet
  facet normal -3.431966e-01 3.124011e-01 -8.857887e-01
    outer loop
      vertex 3.7589656683e-01 6.0305964187e-01 3.1012213134e-01
      vertex 4.0577931234e-01 5.8461471977e-01 2.9203895620e-01
      vertex 3.7525315360e-01 5.6896923258e-01 2.9834836895e-01
    endloop
  endfacet
  facet normal -8.454536e-02 2.910970e-01 -9.529505e-01
    outer loop
      vertex 4.7180000000e-01 5.7761663223e-01 2.8061541055e-01
      vertex 4.3860188079e-01 5.6432925687e-01 2.7950185065e-01
      vertex 4.3888615716e-01 5.9885719837e-01 2.9002384985e-01
    endloop
  endfacet
  facet normal -2.162041e-01 2.357379e-01 -9.474616e-01
    outer loop
      vertex 4.0608361099e-01 5.4991496203e-01 2.8333587093e-01
      vertex 4.0577931234e-01 5.8461471977e-01 2.9203895620e-01
      vertex 4.3860188079e-01 5.6432925687e-01 2.7950185065e-01
    endloop
  endfacet
  facet normal -2.148469e-01 3.716277e-01 -9.031797e-01
    outer loop
      vertex 4.0682702175e-01 6.1777214114e-01 3.0543287990e-01
      vertex 4.3888615716e-01 5.9885719837e-01 2.9002384985e-01
      vertex 4.0577931234e-01 5.8461471977e-01 2.9203895620e-01
    endloop
  endfacet
  facet normal -1.811510e-01 2.880454e-01 -9.403266e-01
    outer loop
      vertex 4.3860188079e-01 5.6432925687e-01 2.7950185065e-01
      vertex 4.0577931234e-01 5.8461471977e-01 2.9203895620e-01
      vertex 4.3888615716e-01 5.9885719837e-01 2.9002384985e-01
    endloop
  endfacet
  facet normal -5.017104e-02 -4.650712e-01 -8.838505e-01
    outer loop
      vertex 4.7180000000e-01 3.7786722197e-01 3.0843729791e-01
      vertex 4.3899990530e-01 3.8818958948e-01 3.0486766603e-01
      vertex 4.7180000000e-01 4.0846116285e-01 2.9233914469e-01
    endloop
  endfacet
  facet normal -1.803191e-01 -4.192398e-01 -8.897882e-01
    outer loop
      vertex 4.0682702175e-01 4.0082785886e-01 3.0543287990e-01
      vertex 4.3888615716e-01 4.1974280163e-01 2.9002384985e-01
      vertex 4.3899990530e-01 3.8818958948e-01 3.0486766603e-01
    endloop
  endfacet
  facet normal -5.000027e-02 -3.386983e-01 -9.395655e-01
    outer loop
      vertex 4.7180000000e-01 4.4098336777e-01 2.8061541055e-01
      vertex 4.7180000000e-01 4.0846116285e-01 2.9233914469e-01
      vertex 4.3888615716e-01 4.1974280163e-01 2.9002384985e-01
    endloop
  endfacet
  facet normal -8.207030e-02 -4.244916e-01 -9.017047e-01
    outer loop
      vertex 4.3899990530e-01 3.8818958948e-01 3.0486766603e-01
      vertex 4.3888615716e-01 4.1974280163e-01 2.9002384985e-01
      vertex 4.7180000000e-01 4.0846116285e-01 2.9233914469e-01
    endloop
  endfacet
  facet normal -4.270257e-01 -3.023772e-01 -8.521837e-01
    outer loop
      vertex 3.4680000000e-01 4.3204575141e-01 3.1884575141e-01
      vertex 3.7525315360e-01 4.4963076742e-01 2.9834836895e-01
      vertex 3.7589656683e-01 4.1554035813e-01 3.1012213134e-01
    endloop
  endfacet
  facet normal -3.081672e-01 -2.288929e-01 -9.233856e-01
    outer loop
      vertex 4.0608361099e-01 4.6868503797e-01 2.8333587093e-01
      vertex 4.0577931234e-01 4.3398528023e-01 2.9203895620e-01
      vertex 3.7525315360e-01 4.4963076742e-01 2.9834836895e-01
    endloop
  endfacet
  facet normal -3.067980e-01 -3.648012e-01 -8.790876e-01
    outer loop
      vertex 4.0682702175e-01 4.0082785886e-01 3.0543287990e-01
      vertex 3.7589656683e-01 4.1554035813e-01 3.1012213134e-01
      vertex 4.0577931234e-01 4.3398528023e-01 2.9203895620e-01
    endloop
  endfacet
  facet normal -3.431966e-01 -3.124011e-01 -8.857887e-01
    outer loop
      vertex 3.7525315360e-01 4.4963076742e-01 2.9834836895e-01
      vertex 4.0577931234e-01 4.3398528023e-01 2.9203895620e-01
      vertex 3.7589656683e-01 4.1554035813e-01 3.1012213134e-01
    endloop
  endfacet
  facet normal -4.950537e-02 -6.905681e-02 -9.963836e-01
    outer loop
      vertex 4.7180000000e-01 5.0930000000e-01 2.7110000000e-01
      vertex 4.7180000000e-01 4.7481193947e-01 2.7349027951e-01
      vertex 4.3853222396e-01 4.8873938368e-01 2.7417791485e-01
    endloop
  endfacet
  facet normal -4.960764e-02 -2.058489e-01 -9.773256e-01
    outer loop
      vertex 4.7180000000e-01 4.4098336777e-01 2.8061541055e-01
      vertex 4.3860188079e-01 4.5427074313e-01 2.7950185065e-01
      vertex 4.7180000000e-01 4.7481193947e-01 2.7349027951e-01
    endloop
  endfacet
  facet normal -1.812856e-01 -1.504758e-01 -9.718501e-01
    outer loop
      vertex 4.0608361099e-01 4.6868503797e-01 2.8333587093e-01
      vertex 4.3853222396e-01 4.8873938368e-01 2.7417791485e-01
      vertex 4.3860188079e-01 4.5427074313e-01 2.7950185065e-01
    endloop
  endfacet
  facet normal -8.410292e-02 -1.522724e-01 -9.847537e-01
    outer loop
      vertex 4.7180000000e-01 4.7481193947e-01 2.7349027951e-01
      vertex 4.3860188079e-01 4.5427074313e-01 2.7950185065e-01
      vertex 4.3853222396e-01 4.8873938368e-01 2.7417791485e-01
    endloop
  endfacet
  facet normal -2.148469e-01 -3.716277e-01 -9.031797e-01
    outer loop
      vertex 4.0682702175e-01 4.0082785886e-01 3.0543287990e-01
      vertex 4.0577931234e-01 4.3398528023e-01 2.9203895620e-01
      vertex 4.3888615716e-01 4.1974280163e-01 2.9002384985e-01
    endloop
  endfacet
  facet normal -2.162041e-01 -2.357379e-01 -9.474616e-01
    outer loop
      vertex 4.0608361099e-01 4.6868503797e-01 2.8333587093e-01
      vertex 4.3860188079e-01 4.5427074313e-01 2.7950185065e-01
      vertex 4.0577931234e-01 4.3398528023e-01 2.9203895620e-01
    endloop
  endfacet
  facet normal -8.454536e-02 -2.910970e-01 -9.529505e-01
    outer loop
      vertex 4.7180000000e-01 4.4098336777e-01 2.8061541055e-01
      vertex 4.3888615716e-01 4.1974280163e-01 2.9002384985e-01
      vertex 4.3860188079e-01 4.5427074313e-01 2.7950185065e-01
    endloop
  endfacet
  facet normal -1.811510e-01 -2.880454e-01 -9.403266e-01
    outer loop
      vertex 4.0577931234e-01 4.3398528023e-01 2.9203895620e-01
      vertex 4.3860188079e-01 4.5427074313e-01 2.7950185065e-01
      vertex 4.3888615716e-01 4.1974280163e-01 2.9002384985e-01
    endloop
  endfacet
  facet normal -4.694052e-01 2.331714e-01 -8.516395e-01
    outer loop
      vertex 3.4680000000e-01 5.8655424859e-01 3.1884575141e-01
      vertex 3.7525315360e-01 5.6896923258e-01 2.9834836895e-01
      vertex 3.4198537757e-01 5.4840861626e-01 3.1105552867e-01
    endloop
  endfacet
  facet normal -3.505871e-01 1.597927e-01 -9.227974e-01
    outer loop
      vertex 4.0608361099e-01 5.4991496203e-01 2.8333587093e-01
      vertex 3.7189823707e-01 5.2988089501e-01 2.9285437677e-01
      vertex 3.7525315360e-01 5.6896923258e-01 2.9834836895e-01
    endloop
  endfacet
  facet normal -4.823363e-01 7.836719e-02 -8.724736e-01
    outer loop
      vertex 3.4036722197e-01 5.0930000000e-01 3.0843729791e-01
      vertex 3.4198537757e-01 5.4840861626e-01 3.1105552867e-01
      vertex 3.7189823707e-01 5.2988089501e-01 2.9285437677e-01
    endloop
  endfacet
  facet normal -4.378416e-01 1.618790e-01 -8.843585e-01
    outer loop
      vertex 3.7525315360e-01 5.6896923258e-01 2.9834836895e-01
      vertex 3.7189823707e-01 5.2988089501e-01 2.9285437677e-01
      vertex 3.4198537757e-01 5.4840861626e-01 3.1105552867e-01
    endloop
  endfacet
  facet normal -9.212595e-02 0.000000e+00 -9.957474e-01
    outer loop
      vertex 4.7180000000e-01 5.0930000000e-01 2.7110000000e-01
      vertex 4.3853222396e-01 4.8873938368e-01 2.7417791485e-01
      vertex 4.3853222396e-01 5.2986061632e-01 2.7417791485e-01
    endloop
  endfacet
  facet normal -2.237863e-01 -8.142553e-02 -9.712310e-01
    outer loop
      vertex 4.0608361099e-01 4.6868503797e-01 2.8333587093e-01
      vertex 4.0519882472e-01 5.0930000000e-01 2.8013468413e-01
      vertex 4.3853222396e-01 4.8873938368e-01 2.7417791485e-01
    endloop
  endfacet
  facet normal -2.237863e-01 8.142553e-02 -9.712310e-01
    outer loop
      vertex 4.0608361099e-01 5.4991496203e-01 2.8333587093e-01
      vertex 4.3853222396e-01 5.2986061632e-01 2.7417791485e-01
      vertex 4.0519882472e-01 5.0930000000e-01 2.8013468413e-01
    endloop
  endfacet
  facet normal -1.759159e-01 0.000000e+00 -9.844052e-01
    outer loop
      vertex 4.3853222396e-01 4.8873938368e-01 2.7417791485e-01
      vertex 4.0519882472e-01 5.0930000000e-01 2.8013468413e-01
      vertex 4.3853222396e-01 5.2986061632e-01 2.7417791485e-01
    endloop
  endfacet
  facet normal -4.694052e-01 -2.331714e-01 -8.516395e-01
    outer loop
      vertex 3.4680000000e-01 4.3204575141e-01 3.1884575141e-01
      vertex 3.4198537757e-01 4.7019138374e-01 3.1105552867e-01
      vertex 3.7525315360e-01 4.4963076742e-01 2.9834836895e-01
    endloop
  endfacet
  facet normal -4.823363e-01 -7.836719e-02 -8.724736e-01
    outer loop
      vertex 3.4036722197e-01 5.0930000000e-01 3.0843729791e-01
      vertex 3.7189823707e-01 4.8871910499e-01 2.9285437677e-01
      vertex 3.4198537757e-01 4.7019138374e-01 3.1105552867e-01
    endloop
  endfacet
  facet normal -3.505871e-01 -1.597927e-01 -9.227974e-01
    outer loop
      vertex 4.0608361099e-01 4.6868503797e-01 2.8333587093e-01
      vertex 3.7525315360e-01 4.4963076742e-01 2.9834836895e-01
      vertex 3.7189823707e-01 4.8871910499e-01 2.9285437677e-01
    endloop
  endfacet
  facet normal -4.378416e-01 -1.618790e-01 -8.843585e-01
    outer loop
      vertex 3.4198537757e-01 4.7019138374e-01 3.1105552867e-01
      vertex 3.7189823707e-01 4.8871910499e-01 2.9285437677e-01
      vertex 3.7525315360e-01 4.4963076742e-01 2.9834836895e-01
    endloop
  endfacet
  facet normal -3.113353e-01 8.140770e-02 -9.468068e-01
    outer loop
      vertex 4.0608361099e-01 5.4991496203e-01 2.8333587093e-01
      vertex 4.0519882472e-01 5.0930000000e-01 2.8013468413e-01
      vertex 3.7189823707e-01 5.2988089501e-01 2.9285437677e-01
    endloop
  endfacet
  facet normal -3.113353e-01 -8.140770e-02 -9.468068e-01
    outer loop
      vertex 4.0608361099e-01 4.6868503797e-01 2.8333587093e-01
      vertex 3.7189823707e-01 4.8871910499e-01 2.9285437677e-01
      vertex 4.0519882472e-01 5.0930000000e-01 2.8013468413e-01
    endloop
  endfacet
  facet normal -4.430557e-01 0.000000e+00 -8.964941e-01
    outer loop
      vertex 3.4036722197e-01 5.0930000000e-01 3.0843729791e-01
      vertex 3.7189823707e-01 5.2988089501e-01 2.9285437677e-01
      vertex 3.7189823707e-01 4.8871910499e-01 2.9285437677e-01
    endloop
  endfacet
  facet normal -3.568221e-01 0.000000e+00 -9.341724e-01
    outer loop
      vertex 4.0519882472e-01 5.0930000000e-01 2.8013468413e-01
      vertex 3.7189823707e-01 4.8871910499e-01 2.9285437677e-01
      vertex 3.7189823707e-01 5.2988089501e-01 2.9285437677e-01
    endloop
  endfacet
  facet normal 8.117845e-02 5.462496e-01 -8.336794e-01
    outer loop
      vertex 4.7180000000e-01 6.4073277803e-01 3.0843729791e-01
      vertex 4.9207157336e-01 6.6321050522e-01 3.2513923940e-01
      vertex 5.0460009470e-01 6.3041041052e-01 3.0486766603e-01
    endloop
  endfacet
  facet normal 1.614436e-01 6.304608e-01 -7.592464e-01
    outer loop
      vertex 5.1195550891e-01 6.8274511939e-01 3.4558838881e-01
      vertex 5.2505571641e-01 6.5211291478e-01 3.2293769269e-01
      vertex 4.9207157336e-01 6.6321050522e-01 3.2513923940e-01
    endloop
  endfacet
  facet normal 2.112210e-01 5.001420e-01 -8.397879e-01
    outer loop
      vertex 5.3677297825e-01 6.1777214114e-01 3.0543287990e-01
      vertex 5.0460009470e-01 6.3041041052e-01 3.0486766603e-01
      vertex 5.2505571641e-01 6.5211291478e-01 3.2293769269e-01
    endloop
  endfacet
  facet normal 1.327925e-01 5.572841e-01 -8.196344e-01
    outer loop
      vertex 4.9207157336e-01 6.6321050522e-01 3.2513923940e-01
      vertex 5.2505571641e-01 6.5211291478e-01 3.2293769269e-01
      vertex 5.0460009470e-01 6.3041041052e-01 3.0486766603e-01
    endloop
  endfacet
  facet normal 3.134218e-01 7.599989e-01 -5.693580e-01
    outer loop
      vertex 5.4905424859e-01 7.1155424859e-01 3.9610000000e-01
      vertex 5.6473700862e-01 6.8607669530e-01 3.7072476125e-01
      vertex 5.3107158134e-01 6.9896307504e-01 3.6939371268e-01
    endloop
  endfacet
  facet normal 3.717435e-01 6.491008e-01 -6.636828e-01
    outer loop
      vertex 5.7813135104e-01 6.5624631307e-01 3.4905225994e-01
      vertex 5.4580114814e-01 6.7115297347e-01 3.4552253831e-01
      vertex 5.6473700862e-01 6.8607669530e-01 3.7072476125e-01
    endloop
  endfacet
  facet normal 2.392192e-01 7.022584e-01 -6.705276e-01
    outer loop
      vertex 5.1195550891e-01 6.8274511939e-01 3.4558838881e-01
      vertex 5.3107158134e-01 6.9896307504e-01 3.6939371268e-01
      vertex 5.4580114814e-01 6.7115297347e-01 3.4552253831e-01
    endloop
  endfacet
  facet normal 2.962101e-01 7.075762e-01 -6.415571e-01
    outer loop
      vertex 5.6473700862e-01 6.8607669530e-01 3.7072476125e-01
      vertex 5.4580114814e-01 6.7115297347e-01 3.4552253831e-01
      vertex 5.3107158134e-01 6.9896307504e-01 3.6939371268e-01
    endloop
  endfacet
  facet normal 4.576217e-01 3.824786e-01 -8.026783e-01
    outer loop
      vertex 5.9680000000e-01 5.8655424859e-01 3.1884575141e-01
      vertex 5.6770343317e-01 6.0305964187e-01 3.1012213134e-01
      vertex 5.8890746272e-01 6.2279762493e-01 3.3161614499e-01
    endloop
  endfacet
  facet normal 3.374572e-01 4.450681e-01 -8.294800e-01
    outer loop
      vertex 5.3677297825e-01 6.1777214114e-01 3.0543287990e-01
      vertex 5.5833825370e-01 6.3833040501e-01 3.2523707541e-01
      vertex 5.6770343317e-01 6.0305964187e-01 3.1012213134e-01
    endloop
  endfacet
  facet normal 4.202079e-01 5.222192e-01 -7.421000e-01
    outer loop
      vertex 5.7813135104e-01 6.5624631307e-01 3.4905225994e-01
      vertex 5.8890746272e-01 6.2279762493e-01 3.3161614499e-01
      vertex 5.5833825370e-01 6.3833040501e-01 3.2523707541e-01
    endloop
  endfacet
  facet normal 3.951751e-01 4.484825e-01 -8.016858e-01
    outer loop
      vertex 5.6770343317e-01 6.0305964187e-01 3.1012213134e-01
      vertex 5.5833825370e-01 6.3833040501e-01 3.2523707541e-01
      vertex 5.8890746272e-01 6.2279762493e-01 3.3161614499e-01
    endloop
  endfacet
  facet normal 2.173281e-01 6.387266e-01 -7.381036e-01
    outer loop
      vertex 5.1195550891e-01 6.8274511939e-01 3.4558838881e-01
      vertex 5.4580114814e-01 6.7115297347e-01 3.4552253831e-01
      vertex 5.2505571641e-01 6.5211291478e-01 3.2293769269e-01
    endloop
  endfacet
  facet normal 3.498255e-01 5.855635e-01 -7.312575e-01
    outer loop
      vertex 5.7813135104e-01 6.5624631307e-01 3.4905225994e-01
      vertex 5.5833825370e-01 6.3833040501e-01 3.2523707541e-01
      vertex 5.4580114814e-01 6.7115297347e-01 3.4552253831e-01
    endloop
  endfacet
  facet normal 2.670988e-01 5.084250e-01 -8.186344e-01
    outer loop
      vertex 5.3677297825e-01 6.1777214114e-01 3.0543287990e-01
      vertex 5.2505571641e-01 6.5211291478e-01 3.2293769269e-01
      vertex 5.5833825370e-01 6.3833040501e-01 3.2523707541e-01
    endloop
  endfacet
  facet normal 2.931085e-01 5.811538e-01 -7.591756e-01
    outer loop
      vertex 5.4580114814e-01 6.7115297347e-01 3.4552253831e-01
      vertex 5.5833825370e-01 6.3833040501e-01 3.2523707541e-01
      vertex 5.2505571641e-01 6.5211291478e-01 3.2293769269e-01
    endloop
  endfacet
  facet normal 5.462496e-01 8.336794e-01 -8.117845e-02
    outer loop
      vertex 6.0323277803e-01 7.2196270209e-01 5.2110000000e-01
      vertex 6.2571050522e-01 7.0526076060e-01 5.0082842664e-01
      vertex 5.9291041052e-01 7.2553233397e-01 4.8829990530e-01
    endloop
  endfacet
  facet normal 6.304608e-01 7.592464e-01 -1.614436e-01
    outer loop
      vertex 6.4524511939e-01 6.8481161119e-01 4.8094449109e-01
      vertex 6.1461291478e-01 7.0746230731e-01 4.6784428359e-01
      vertex 6.2571050522e-01 7.0526076060e-01 5.0082842664e-01
    endloop
  endfacet
  facet normal 5.001420e-01 8.397879e-01 -2.112210e-01
    outer loop
      vertex 5.8027214114e-01 7.2496712010e-01 4.5612702175e-01
      vertex 5.9291041052e-01 7.2553233397e-01 4.8829990530e-01
      vertex 6.1461291478e-01 7.0746230731e-01 4.6784428359e-01
    endloop
  endfacet
  facet normal 5.572841e-01 8.196344e-01 -1.327925e-01
    outer loop
      vertex 6.2571050522e-01 7.0526076060e-01 5.0082842664e-01
      vertex 6.1461291478e-01 7.0746230731e-01 4.6784428359e-01
      vertex 5.9291041052e-01 7.2553233397e-01 4.8829990530e-01
    endloop
  endfacet
  facet normal 7.599989e-01 5.693580e-01 -3.134218e-01
    outer loop
      vertex 6.7405424859e-01 6.3430000000e-01 4.4384575141e-01
      vertex 6.4857669530e-01 6.5967523875e-01 4.2816299138e-01
      vertex 6.6146307504e-01 6.6100628732e-01 4.6182841866e-01
    endloop
  endfacet
  facet normal 6.491008e-01 6.636828e-01 -3.717435e-01
    outer loop
      vertex 6.1874631307e-01 6.8134774006e-01 4.1476864896e-01
      vertex 6.3365297347e-01 6.8487746169e-01 4.4709885186e-01
      vertex 6.4857669530e-01 6.5967523875e-01 4.2816299138e-01
    endloop
  endfacet
  facet normal 7.022584e-01 6.705276e-01 -2.392192e-01
    outer loop
      vertex 6.4524511939e-01 6.8481161119e-01 4.8094449109e-01
      vertex 6.6146307504e-01 6.6100628732e-01 4.6182841866e-01
      vertex 6.3365297347e-01 6.8487746169e-01 4.4709885186e-01
    endloop
  endfacet
  facet normal 7.075762e-01 6.415571e-01 -2.962101e-01
    outer loop
      vertex 6.4857669530e-01 6.5967523875e-01 4.2816299138e-01
      vertex 6.3365297347e-01 6.8487746169e-01 4.4709885186e-01
      vertex 6.6146307504e-01 6.6100628732e-01 4.6182841866e-01
    endloop
  endfacet
  facet normal 3.824786e-01 8.026783e-01 -4.576217e-01
    outer loop
      vertex 5.4905424859e-01 7.1155424859e-01 3.9610000000e-01
      vertex 5.6555964187e-01 7.2027786866e-01 4.2519656683e-01
      vertex 5.8529762493e-01 6.9878385501e-01 4.0399253728e-01
    endloop
  endfacet
  facet normal 4.450681e-01 8.294800e-01 -3.374572e-01
    outer loop
      vertex 5.8027214114e-01 7.2496712010e-01 4.5612702175e-01
      vertex 6.0083040501e-01 7.0516292459e-01 4.3456174630e-01
      vertex 5.6555964187e-01 7.2027786866e-01 4.2519656683e-01
    endloop
  endfacet
  facet normal 5.222192e-01 7.421000e-01 -4.202079e-01
    outer loop
      vertex 6.1874631307e-01 6.8134774006e-01 4.1476864896e-01
      vertex 5.8529762493e-01 6.9878385501e-01 4.0399253728e-01
      vertex 6.0083040501e-01 7.0516292459e-01 4.3456174630e-01
    endloop
  endfacet
  facet normal 4.484825e-01 8.016858e-01 -3.951751e-01
    outer loop
      vertex 5.6555964187e-01 7.2027786866e-01 4.2519656683e-01
      vertex 6.0083040501e-01 7.0516292459e-01 4.3456174630e-01
      vertex 5.8529762493e-01 6.9878385501e-01 4.0399253728e-01
    endloop
  endfacet
  facet normal 6.387266e-01 7.381036e-01 -2.173281e-01
    outer loop
      vertex 6.4524511939e-01 6.8481161119e-01 4.8094449109e-01
      vertex 6.3365297347e-01 6.8487746169e-01 4.4709885186e-01
      vertex 6.1461291478e-01 7.0746230731e-01 4.6784428359e-01
    endloop
  endfacet
  facet normal 5.855635e-01 7.312575e-01 -3.498255e-01
    outer loop
      vertex 6.1874631307e-01 6.8134774006e-01 4.1476864896e-01
      vertex 6.0083040501e-01 7.0516292459e-01 4.3456174630e-01
      vertex 6.3365297347e-01 6.8487746169e-01 4.4709885186e-01
    endloop
  endfacet
  facet normal 5.084250e-01 8.186344e-01 -2.670988e-01
    outer loop
      vertex 5.8027214114e-01 7.2496712010e-01 4.5612702175e-01
      vertex 6.1461291478e-01 7.0746230731e-01 4.6784428359e-01
      vertex 6.0083040501e-01 7.0516292459e-01 4.3456174630e-01
    endloop
  endfacet
  facet normal 5.811538e-01 7.591756e-01 -2.931085e-01
    outer loop
      vertex 6.3365297347e-01 6.8487746169e-01 4.4709885186e-01
      vertex 6.0083040501e-01 7.0516292459e-01 4.3456174630e-01
      vertex 6.1461291478e-01 7.0746230731e-01 4.6784428359e-01
    endloop
  endfacet
  facet normal 8.336794e-01 8.117845e-02 -5.462496e-01
    outer loop
      vertex 6.8446270209e-01 5.0930000000e-01 3.8966722197e-01
      vertex 6.6776076060e-01 5.2957157336e-01 3.6718949478e-01
      vertex 6.8803233397e-01 5.4210009470e-01 3.9998958948e-01
    endloop
  endfacet
  facet normal 7.592464e-01 1.614436e-01 -6.304608e-01
    outer loop
      vertex 6.4731161119e-01 5.4945550891e-01 3.4765488061e-01
      vertex 6.6996230731e-01 5.6255571641e-01 3.7828708522e-01
      vertex 6.6776076060e-01 5.2957157336e-01 3.6718949478e-01
    endloop
  endfacet
  facet normal 8.397879e-01 2.112210e-01 -5.001420e-01
    outer loop
      vertex 6.8746712010e-01 5.7427297825e-01 4.1262785886e-01
      vertex 6.8803233397e-01 5.4210009470e-01 3.9998958948e-01
      vertex 6.6996230731e-01 5.6255571641e-01 3.7828708522e-01
    endloop
  endfacet
  facet normal 8.196344e-01 1.327925e-01 -5.572841e-01
    outer loop
      vertex 6.6776076060e-01 5.2957157336e-01 3.6718949478e-01
      vertex 6.6996230731e-01 5.6255571641e-01 3.7828708522e-01
      vertex 6.8803233397e-01 5.4210009470e-01 3.9998958948e-01
    endloop
  endfacet
  facet normal 5.693580e-01 3.134218e-01 -7.599989e-01
    outer loop
      vertex 5.9680000000e-01 5.8655424859e-01 3.1884575141e-01
      vertex 6.2217523875e-01 6.0223700862e-01 3.4432330470e-01
      vertex 6.2350628732e-01 5.6857158134e-01 3.3143692496e-01
    endloop
  endfacet
  facet normal 6.636828e-01 3.717435e-01 -6.491008e-01
    outer loop
      vertex 6.4384774006e-01 6.1563135104e-01 3.7415368693e-01
      vertex 6.4737746169e-01 5.8330114814e-01 3.5924702653e-01
      vertex 6.2217523875e-01 6.0223700862e-01 3.4432330470e-01
    endloop
  endfacet
  facet normal 6.705276e-01 2.392192e-01 -7.022584e-01
    outer loop
      vertex 6.4731161119e-01 5.4945550891e-01 3.4765488061e-01
      vertex 6.2350628732e-01 5.6857158134e-01 3.3143692496e-01
      vertex 6.4737746169e-01 5.8330114814e-01 3.5924702653e-01
    endloop
  endfacet
  facet normal 6.415571e-01 2.962101e-01 -7.075762e-01
    outer loop
      vertex 6.2217523875e-01 6.0223700862e-01 3.4432330470e-01
      vertex 6.4737746169e-01 5.8330114814e-01 3.5924702653e-01
      vertex 6.2350628732e-01 5.6857158134e-01 3.3143692496e-01
    endloop
  endfacet
  facet normal 8.026783e-01 4.576217e-01 -3.824786e-01
    outer loop
      vertex 6.7405424859e-01 6.3430000000e-01 4.4384575141e-01
      vertex 6.8277786866e-01 6.0520343317e-01 4.2734035813e-01
      vertex 6.6128385501e-01 6.2640746272e-01 4.0760237507e-01
    endloop
  endfacet
  facet normal 8.294800e-01 3.374572e-01 -4.450681e-01
    outer loop
      vertex 6.8746712010e-01 5.7427297825e-01 4.1262785886e-01
      vertex 6.6766292459e-01 5.9583825370e-01 3.9206959499e-01
      vertex 6.8277786866e-01 6.0520343317e-01 4.2734035813e-01
    endloop
  endfacet
  facet normal 7.421000e-01 4.202079e-01 -5.222192e-01
    outer loop
      vertex 6.4384774006e-01 6.1563135104e-01 3.7415368693e-01
      vertex 6.6128385501e-01 6.2640746272e-01 4.0760237507e-01
      vertex 6.6766292459e-01 5.9583825370e-01 3.9206959499e-01
    endloop
  endfacet
  facet normal 8.016858e-01 3.951751e-01 -4.484825e-01
    outer loop
      vertex 6.8277786866e-01 6.0520343317e-01 4.2734035813e-01
      vertex 6.6766292459e-01 5.9583825370e-01 3.9206959499e-01
      vertex 6.6128385501e-01 6.2640746272e-01 4.0760237507e-01
    endloop
  endfacet
  facet normal 7.381036e-01 2.173281e-01 -6.387266e-01
    outer loop
      vertex 6.4731161119e-01 5.4945550891e-01 3.4765488061e-01
      vertex 6.4737746169e-01 5.8330114814e-01 3.5924702653e-01
      vertex 6.6996230731e-01 5.6255571641e-01 3.7828708522e-01
    endloop
  endfacet
  facet normal 7.312575e-01 3.498255e-01 -5.855635e-01
    outer loop
      vertex 6.4384774006e-01 6.1563135104e-01 3.7415368693e-01
      vertex 6.6766292459e-01 5.9583825370e-01 3.9206959499e-01
      vertex 6.4737746169e-01 5.8330114814e-01 3.5924702653e-01
    endloop
  endfacet
  facet normal 8.186344e-01 2.670988e-01 -5.084250e-01
    outer loop
      vertex 6.8746712010e-01 5.7427297825e-01 4.1262785886e-01
      vertex 6.6996230731e-01 5.6255571641e-01 3.7828708522e-01
      vertex 6.6766292459e-01 5.9583825370e-01 3.9206959499e-01
    endloop
  endfacet
  facet normal 7.591756e-01 2.931085e-01 -5.811538e-01
    outer loop
      vertex 6.4737746169e-01 5.8330114814e-01 3.5924702653e-01
      vertex 6.6766292459e-01 5.9583825370e-01 3.9206959499e-01
      vertex 6.6996230731e-01 5.6255571641e-01 3.7828708522e-01
    endloop
  endfacet
  facet normal 3.822343e-01 7.595136e-01 -5.263422e-01
    outer loop
      vertex 5.4905424859e-01 7.1155424859e-01 3.9610000000e-01
      vertex 5.8529762493e-01 6.9878385501e-01 4.0399253728e-01
      vertex 5.6473700862e-01 6.8607669530e-01 3.7072476125e-01
    endloop
  endfacet
  facet normal 5.218865e-01 6.990111e-01 -4.888946e-01
    outer loop
      vertex 6.1874631307e-01 6.8134774006e-01 4.1476864896e-01
      vertex 6.0014386031e-01 6.7094444795e-01 3.8003644706e-01
      vertex 5.8529762493e-01 6.9878385501e-01 4.0399253728e-01
    endloop
  endfacet
  facet normal 4.404610e-01 6.486873e-01 -6.206439e-01
    outer loop
      vertex 5.7813135104e-01 6.5624631307e-01 3.4905225994e-01
      vertex 5.6473700862e-01 6.8607669530e-01 3.7072476125e-01
      vertex 6.0014386031e-01 6.7094444795e-01 3.8003644706e-01
    endloop
  endfacet
  facet normal 4.465169e-01 7.084426e-01 -5.465636e-01
    outer loop
      vertex 5.8529762493e-01 6.9878385501e-01 4.0399253728e-01
      vertex 6.0014386031e-01 6.7094444795e-01 3.8003644706e-01
      vertex 5.6473700862e-01 6.8607669530e-01 3.7072476125e-01
    endloop
  endfacet
  facet normal 7.595136e-01 5.263422e-01 -3.822343e-01
    outer loop
      vertex 6.7405424859e-01 6.3430000000e-01 4.4384575141e-01
      vertex 6.6128385501e-01 6.2640746272e-01 4.0760237507e-01
      vertex 6.4857669530e-01 6.5967523875e-01 4.2816299138e-01
    endloop
  endfacet
  facet normal 6.990111e-01 4.888946e-01 -5.218865e-01
    outer loop
      vertex 6.4384774006e-01 6.1563135104e-01 3.7415368693e-01
      vertex 6.3344444795e-01 6.5036355294e-01 3.9275613969e-01
      vertex 6.6128385501e-01 6.2640746272e-01 4.0760237507e-01
    endloop
  endfacet
  facet normal 6.486873e-01 6.206439e-01 -4.404610e-01
    outer loop
      vertex 6.1874631307e-01 6.8134774006e-01 4.1476864896e-01
      vertex 6.4857669530e-01 6.5967523875e-01 4.2816299138e-01
      vertex 6.3344444795e-01 6.5036355294e-01 3.9275613969e-01
    endloop
  endfacet
  facet normal 7.084426e-01 5.465636e-01 -4.465169e-01
    outer loop
      vertex 6.6128385501e-01 6.2640746272e-01 4.0760237507e-01
      vertex 6.3344444795e-01 6.5036355294e-01 3.9275613969e-01
      vertex 6.4857669530e-01 6.5967523875e-01 4.2816299138e-01
    endloop
  endfacet
  facet normal 5.263422e-01 3.822343e-01 -7.595136e-01
    outer loop
      vertex 5.9680000000e-01 5.8655424859e-01 3.1884575141e-01
      vertex 5.8890746272e-01 6.2279762493e-01 3.3161614499e-01
      vertex 6.2217523875e-01 6.0223700862e-01 3.4432330470e-01
    endloop
  endfacet
  facet normal 4.888946e-01 5.218865e-01 -6.990111e-01
    outer loop
      vertex 5.7813135104e-01 6.5624631307e-01 3.4905225994e-01
      vertex 6.1286355294e-01 6.3764386031e-01 3.5945555205e-01
      vertex 5.8890746272e-01 6.2279762493e-01 3.3161614499e-01
    endloop
  endfacet
  facet normal 6.206439e-01 4.404610e-01 -6.486873e-01
    outer loop
      vertex 6.4384774006e-01 6.1563135104e-01 3.7415368693e-01
      vertex 6.2217523875e-01 6.0223700862e-01 3.4432330470e-01
      vertex 6.1286355294e-01 6.3764386031e-01 3.5945555205e-01
    endloop
  endfacet
  facet normal 5.465636e-01 4.465169e-01 -7.084426e-01
    outer loop
      vertex 5.8890746272e-01 6.2279762493e-01 3.3161614499e-01
      vertex 6.1286355294e-01 6.3764386031e-01 3.5945555205e-01
      vertex 6.2217523875e-01 6.0223700862e-01 3.4432330470e-01
    endloop
  endfacet
  facet normal 5.851588e-01 6.354715e-01 -5.037511e-01
    outer loop
      vertex 6.1874631307e-01 6.8134774006e-01 4.1476864896e-01
      vertex 6.3344444795e-01 6.5036355294e-01 3.9275613969e-01
      vertex 6.0014386031e-01 6.7094444795e-01 3.8003644706e-01
    endloop
  endfacet
  facet normal 6.354715e-01 5.037511e-01 -5.851588e-01
    outer loop
      vertex 6.4384774006e-01 6.1563135104e-01 3.7415368693e-01
      vertex 6.1286355294e-01 6.3764386031e-01 3.5945555205e-01
      vertex 6.3344444795e-01 6.5036355294e-01 3.9275613969e-01
    endloop
  endfacet
  facet normal 5.037511e-01 5.851588e-01 -6.354715e-01
    outer loop
      vertex 5.7813135104e-01 6.5624631307e-01 3.4905225994e-01
      vertex 6.0014386031e-01 6.7094444795e-01 3.8003644706e-01
      vertex 6.1286355294e-01 6.3764386031e-01 3.5945555205e-01
    endloop
  endfacet
  facet normal 5.773503e-01 5.773503e-01 -5.773503e-01
    outer loop
      vertex 6.3344444795e-01 6.5036355294e-01 3.9275613969e-01
      vertex 6.1286355294e-01 6.3764386031e-01 3.5945555205e-01
      vertex 6.0014386031e-01 6.7094444795e-01 3.8003644706e-01
    endloop
  endfacet
  facet normal 5.462496e-01 -8.336794e-01 8.117845e-02
    outer loop
      vertex 6.0323277803e-01 2.9663729791e-01 5.2110000000e-01
      vertex 6.2571050522e-01 3.1333923940e-01 5.4137157336e-01
      vertex 5.9291041052e-01 2.9306766603e-01 5.5390009470e-01
    endloop
  endfacet
  facet normal 6.304608e-01 -7.592464e-01 1.614436e-01
    outer loop
      vertex 6.4524511939e-01 3.3378838881e-01 5.6125550891e-01
      vertex 6.1461291478e-01 3.1113769269e-01 5.7435571641e-01
      vertex 6.2571050522e-01 3.1333923940e-01 5.4137157336e-01
    endloop
  endfacet
  facet normal 5.001420e-01 -8.397879e-01 2.112210e-01
    outer loop
      vertex 5.8027214114e-01 2.9363287990e-01 5.8607297825e-01
      vertex 5.9291041052e-01 2.9306766603e-01 5.5390009470e-01
      vertex 6.1461291478e-01 3.1113769269e-01 5.7435571641e-01
    endloop
  endfacet
  facet normal 5.572841e-01 -8.196344e-01 1.327925e-01
    outer loop
      vertex 6.2571050522e-01 3.1333923940e-01 5.4137157336e-01
      vertex 6.1461291478e-01 3.1113769269e-01 5.7435571641e-01
      vertex 5.9291041052e-01 2.9306766603e-01 5.5390009470e-01
    endloop
  endfacet
  facet normal 7.599989e-01 -5.693580e-01 3.134218e-01
    outer loop
      vertex 6.7405424859e-01 3.8430000000e-01 5.9835424859e-01
      vertex 6.4857669530e-01 3.5892476125e-01 6.1403700862e-01
      vertex 6.6146307504e-01 3.5759371268e-01 5.8037158134e-01
    endloop
  endfacet
  facet normal 6.491008e-01 -6.636828e-01 3.717435e-01
    outer loop
      vertex 6.1874631307e-01 3.3725225994e-01 6.2743135104e-01
      vertex 6.3365297347e-01 3.3372253831e-01 5.9510114814e-01
      vertex 6.4857669530e-01 3.5892476125e-01 6.1403700862e-01
    endloop
  endfacet
  facet normal 7.022584e-01 -6.705276e-01 2.392192e-01
    outer loop
      vertex 6.4524511939e-01 3.3378838881e-01 5.6125550891e-01
      vertex 6.6146307504e-01 3.5759371268e-01 5.8037158134e-01
      vertex 6.3365297347e-01 3.3372253831e-01 5.9510114814e-01
    endloop
  endfacet
  facet normal 7.075762e-01 -6.415571e-01 2.962101e-01
    outer loop
      vertex 6.4857669530e-01 3.5892476125e-01 6.1403700862e-01
      vertex 6.3365297347e-01 3.3372253831e-01 5.9510114814e-01
      vertex 6.6146307504e-01 3.5759371268e-01 5.8037158134e-01
    endloop
  endfacet
  facet normal 3.824786e-01 -8.026783e-01 4.576217e-01
    outer loop
      vertex 5.4905424859e-01 3.0704575141e-01 6.4610000000e-01
      vertex 5.6555964187e-01 2.9832213134e-01 6.1700343317e-01
      vertex 5.8529762493e-01 3.1981614499e-01 6.3820746272e-01
    endloop
  endfacet
  facet normal 4.450681e-01 -8.294800e-01 3.374572e-01
    outer loop
      vertex 5.8027214114e-01 2.9363287990e-01 5.8607297825e-01
      vertex 6.0083040501e-01 3.1343707541e-01 6.0763825370e-01
      vertex 5.6555964187e-01 2.9832213134e-01 6.1700343317e-01
    endloop
  endfacet
  facet normal 5.222192e-01 -7.421000e-01 4.202079e-01
    outer loop
      vertex 6.1874631307e-01 3.3725225994e-01 6.2743135104e-01
      vertex 5.8529762493e-01 3.1981614499e-01 6.3820746272e-01
      vertex 6.0083040501e-01 3.1343707541e-01 6.0763825370e-01
    endloop
  endfacet
  facet normal 4.484825e-01 -8.016858e-01 3.951751e-01
    outer loop
      vertex 5.6555964187e-01 2.9832213134e-01 6.1700343317e-01
      vertex 6.0083040501e-01 3.1343707541e-01 6.0763825370e-01
      vertex 5.8529762493e-01 3.1981614499e-01 6.3820746272e-01
    endloop
  endfacet
  facet normal 6.387266e-01 -7.381036e-01 2.173281e-01
    outer loop
      vertex 6.4524511939e-01 3.3378838881e-01 5.6125550891e-01
      vertex 6.3365297347e-01 3.3372253831e-01 5.9510114814e-01
      vertex 6.1461291478e-01 3.1113769269e-01 5.7435571641e-01
    endloop
  endfacet
  facet normal 5.855635e-01 -7.312575e-01 3.498255e-01
    outer loop
      vertex 6.1874631307e-01 3.3725225994e-01 6.2743135104e-01
      vertex 6.0083040501e-01 3.1343707541e-01 6.0763825370e-01
      vertex 6.3365297347e-01 3.3372253831e-01 5.9510114814e-01
    endloop
  endfacet
  facet normal 5.084250e-01 -8.186344e-01 2.670988e-01
    outer loop
      vertex 5.8027214114e-01 2.9363287990e-01 5.8607297825e-01
      vertex 6.1461291478e-01 3.1113769269e-01 5.7435571641e-01
      vertex 6.0083040501e-01 3.1343707541e-01 6.0763825370e-01
    endloop
  endfacet
  facet normal 5.811538e-01 -7.591756e-01 2.931085e-01
    outer loop
      vertex 6.3365297347e-01 3.3372253831e-01 5.9510114814e-01
      vertex 6.0083040501e-01 3.1343707541e-01 6.0763825370e-01
      vertex 6.1461291478e-01 3.1113769269e-01 5.7435571641e-01
    endloop
  endfacet
  facet normal 8.336794e-01 -8.117845e-02 5.462496e-01
    outer loop
      vertex 6.8446270209e-01 5.0930000000e-01 6.5253277803e-01
      vertex 6.6776076060e-01 4.8902842664e-01 6.7501050522e-01
      vertex 6.8803233397e-01 4.7649990530e-01 6.4221041052e-01
    endloop
  endfacet
  facet normal 7.592464e-01 -1.614436e-01 6.304608e-01
    outer loop
      vertex 6.4731161119e-01 4.6914449109e-01 6.9454511939e-01
      vertex 6.6996230731e-01 4.5604428359e-01 6.6391291478e-01
      vertex 6.6776076060e-01 4.8902842664e-01 6.7501050522e-01
    endloop
  endfacet
  facet normal 8.397879e-01 -2.112210e-01 5.001420e-01
    outer loop
      vertex 6.8746712010e-01 4.4432702175e-01 6.2957214114e-01
      vertex 6.8803233397e-01 4.7649990530e-01 6.4221041052e-01
      vertex 6.6996230731e-01 4.5604428359e-01 6.6391291478e-01
    endloop
  endfacet
  facet normal 8.196344e-01 -1.327925e-01 5.572841e-01
    outer loop
      vertex 6.6776076060e-01 4.8902842664e-01 6.7501050522e-01
      vertex 6.6996230731e-01 4.5604428359e-01 6.6391291478e-01
      vertex 6.8803233397e-01 4.7649990530e-01 6.4221041052e-01
    endloop
  endfacet
  facet normal 5.693580e-01 -3.134218e-01 7.599989e-01
    outer loop
      vertex 5.9680000000e-01 4.3204575141e-01 7.2335424859e-01
      vertex 6.2217523875e-01 4.1636299138e-01 6.9787669530e-01
      vertex 6.2350628732e-01 4.5002841866e-01 7.1076307504e-01
    endloop
  endfacet
  facet normal 6.636828e-01 -3.717435e-01 6.491008e-01
    outer loop
      vertex 6.4384774006e-01 4.0296864896e-01 6.6804631307e-01
      vertex 6.4737746169e-01 4.3529885186e-01 6.8295297347e-01
      vertex 6.2217523875e-01 4.1636299138e-01 6.9787669530e-01
    endloop
  endfacet
  facet normal 6.705276e-01 -2.392192e-01 7.022584e-01
    outer loop
      vertex 6.4731161119e-01 4.6914449109e-01 6.9454511939e-01
      vertex 6.2350628732e-01 4.5002841866e-01 7.1076307504e-01
      vertex 6.4737746169e-01 4.3529885186e-01 6.8295297347e-01
    endloop
  endfacet
  facet normal 6.415571e-01 -2.962101e-01 7.075762e-01
    outer loop
      vertex 6.2217523875e-01 4.1636299138e-01 6.9787669530e-01
      vertex 6.4737746169e-01 4.3529885186e-01 6.8295297347e-01
      vertex 6.2350628732e-01 4.5002841866e-01 7.1076307504e-01
    endloop
  endfacet
  facet normal 8.026783e-01 -4.576217e-01 3.824786e-01
    outer loop
      vertex 6.7405424859e-01 3.8430000000e-01 5.9835424859e-01
      vertex 6.8277786866e-01 4.1339656683e-01 6.1485964187e-01
      vertex 6.6128385501e-01 3.9219253728e-01 6.3459762493e-01
    endloop
  endfacet
  facet normal 8.294800e-01 -3.374572e-01 4.450681e-01
    outer loop
      vertex 6.8746712010e-01 4.4432702175e-01 6.2957214114e-01
      vertex 6.6766292459e-01 4.2276174630e-01 6.5013040501e-01
      vertex 6.8277786866e-01 4.1339656683e-01 6.1485964187e-01
    endloop
  endfacet
  facet normal 7.421000e-01 -4.202079e-01 5.222192e-01
    outer loop
      vertex 6.4384774006e-01 4.0296864896e-01 6.6804631307e-01
      vertex 6.6128385501e-01 3.9219253728e-01 6.3459762493e-01
      vertex 6.6766292459e-01 4.2276174630e-01 6.5013040501e-01
    endloop
  endfacet
  facet normal 8.016858e-01 -3.951751e-01 4.484825e-01
    outer loop
      vertex 6.8277786866e-01 4.1339656683e-01 6.1485964187e-01
      vertex 6.6766292459e-01 4.2276174630e-01 6.5013040501e-01
      vertex 6.6128385501e-01 3.9219253728e-01 6.3459762493e-01
    endloop
  endfacet
  facet normal 7.381036e-01 -2.173281e-01 6.387266e-01
    outer loop
      vertex 6.4731161119e-01 4.6914449109e-01 6.9454511939e-01
      vertex 6.4737746169e-01 4.3529885186e-01 6.8295297347e-01
      vertex 6.6996230731e-01 4.5604428359e-01 6.6391291478e-01
    endloop
  endfacet
  facet normal 7.312575e-01 -3.498255e-01 5.855635e-01
    outer loop
      vertex 6.4384774006e-01 4.0296864896e-01 6.6804631307e-01
      vertex 6.6766292459e-01 4.2276174630e-01 6.5013040501e-01
      vertex 6.4737746169e-01 4.3529885186e-01 6.8295297347e-01
    endloop
  endfacet
  facet normal 8.186344e-01 -2.670988e-01 5.084250e-01
    outer loop
      vertex 6.8746712010e-01 4.4432702175e-01 6.2957214114e-01
      vertex 6.6996230731e-01 4.5604428359e-01 6.6391291478e-01
      vertex 6.6766292459e-01 4.2276174630e-01 6.5013040501e-01
    endloop
  endfacet
  facet normal 7.591756e-01 -2.931085e-01 5.811538e-01
    outer loop
      vertex 6.4737746169e-01 4.3529885186e-01 6.8295297347e-01
      vertex 6.6766292459e-01 4.2276174630e-01 6.5013040501e-01
      vertex 6.6996230731e-01 4.5604428359e-01 6.6391291478e-01
    endloop
  endfacet
  facet normal 8.117845e-02 -5.462496e-01 8.336794e-01
    outer loop
      vertex 4.7180000000e-01 3.7786722197e-01 7.3376270209e-01
      vertex 4.9207157336e-01 3.5538949478e-01 7.1706076060e-01
      vertex 5.0460009470e-01 3.8818958948e-01 7.3733233397e-01
    endloop
  endfacet
  facet normal 1.614436e-01 -6.304608e-01 7.592464e-01
    outer loop
      vertex 5.1195550891e-01 3.3585488061e-01 6.9661161119e-01
      vertex 5.2505571641e-01 3.6648708522e-01 7.1926230731e-01
      vertex 4.9207157336e-01 3.5538949478e-01 7.1706076060e-01
    endloop
  endfacet
  facet normal 2.112210e-01 -5.001420e-01 8.397879e-01
    outer loop
      vertex 5.3677297825e-01 4.0082785886e-01 7.3676712010e-01
      vertex 5.0460009470e-01 3.8818958948e-01 7.3733233397e-01
      vertex 5.2505571641e-01 3.6648708522e-01 7.1926230731e-01
    endloop
  endfacet
  facet normal 1.327925e-01 -5.572841e-01 8.196344e-01
    outer loop
      vertex 4.9207157336e-01 3.5538949478e-01 7.1706076060e-01
      vertex 5.2505571641e-01 3.6648708522e-01 7.1926230731e-01
      vertex 5.0460009470e-01 3.8818958948e-01 7.3733233397e-01
    endloop
  endfacet
  facet normal 3.134218e-01 -7.599989e-01 5.693580e-01
    outer loop
      vertex 5.4905424859e-01 3.0704575141e-01 6.4610000000e-01
      vertex 5.6473700862e-01 3.3252330470e-01 6.7147523875e-01
      vertex 5.3107158134e-01 3.1963692496e-01 6.7280628732e-01
    endloop
  endfacet
  facet normal 3.717435e-01 -6.491008e-01 6.636828e-01
    outer loop
      vertex 5.7813135104e-01 3.6235368693e-01 6.9314774006e-01
      vertex 5.4580114814e-01 3.4744702653e-01 6.9667746169e-01
      vertex 5.6473700862e-01 3.3252330470e-01 6.7147523875e-01
    endloop
  endfacet
  facet normal 2.392192e-01 -7.022584e-01 6.705276e-01
    outer loop
      vertex 5.1195550891e-01 3.3585488061e-01 6.9661161119e-01
      vertex 5.3107158134e-01 3.1963692496e-01 6.7280628732e-01
      vertex 5.4580114814e-01 3.4744702653e-01 6.9667746169e-01
    endloop
  endfacet
  facet normal 2.962101e-01 -7.075762e-01 6.415571e-01
    outer loop
      vertex 5.6473700862e-01 3.3252330470e-01 6.7147523875e-01
      vertex 5.4580114814e-01 3.4744702653e-01 6.9667746169e-01
      vertex 5.3107158134e-01 3.1963692496e-01 6.7280628732e-01
    endloop
  endfacet
  facet normal 4.576217e-01 -3.824786e-01 8.026783e-01
    outer loop
      vertex 5.9680000000e-01 4.3204575141e-01 7.2335424859e-01
      vertex 5.6770343317e-01 4.1554035813e-01 7.3207786866e-01
      vertex 5.8890746272e-01 3.9580237507e-01 7.1058385501e-01
    endloop
  endfacet
  facet normal 3.374572e-01 -4.450681e-01 8.294800e-01
    outer loop
      vertex 5.3677297825e-01 4.0082785886e-01 7.3676712010e-01
      vertex 5.5833825370e-01 3.8026959499e-01 7.1696292459e-01
      vertex 5.6770343317e-01 4.1554035813e-01 7.3207786866e-01
    endloop
  endfacet
  facet normal 4.202079e-01 -5.222192e-01 7.421000e-01
    outer loop
      vertex 5.7813135104e-01 3.6235368693e-01 6.9314774006e-01
      vertex 5.8890746272e-01 3.9580237507e-01 7.1058385501e-01
      vertex 5.5833825370e-01 3.8026959499e-01 7.1696292459e-01
    endloop
  endfacet
  facet normal 3.951751e-01 -4.484825e-01 8.016858e-01
    outer loop
      vertex 5.6770343317e-01 4.1554035813e-01 7.3207786866e-01
      vertex 5.5833825370e-01 3.8026959499e-01 7.1696292459e-01
      vertex 5.8890746272e-01 3.9580237507e-01 7.1058385501e-01
    endloop
  endfacet
  facet normal 2.173281e-01 -6.387266e-01 7.381036e-01
    outer loop
      vertex 5.1195550891e-01 3.3585488061e-01 6.9661161119e-01
      vertex 5.4580114814e-01 3.4744702653e-01 6.9667746169e-01
      vertex 5.2505571641e-01 3.6648708522e-01 7.1926230731e-01
    endloop
  endfacet
  facet normal 3.498255e-01 -5.855635e-01 7.312575e-01
    outer loop
      vertex 5.7813135104e-01 3.6235368693e-01 6.9314774006e-01
      vertex 5.5833825370e-01 3.8026959499e-01 7.1696292459e-01
      vertex 5.4580114814e-01 3.4744702653e-01 6.9667746169e-01
    endloop
  endfacet
  facet normal 2.670988e-01 -5.084250e-01 8.186344e-01
    outer loop
      vertex 5.3677297825e-01 4.0082785886e-01 7.3676712010e-01
      vertex 5.2505571641e-01 3.6648708522e-01 7.1926230731e-01
      vertex 5.5833825370e-01 3.8026959499e-01 7.1696292459e-01
    endloop
  endfacet
  facet normal 2.931085e-01 -5.811538e-01 7.591756e-01
    outer loop
      vertex 5.4580114814e-01 3.4744702653e-01 6.9667746169e-01
      vertex 5.5833825370e-01 3.8026959499e-01 7.1696292459e-01
      vertex 5.2505571641e-01 3.6648708522e-01 7.1926230731e-01
    endloop
  endfacet
  facet normal 7.595136e-01 -5.263422e-01 3.822343e-01
    outer loop
      vertex 6.7405424859e-01 3.8430000000e-01 5.9835424859e-01
      vertex 6.6128385501e-01 3.9219253728e-01 6.3459762493e-01
      vertex 6.4857669530e-01 3.5892476125e-01 6.1403700862e-01
    endloop
  endfacet
  facet normal 6.990111e-01 -4.888946e-01 5.218865e-01
    outer loop
      vertex 6.4384774006e-01 4.0296864896e-01 6.6804631307e-01
      vertex 6.3344444795e-01 3.6823644706e-01 6.4944386031e-01
      vertex 6.6128385501e-01 3.9219253728e-01 6.3459762493e-01
    endloop
  endfacet
  facet normal 6.486873e-01 -6.206439e-01 4.404610e-01
    outer loop
      vertex 6.1874631307e-01 3.3725225994e-01 6.2743135104e-01
      vertex 6.4857669530e-01 3.5892476125e-01 6.1403700862e-01
      vertex 6.3344444795e-01 3.6823644706e-01 6.4944386031e-01
    endloop
  endfacet
  facet normal 7.084426e-01 -5.465636e-01 4.465169e-01
    outer loop
      vertex 6.6128385501e-01 3.9219253728e-01 6.3459762493e-01
      vertex 6.3344444795e-01 3.6823644706e-01 6.4944386031e-01
      vertex 6.4857669530e-01 3.5892476125e-01 6.1403700862e-01
    endloop
  endfacet
  facet normal 5.263422e-01 -3.822343e-01 7.595136e-01
    outer loop
      vertex 5.9680000000e-01 4.3204575141e-01 7.2335424859e-01
      vertex 5.8890746272e-01 3.9580237507e-01 7.1058385501e-01
      vertex 6.2217523875e-01 4.1636299138e-01 6.9787669530e-01
    endloop
  endfacet
  facet normal 4.888946e-01 -5.218865e-01 6.990111e-01
    outer loop
      vertex 5.7813135104e-01 3.6235368693e-01 6.9314774006e-01
      vertex 6.1286355294e-01 3.8095613969e-01 6.8274444795e-01
      vertex 5.8890746272e-01 3.9580237507e-01 7.1058385501e-01
    endloop
  endfacet
  facet normal 6.206439e-01 -4.404610e-01 6.486873e-01
    outer loop
      vertex 6.4384774006e-01 4.0296864896e-01 6.6804631307e-01
      vertex 6.2217523875e-01 4.1636299138e-01 6.9787669530e-01
      vertex 6.1286355294e-01 3.8095613969e-01 6.8274444795e-01
    endloop
  endfacet
  facet normal 5.465636e-01 -4.465169e-01 7.084426e-01
    outer loop
      vertex 5.8890746272e-01 3.9580237507e-01 7.1058385501e-01
      vertex 6.1286355294e-01 3.8095613969e-01 6.8274444795e-01
      vertex 6.2217523875e-01 4.1636299138e-01 6.9787669530e-01
    endloop
  endfacet
  facet normal 3.822343e-01 -7.595136e-01 5.263422e-01
    outer loop
      vertex 5.4905424859e-01 3.0704575141e-01 6.4610000000e-01
      vertex 5.8529762493e-01 3.1981614499e-01 6.3820746272e-01
      vertex 5.6473700862e-01 3.3252330470e-01 6.7147523875e-01
    endloop
  endfacet
  facet normal 5.218865e-01 -6.990111e-01 4.888946e-01
    outer loop
      vertex 6.1874631307e-01 3.3725225994e-01 6.2743135104e-01
      vertex 6.0014386031e-01 3.4765555205e-01 6.6216355294e-01
      vertex 5.8529762493e-01 3.1981614499e-01 6.3820746272e-01
    endloop
  endfacet
  facet normal 4.404610e-01 -6.486873e-01 6.206439e-01
    outer loop
      vertex 5.7813135104e-01 3.6235368693e-01 6.9314774006e-01
      vertex 5.6473700862e-01 3.3252330470e-01 6.7147523875e-01
      vertex 6.0014386031e-01 3.4765555205e-01 6.6216355294e-01
    endloop
  endfacet
  facet normal 4.465169e-01 -7.084426e-01 5.465636e-01
    outer loop
      vertex 5.8529762493e-01 3.1981614499e-01 6.3820746272e-01
      vertex 6.0014386031e-01 3.4765555205e-01 6.6216355294e-01
      vertex 5.6473700862e-01 3.3252330470e-01 6.7147523875e-01
    endloop
  endfacet
  facet normal 6.354715e-01 -5.037511e-01 5.851588e-01
    outer loop
      vertex 6.4384774006e-01 4.0296864896e-01 6.6804631307e-01
      vertex 6.1286355294e-01 3.8095613969e-01 6.8274444795e-01
      vertex 6.3344444795e-01 3.6823644706e-01 6.4944386031e-01
    endloop
  endfacet
  facet normal 5.037511e-01 -5.851588e-01 6.354715e-01
    outer loop
      vertex 5.7813135104e-01 3.6235368693e-01 6.9314774006e-01
      vertex 6.0014386031e-01 3.4765555205e-01 6.6216355294e-01
      vertex 6.1286355294e-01 3.8095613969e-01 6.8274444795e-01
    endloop
  endfacet
  facet normal 5.851588e-01 -6.354715e-01 5.037511e-01
    outer loop
      vertex 6.1874631307e-01 3.3725225994e-01 6.2743135104e-01
      vertex 6.3344444795e-01 3.6823644706e-01 6.4944386031e-01
      vertex 6.0014386031e-01 3.4765555205e-01 6.6216355294e-01
    endloop
  endfacet
  facet normal 5.773503e-01 -5.773503e-01 5.773503e-01
    outer loop
      vertex 6.1286355294e-01 3.8095613969e-01 6.8274444795e-01
      vertex 6.0014386031e-01 3.4765555205e-01 6.6216355294e-01
      vertex 6.3344444795e-01 3.6823644706e-01 6.4944386031e-01
    endloop
  endfacet
  facet normal 4.650712e-01 -8.838505e-01 5.017104e-02
    outer loop
      vertex 6.0323277803e-01 2.9663729791e-01 5.2110000000e-01
      vertex 5.9291041052e-01 2.9306766603e-01 5.5390009470e-01
      vertex 5.7263883715e-01 2.8053914469e-01 5.2110000000e-01
    endloop
  endfacet
  facet normal 4.192398e-01 -8.897882e-01 1.803191e-01
    outer loop
      vertex 5.8027214114e-01 2.9363287990e-01 5.8607297825e-01
      vertex 5.6135719837e-01 2.7822384985e-01 5.5401384284e-01
      vertex 5.9291041052e-01 2.9306766603e-01 5.5390009470e-01
    endloop
  endfacet
  facet normal 3.386983e-01 -9.395655e-01 5.000027e-02
    outer loop
      vertex 5.4011663223e-01 2.6881541055e-01 5.2110000000e-01
      vertex 5.7263883715e-01 2.8053914469e-01 5.2110000000e-01
      vertex 5.6135719837e-01 2.7822384985e-01 5.5401384284e-01
    endloop
  endfacet
  facet normal 4.244916e-01 -9.017047e-01 8.207030e-02
    outer loop
      vertex 5.9291041052e-01 2.9306766603e-01 5.5390009470e-01
      vertex 5.6135719837e-01 2.7822384985e-01 5.5401384284e-01
      vertex 5.7263883715e-01 2.8053914469e-01 5.2110000000e-01
    endloop
  endfacet
  facet normal 3.023772e-01 -8.521837e-01 4.270257e-01
    outer loop
      vertex 5.4905424859e-01 3.0704575141e-01 6.4610000000e-01
      vertex 5.3146923258e-01 2.8654836895e-01 6.1764684640e-01
      vertex 5.6555964187e-01 2.9832213134e-01 6.1700343317e-01
    endloop
  endfacet
  facet normal 2.288929e-01 -9.233856e-01 3.081672e-01
    outer loop
      vertex 5.1241496203e-01 2.7153587093e-01 5.8681638901e-01
      vertex 5.4711471977e-01 2.8023895620e-01 5.8712068766e-01
      vertex 5.3146923258e-01 2.8654836895e-01 6.1764684640e-01
    endloop
  endfacet
  facet normal 3.648012e-01 -8.790876e-01 3.067980e-01
    outer loop
      vertex 5.8027214114e-01 2.9363287990e-01 5.8607297825e-01
      vertex 5.6555964187e-01 2.9832213134e-01 6.1700343317e-01
      vertex 5.4711471977e-01 2.8023895620e-01 5.8712068766e-01
    endloop
  endfacet
  facet normal 3.124011e-01 -8.857887e-01 3.431966e-01
    outer loop
      vertex 5.3146923258e-01 2.8654836895e-01 6.1764684640e-01
      vertex 5.4711471977e-01 2.8023895620e-01 5.8712068766e-01
      vertex 5.6555964187e-01 2.9832213134e-01 6.1700343317e-01
    endloop
  endfacet
  facet normal 6.905681e-02 -9.963836e-01 4.950537e-02
    outer loop
      vertex 4.7180000000e-01 2.5930000000e-01 5.2110000000e-01
      vertex 5.0628806053e-01 2.6169027951e-01 5.2110000000e-01
      vertex 4.9236061632e-01 2.6237791485e-01 5.5436777604e-01
    endloop
  endfacet
  facet normal 2.058489e-01 -9.773256e-01 4.960764e-02
    outer loop
      vertex 5.4011663223e-01 2.6881541055e-01 5.2110000000e-01
      vertex 5.2682925687e-01 2.6770185065e-01 5.5429811921e-01
      vertex 5.0628806053e-01 2.6169027951e-01 5.2110000000e-01
    endloop
  endfacet
  facet normal 1.504758e-01 -9.718501e-01 1.812856e-01
    outer loop
      vertex 5.1241496203e-01 2.7153587093e-01 5.8681638901e-01
      vertex 4.9236061632e-01 2.6237791485e-01 5.5436777604e-01
      vertex 5.2682925687e-01 2.6770185065e-01 5.5429811921e-01
    endloop
  endfacet
  facet normal 1.522724e-01 -9.847537e-01 8.410292e-02
    outer loop
      vertex 5.0628806053e-01 2.6169027951e-01 5.2110000000e-01
      vertex 5.2682925687e-01 2.6770185065e-01 5.5429811921e-01
      vertex 4.9236061632e-01 2.6237791485e-01 5.5436777604e-01
    endloop
  endfacet
  facet normal 3.716277e-01 -9.031797e-01 2.148469e-01
    outer loop
      vertex 5.8027214114e-01 2.9363287990e-01 5.8607297825e-01
      vertex 5.4711471977e-01 2.8023895620e-01 5.8712068766e-01
      vertex 5.6135719837e-01 2.7822384985e-01 5.5401384284e-01
    endloop
  endfacet
  facet normal 2.357379e-01 -9.474616e-01 2.162041e-01
    outer loop
      vertex 5.1241496203e-01 2.7153587093e-01 5.8681638901e-01
      vertex 5.2682925687e-01 2.6770185065e-01 5.5429811921e-01
      vertex 5.4711471977e-01 2.8023895620e-01 5.8712068766e-01
    endloop
  endfacet
  facet normal 2.910970e-01 -9.529505e-01 8.454536e-02
    outer loop
      vertex 5.4011663223e-01 2.6881541055e-01 5.2110000000e-01
      vertex 5.6135719837e-01 2.7822384985e-01 5.5401384284e-01
      vertex 5.2682925687e-01 2.6770185065e-01 5.5429811921e-01
    endloop
  endfacet
  facet normal 2.880454e-01 -9.403266e-01 1.811510e-01
    outer loop
      vertex 5.4711471977e-01 2.8023895620e-01 5.8712068766e-01
      vertex 5.2682925687e-01 2.6770185065e-01 5.5429811921e-01
      vertex 5.6135719837e-01 2.7822384985e-01 5.5401384284e-01
    endloop
  endfacet
  facet normal 0.000000e+00 -5.964207e-01 8.026720e-01
    outer loop
      vertex 4.7180000000e-01 3.7786722197e-01 7.3376270209e-01
      vertex 4.5152842664e-01 3.5538949478e-01 7.1706076060e-01
      vertex 4.9207157336e-01 3.5538949478e-01 7.1706076060e-01
    endloop
  endfacet
  facet normal -8.054149e-02 -6.804611e-01 7.283445e-01
    outer loop
      vertex 4.3164449109e-01 3.3585488061e-01 6.9661161119e-01
      vertex 4.7180000000e-01 3.3357324238e-01 6.9892043374e-01
      vertex 4.5152842664e-01 3.5538949478e-01 7.1706076060e-01
    endloop
  endfacet
  facet normal 8.054149e-02 -6.804611e-01 7.283445e-01
    outer loop
      vertex 5.1195550891e-01 3.3585488061e-01 6.9661161119e-01
      vertex 4.9207157336e-01 3.5538949478e-01 7.1706076060e-01
      vertex 4.7180000000e-01 3.3357324238e-01 6.9892043374e-01
    endloop
  endfacet
  facet normal 0.000000e+00 -6.393544e-01 7.689122e-01
    outer loop
      vertex 4.5152842664e-01 3.5538949478e-01 7.1706076060e-01
      vertex 4.7180000000e-01 3.3357324238e-01 6.9892043374e-01
      vertex 4.9207157336e-01 3.5538949478e-01 7.1706076060e-01
    endloop
  endfacet
  facet normal -2.333204e-01 -8.095043e-01 5.387620e-01
    outer loop
      vertex 3.9454575141e-01 3.0704575141e-01 6.4610000000e-01
      vertex 4.3269138374e-01 2.9925552867e-01 6.5091462243e-01
      vertex 4.1252841866e-01 3.1963692496e-01 6.7280628732e-01
    endloop
  endfacet
  facet normal -7.841715e-02 -8.303865e-01 5.516422e-01
    outer loop
      vertex 4.7180000000e-01 2.9663729791e-01 6.5253277803e-01
      vertex 4.5151453710e-01 3.1424890732e-01 6.7615989565e-01
      vertex 4.3269138374e-01 2.9925552867e-01 6.5091462243e-01
    endloop
  endfacet
  facet normal -1.589524e-01 -7.518660e-01 6.398684e-01
    outer loop
      vertex 4.3164449109e-01 3.3585488061e-01 6.9661161119e-01
      vertex 4.1252841866e-01 3.1963692496e-01 6.7280628732e-01
      vertex 4.5151453710e-01 3.1424890732e-01 6.7615989565e-01
    endloop
  endfacet
  facet normal -1.601287e-01 -7.916792e-01 5.895786e-01
    outer loop
      vertex 4.3269138374e-01 2.9925552867e-01 6.5091462243e-01
      vertex 4.5151453710e-01 3.1424890732e-01 6.7615989565e-01
      vertex 4.1252841866e-01 3.1963692496e-01 6.7280628732e-01
    endloop
  endfacet
  facet normal 2.333204e-01 -8.095043e-01 5.387620e-01
    outer loop
      vertex 5.4905424859e-01 3.0704575141e-01 6.4610000000e-01
      vertex 5.3107158134e-01 3.1963692496e-01 6.7280628732e-01
      vertex 5.1090861626e-01 2.9925552867e-01 6.5091462243e-01
    endloop
  endfacet
  facet normal 1.589524e-01 -7.518660e-01 6.398684e-01
    outer loop
      vertex 5.1195550891e-01 3.3585488061e-01 6.9661161119e-01
      vertex 4.9208546290e-01 3.1424890732e-01 6.7615989565e-01
      vertex 5.3107158134e-01 3.1963692496e-01 6.7280628732e-01
    endloop
  endfacet
  facet normal 7.841715e-02 -8.303865e-01 5.516422e-01
    outer loop
      vertex 4.7180000000e-01 2.9663729791e-01 6.5253277803e-01
      vertex 5.1090861626e-01 2.9925552867e-01 6.5091462243e-01
      vertex 4.9208546290e-01 3.1424890732e-01 6.7615989565e-01
    endloop
  endfacet
  facet normal 1.601287e-01 -7.916792e-01 5.895786e-01
    outer loop
      vertex 5.3107158134e-01 3.1963692496e-01 6.7280628732e-01
      vertex 4.9208546290e-01 3.1424890732e-01 6.7615989565e-01
      vertex 5.1090861626e-01 2.9925552867e-01 6.5091462243e-01
    endloop
  endfacet
  facet normal -8.053079e-02 -7.232719e-01 6.858517e-01
    outer loop
      vertex 4.3164449109e-01 3.3585488061e-01 6.9661161119e-01
      vertex 4.5151453710e-01 3.1424890732e-01 6.7615989565e-01
      vertex 4.7180000000e-01 3.3357324238e-01 6.9892043374e-01
    endloop
  endfacet
  facet normal 0.000000e+00 -8.017675e-01 5.976360e-01
    outer loop
      vertex 4.7180000000e-01 2.9663729791e-01 6.5253277803e-01
      vertex 4.9208546290e-01 3.1424890732e-01 6.7615989565e-01
      vertex 4.5151453710e-01 3.1424890732e-01 6.7615989565e-01
    endloop
  endfacet
  facet normal 8.053079e-02 -7.232719e-01 6.858517e-01
    outer loop
      vertex 5.1195550891e-01 3.3585488061e-01 6.9661161119e-01
      vertex 4.7180000000e-01 3.3357324238e-01 6.9892043374e-01
      vertex 4.9208546290e-01 3.1424890732e-01 6.7615989565e-01
    endloop
  endfacet
  facet normal 0.000000e+00 -7.623048e-01 6.472182e-01
    outer loop
      vertex 4.5151453710e-01 3.1424890732e-01 6.7615989565e-01
      vertex 4.9208546290e-01 3.1424890732e-01 6.7615989565e-01
      vertex 4.7180000000e-01 3.3357324238e-01 6.9892043374e-01
    endloop
  endfacet
  facet normal -4.650712e-01 -8.838505e-01 5.017104e-02
    outer loop
      vertex 3.4036722197e-01 2.9663729791e-01 5.2110000000e-01
      vertex 3.7096116285e-01 2.8053914469e-01 5.2110000000e-01
      vertex 3.5068958948e-01 2.9306766603e-01 5.5390009470e-01
    endloop
  endfacet
  facet normal -3.386983e-01 -9.395655e-01 5.000027e-02
    outer loop
      vertex 4.0348336777e-01 2.6881541055e-01 5.2110000000e-01
      vertex 3.8224280163e-01 2.7822384985e-01 5.5401384284e-01
      vertex 3.7096116285e-01 2.8053914469e-01 5.2110000000e-01
    endloop
  endfacet
  facet normal -4.192398e-01 -8.897882e-01 1.803191e-01
    outer loop
      vertex 3.6332785886e-01 2.9363287990e-01 5.8607297825e-01
      vertex 3.5068958948e-01 2.9306766603e-01 5.5390009470e-01
      vertex 3.8224280163e-01 2.7822384985e-01 5.5401384284e-01
    endloop
  endfacet
  facet normal -4.244916e-01 -9.017047e-01 8.207030e-02
    outer loop
      vertex 3.7096116285e-01 2.8053914469e-01 5.2110000000e-01
      vertex 3.8224280163e-01 2.7822384985e-01 5.5401384284e-01
      vertex 3.5068958948e-01 2.9306766603e-01 5.5390009470e-01
    endloop
  endfacet
  facet normal -6.905681e-02 -9.963836e-01 4.950537e-02
    outer loop
      vertex 4.7180000000e-01 2.5930000000e-01 5.2110000000e-01
      vertex 4.5123938368e-01 2.6237791485e-01 5.5436777604e-01
      vertex 4.3731193947e-01 2.6169027951e-01 5.2110000000e-01
    endloop
  endfacet
  facet normal -1.504758e-01 -9.718501e-01 1.812856e-01
    outer loop
      vertex 4.3118503797e-01 2.7153587093e-01 5.8681638901e-01
      vertex 4.1677074313e-01 2.6770185065e-01 5.5429811921e-01
      vertex 4.5123938368e-01 2.6237791485e-01 5.5436777604e-01
    endloop
  endfacet
  facet normal -2.058489e-01 -9.773256e-01 4.960764e-02
    outer loop
      vertex 4.0348336777e-01 2.6881541055e-01 5.2110000000e-01
      vertex 4.3731193947e-01 2.6169027951e-01 5.2110000000e-01
      vertex 4.1677074313e-01 2.6770185065e-01 5.5429811921e-01
    endloop
  endfacet
  facet normal -1.522724e-01 -9.847537e-01 8.410292e-02
    outer loop
      vertex 4.5123938368e-01 2.6237791485e-01 5.5436777604e-01
      vertex 4.1677074313e-01 2.6770185065e-01 5.5429811921e-01
      vertex 4.3731193947e-01 2.6169027951e-01 5.2110000000e-01
    endloop
  endfacet
  facet normal -3.023772e-01 -8.521837e-01 4.270257e-01
    outer loop
      vertex 3.9454575141e-01 3.0704575141e-01 6.4610000000e-01
      vertex 3.7804035813e-01 2.9832213134e-01 6.1700343317e-01
      vertex 4.1213076742e-01 2.8654836895e-01 6.1764684640e-01
    endloop
  endfacet
  facet normal -3.648012e-01 -8.790876e-01 3.067980e-01
    outer loop
      vertex 3.6332785886e-01 2.9363287990e-01 5.8607297825e-01
      vertex 3.9648528023e-01 2.8023895620e-01 5.8712068766e-01
      vertex 3.7804035813e-01 2.9832213134e-01 6.1700343317e-01
    endloop
  endfacet
  facet normal -2.288929e-01 -9.233856e-01 3.081672e-01
    outer loop
      vertex 4.3118503797e-01 2.7153587093e-01 5.8681638901e-01
      vertex 4.1213076742e-01 2.8654836895e-01 6.1764684640e-01
      vertex 3.9648528023e-01 2.8023895620e-01 5.8712068766e-01
    endloop
  endfacet
  facet normal -3.124011e-01 -8.857887e-01 3.431966e-01
    outer loop
      vertex 3.7804035813e-01 2.9832213134e-01 6.1700343317e-01
      vertex 3.9648528023e-01 2.8023895620e-01 5.8712068766e-01
      vertex 4.1213076742e-01 2.8654836895e-01 6.1764684640e-01
    endloop
  endfacet
  facet normal -2.910970e-01 -9.529505e-01 8.454536e-02
    outer loop
      vertex 4.0348336777e-01 2.6881541055e-01 5.2110000000e-01
      vertex 4.1677074313e-01 2.6770185065e-01 5.5429811921e-01
      vertex 3.8224280163e-01 2.7822384985e-01 5.5401384284e-01
    endloop
  endfacet
  facet normal -2.357379e-01 -9.474616e-01 2.162041e-01
    outer loop
      vertex 4.3118503797e-01 2.7153587093e-01 5.8681638901e-01
      vertex 3.9648528023e-01 2.8023895620e-01 5.8712068766e-01
      vertex 4.1677074313e-01 2.6770185065e-01 5.5429811921e-01
    endloop
  endfacet
  facet normal -3.716277e-01 -9.031797e-01 2.148469e-01
    outer loop
      vertex 3.6332785886e-01 2.9363287990e-01 5.8607297825e-01
      vertex 3.8224280163e-01 2.7822384985e-01 5.5401384284e-01
      vertex 3.9648528023e-01 2.8023895620e-01 5.8712068766e-01
    endloop
  endfacet
  facet normal -2.880454e-01 -9.403266e-01 1.811510e-01
    outer loop
      vertex 4.1677074313e-01 2.6770185065e-01 5.5429811921e-01
      vertex 3.9648528023e-01 2.8023895620e-01 5.8712068766e-01
      vertex 3.8224280163e-01 2.7822384985e-01 5.5401384284e-01
    endloop
  endfacet
  facet normal 2.331714e-01 -8.516395e-01 4.694052e-01
    outer loop
      vertex 5.4905424859e-01 3.0704575141e-01 6.4610000000e-01
      vertex 5.1090861626e-01 2.9925552867e-01 6.5091462243e-01
      vertex 5.3146923258e-01 2.8654836895e-01 6.1764684640e-01
    endloop
  endfacet
  facet normal 7.836719e-02 -8.724736e-01 4.823363e-01
    outer loop
      vertex 4.7180000000e-01 2.9663729791e-01 6.5253277803e-01
      vertex 4.9238089501e-01 2.8105437677e-01 6.2100176293e-01
      vertex 5.1090861626e-01 2.9925552867e-01 6.5091462243e-01
    endloop
  endfacet
  facet normal 1.597927e-01 -9.227974e-01 3.505871e-01
    outer loop
      vertex 5.1241496203e-01 2.7153587093e-01 5.8681638901e-01
      vertex 5.3146923258e-01 2.8654836895e-01 6.1764684640e-01
      vertex 4.9238089501e-01 2.8105437677e-01 6.2100176293e-01
    endloop
  endfacet
  facet normal 1.618790e-01 -8.843585e-01 4.378416e-01
    outer loop
      vertex 5.1090861626e-01 2.9925552867e-01 6.5091462243e-01
      vertex 4.9238089501e-01 2.8105437677e-01 6.2100176293e-01
      vertex 5.3146923258e-01 2.8654836895e-01 6.1764684640e-01
    endloop
  endfacet
  facet normal -2.331714e-01 -8.516395e-01 4.694052e-01
    outer loop
      vertex 3.9454575141e-01 3.0704575141e-01 6.4610000000e-01
      vertex 4.1213076742e-01 2.8654836895e-01 6.1764684640e-01
      vertex 4.3269138374e-01 2.9925552867e-01 6.5091462243e-01
    endloop
  endfacet
  facet normal -1.597927e-01 -9.227974e-01 3.505871e-01
    outer loop
      vertex 4.3118503797e-01 2.7153587093e-01 5.8681638901e-01
      vertex 4.5121910499e-01 2.8105437677e-01 6.2100176293e-01
      vertex 4.1213076742e-01 2.8654836895e-01 6.1764684640e-01
    endloop
  endfacet
  facet normal -7.836719e-02 -8.724736e-01 4.823363e-01
    outer loop
      vertex 4.7180000000e-01 2.9663729791e-01 6.5253277803e-01
      vertex 4.3269138374e-01 2.9925552867e-01 6.5091462243e-01
      vertex 4.5121910499e-01 2.8105437677e-01 6.2100176293e-01
    endloop
  endfacet
  facet normal -1.618790e-01 -8.843585e-01 4.378416e-01
    outer loop
      vertex 4.1213076742e-01 2.8654836895e-01 6.1764684640e-01
      vertex 4.5121910499e-01 2.8105437677e-01 6.2100176293e-01
      vertex 4.3269138374e-01 2.9925552867e-01 6.5091462243e-01
    endloop
  endfacet
  facet normal 0.000000e+00 -9.957474e-01 9.212595e-02
    outer loop
      vertex 4.7180000000e-01 2.5930000000e-01 5.2110000000e-01
      vertex 4.9236061632e-01 2.6237791485e-01 5.5436777604e-01
      vertex 4.5123938368e-01 2.6237791485e-01 5.5436777604e-01
    endloop
  endfacet
  facet normal 8.142553e-02 -9.712310e-01 2.237863e-01
    outer loop
      vertex 5.1241496203e-01 2.7153587093e-01 5.8681638901e-01
      vertex 4.7180000000e-01 2.6833468413e-01 5.8770117528e-01
      vertex 4.9236061632e-01 2.6237791485e-01 5.5436777604e-01
    endloop
  endfacet
  facet normal -8.142553e-02 -9.712310e-01 2.237863e-01
    outer loop
      vertex 4.3118503797e-01 2.7153587093e-01 5.8681638901e-01
      vertex 4.5123938368e-01 2.6237791485e-01 5.5436777604e-01
      vertex 4.7180000000e-01 2.6833468413e-01 5.8770117528e-01
    endloop
  endfacet
  facet normal 0.000000e+00 -9.844052e-01 1.759159e-01
    outer loop
      vertex 4.9236061632e-01 2.6237791485e-01 5.5436777604e-01
      vertex 4.7180000000e-01 2.6833468413e-01 5.8770117528e-01
      vertex 4.5123938368e-01 2.6237791485e-01 5.5436777604e-01
    endloop
  endfacet
  facet normal 0.000000e+00 -8.964941e-01 4.430557e-01
    outer loop
      vertex 4.7180000000e-01 2.9663729791e-01 6.5253277803e-01
      vertex 4.5121910499e-01 2.8105437677e-01 6.2100176293e-01
      vertex 4.9238089501e-01 2.8105437677e-01 6.2100176293e-01
    endloop
  endfacet
  facet normal -8.140770e-02 -9.468068e-01 3.113353e-01
    outer loop
      vertex 4.3118503797e-01 2.7153587093e-01 5.8681638901e-01
      vertex 4.7180000000e-01 2.6833468413e-01 5.8770117528e-01
      vertex 4.5121910499e-01 2.8105437677e-01 6.2100176293e-01
    endloop
  endfacet
  facet normal 8.140770e-02 -9.468068e-01 3.113353e-01
    outer loop
      vertex 5.1241496203e-01 2.7153587093e-01 5.8681638901e-01
      vertex 4.9238089501e-01 2.8105437677e-01 6.2100176293e-01
      vertex 4.7180000000e-01 2.6833468413e-01 5.8770117528e-01
    endloop
  endfacet
  facet normal 0.000000e+00 -9.341724e-01 3.568221e-01
    outer loop
      vertex 4.5121910499e-01 2.8105437677e-01 6.2100176293e-01
      vertex 4.7180000000e-01 2.6833468413e-01 5.8770117528e-01
      vertex 4.9238089501e-01 2.8105437677e-01 6.2100176293e-01
    endloop
  endfacet
  facet normal 4.650712e-01 -8.838505e-01 -5.017104e-02
    outer loop
      vertex 6.0323277803e-01 2.9663729791e-01 5.2110000000e-01
      vertex 5.7263883715e-01 2.8053914469e-01 5.2110000000e-01
      vertex 5.9291041052e-01 2.9306766603e-01 4.8829990530e-01
    endloop
  endfacet
  facet normal 3.386983e-01 -9.395655e-01 -5.000027e-02
    outer loop
      vertex 5.4011663223e-01 2.6881541055e-01 5.2110000000e-01
      vertex 5.6135719837e-01 2.7822384985e-01 4.8818615716e-01
      vertex 5.7263883715e-01 2.8053914469e-01 5.2110000000e-01
    endloop
  endfacet
  facet normal 4.192398e-01 -8.897882e-01 -1.803191e-01
    outer loop
      vertex 5.8027214114e-01 2.9363287990e-01 4.5612702175e-01
      vertex 5.9291041052e-01 2.9306766603e-01 4.8829990530e-01
      vertex 5.6135719837e-01 2.7822384985e-01 4.8818615716e-01
    endloop
  endfacet
  facet normal 4.244916e-01 -9.017047e-01 -8.207030e-02
    outer loop
      vertex 5.7263883715e-01 2.8053914469e-01 5.2110000000e-01
      vertex 5.6135719837e-01 2.7822384985e-01 4.8818615716e-01
      vertex 5.9291041052e-01 2.9306766603e-01 4.8829990530e-01
    endloop
  endfacet
  facet normal 6.905681e-02 -9.963836e-01 -4.950537e-02
    outer loop
      vertex 4.7180000000e-01 2.5930000000e-01 5.2110000000e-01
      vertex 4.9236061632e-01 2.6237791485e-01 4.8783222396e-01
      vertex 5.0628806053e-01 2.6169027951e-01 5.2110000000e-01
    endloop
  endfacet
  facet normal 1.504758e-01 -9.718501e-01 -1.812856e-01
    outer loop
      vertex 5.1241496203e-01 2.7153587093e-01 4.5538361099e-01
      vertex 5.2682925687e-01 2.6770185065e-01 4.8790188079e-01
      vertex 4.9236061632e-01 2.6237791485e-01 4.8783222396e-01
    endloop
  endfacet
  facet normal 2.058489e-01 -9.773256e-01 -4.960764e-02
    outer loop
      vertex 5.4011663223e-01 2.6881541055e-01 5.2110000000e-01
      vertex 5.0628806053e-01 2.6169027951e-01 5.2110000000e-01
      vertex 5.2682925687e-01 2.6770185065e-01 4.8790188079e-01
    endloop
  endfacet
  facet normal 1.522724e-01 -9.847537e-01 -8.410292e-02
    outer loop
      vertex 4.9236061632e-01 2.6237791485e-01 4.8783222396e-01
      vertex 5.2682925687e-01 2.6770185065e-01 4.8790188079e-01
      vertex 5.0628806053e-01 2.6169027951e-01 5.2110000000e-01
    endloop
  endfacet
  facet normal 3.023772e-01 -8.521837e-01 -4.270257e-01
    outer loop
      vertex 5.4905424859e-01 3.0704575141e-01 3.9610000000e-01
      vertex 5.6555964187e-01 2.9832213134e-01 4.2519656683e-01
      vertex 5.3146923258e-01 2.8654836895e-01 4.2455315360e-01
    endloop
  endfacet
  facet normal 3.648012e-01 -8.790876e-01 -3.067980e-01
    outer loop
      vertex 5.8027214114e-01 2.9363287990e-01 4.5612702175e-01
      vertex 5.4711471977e-01 2.8023895620e-01 4.5507931234e-01
      vertex 5.6555964187e-01 2.9832213134e-01 4.2519656683e-01
    endloop
  endfacet
  facet normal 2.288929e-01 -9.233856e-01 -3.081672e-01
    outer loop
      vertex 5.1241496203e-01 2.7153587093e-01 4.5538361099e-01
      vertex 5.3146923258e-01 2.8654836895e-01 4.2455315360e-01
      vertex 5.4711471977e-01 2.8023895620e-01 4.5507931234e-01
    endloop
  endfacet
  facet normal 3.124011e-01 -8.857887e-01 -3.431966e-01
    outer loop
      vertex 5.6555964187e-01 2.9832213134e-01 4.2519656683e-01
      vertex 5.4711471977e-01 2.8023895620e-01 4.5507931234e-01
      vertex 5.3146923258e-01 2.8654836895e-01 4.2455315360e-01
    endloop
  endfacet
  facet normal 2.910970e-01 -9.529505e-01 -8.454536e-02
    outer loop
      vertex 5.4011663223e-01 2.6881541055e-01 5.2110000000e-01
      vertex 5.2682925687e-01 2.6770185065e-01 4.8790188079e-01
      vertex 5.6135719837e-01 2.7822384985e-01 4.8818615716e-01
    endloop
  endfacet
  facet normal 2.357379e-01 -9.474616e-01 -2.162041e-01
    outer loop
      vertex 5.1241496203e-01 2.7153587093e-01 4.5538361099e-01
      vertex 5.4711471977e-01 2.8023895620e-01 4.5507931234e-01
      vertex 5.2682925687e-01 2.6770185065e-01 4.8790188079e-01
    endloop
  endfacet
  facet normal 3.716277e-01 -9.031797e-01 -2.148469e-01
    outer loop
      vertex 5.8027214114e-01 2.9363287990e-01 4.5612702175e-01
      vertex 5.6135719837e-01 2.7822384985e-01 4.8818615716e-01
      vertex 5.4711471977e-01 2.8023895620e-01 4.5507931234e-01
    endloop
  endfacet
  facet normal 2.880454e-01 -9.403266e-01 -1.811510e-01
    outer loop
      vertex 5.2682925687e-01 2.6770185065e-01 4.8790188079e-01
      vertex 5.4711471977e-01 2.8023895620e-01 4.5507931234e-01
      vertex 5.6135719837e-01 2.7822384985e-01 4.8818615716e-01
    endloop
  endfacet
  facet normal -4.650712e-01 -8.838505e-01 -5.017104e-02
    outer loop
      vertex 3.4036722197e-01 2.9663729791e-01 5.2110000000e-01
      vertex 3.5068958948e-01 2.9306766603e-01 4.8829990530e-01
      vertex 3.7096116285e-01 2.8053914469e-01 5.2110000000e-01
    endloop
  endfacet
  facet normal -4.192398e-01 -8.897882e-01 -1.803191e-01
    outer loop
      vertex 3.6332785886e-01 2.9363287990e-01 4.5612702175e-01
      vertex 3.8224280163e-01 2.7822384985e-01 4.8818615716e-01
      vertex 3.5068958948e-01 2.9306766603e-01 4.8829990530e-01
    endloop
  endfacet
  facet normal -3.386983e-01 -9.395655e-01 -5.000027e-02
    outer loop
      vertex 4.0348336777e-01 2.6881541055e-01 5.2110000000e-01
      vertex 3.7096116285e-01 2.8053914469e-01 5.2110000000e-01
      vertex 3.8224280163e-01 2.7822384985e-01 4.8818615716e-01
    endloop
  endfacet
  facet normal -4.244916e-01 -9.017047e-01 -8.207030e-02
    outer loop
      vertex 3.5068958948e-01 2.9306766603e-01 4.8829990530e-01
      vertex 3.8224280163e-01 2.7822384985e-01 4.8818615716e-01
      vertex 3.7096116285e-01 2.8053914469e-01 5.2110000000e-01
    endloop
  endfacet
  facet normal -3.023772e-01 -8.521837e-01 -4.270257e-01
    outer loop
      vertex 3.9454575141e-01 3.0704575141e-01 3.9610000000e-01
      vertex 4.1213076742e-01 2.8654836895e-01 4.2455315360e-01
      vertex 3.7804035813e-01 2.9832213134e-01 4.2519656683e-01
    endloop
  endfacet
  facet normal -2.288929e-01 -9.233856e-01 -3.081672e-01
    outer loop
      vertex 4.3118503797e-01 2.7153587093e-01 4.5538361099e-01
      vertex 3.9648528023e-01 2.8023895620e-01 4.5507931234e-01
      vertex 4.1213076742e-01 2.8654836895e-01 4.2455315360e-01
    endloop
  endfacet
  facet normal -3.648012e-01 -8.790876e-01 -3.067980e-01
    outer loop
      vertex 3.6332785886e-01 2.9363287990e-01 4.5612702175e-01
      vertex 3.7804035813e-01 2.9832213134e-01 4.2519656683e-01
      vertex 3.9648528023e-01 2.8023895620e-01 4.5507931234e-01
    endloop
  endfacet
  facet normal -3.124011e-01 -8.857887e-01 -3.431966e-01
    outer loop
      vertex 4.1213076742e-01 2.8654836895e-01 4.2455315360e-01
      vertex 3.9648528023e-01 2.8023895620e-01 4.5507931234e-01
      vertex 3.7804035813e-01 2.9832213134e-01 4.2519656683e-01
    endloop
  endfacet
  facet normal -6.905681e-02 -9.963836e-01 -4.950537e-02
    outer loop
      vertex 4.7180000000e-01 2.5930000000e-01 5.2110000000e-01
      vertex 4.3731193947e-01 2.6169027951e-01 5.2110000000e-01
      vertex 4.5123938368e-01 2.6237791485e-01 4.8783222396e-01
    endloop
  endfacet
  facet normal -2.058489e-01 -9.773256e-01 -4.960764e-02
    outer loop
      vertex 4.0348336777e-01 2.6881541055e-01 5.2110000000e-01
      vertex 4.1677074313e-01 2.6770185065e-01 4.8790188079e-01
      vertex 4.3731193947e-01 2.6169027951e-01 5.2110000000e-01
    endloop
  endfacet
  facet normal -1.504758e-01 -9.718501e-01 -1.812856e-01
    outer loop
      vertex 4.3118503797e-01 2.7153587093e-01 4.5538361099e-01
      vertex 4.5123938368e-01 2.6237791485e-01 4.8783222396e-01
      vertex 4.1677074313e-01 2.6770185065e-01 4.8790188079e-01
    endloop
  endfacet
  facet normal -1.522724e-01 -9.847537e-01 -8.410292e-02
    outer loop
      vertex 4.3731193947e-01 2.6169027951e-01 5.2110000000e-01
      vertex 4.1677074313e-01 2.6770185065e-01 4.8790188079e-01
      vertex 4.5123938368e-01 2.6237791485e-01 4.8783222396e-01
    endloop
  endfacet
  facet normal -3.716277e-01 -9.031797e-01 -2.148469e-01
    outer loop
      vertex 3.6332785886e-01 2.9363287990e-01 4.5612702175e-01
      vertex 3.9648528023e-01 2.8023895620e-01 4.5507931234e-01
      vertex 3.8224280163e-01 2.7822384985e-01 4.8818615716e-01
    endloop
  endfacet
  facet normal -2.357379e-01 -9.474616e-01 -2.162041e-01
    outer loop
      vertex 4.3118503797e-01 2.7153587093e-01 4.5538361099e-01
      vertex 4.1677074313e-01 2.6770185065e-01 4.8790188079e-01
      vertex 3.9648528023e-01 2.8023895620e-01 4.5507931234e-01
    endloop
  endfacet
  facet normal -2.910970e-01 -9.529505e-01 -8.454536e-02
    outer loop
      vertex 4.0348336777e-01 2.6881541055e-01 5.2110000000e-01
      vertex 3.8224280163e-01 2.7822384985e-01 4.8818615716e-01
      vertex 4.1677074313e-01 2.6770185065e-01 4.8790188079e-01
    endloop
  endfacet
  facet normal -2.880454e-01 -9.403266e-01 -1.811510e-01
    outer loop
      vertex 3.9648528023e-01 2.8023895620e-01 4.5507931234e-01
      vertex 4.1677074313e-01 2.6770185065e-01 4.8790188079e-01
      vertex 3.8224280163e-01 2.7822384985e-01 4.8818615716e-01
    endloop
  endfacet
  facet normal 0.000000e+00 -5.964207e-01 -8.026720e-01
    outer loop
      vertex 4.7180000000e-01 3.7786722197e-01 3.0843729791e-01
      vertex 4.9207157336e-01 3.5538949478e-01 3.2513923940e-01
      vertex 4.5152842664e-01 3.5538949478e-01 3.2513923940e-01
    endloop
  endfacet
  facet normal 8.054149e-02 -6.804611e-01 -7.283445e-01
    outer loop
      vertex 5.1195550891e-01 3.3585488061e-01 3.4558838881e-01
      vertex 4.7180000000e-01 3.3357324238e-01 3.4327956626e-01
      vertex 4.9207157336e-01 3.5538949478e-01 3.2513923940e-01
    endloop
  endfacet
  facet normal -8.054149e-02 -6.804611e-01 -7.283445e-01
    outer loop
      vertex 4.3164449109e-01 3.3585488061e-01 3.4558838881e-01
      vertex 4.5152842664e-01 3.5538949478e-01 3.2513923940e-01
      vertex 4.7180000000e-01 3.3357324238e-01 3.4327956626e-01
    endloop
  endfacet
  facet normal -0.000000e+00 -6.393544e-01 -7.689122e-01
    outer loop
      vertex 4.9207157336e-01 3.5538949478e-01 3.2513923940e-01
      vertex 4.7180000000e-01 3.3357324238e-01 3.4327956626e-01
      vertex 4.5152842664e-01 3.5538949478e-01 3.2513923940e-01
    endloop
  endfacet
  facet normal 2.333204e-01 -8.095043e-01 -5.387620e-01
    outer loop
      vertex 5.4905424859e-01 3.0704575141e-01 3.9610000000e-01
      vertex 5.1090861626e-01 2.9925552867e-01 3.9128537757e-01
      vertex 5.3107158134e-01 3.1963692496e-01 3.6939371268e-01
    endloop
  endfacet
  facet normal 7.841715e-02 -8.303865e-01 -5.516422e-01
    outer loop
      vertex 4.7180000000e-01 2.9663729791e-01 3.8966722197e-01
      vertex 4.9208546290e-01 3.1424890732e-01 3.6604010435e-01
      vertex 5.1090861626e-01 2.9925552867e-01 3.9128537757e-01
    endloop
  endfacet
  facet normal 1.589524e-01 -7.518660e-01 -6.398684e-01
    outer loop
      vertex 5.1195550891e-01 3.3585488061e-01 3.4558838881e-01
      vertex 5.3107158134e-01 3.1963692496e-01 3.6939371268e-01
      vertex 4.9208546290e-01 3.1424890732e-01 3.6604010435e-01
    endloop
  endfacet
  facet normal 1.601287e-01 -7.916792e-01 -5.895786e-01
    outer loop
      vertex 5.1090861626e-01 2.9925552867e-01 3.9128537757e-01
      vertex 4.9208546290e-01 3.1424890732e-01 3.6604010435e-01
      vertex 5.3107158134e-01 3.1963692496e-01 3.6939371268e-01
    endloop
  endfacet
  facet normal -2.333204e-01 -8.095043e-01 -5.387620e-01
    outer loop
      vertex 3.9454575141e-01 3.0704575141e-01 3.9610000000e-01
      vertex 4.1252841866e-01 3.1963692496e-01 3.6939371268e-01
      vertex 4.3269138374e-01 2.9925552867e-01 3.9128537757e-01
    endloop
  endfacet
  facet normal -1.589524e-01 -7.518660e-01 -6.398684e-01
    outer loop
      vertex 4.3164449109e-01 3.3585488061e-01 3.4558838881e-01
      vertex 4.5151453710e-01 3.1424890732e-01 3.6604010435e-01
      vertex 4.1252841866e-01 3.1963692496e-01 3.6939371268e-01
    endloop
  endfacet
  facet normal -7.841715e-02 -8.303865e-01 -5.516422e-01
    outer loop
      vertex 4.7180000000e-01 2.9663729791e-01 3.8966722197e-01
      vertex 4.3269138374e-01 2.9925552867e-01 3.9128537757e-01
      vertex 4.5151453710e-01 3.1424890732e-01 3.6604010435e-01
    endloop
  endfacet
  facet normal -1.601287e-01 -7.916792e-01 -5.895786e-01
    outer loop
      vertex 4.1252841866e-01 3.1963692496e-01 3.6939371268e-01
      vertex 4.5151453710e-01 3.1424890732e-01 3.6604010435e-01
      vertex 4.3269138374e-01 2.9925552867e-01 3.9128537757e-01
    endloop
  endfacet
  facet normal 8.053079e-02 -7.232719e-01 -6.858517e-01
    outer loop
      vertex 5.1195550891e-01 3.3585488061e-01 3.4558838881e-01
      vertex 4.9208546290e-01 3.1424890732e-01 3.6604010435e-01
      vertex 4.7180000000e-01 3.3357324238e-01 3.4327956626e-01
    endloop
  endfacet
  facet normal 0.000000e+00 -8.017675e-01 -5.976360e-01
    outer loop
      vertex 4.7180000000e-01 2.9663729791e-01 3.8966722197e-01
      vertex 4.5151453710e-01 3.1424890732e-01 3.6604010435e-01
      vertex 4.9208546290e-01 3.1424890732e-01 3.6604010435e-01
    endloop
  endfacet
  facet normal -8.053079e-02 -7.232719e-01 -6.858517e-01
    outer loop
      vertex 4.3164449109e-01 3.3585488061e-01 3.4558838881e-01
      vertex 4.7180000000e-01 3.3357324238e-01 3.4327956626e-01
      vertex 4.5151453710e-01 3.1424890732e-01 3.6604010435e-01
    endloop
  endfacet
  facet normal -0.000000e+00 -7.623048e-01 -6.472182e-01
    outer loop
      vertex 4.9208546290e-01 3.1424890732e-01 3.6604010435e-01
      vertex 4.5151453710e-01 3.1424890732e-01 3.6604010435e-01
      vertex 4.7180000000e-01 3.3357324238e-01 3.4327956626e-01
    endloop
  endfacet
  facet normal 0.000000e+00 -9.957474e-01 -9.212595e-02
    outer loop
      vertex 4.7180000000e-01 2.5930000000e-01 5.2110000000e-01
      vertex 4.5123938368e-01 2.6237791485e-01 4.8783222396e-01
      vertex 4.9236061632e-01 2.6237791485e-01 4.8783222396e-01
    endloop
  endfacet
  facet normal -8.142553e-02 -9.712310e-01 -2.237863e-01
    outer loop
      vertex 4.3118503797e-01 2.7153587093e-01 4.5538361099e-01
      vertex 4.7180000000e-01 2.6833468413e-01 4.5449882472e-01
      vertex 4.5123938368e-01 2.6237791485e-01 4.8783222396e-01
    endloop
  endfacet
  facet normal 8.142553e-02 -9.712310e-01 -2.237863e-01
    outer loop
      vertex 5.1241496203e-01 2.7153587093e-01 4.5538361099e-01
      vertex 4.9236061632e-01 2.6237791485e-01 4.8783222396e-01
      vertex 4.7180000000e-01 2.6833468413e-01 4.5449882472e-01
    endloop
  endfacet
  facet normal 0.000000e+00 -9.844052e-01 -1.759159e-01
    outer loop
      vertex 4.5123938368e-01 2.6237791485e-01 4.8783222396e-01
      vertex 4.7180000000e-01 2.6833468413e-01 4.5449882472e-01
      vertex 4.9236061632e-01 2.6237791485e-01 4.8783222396e-01
    endloop
  endfacet
  facet normal -2.331714e-01 -8.516395e-01 -4.694052e-01
    outer loop
      vertex 3.9454575141e-01 3.0704575141e-01 3.9610000000e-01
      vertex 4.3269138374e-01 2.9925552867e-01 3.9128537757e-01
      vertex 4.1213076742e-01 2.8654836895e-01 4.2455315360e-01
    endloop
  endfacet
  facet normal -7.836719e-02 -8.724736e-01 -4.823363e-01
    outer loop
      vertex 4.7180000000e-01 2.9663729791e-01 3.8966722197e-01
      vertex 4.5121910499e-01 2.8105437677e-01 4.2119823707e-01
      vertex 4.3269138374e-01 2.9925552867e-01 3.9128537757e-01
    endloop
  endfacet
  facet normal -1.597927e-01 -9.227974e-01 -3.505871e-01
    outer loop
      vertex 4.3118503797e-01 2.7153587093e-01 4.5538361099e-01
      vertex 4.1213076742e-01 2.8654836895e-01 4.2455315360e-01
      vertex 4.5121910499e-01 2.8105437677e-01 4.2119823707e-01
    endloop
  endfacet
  facet normal -1.618790e-01 -8.843585e-01 -4.378416e-01
    outer loop
      vertex 4.3269138374e-01 2.9925552867e-01 3.9128537757e-01
      vertex 4.5121910499e-01 2.8105437677e-01 4.2119823707e-01
      vertex 4.1213076742e-01 2.8654836895e-01 4.2455315360e-01
    endloop
  endfacet
  facet normal 2.331714e-01 -8.516395e-01 -4.694052e-01
    outer loop
      vertex 5.4905424859e-01 3.0704575141e-01 3.9610000000e-01
      vertex 5.3146923258e-01 2.8654836895e-01 4.2455315360e-01
      vertex 5.1090861626e-01 2.9925552867e-01 3.9128537757e-01
    endloop
  endfacet
  facet normal 1.597927e-01 -9.227974e-01 -3.505871e-01
    outer loop
      vertex 5.1241496203e-01 2.7153587093e-01 4.5538361099e-01
      vertex 4.9238089501e-01 2.8105437677e-01 4.2119823707e-01
      vertex 5.3146923258e-01 2.8654836895e-01 4.2455315360e-01
    endloop
  endfacet
  facet normal 7.836719e-02 -8.724736e-01 -4.823363e-01
    outer loop
      vertex 4.7180000000e-01 2.9663729791e-01 3.8966722197e-01
      vertex 5.1090861626e-01 2.9925552867e-01 3.9128537757e-01
      vertex 4.9238089501e-01 2.8105437677e-01 4.2119823707e-01
    endloop
  endfacet
  facet normal 1.618790e-01 -8.843585e-01 -4.378416e-01
    outer loop
      vertex 5.3146923258e-01 2.8654836895e-01 4.2455315360e-01
      vertex 4.9238089501e-01 2.8105437677e-01 4.2119823707e-01
      vertex 5.1090861626e-01 2.9925552867e-01 3.9128537757e-01
    endloop
  endfacet
  facet normal -8.140770e-02 -9.468068e-01 -3.113353e-01
    outer loop
      vertex 4.3118503797e-01 2.7153587093e-01 4.5538361099e-01
      vertex 4.5121910499e-01 2.8105437677e-01 4.2119823707e-01
      vertex 4.7180000000e-01 2.6833468413e-01 4.5449882472e-01
    endloop
  endfacet
  facet normal 0.000000e+00 -8.964941e-01 -4.430557e-01
    outer loop
      vertex 4.7180000000e-01 2.9663729791e-01 3.8966722197e-01
      vertex 4.9238089501e-01 2.8105437677e-01 4.2119823707e-01
      vertex 4.5121910499e-01 2.8105437677e-01 4.2119823707e-01
    endloop
  endfacet
  facet normal 8.140770e-02 -9.468068e-01 -3.113353e-01
    outer loop
      vertex 5.1241496203e-01 2.7153587093e-01 4.5538361099e-01
      vertex 4.7180000000e-01 2.6833468413e-01 4.5449882472e-01
      vertex 4.9238089501e-01 2.8105437677e-01 4.2119823707e-01
    endloop
  endfacet
  facet normal 0.000000e+00 -9.341724e-01 -3.568221e-01
    outer loop
      vertex 4.5121910499e-01 2.8105437677e-01 4.2119823707e-01
      vertex 4.9238089501e-01 2.8105437677e-01 4.2119823707e-01
      vertex 4.7180000000e-01 2.6833468413e-01 4.5449882472e-01
    endloop
  endfacet
  facet normal 5.462496e-01 -8.336794e-01 -8.117845e-02
    outer loop
      vertex 6.0323277803e-01 2.9663729791e-01 5.2110000000e-01
      vertex 5.9291041052e-01 2.9306766603e-01 4.8829990530e-01
      vertex 6.2571050522e-01 3.1333923940e-01 5.0082842664e-01
    endloop
  endfacet
  facet normal 5.001420e-01 -8.397879e-01 -2.112210e-01
    outer loop
      vertex 5.8027214114e-01 2.9363287990e-01 4.5612702175e-01
      vertex 6.1461291478e-01 3.1113769269e-01 4.6784428359e-01
      vertex 5.9291041052e-01 2.9306766603e-01 4.8829990530e-01
    endloop
  endfacet
  facet normal 6.304608e-01 -7.592464e-01 -1.614436e-01
    outer loop
      vertex 6.4524511939e-01 3.3378838881e-01 4.8094449109e-01
      vertex 6.2571050522e-01 3.1333923940e-01 5.0082842664e-01
      vertex 6.1461291478e-01 3.1113769269e-01 4.6784428359e-01
    endloop
  endfacet
  facet normal 5.572841e-01 -8.196344e-01 -1.327925e-01
    outer loop
      vertex 5.9291041052e-01 2.9306766603e-01 4.8829990530e-01
      vertex 6.1461291478e-01 3.1113769269e-01 4.6784428359e-01
      vertex 6.2571050522e-01 3.1333923940e-01 5.0082842664e-01
    endloop
  endfacet
  facet normal 3.824786e-01 -8.026783e-01 -4.576217e-01
    outer loop
      vertex 5.4905424859e-01 3.0704575141e-01 3.9610000000e-01
      vertex 5.8529762493e-01 3.1981614499e-01 4.0399253728e-01
      vertex 5.6555964187e-01 2.9832213134e-01 4.2519656683e-01
    endloop
  endfacet
  facet normal 5.222192e-01 -7.421000e-01 -4.202079e-01
    outer loop
      vertex 6.1874631307e-01 3.3725225994e-01 4.1476864896e-01
      vertex 6.0083040501e-01 3.1343707541e-01 4.3456174630e-01
      vertex 5.8529762493e-01 3.1981614499e-01 4.0399253728e-01
    endloop
  endfacet
  facet normal 4.450681e-01 -8.294800e-01 -3.374572e-01
    outer loop
      vertex 5.8027214114e-01 2.9363287990e-01 4.5612702175e-01
      vertex 5.6555964187e-01 2.9832213134e-01 4.2519656683e-01
      vertex 6.0083040501e-01 3.1343707541e-01 4.3456174630e-01
    endloop
  endfacet
  facet normal 4.484825e-01 -8.016858e-01 -3.951751e-01
    outer loop
      vertex 5.8529762493e-01 3.1981614499e-01 4.0399253728e-01
      vertex 6.0083040501e-01 3.1343707541e-01 4.3456174630e-01
      vertex 5.6555964187e-01 2.9832213134e-01 4.2519656683e-01
    endloop
  endfacet
  facet normal 7.599989e-01 -5.693580e-01 -3.134218e-01
    outer loop
      vertex 6.7405424859e-01 3.8430000000e-01 4.4384575141e-01
      vertex 6.6146307504e-01 3.5759371268e-01 4.6182841866e-01
      vertex 6.4857669530e-01 3.5892476125e-01 4.2816299138e-01
    endloop
  endfacet
  facet normal 7.022584e-01 -6.705276e-01 -2.392192e-01
    outer loop
      vertex 6.4524511939e-01 3.3378838881e-01 4.8094449109e-01
      vertex 6.3365297347e-01 3.3372253831e-01 4.4709885186e-01
      vertex 6.6146307504e-01 3.5759371268e-01 4.6182841866e-01
    endloop
  endfacet
  facet normal 6.491008e-01 -6.636828e-01 -3.717435e-01
    outer loop
      vertex 6.1874631307e-01 3.3725225994e-01 4.1476864896e-01
      vertex 6.4857669530e-01 3.5892476125e-01 4.2816299138e-01
      vertex 6.3365297347e-01 3.3372253831e-01 4.4709885186e-01
    endloop
  endfacet
  facet normal 7.075762e-01 -6.415571e-01 -2.962101e-01
    outer loop
      vertex 6.6146307504e-01 3.5759371268e-01 4.6182841866e-01
      vertex 6.3365297347e-01 3.3372253831e-01 4.4709885186e-01
      vertex 6.4857669530e-01 3.5892476125e-01 4.2816299138e-01
    endloop
  endfacet
  facet normal 5.084250e-01 -8.186344e-01 -2.670988e-01
    outer loop
      vertex 5.8027214114e-01 2.9363287990e-01 4.5612702175e-01
      vertex 6.0083040501e-01 3.1343707541e-01 4.3456174630e-01
      vertex 6.1461291478e-01 3.1113769269e-01 4.6784428359e-01
    endloop
  endfacet
  facet normal 5.855635e-01 -7.312575e-01 -3.498255e-01
    outer loop
      vertex 6.1874631307e-01 3.3725225994e-01 4.1476864896e-01
      vertex 6.3365297347e-01 3.3372253831e-01 4.4709885186e-01
      vertex 6.0083040501e-01 3.1343707541e-01 4.3456174630e-01
    endloop
  endfacet
  facet normal 6.387266e-01 -7.381036e-01 -2.173281e-01
    outer loop
      vertex 6.4524511939e-01 3.3378838881e-01 4.8094449109e-01
      vertex 6.1461291478e-01 3.1113769269e-01 4.6784428359e-01
      vertex 6.3365297347e-01 3.3372253831e-01 4.4709885186e-01
    endloop
  endfacet
  facet normal 5.811538e-01 -7.591756e-01 -2.931085e-01
    outer loop
      vertex 6.0083040501e-01 3.1343707541e-01 4.3456174630e-01
      vertex 6.3365297347e-01 3.3372253831e-01 4.4709885186e-01
      vertex 6.1461291478e-01 3.1113769269e-01 4.6784428359e-01
    endloop
  endfacet
  facet normal 8.117845e-02 -5.462496e-01 -8.336794e-01
    outer loop
      vertex 4.7180000000e-01 3.7786722197e-01 3.0843729791e-01
      vertex 5.0460009470e-01 3.8818958948e-01 3.0486766603e-01
      vertex 4.9207157336e-01 3.5538949478e-01 3.2513923940e-01
    endloop
  endfacet
  facet normal 2.112210e-01 -5.001420e-01 -8.397879e-01
    outer loop
      vertex 5.3677297825e-01 4.0082785886e-01 3.0543287990e-01
      vertex 5.2505571641e-01 3.6648708522e-01 3.2293769269e-01
      vertex 5.0460009470e-01 3.8818958948e-01 3.0486766603e-01
    endloop
  endfacet
  facet normal 1.614436e-01 -6.304608e-01 -7.592464e-01
    outer loop
      vertex 5.1195550891e-01 3.3585488061e-01 3.4558838881e-01
      vertex 4.9207157336e-01 3.5538949478e-01 3.2513923940e-01
      vertex 5.2505571641e-01 3.6648708522e-01 3.2293769269e-01
    endloop
  endfacet
  facet normal 1.327925e-01 -5.572841e-01 -8.196344e-01
    outer loop
      vertex 5.0460009470e-01 3.8818958948e-01 3.0486766603e-01
      vertex 5.2505571641e-01 3.6648708522e-01 3.2293769269e-01
      vertex 4.9207157336e-01 3.5538949478e-01 3.2513923940e-01
    endloop
  endfacet
  facet normal 4.576217e-01 -3.824786e-01 -8.026783e-01
    outer loop
      vertex 5.9680000000e-01 4.3204575141e-01 3.1884575141e-01
      vertex 5.8890746272e-01 3.9580237507e-01 3.3161614499e-01
      vertex 5.6770343317e-01 4.1554035813e-01 3.1012213134e-01
    endloop
  endfacet
  facet normal 4.202079e-01 -5.222192e-01 -7.421000e-01
    outer loop
      vertex 5.7813135104e-01 3.6235368693e-01 3.4905225994e-01
      vertex 5.5833825370e-01 3.8026959499e-01 3.2523707541e-01
      vertex 5.8890746272e-01 3.9580237507e-01 3.3161614499e-01
    endloop
  endfacet
  facet normal 3.374572e-01 -4.450681e-01 -8.294800e-01
    outer loop
      vertex 5.3677297825e-01 4.0082785886e-01 3.0543287990e-01
      vertex 5.6770343317e-01 4.1554035813e-01 3.1012213134e-01
      vertex 5.5833825370e-01 3.8026959499e-01 3.2523707541e-01
    endloop
  endfacet
  facet normal 3.951751e-01 -4.484825e-01 -8.016858e-01
    outer loop
      vertex 5.8890746272e-01 3.9580237507e-01 3.3161614499e-01
      vertex 5.5833825370e-01 3.8026959499e-01 3.2523707541e-01
      vertex 5.6770343317e-01 4.1554035813e-01 3.1012213134e-01
    endloop
  endfacet
  facet normal 3.134218e-01 -7.599989e-01 -5.693580e-01
    outer loop
      vertex 5.4905424859e-01 3.0704575141e-01 3.9610000000e-01
      vertex 5.3107158134e-01 3.1963692496e-01 3.6939371268e-01
      vertex 5.6473700862e-01 3.3252330470e-01 3.7072476125e-01
    endloop
  endfacet
  facet normal 2.392192e-01 -7.022584e-01 -6.705276e-01
    outer loop
      vertex 5.1195550891e-01 3.3585488061e-01 3.4558838881e-01
      vertex 5.4580114814e-01 3.4744702653e-01 3.4552253831e-01
      vertex 5.3107158134e-01 3.1963692496e-01 3.6939371268e-01
    endloop
  endfacet
  facet normal 3.717435e-01 -6.491008e-01 -6.636828e-01
    outer loop
      vertex 5.7813135104e-01 3.6235368693e-01 3.4905225994e-01
      vertex 5.6473700862e-01 3.3252330470e-01 3.7072476125e-01
      vertex 5.4580114814e-01 3.4744702653e-01 3.4552253831e-01
    endloop
  endfacet
  facet normal 2.962101e-01 -7.075762e-01 -6.415571e-01
    outer loop
      vertex 5.3107158134e-01 3.1963692496e-01 3.6939371268e-01
      vertex 5.4580114814e-01 3.4744702653e-01 3.4552253831e-01
      vertex 5.6473700862e-01 3.3252330470e-01 3.7072476125e-01
    endloop
  endfacet
  facet normal 2.670988e-01 -5.084250e-01 -8.186344e-01
    outer loop
      vertex 5.3677297825e-01 4.0082785886e-01 3.0543287990e-01
      vertex 5.5833825370e-01 3.8026959499e-01 3.2523707541e-01
      vertex 5.2505571641e-01 3.6648708522e-01 3.2293769269e-01
    endloop
  endfacet
  facet normal 3.498255e-01 -5.855635e-01 -7.312575e-01
    outer loop
      vertex 5.7813135104e-01 3.6235368693e-01 3.4905225994e-01
      vertex 5.4580114814e-01 3.4744702653e-01 3.4552253831e-01
      vertex 5.5833825370e-01 3.8026959499e-01 3.2523707541e-01
    endloop
  endfacet
  facet normal 2.173281e-01 -6.387266e-01 -7.381036e-01
    outer loop
      vertex 5.1195550891e-01 3.3585488061e-01 3.4558838881e-01
      vertex 5.2505571641e-01 3.6648708522e-01 3.2293769269e-01
      vertex 5.4580114814e-01 3.4744702653e-01 3.4552253831e-01
    endloop
  endfacet
  facet normal 2.931085e-01 -5.811538e-01 -7.591756e-01
    outer loop
      vertex 5.5833825370e-01 3.8026959499e-01 3.2523707541e-01
      vertex 5.4580114814e-01 3.4744702653e-01 3.4552253831e-01
      vertex 5.2505571641e-01 3.6648708522e-01 3.2293769269e-01
    endloop
  endfacet
  facet normal 8.336794e-01 -8.117845e-02 -5.462496e-01
    outer loop
      vertex 6.8446270209e-01 5.0930000000e-01 3.8966722197e-01
      vertex 6.8803233397e-01 4.7649990530e-01 3.9998958948e-01
      vertex 6.6776076060e-01 4.8902842664e-01 3.6718949478e-01
    endloop
  endfacet
  facet normal 8.397879e-01 -2.112210e-01 -5.001420e-01
    outer loop
      vertex 6.8746712010e-01 4.4432702175e-01 4.1262785886e-01
      vertex 6.6996230731e-01 4.5604428359e-01 3.7828708522e-01
      vertex 6.8803233397e-01 4.7649990530e-01 3.9998958948e-01
    endloop
  endfacet
  facet normal 7.592464e-01 -1.614436e-01 -6.304608e-01
    outer loop
      vertex 6.4731161119e-01 4.6914449109e-01 3.4765488061e-01
      vertex 6.6776076060e-01 4.8902842664e-01 3.6718949478e-01
      vertex 6.6996230731e-01 4.5604428359e-01 3.7828708522e-01
    endloop
  endfacet
  facet normal 8.196344e-01 -1.327925e-01 -5.572841e-01
    outer loop
      vertex 6.8803233397e-01 4.7649990530e-01 3.9998958948e-01
      vertex 6.6996230731e-01 4.5604428359e-01 3.7828708522e-01
      vertex 6.6776076060e-01 4.8902842664e-01 3.6718949478e-01
    endloop
  endfacet
  facet normal 8.026783e-01 -4.576217e-01 -3.824786e-01
    outer loop
      vertex 6.7405424859e-01 3.8430000000e-01 4.4384575141e-01
      vertex 6.6128385501e-01 3.9219253728e-01 4.0760237507e-01
      vertex 6.8277786866e-01 4.1339656683e-01 4.2734035813e-01
    endloop
  endfacet
  facet normal 7.421000e-01 -4.202079e-01 -5.222192e-01
    outer loop
      vertex 6.4384774006e-01 4.0296864896e-01 3.7415368693e-01
      vertex 6.6766292459e-01 4.2276174630e-01 3.9206959499e-01
      vertex 6.6128385501e-01 3.9219253728e-01 4.0760237507e-01
    endloop
  endfacet
  facet normal 8.294800e-01 -3.374572e-01 -4.450681e-01
    outer loop
      vertex 6.8746712010e-01 4.4432702175e-01 4.1262785886e-01
      vertex 6.8277786866e-01 4.1339656683e-01 4.2734035813e-01
      vertex 6.6766292459e-01 4.2276174630e-01 3.9206959499e-01
    endloop
  endfacet
  facet normal 8.016858e-01 -3.951751e-01 -4.484825e-01
    outer loop
      vertex 6.6128385501e-01 3.9219253728e-01 4.0760237507e-01
      vertex 6.6766292459e-01 4.2276174630e-01 3.9206959499e-01
      vertex 6.8277786866e-01 4.1339656683e-01 4.2734035813e-01
    endloop
  endfacet
  facet normal 5.693580e-01 -3.134218e-01 -7.599989e-01
    outer loop
      vertex 5.9680000000e-01 4.3204575141e-01 3.1884575141e-01
      vertex 6.2350628732e-01 4.5002841866e-01 3.3143692496e-01
      vertex 6.2217523875e-01 4.1636299138e-01 3.4432330470e-01
    endloop
  endfacet
  facet normal 6.705276e-01 -2.392192e-01 -7.022584e-01
    outer loop
      vertex 6.4731161119e-01 4.6914449109e-01 3.4765488061e-01
      vertex 6.4737746169e-01 4.3529885186e-01 3.5924702653e-01
      vertex 6.2350628732e-01 4.5002841866e-01 3.3143692496e-01
    endloop
  endfacet
  facet normal 6.636828e-01 -3.717435e-01 -6.491008e-01
    outer loop
      vertex 6.4384774006e-01 4.0296864896e-01 3.7415368693e-01
      vertex 6.2217523875e-01 4.1636299138e-01 3.4432330470e-01
      vertex 6.4737746169e-01 4.3529885186e-01 3.5924702653e-01
    endloop
  endfacet
  facet normal 6.415571e-01 -2.962101e-01 -7.075762e-01
    outer loop
      vertex 6.2350628732e-01 4.5002841866e-01 3.3143692496e-01
      vertex 6.4737746169e-01 4.3529885186e-01 3.5924702653e-01
      vertex 6.2217523875e-01 4.1636299138e-01 3.4432330470e-01
    endloop
  endfacet
  facet normal 8.186344e-01 -2.670988e-01 -5.084250e-01
    outer loop
      vertex 6.8746712010e-01 4.4432702175e-01 4.1262785886e-01
      vertex 6.6766292459e-01 4.2276174630e-01 3.9206959499e-01
      vertex 6.6996230731e-01 4.5604428359e-01 3.7828708522e-01
    endloop
  endfacet
  facet normal 7.312575e-01 -3.498255e-01 -5.855635e-01
    outer loop
      vertex 6.4384774006e-01 4.0296864896e-01 3.7415368693e-01
      vertex 6.4737746169e-01 4.3529885186e-01 3.5924702653e-01
      vertex 6.6766292459e-01 4.2276174630e-01 3.9206959499e-01
    endloop
  endfacet
  facet normal 7.381036e-01 -2.173281e-01 -6.387266e-01
    outer loop
      vertex 6.4731161119e-01 4.6914449109e-01 3.4765488061e-01
      vertex 6.6996230731e-01 4.5604428359e-01 3.7828708522e-01
      vertex 6.4737746169e-01 4.3529885186e-01 3.5924702653e-01
    endloop
  endfacet
  facet normal 7.591756e-01 -2.931085e-01 -5.811538e-01
    outer loop
      vertex 6.6766292459e-01 4.2276174630e-01 3.9206959499e-01
      vertex 6.4737746169e-01 4.3529885186e-01 3.5924702653e-01
      vertex 6.6996230731e-01 4.5604428359e-01 3.7828708522e-01
    endloop
  endfacet
  facet normal 3.822343e-01 -7.595136e-01 -5.263422e-01
    outer loop
      vertex 5.4905424859e-01 3.0704575141e-01 3.9610000000e-01
      vertex 5.6473700862e-01 3.3252330470e-01 3.7072476125e-01
      vertex 5.8529762493e-01 3.1981614499e-01 4.0399253728e-01
    endloop
  endfacet
  facet normal 4.404610e-01 -6.486873e-01 -6.206439e-01
    outer loop
      vertex 5.7813135104e-01 3.6235368693e-01 3.4905225994e-01
      vertex 6.0014386031e-01 3.4765555205e-01 3.8003644706e-01
      vertex 5.6473700862e-01 3.3252330470e-01 3.7072476125e-01
    endloop
  endfacet
  facet normal 5.218865e-01 -6.990111e-01 -4.888946e-01
    outer loop
      vertex 6.1874631307e-01 3.3725225994e-01 4.1476864896e-01
      vertex 5.8529762493e-01 3.1981614499e-01 4.0399253728e-01
      vertex 6.0014386031e-01 3.4765555205e-01 3.8003644706e-01
    endloop
  endfacet
  facet normal 4.465169e-01 -7.084426e-01 -5.465636e-01
    outer loop
      vertex 5.6473700862e-01 3.3252330470e-01 3.7072476125e-01
      vertex 6.0014386031e-01 3.4765555205e-01 3.8003644706e-01
      vertex 5.8529762493e-01 3.1981614499e-01 4.0399253728e-01
    endloop
  endfacet
  facet normal 5.263422e-01 -3.822343e-01 -7.595136e-01
    outer loop
      vertex 5.9680000000e-01 4.3204575141e-01 3.1884575141e-01
      vertex 6.2217523875e-01 4.1636299138e-01 3.4432330470e-01
      vertex 5.8890746272e-01 3.9580237507e-01 3.3161614499e-01
    endloop
  endfacet
  facet normal 6.206439e-01 -4.404610e-01 -6.486873e-01
    outer loop
      vertex 6.4384774006e-01 4.0296864896e-01 3.7415368693e-01
      vertex 6.1286355294e-01 3.8095613969e-01 3.5945555205e-01
      vertex 6.2217523875e-01 4.1636299138e-01 3.4432330470e-01
    endloop
  endfacet
  facet normal 4.888946e-01 -5.218865e-01 -6.990111e-01
    outer loop
      vertex 5.7813135104e-01 3.6235368693e-01 3.4905225994e-01
      vertex 5.8890746272e-01 3.9580237507e-01 3.3161614499e-01
      vertex 6.1286355294e-01 3.8095613969e-01 3.5945555205e-01
    endloop
  endfacet
  facet normal 5.465636e-01 -4.465169e-01 -7.084426e-01
    outer loop
      vertex 6.2217523875e-01 4.1636299138e-01 3.4432330470e-01
      vertex 6.1286355294e-01 3.8095613969e-01 3.5945555205e-01
      vertex 5.8890746272e-01 3.9580237507e-01 3.3161614499e-01
    endloop
  endfacet
  facet normal 7.595136e-01 -5.263422e-01 -3.822343e-01
    outer loop
      vertex 6.7405424859e-01 3.8430000000e-01 4.4384575141e-01
      vertex 6.4857669530e-01 3.5892476125e-01 4.2816299138e-01
      vertex 6.6128385501e-01 3.9219253728e-01 4.0760237507e-01
    endloop
  endfacet
  facet normal 6.486873e-01 -6.206439e-01 -4.404610e-01
    outer loop
      vertex 6.1874631307e-01 3.3725225994e-01 4.1476864896e-01
      vertex 6.3344444795e-01 3.6823644706e-01 3.9275613969e-01
      vertex 6.4857669530e-01 3.5892476125e-01 4.2816299138e-01
    endloop
  endfacet
  facet normal 6.990111e-01 -4.888946e-01 -5.218865e-01
    outer loop
      vertex 6.4384774006e-01 4.0296864896e-01 3.7415368693e-01
      vertex 6.6128385501e-01 3.9219253728e-01 4.0760237507e-01
      vertex 6.3344444795e-01 3.6823644706e-01 3.9275613969e-01
    endloop
  endfacet
  facet normal 7.084426e-01 -5.465636e-01 -4.465169e-01
    outer loop
      vertex 6.4857669530e-01 3.5892476125e-01 4.2816299138e-01
      vertex 6.3344444795e-01 3.6823644706e-01 3.9275613969e-01
      vertex 6.6128385501e-01 3.9219253728e-01 4.0760237507e-01
    endloop
  endfacet
  facet normal 5.037511e-01 -5.851588e-01 -6.354715e-01
    outer loop
      vertex 5.7813135104e-01 3.6235368693e-01 3.4905225994e-01
      vertex 6.1286355294e-01 3.8095613969e-01 3.5945555205e-01
      vertex 6.0014386031e-01 3.4765555205e-01 3.8003644706e-01
    endloop
  endfacet
  facet normal 6.354715e-01 -5.037511e-01 -5.851588e-01
    outer loop
      vertex 6.4384774006e-01 4.0296864896e-01 3.7415368693e-01
      vertex 6.3344444795e-01 3.6823644706e-01 3.9275613969e-01
      vertex 6.1286355294e-01 3.8095613969e-01 3.5945555205e-01
    endloop
  endfacet
  facet normal 5.851588e-01 -6.354715e-01 -5.037511e-01
    outer loop
      vertex 6.1874631307e-01 3.3725225994e-01 4.1476864896e-01
      vertex 6.0014386031e-01 3.4765555205e-01 3.8003644706e-01
      vertex 6.3344444795e-01 3.6823644706e-01 3.9275613969e-01
    endloop
  endfacet
  facet normal 5.773503e-01 -5.773503e-01 -5.773503e-01
    outer loop
      vertex 6.1286355294e-01 3.8095613969e-01 3.5945555205e-01
      vertex 6.3344444795e-01 3.6823644706e-01 3.9275613969e-01
      vertex 6.0014386031e-01 3.4765555205e-01 3.8003644706e-01
    endloop
  endfacet
  facet normal 5.964207e-01 -8.026720e-01 0.000000e+00
    outer loop
      vertex 6.0323277803e-01 2.9663729791e-01 5.2110000000e-01
      vertex 6.2571050522e-01 3.1333923940e-01 5.0082842664e-01
      vertex 6.2571050522e-01 3.1333923940e-01 5.4137157336e-01
    endloop
  endfacet
  facet normal 6.804611e-01 -7.283445e-01 -8.054149e-02
    outer loop
      vertex 6.4524511939e-01 3.3378838881e-01 4.8094449109e-01
      vertex 6.4752675762e-01 3.3147956626e-01 5.2110000000e-01
      vertex 6.2571050522e-01 3.1333923940e-01 5.0082842664e-01
    endloop
  endfacet
  facet normal 6.804611e-01 -7.283445e-01 8.054149e-02
    outer loop
      vertex 6.4524511939e-01 3.3378838881e-01 5.6125550891e-01
      vertex 6.2571050522e-01 3.1333923940e-01 5.4137157336e-01
      vertex 6.4752675762e-01 3.3147956626e-01 5.2110000000e-01
    endloop
  endfacet
  facet normal 6.393544e-01 -7.689122e-01 0.000000e+00
    outer loop
      vertex 6.2571050522e-01 3.1333923940e-01 5.0082842664e-01
      vertex 6.4752675762e-01 3.3147956626e-01 5.2110000000e-01
      vertex 6.2571050522e-01 3.1333923940e-01 5.4137157336e-01
    endloop
  endfacet
  facet normal 8.095043e-01 -5.387620e-01 -2.333204e-01
    outer loop
      vertex 6.7405424859e-01 3.8430000000e-01 4.4384575141e-01
      vertex 6.8184447133e-01 3.7948537757e-01 4.8199138374e-01
      vertex 6.6146307504e-01 3.5759371268e-01 4.6182841866e-01
    endloop
  endfacet
  facet normal 8.303865e-01 -5.516422e-01 -7.841715e-02
    outer loop
      vertex 6.8446270209e-01 3.7786722197e-01 5.2110000000e-01
      vertex 6.6685109268e-01 3.5424010435e-01 5.0081453710e-01
      vertex 6.8184447133e-01 3.7948537757e-01 4.8199138374e-01
    endloop
  endfacet
  facet normal 7.518660e-01 -6.398684e-01 -1.589524e-01
    outer loop
      vertex 6.4524511939e-01 3.3378838881e-01 4.8094449109e-01
      vertex 6.6146307504e-01 3.5759371268e-01 4.6182841866e-01
      vertex 6.6685109268e-01 3.5424010435e-01 5.0081453710e-01
    endloop
  endfacet
  facet normal 7.916792e-01 -5.895786e-01 -1.601287e-01
    outer loop
      vertex 6.8184447133e-01 3.7948537757e-01 4.8199138374e-01
      vertex 6.6685109268e-01 3.5424010435e-01 5.0081453710e-01
      vertex 6.6146307504e-01 3.5759371268e-01 4.6182841866e-01
    endloop
  endfacet
  facet normal 8.095043e-01 -5.387620e-01 2.333204e-01
    outer loop
      vertex 6.7405424859e-01 3.8430000000e-01 5.9835424859e-01
      vertex 6.6146307504e-01 3.5759371268e-01 5.8037158134e-01
      vertex 6.8184447133e-01 3.7948537757e-01 5.6020861626e-01
    endloop
  endfacet
  facet normal 7.518660e-01 -6.398684e-01 1.589524e-01
    outer loop
      vertex 6.4524511939e-01 3.3378838881e-01 5.6125550891e-01
      vertex 6.6685109268e-01 3.5424010435e-01 5.4138546290e-01
      vertex 6.6146307504e-01 3.5759371268e-01 5.8037158134e-01
    endloop
  endfacet
  facet normal 8.303865e-01 -5.516422e-01 7.841715e-02
    outer loop
      vertex 6.8446270209e-01 3.7786722197e-01 5.2110000000e-01
      vertex 6.8184447133e-01 3.7948537757e-01 5.6020861626e-01
      vertex 6.6685109268e-01 3.5424010435e-01 5.4138546290e-01
    endloop
  endfacet
  facet normal 7.916792e-01 -5.895786e-01 1.601287e-01
    outer loop
      vertex 6.6146307504e-01 3.5759371268e-01 5.8037158134e-01
      vertex 6.6685109268e-01 3.5424010435e-01 5.4138546290e-01
      vertex 6.8184447133e-01 3.7948537757e-01 5.6020861626e-01
    endloop
  endfacet
  facet normal 7.232719e-01 -6.858517e-01 -8.053079e-02
    outer loop
      vertex 6.4524511939e-01 3.3378838881e-01 4.8094449109e-01
      vertex 6.6685109268e-01 3.5424010435e-01 5.0081453710e-01
      vertex 6.4752675762e-01 3.3147956626e-01 5.2110000000e-01
    endloop
  endfacet
  facet normal 8.017675e-01 -5.976360e-01 0.000000e+00
    outer loop
      vertex 6.8446270209e-01 3.7786722197e-01 5.2110000000e-01
      vertex 6.6685109268e-01 3.5424010435e-01 5.4138546290e-01
      vertex 6.6685109268e-01 3.5424010435e-01 5.0081453710e-01
    endloop
  endfacet
  facet normal 7.232719e-01 -6.858517e-01 8.053079e-02
    outer loop
      vertex 6.4524511939e-01 3.3378838881e-01 5.6125550891e-01
      vertex 6.4752675762e-01 3.3147956626e-01 5.2110000000e-01
      vertex 6.6685109268e-01 3.5424010435e-01 5.4138546290e-01
    endloop
  endfacet
  facet normal 7.623048e-01 -6.472182e-01 0.000000e+00
    outer loop
      vertex 6.6685109268e-01 3.5424010435e-01 5.0081453710e-01
      vertex 6.6685109268e-01 3.5424010435e-01 5.4138546290e-01
      vertex 6.4752675762e-01 3.3147956626e-01 5.2110000000e-01
    endloop
  endfacet
  facet normal 8.838505e-01 -5.017104e-02 -4.650712e-01
    outer loop
      vertex 6.8446270209e-01 5.0930000000e-01 3.8966722197e-01
      vertex 7.0056085531e-01 5.0930000000e-01 4.2026116285e-01
      vertex 6.8803233397e-01 4.7649990530e-01 3.9998958948e-01
    endloop
  endfacet
  facet normal 9.395655e-01 -5.000027e-02 -3.386983e-01
    outer loop
      vertex 7.1228458945e-01 5.0930000000e-01 4.5278336777e-01
      vertex 7.0287615015e-01 4.7638615716e-01 4.3154280163e-01
      vertex 7.0056085531e-01 5.0930000000e-01 4.2026116285e-01
    endloop
  endfacet
  facet normal 8.897882e-01 -1.803191e-01 -4.192398e-01
    outer loop
      vertex 6.8746712010e-01 4.4432702175e-01 4.1262785886e-01
      vertex 6.8803233397e-01 4.7649990530e-01 3.9998958948e-01
      vertex 7.0287615015e-01 4.7638615716e-01 4.3154280163e-01
    endloop
  endfacet
  facet normal 9.017047e-01 -8.207030e-02 -4.244916e-01
    outer loop
      vertex 7.0056085531e-01 5.0930000000e-01 4.2026116285e-01
      vertex 7.0287615015e-01 4.7638615716e-01 4.3154280163e-01
      vertex 6.8803233397e-01 4.7649990530e-01 3.9998958948e-01
    endloop
  endfacet
  facet normal 9.963836e-01 -4.950537e-02 -6.905681e-02
    outer loop
      vertex 7.2180000000e-01 5.0930000000e-01 5.2110000000e-01
      vertex 7.1872208515e-01 4.7603222396e-01 5.0053938368e-01
      vertex 7.1940972049e-01 5.0930000000e-01 4.8661193947e-01
    endloop
  endfacet
  facet normal 9.718501e-01 -1.812856e-01 -1.504758e-01
    outer loop
      vertex 7.0956412907e-01 4.4358361099e-01 4.8048503797e-01
      vertex 7.1339814935e-01 4.7610188079e-01 4.6607074313e-01
      vertex 7.1872208515e-01 4.7603222396e-01 5.0053938368e-01
    endloop
  endfacet
  facet normal 9.773256e-01 -4.960764e-02 -2.058489e-01
    outer loop
      vertex 7.1228458945e-01 5.0930000000e-01 4.5278336777e-01
      vertex 7.1940972049e-01 5.0930000000e-01 4.8661193947e-01
      vertex 7.1339814935e-01 4.7610188079e-01 4.6607074313e-01
    endloop
  endfacet
  facet normal 9.847537e-01 -8.410292e-02 -1.522724e-01
    outer loop
      vertex 7.1872208515e-01 4.7603222396e-01 5.0053938368e-01
      vertex 7.1339814935e-01 4.7610188079e-01 4.6607074313e-01
      vertex 7.1940972049e-01 5.0930000000e-01 4.8661193947e-01
    endloop
  endfacet
  facet normal 8.521837e-01 -4.270257e-01 -3.023772e-01
    outer loop
      vertex 6.7405424859e-01 3.8430000000e-01 4.4384575141e-01
      vertex 6.8277786866e-01 4.1339656683e-01 4.2734035813e-01
      vertex 6.9455163105e-01 4.1275315360e-01 4.6143076742e-01
    endloop
  endfacet
  facet normal 8.790876e-01 -3.067980e-01 -3.648012e-01
    outer loop
      vertex 6.8746712010e-01 4.4432702175e-01 4.1262785886e-01
      vertex 7.0086104380e-01 4.4327931234e-01 4.4578528023e-01
      vertex 6.8277786866e-01 4.1339656683e-01 4.2734035813e-01
    endloop
  endfacet
  facet normal 9.233856e-01 -3.081672e-01 -2.288929e-01
    outer loop
      vertex 7.0956412907e-01 4.4358361099e-01 4.8048503797e-01
      vertex 6.9455163105e-01 4.1275315360e-01 4.6143076742e-01
      vertex 7.0086104380e-01 4.4327931234e-01 4.4578528023e-01
    endloop
  endfacet
  facet normal 8.857887e-01 -3.431966e-01 -3.124011e-01
    outer loop
      vertex 6.8277786866e-01 4.1339656683e-01 4.2734035813e-01
      vertex 7.0086104380e-01 4.4327931234e-01 4.4578528023e-01
      vertex 6.9455163105e-01 4.1275315360e-01 4.6143076742e-01
    endloop
  endfacet
  facet normal 9.529505e-01 -8.454536e-02 -2.910970e-01
    outer loop
      vertex 7.1228458945e-01 5.0930000000e-01 4.5278336777e-01
      vertex 7.1339814935e-01 4.7610188079e-01 4.6607074313e-01
      vertex 7.0287615015e-01 4.7638615716e-01 4.3154280163e-01
    endloop
  endfacet
  facet normal 9.474616e-01 -2.162041e-01 -2.357379e-01
    outer loop
      vertex 7.0956412907e-01 4.4358361099e-01 4.8048503797e-01
      vertex 7.0086104380e-01 4.4327931234e-01 4.4578528023e-01
      vertex 7.1339814935e-01 4.7610188079e-01 4.6607074313e-01
    endloop
  endfacet
  facet normal 9.031797e-01 -2.148469e-01 -3.716277e-01
    outer loop
      vertex 6.8746712010e-01 4.4432702175e-01 4.1262785886e-01
      vertex 7.0287615015e-01 4.7638615716e-01 4.3154280163e-01
      vertex 7.0086104380e-01 4.4327931234e-01 4.4578528023e-01
    endloop
  endfacet
  facet normal 9.403266e-01 -1.811510e-01 -2.880454e-01
    outer loop
      vertex 7.1339814935e-01 4.7610188079e-01 4.6607074313e-01
      vertex 7.0086104380e-01 4.4327931234e-01 4.4578528023e-01
      vertex 7.0287615015e-01 4.7638615716e-01 4.3154280163e-01
    endloop
  endfacet
  facet normal 8.838505e-01 -5.017104e-02 4.650712e-01
    outer loop
      vertex 6.8446270209e-01 5.0930000000e-01 6.5253277803e-01
      vertex 6.8803233397e-01 4.7649990530e-01 6.4221041052e-01
      vertex 7.0056085531e-01 5.0930000000e-01 6.2193883715e-01
    endloop
  endfacet
  facet normal 8.897882e-01 -1.803191e-01 4.192398e-01
    outer loop
      vertex 6.8746712010e-01 4.4432702175e-01 6.2957214114e-01
      vertex 7.0287615015e-01 4.7638615716e-01 6.1065719837e-01
      vertex 6.8803233397e-01 4.7649990530e-01 6.4221041052e-01
    endloop
  endfacet
  facet normal 9.395655e-01 -5.000027e-02 3.386983e-01
    outer loop
      vertex 7.1228458945e-01 5.0930000000e-01 5.8941663223e-01
      vertex 7.0056085531e-01 5.0930000000e-01 6.2193883715e-01
      vertex 7.0287615015e-01 4.7638615716e-01 6.1065719837e-01
    endloop
  endfacet
  facet normal 9.017047e-01 -8.207030e-02 4.244916e-01
    outer loop
      vertex 6.8803233397e-01 4.7649990530e-01 6.4221041052e-01
      vertex 7.0287615015e-01 4.7638615716e-01 6.1065719837e-01
      vertex 7.0056085531e-01 5.0930000000e-01 6.2193883715e-01
    endloop
  endfacet
  facet normal 8.521837e-01 -4.270257e-01 3.023772e-01
    outer loop
      vertex 6.7405424859e-01 3.8430000000e-01 5.9835424859e-01
      vertex 6.9455163105e-01 4.1275315360e-01 5.8076923258e-01
      vertex 6.8277786866e-01 4.1339656683e-01 6.1485964187e-01
    endloop
  endfacet
  facet normal 9.233856e-01 -3.081672e-01 2.288929e-01
    outer loop
      vertex 7.0956412907e-01 4.4358361099e-01 5.6171496203e-01
      vertex 7.0086104380e-01 4.4327931234e-01 5.9641471977e-01
      vertex 6.9455163105e-01 4.1275315360e-01 5.8076923258e-01
    endloop
  endfacet
  facet normal 8.790876e-01 -3.067980e-01 3.648012e-01
    outer loop
      vertex 6.8746712010e-01 4.4432702175e-01 6.2957214114e-01
      vertex 6.8277786866e-01 4.1339656683e-01 6.1485964187e-01
      vertex 7.0086104380e-01 4.4327931234e-01 5.9641471977e-01
    endloop
  endfacet
  facet normal 8.857887e-01 -3.431966e-01 3.124011e-01
    outer loop
      vertex 6.9455163105e-01 4.1275315360e-01 5.8076923258e-01
      vertex 7.0086104380e-01 4.4327931234e-01 5.9641471977e-01
      vertex 6.8277786866e-01 4.1339656683e-01 6.1485964187e-01
    endloop
  endfacet
  facet normal 9.963836e-01 -4.950537e-02 6.905681e-02
    outer loop
      vertex 7.2180000000e-01 5.0930000000e-01 5.2110000000e-01
      vertex 7.1940972049e-01 5.0930000000e-01 5.5558806053e-01
      vertex 7.1872208515e-01 4.7603222396e-01 5.4166061632e-01
    endloop
  endfacet
  facet normal 9.773256e-01 -4.960764e-02 2.058489e-01
    outer loop
      vertex 7.1228458945e-01 5.0930000000e-01 5.8941663223e-01
      vertex 7.1339814935e-01 4.7610188079e-01 5.7612925687e-01
      vertex 7.1940972049e-01 5.0930000000e-01 5.5558806053e-01
    endloop
  endfacet
  facet normal 9.718501e-01 -1.812856e-01 1.504758e-01
    outer loop
      vertex 7.0956412907e-01 4.4358361099e-01 5.6171496203e-01
      vertex 7.1872208515e-01 4.7603222396e-01 5.4166061632e-01
      vertex 7.1339814935e-01 4.7610188079e-01 5.7612925687e-01
    endloop
  endfacet
  facet normal 9.847537e-01 -8.410292e-02 1.522724e-01
    outer loop
      vertex 7.1940972049e-01 5.0930000000e-01 5.5558806053e-01
      vertex 7.1339814935e-01 4.7610188079e-01 5.7612925687e-01
      vertex 7.1872208515e-01 4.7603222396e-01 5.4166061632e-01
    endloop
  endfacet
  facet normal 9.031797e-01 -2.148469e-01 3.716277e-01
    outer loop
      vertex 6.8746712010e-01 4.4432702175e-01 6.2957214114e-01
      vertex 7.0086104380e-01 4.4327931234e-01 5.9641471977e-01
      vertex 7.0287615015e-01 4.7638615716e-01 6.1065719837e-01
    endloop
  endfacet
  facet normal 9.474616e-01 -2.162041e-01 2.357379e-01
    outer loop
      vertex 7.0956412907e-01 4.4358361099e-01 5.6171496203e-01
      vertex 7.1339814935e-01 4.7610188079e-01 5.7612925687e-01
      vertex 7.0086104380e-01 4.4327931234e-01 5.9641471977e-01
    endloop
  endfacet
  facet normal 9.529505e-01 -8.454536e-02 2.910970e-01
    outer loop
      vertex 7.1228458945e-01 5.0930000000e-01 5.8941663223e-01
      vertex 7.0287615015e-01 4.7638615716e-01 6.1065719837e-01
      vertex 7.1339814935e-01 4.7610188079e-01 5.7612925687e-01
    endloop
  endfacet
  facet normal 9.403266e-01 -1.811510e-01 2.880454e-01
    outer loop
      vertex 7.0086104380e-01 4.4327931234e-01 5.9641471977e-01
      vertex 7.1339814935e-01 4.7610188079e-01 5.7612925687e-01
      vertex 7.0287615015e-01 4.7638615716e-01 6.1065719837e-01
    endloop
  endfacet
  facet normal 8.516395e-01 -4.694052e-01 -2.331714e-01
    outer loop
      vertex 6.7405424859e-01 3.8430000000e-01 4.4384575141e-01
      vertex 6.9455163105e-01 4.1275315360e-01 4.6143076742e-01
      vertex 6.8184447133e-01 3.7948537757e-01 4.8199138374e-01
    endloop
  endfacet
  facet normal 9.227974e-01 -3.505871e-01 -1.597927e-01
    outer loop
      vertex 7.0956412907e-01 4.4358361099e-01 4.8048503797e-01
      vertex 7.0004562323e-01 4.0939823707e-01 5.0051910499e-01
      vertex 6.9455163105e-01 4.1275315360e-01 4.6143076742e-01
    endloop
  endfacet
  facet normal 8.724736e-01 -4.823363e-01 -7.836719e-02
    outer loop
      vertex 6.8446270209e-01 3.7786722197e-01 5.2110000000e-01
      vertex 6.8184447133e-01 3.7948537757e-01 4.8199138374e-01
      vertex 7.0004562323e-01 4.0939823707e-01 5.0051910499e-01
    endloop
  endfacet
  facet normal 8.843585e-01 -4.378416e-01 -1.618790e-01
    outer loop
      vertex 6.9455163105e-01 4.1275315360e-01 4.6143076742e-01
      vertex 7.0004562323e-01 4.0939823707e-01 5.0051910499e-01
      vertex 6.8184447133e-01 3.7948537757e-01 4.8199138374e-01
    endloop
  endfacet
  facet normal 9.957474e-01 -9.212595e-02 0.000000e+00
    outer loop
      vertex 7.2180000000e-01 5.0930000000e-01 5.2110000000e-01
      vertex 7.1872208515e-01 4.7603222396e-01 5.4166061632e-01
      vertex 7.1872208515e-01 4.7603222396e-01 5.0053938368e-01
    endloop
  endfacet
  facet normal 9.712310e-01 -2.237863e-01 8.142553e-02
    outer loop
      vertex 7.0956412907e-01 4.4358361099e-01 5.6171496203e-01
      vertex 7.1276531587e-01 4.4269882472e-01 5.2110000000e-01
      vertex 7.1872208515e-01 4.7603222396e-01 5.4166061632e-01
    endloop
  endfacet
  facet normal 9.712310e-01 -2.237863e-01 -8.142553e-02
    outer loop
      vertex 7.0956412907e-01 4.4358361099e-01 4.8048503797e-01
      vertex 7.1872208515e-01 4.7603222396e-01 5.0053938368e-01
      vertex 7.1276531587e-01 4.4269882472e-01 5.2110000000e-01
    endloop
  endfacet
  facet normal 9.844052e-01 -1.759159e-01 0.000000e+00
    outer loop
      vertex 7.1872208515e-01 4.7603222396e-01 5.4166061632e-01
      vertex 7.1276531587e-01 4.4269882472e-01 5.2110000000e-01
      vertex 7.1872208515e-01 4.7603222396e-01 5.0053938368e-01
    endloop
  endfacet
  facet normal 8.516395e-01 -4.694052e-01 2.331714e-01
    outer loop
      vertex 6.7405424859e-01 3.8430000000e-01 5.9835424859e-01
      vertex 6.8184447133e-01 3.7948537757e-01 5.6020861626e-01
      vertex 6.9455163105e-01 4.1275315360e-01 5.8076923258e-01
    endloop
  endfacet
  facet normal 8.724736e-01 -4.823363e-01 7.836719e-02
    outer loop
      vertex 6.8446270209e-01 3.7786722197e-01 5.2110000000e-01
      vertex 7.0004562323e-01 4.0939823707e-01 5.4168089501e-01
      vertex 6.8184447133e-01 3.7948537757e-01 5.6020861626e-01
    endloop
  endfacet
  facet normal 9.227974e-01 -3.505871e-01 1.597927e-01
    outer loop
      vertex 7.0956412907e-01 4.4358361099e-01 5.6171496203e-01
      vertex 6.9455163105e-01 4.1275315360e-01 5.8076923258e-01
      vertex 7.0004562323e-01 4.0939823707e-01 5.4168089501e-01
    endloop
  endfacet
  facet normal 8.843585e-01 -4.378416e-01 1.618790e-01
    outer loop
      vertex 6.8184447133e-01 3.7948537757e-01 5.6020861626e-01
      vertex 7.0004562323e-01 4.0939823707e-01 5.4168089501e-01
      vertex 6.9455163105e-01 4.1275315360e-01 5.8076923258e-01
    endloop
  endfacet
  facet normal 9.468068e-01 -3.113353e-01 -8.140770e-02
    outer loop
      vertex 7.0956412907e-01 4.4358361099e-01 4.8048503797e-01
      vertex 7.1276531587e-01 4.4269882472e-01 5.2110000000e-01
      vertex 7.0004562323e-01 4.0939823707e-01 5.0051910499e-01
    endloop
  endfacet
  facet normal 9.468068e-01 -3.113353e-01 8.140770e-02
    outer loop
      vertex 7.0956412907e-01 4.4358361099e-01 5.6171496203e-01
      vertex 7.0004562323e-01 4.0939823707e-01 5.4168089501e-01
      vertex 7.1276531587e-01 4.4269882472e-01 5.2110000000e-01
    endloop
  endfacet
  facet normal 8.964941e-01 -4.430557e-01 0.000000e+00
    outer loop
      vertex 6.8446270209e-01 3.7786722197e-01 5.2110000000e-01
      vertex 7.0004562323e-01 4.0939823707e-01 5.0051910499e-01
      vertex 7.0004562323e-01 4.0939823707e-01 5.4168089501e-01
    endloop
  endfacet
  facet normal 9.341724e-01 -3.568221e-01 0.000000e+00
    outer loop
      vertex 7.1276531587e-01 4.4269882472e-01 5.2110000000e-01
      vertex 7.0004562323e-01 4.0939823707e-01 5.4168089501e-01
      vertex 7.0004562323e-01 4.0939823707e-01 5.0051910499e-01
    endloop
  endfacet
  facet normal 5.017104e-02 -4.650712e-01 8.838505e-01
    outer loop
      vertex 4.7180000000e-01 3.7786722197e-01 7.3376270209e-01
      vertex 5.0460009470e-01 3.8818958948e-01 7.3733233397e-01
      vertex 4.7180000000e-01 4.0846116285e-01 7.4986085531e-01
    endloop
  endfacet
  facet normal 1.803191e-01 -4.192398e-01 8.897882e-01
    outer loop
      vertex 5.3677297825e-01 4.0082785886e-01 7.3676712010e-01
      vertex 5.0471384284e-01 4.1974280163e-01 7.5217615015e-01
      vertex 5.0460009470e-01 3.8818958948e-01 7.3733233397e-01
    endloop
  endfacet
  facet normal 5.000027e-02 -3.386983e-01 9.395655e-01
    outer loop
      vertex 4.7180000000e-01 4.4098336777e-01 7.6158458945e-01
      vertex 4.7180000000e-01 4.0846116285e-01 7.4986085531e-01
      vertex 5.0471384284e-01 4.1974280163e-01 7.5217615015e-01
    endloop
  endfacet
  facet normal 8.207030e-02 -4.244916e-01 9.017047e-01
    outer loop
      vertex 5.0460009470e-01 3.8818958948e-01 7.3733233397e-01
      vertex 5.0471384284e-01 4.1974280163e-01 7.5217615015e-01
      vertex 4.7180000000e-01 4.0846116285e-01 7.4986085531e-01
    endloop
  endfacet
  facet normal 4.270257e-01 -3.023772e-01 8.521837e-01
    outer loop
      vertex 5.9680000000e-01 4.3204575141e-01 7.2335424859e-01
      vertex 5.6834684640e-01 4.4963076742e-01 7.4385163105e-01
      vertex 5.6770343317e-01 4.1554035813e-01 7.3207786866e-01
    endloop
  endfacet
  facet normal 3.081672e-01 -2.288929e-01 9.233856e-01
    outer loop
      vertex 5.3751638901e-01 4.6868503797e-01 7.5886412907e-01
      vertex 5.3782068766e-01 4.3398528023e-01 7.5016104380e-01
      vertex 5.6834684640e-01 4.4963076742e-01 7.4385163105e-01
    endloop
  endfacet
  facet normal 3.067980e-01 -3.648012e-01 8.790876e-01
    outer loop
      vertex 5.3677297825e-01 4.0082785886e-01 7.3676712010e-01
      vertex 5.6770343317e-01 4.1554035813e-01 7.3207786866e-01
      vertex 5.3782068766e-01 4.3398528023e-01 7.5016104380e-01
    endloop
  endfacet
  facet normal 3.431966e-01 -3.124011e-01 8.857887e-01
    outer loop
      vertex 5.6834684640e-01 4.4963076742e-01 7.4385163105e-01
      vertex 5.3782068766e-01 4.3398528023e-01 7.5016104380e-01
      vertex 5.6770343317e-01 4.1554035813e-01 7.3207786866e-01
    endloop
  endfacet
  facet normal 4.950537e-02 -6.905681e-02 9.963836e-01
    outer loop
      vertex 4.7180000000e-01 5.0930000000e-01 7.7110000000e-01
      vertex 4.7180000000e-01 4.7481193947e-01 7.6870972049e-01
      vertex 5.0506777604e-01 4.8873938368e-01 7.6802208515e-01
    endloop
  endfacet
  facet normal 4.960764e-02 -2.058489e-01 9.773256e-01
    outer loop
      vertex 4.7180000000e-01 4.4098336777e-01 7.6158458945e-01
      vertex 5.0499811921e-01 4.5427074313e-01 7.6269814935e-01
      vertex 4.7180000000e-01 4.7481193947e-01 7.6870972049e-01
    endloop
  endfacet
  facet normal 1.812856e-01 -1.504758e-01 9.718501e-01
    outer loop
      vertex 5.3751638901e-01 4.6868503797e-01 7.5886412907e-01
      vertex 5.0506777604e-01 4.8873938368e-01 7.6802208515e-01
      vertex 5.0499811921e-01 4.5427074313e-01 7.6269814935e-01
    endloop
  endfacet
  facet normal 8.410292e-02 -1.522724e-01 9.847537e-01
    outer loop
      vertex 4.7180000000e-01 4.7481193947e-01 7.6870972049e-01
      vertex 5.0499811921e-01 4.5427074313e-01 7.6269814935e-01
      vertex 5.0506777604e-01 4.8873938368e-01 7.6802208515e-01
    endloop
  endfacet
  facet normal 2.148469e-01 -3.716277e-01 9.031797e-01
    outer loop
      vertex 5.3677297825e-01 4.0082785886e-01 7.3676712010e-01
      vertex 5.3782068766e-01 4.3398528023e-01 7.5016104380e-01
      vertex 5.0471384284e-01 4.1974280163e-01 7.5217615015e-01
    endloop
  endfacet
  facet normal 2.162041e-01 -2.357379e-01 9.474616e-01
    outer loop
      vertex 5.3751638901e-01 4.6868503797e-01 7.5886412907e-01
      vertex 5.0499811921e-01 4.5427074313e-01 7.6269814935e-01
      vertex 5.3782068766e-01 4.3398528023e-01 7.5016104380e-01
    endloop
  endfacet
  facet normal 8.454536e-02 -2.910970e-01 9.529505e-01
    outer loop
      vertex 4.7180000000e-01 4.4098336777e-01 7.6158458945e-01
      vertex 5.0471384284e-01 4.1974280163e-01 7.5217615015e-01
      vertex 5.0499811921e-01 4.5427074313e-01 7.6269814935e-01
    endloop
  endfacet
  facet normal 1.811510e-01 -2.880454e-01 9.403266e-01
    outer loop
      vertex 5.3782068766e-01 4.3398528023e-01 7.5016104380e-01
      vertex 5.0499811921e-01 4.5427074313e-01 7.6269814935e-01
      vertex 5.0471384284e-01 4.1974280163e-01 7.5217615015e-01
    endloop
  endfacet
  facet normal 8.026720e-01 0.000000e+00 5.964207e-01
    outer loop
      vertex 6.8446270209e-01 5.0930000000e-01 6.5253277803e-01
      vertex 6.6776076060e-01 5.2957157336e-01 6.7501050522e-01
      vertex 6.6776076060e-01 4.8902842664e-01 6.7501050522e-01
    endloop
  endfacet
  facet normal 7.283445e-01 8.054149e-02 6.804611e-01
    outer loop
      vertex 6.4731161119e-01 5.4945550891e-01 6.9454511939e-01
      vertex 6.4962043374e-01 5.0930000000e-01 6.9682675762e-01
      vertex 6.6776076060e-01 5.2957157336e-01 6.7501050522e-01
    endloop
  endfacet
  facet normal 7.283445e-01 -8.054149e-02 6.804611e-01
    outer loop
      vertex 6.4731161119e-01 4.6914449109e-01 6.9454511939e-01
      vertex 6.6776076060e-01 4.8902842664e-01 6.7501050522e-01
      vertex 6.4962043374e-01 5.0930000000e-01 6.9682675762e-01
    endloop
  endfacet
  facet normal 7.689122e-01 0.000000e+00 6.393544e-01
    outer loop
      vertex 6.6776076060e-01 5.2957157336e-01 6.7501050522e-01
      vertex 6.4962043374e-01 5.0930000000e-01 6.9682675762e-01
      vertex 6.6776076060e-01 4.8902842664e-01 6.7501050522e-01
    endloop
  endfacet
  facet normal 5.387620e-01 2.333204e-01 8.095043e-01
    outer loop
      vertex 5.9680000000e-01 5.8655424859e-01 7.2335424859e-01
      vertex 6.0161462243e-01 5.4840861626e-01 7.3114447133e-01
      vertex 6.2350628732e-01 5.6857158134e-01 7.1076307504e-01
    endloop
  endfacet
  facet normal 5.516422e-01 7.841715e-02 8.303865e-01
    outer loop
      vertex 6.0323277803e-01 5.0930000000e-01 7.3376270209e-01
      vertex 6.2685989565e-01 5.2958546290e-01 7.1615109268e-01
      vertex 6.0161462243e-01 5.4840861626e-01 7.3114447133e-01
    endloop
  endfacet
  facet normal 6.398684e-01 1.589524e-01 7.518660e-01
    outer loop
      vertex 6.4731161119e-01 5.4945550891e-01 6.9454511939e-01
      vertex 6.2350628732e-01 5.6857158134e-01 7.1076307504e-01
      vertex 6.2685989565e-01 5.2958546290e-01 7.1615109268e-01
    endloop
  endfacet
  facet normal 5.895786e-01 1.601287e-01 7.916792e-01
    outer loop
      vertex 6.0161462243e-01 5.4840861626e-01 7.3114447133e-01
      vertex 6.2685989565e-01 5.2958546290e-01 7.1615109268e-01
      vertex 6.2350628732e-01 5.6857158134e-01 7.1076307504e-01
    endloop
  endfacet
  facet normal 5.387620e-01 -2.333204e-01 8.095043e-01
    outer loop
      vertex 5.9680000000e-01 4.3204575141e-01 7.2335424859e-01
      vertex 6.2350628732e-01 4.5002841866e-01 7.1076307504e-01
      vertex 6.0161462243e-01 4.7019138374e-01 7.3114447133e-01
    endloop
  endfacet
  facet normal 6.398684e-01 -1.589524e-01 7.518660e-01
    outer loop
      vertex 6.4731161119e-01 4.6914449109e-01 6.9454511939e-01
      vertex 6.2685989565e-01 4.8901453710e-01 7.1615109268e-01
      vertex 6.2350628732e-01 4.5002841866e-01 7.1076307504e-01
    endloop
  endfacet
  facet normal 5.516422e-01 -7.841715e-02 8.303865e-01
    outer loop
      vertex 6.0323277803e-01 5.0930000000e-01 7.3376270209e-01
      vertex 6.0161462243e-01 4.7019138374e-01 7.3114447133e-01
      vertex 6.2685989565e-01 4.8901453710e-01 7.1615109268e-01
    endloop
  endfacet
  facet normal 5.895786e-01 -1.601287e-01 7.916792e-01
    outer loop
      vertex 6.2350628732e-01 4.5002841866e-01 7.1076307504e-01
      vertex 6.2685989565e-01 4.8901453710e-01 7.1615109268e-01
      vertex 6.0161462243e-01 4.7019138374e-01 7.3114447133e-01
    endloop
  endfacet
  facet normal 6.858517e-01 8.053079e-02 7.232719e-01
    outer loop
      vertex 6.4731161119e-01 5.4945550891e-01 6.9454511939e-01
      vertex 6.2685989565e-01 5.2958546290e-01 7.1615109268e-01
      vertex 6.4962043374e-01 5.0930000000e-01 6.9682675762e-01
    endloop
  endfacet
  facet normal 5.976360e-01 0.000000e+00 8.017675e-01
    outer loop
      vertex 6.0323277803e-01 5.0930000000e-01 7.3376270209e-01
      vertex 6.2685989565e-01 4.8901453710e-01 7.1615109268e-01
      vertex 6.2685989565e-01 5.2958546290e-01 7.1615109268e-01
    endloop
  endfacet
  facet normal 6.858517e-01 -8.053079e-02 7.232719e-01
    outer loop
      vertex 6.4731161119e-01 4.6914449109e-01 6.9454511939e-01
      vertex 6.4962043374e-01 5.0930000000e-01 6.9682675762e-01
      vertex 6.2685989565e-01 4.8901453710e-01 7.1615109268e-01
    endloop
  endfacet
  facet normal 6.472182e-01 0.000000e+00 7.623048e-01
    outer loop
      vertex 6.2685989565e-01 5.2958546290e-01 7.1615109268e-01
      vertex 6.2685989565e-01 4.8901453710e-01 7.1615109268e-01
      vertex 6.4962043374e-01 5.0930000000e-01 6.9682675762e-01
    endloop
  endfacet
  facet normal 5.017104e-02 4.650712e-01 8.838505e-01
    outer loop
      vertex 4.7180000000e-01 6.4073277803e-01 7.3376270209e-01
      vertex 4.7180000000e-01 6.1013883715e-01 7.4986085531e-01
      vertex 5.0460009470e-01 6.3041041052e-01 7.3733233397e-01
    endloop
  endfacet
  facet normal 5.000027e-02 3.386983e-01 9.395655e-01
    outer loop
      vertex 4.7180000000e-01 5.7761663223e-01 7.6158458945e-01
      vertex 5.0471384284e-01 5.9885719837e-01 7.5217615015e-01
      vertex 4.7180000000e-01 6.1013883715e-01 7.4986085531e-01
    endloop
  endfacet
  facet normal 1.803191e-01 4.192398e-01 8.897882e-01
    outer loop
      vertex 5.3677297825e-01 6.1777214114e-01 7.3676712010e-01
      vertex 5.0460009470e-01 6.3041041052e-01 7.3733233397e-01
      vertex 5.0471384284e-01 5.9885719837e-01 7.5217615015e-01
    endloop
  endfacet
  facet normal 8.207030e-02 4.244916e-01 9.017047e-01
    outer loop
      vertex 4.7180000000e-01 6.1013883715e-01 7.4986085531e-01
      vertex 5.0471384284e-01 5.9885719837e-01 7.5217615015e-01
      vertex 5.0460009470e-01 6.3041041052e-01 7.3733233397e-01
    endloop
  endfacet
  facet normal 4.950537e-02 6.905681e-02 9.963836e-01
    outer loop
      vertex 4.7180000000e-01 5.0930000000e-01 7.7110000000e-01
      vertex 5.0506777604e-01 5.2986061632e-01 7.6802208515e-01
      vertex 4.7180000000e-01 5.4378806053e-01 7.6870972049e-01
    endloop
  endfacet
  facet normal 1.812856e-01 1.504758e-01 9.718501e-01
    outer loop
      vertex 5.3751638901e-01 5.4991496203e-01 7.5886412907e-01
      vertex 5.0499811921e-01 5.6432925687e-01 7.6269814935e-01
      vertex 5.0506777604e-01 5.2986061632e-01 7.6802208515e-01
    endloop
  endfacet
  facet normal 4.960764e-02 2.058489e-01 9.773256e-01
    outer loop
      vertex 4.7180000000e-01 5.7761663223e-01 7.6158458945e-01
      vertex 4.7180000000e-01 5.4378806053e-01 7.6870972049e-01
      vertex 5.0499811921e-01 5.6432925687e-01 7.6269814935e-01
    endloop
  endfacet
  facet normal 8.410292e-02 1.522724e-01 9.847537e-01
    outer loop
      vertex 5.0506777604e-01 5.2986061632e-01 7.6802208515e-01
      vertex 5.0499811921e-01 5.6432925687e-01 7.6269814935e-01
      vertex 4.7180000000e-01 5.4378806053e-01 7.6870972049e-01
    endloop
  endfacet
  facet normal 4.270257e-01 3.023772e-01 8.521837e-01
    outer loop
      vertex 5.9680000000e-01 5.8655424859e-01 7.2335424859e-01
      vertex 5.6770343317e-01 6.0305964187e-01 7.3207786866e-01
      vertex 5.6834684640e-01 5.6896923258e-01 7.4385163105e-01
    endloop
  endfacet
  facet normal 3.067980e-01 3.648012e-01 8.790876e-01
    outer loop
      vertex 5.3677297825e-01 6.1777214114e-01 7.3676712010e-01
      vertex 5.3782068766e-01 5.8461471977e-01 7.5016104380e-01
      vertex 5.6770343317e-01 6.0305964187e-01 7.3207786866e-01
    endloop
  endfacet
  facet normal 3.081672e-01 2.288929e-01 9.233856e-01
    outer loop
      vertex 5.3751638901e-01 5.4991496203e-01 7.5886412907e-01
      vertex 5.6834684640e-01 5.6896923258e-01 7.4385163105e-01
      vertex 5.3782068766e-01 5.8461471977e-01 7.5016104380e-01
    endloop
  endfacet
  facet normal 3.431966e-01 3.124011e-01 8.857887e-01
    outer loop
      vertex 5.6770343317e-01 6.0305964187e-01 7.3207786866e-01
      vertex 5.3782068766e-01 5.8461471977e-01 7.5016104380e-01
      vertex 5.6834684640e-01 5.6896923258e-01 7.4385163105e-01
    endloop
  endfacet
  facet normal 8.454536e-02 2.910970e-01 9.529505e-01
    outer loop
      vertex 4.7180000000e-01 5.7761663223e-01 7.6158458945e-01
      vertex 5.0499811921e-01 5.6432925687e-01 7.6269814935e-01
      vertex 5.0471384284e-01 5.9885719837e-01 7.5217615015e-01
    endloop
  endfacet
  facet normal 2.162041e-01 2.357379e-01 9.474616e-01
    outer loop
      vertex 5.3751638901e-01 5.4991496203e-01 7.5886412907e-01
      vertex 5.3782068766e-01 5.8461471977e-01 7.5016104380e-01
      vertex 5.0499811921e-01 5.6432925687e-01 7.6269814935e-01
    endloop
  endfacet
  facet normal 2.148469e-01 3.716277e-01 9.031797e-01
    outer loop
      vertex 5.3677297825e-01 6.1777214114e-01 7.3676712010e-01
      vertex 5.0471384284e-01 5.9885719837e-01 7.5217615015e-01
      vertex 5.3782068766e-01 5.8461471977e-01 7.5016104380e-01
    endloop
  endfacet
  facet normal 1.811510e-01 2.880454e-01 9.403266e-01
    outer loop
      vertex 5.0499811921e-01 5.6432925687e-01 7.6269814935e-01
      vertex 5.3782068766e-01 5.8461471977e-01 7.5016104380e-01
      vertex 5.0471384284e-01 5.9885719837e-01 7.5217615015e-01
    endloop
  endfacet
  facet normal 4.694052e-01 -2.331714e-01 8.516395e-01
    outer loop
      vertex 5.9680000000e-01 4.3204575141e-01 7.2335424859e-01
      vertex 6.0161462243e-01 4.7019138374e-01 7.3114447133e-01
      vertex 5.6834684640e-01 4.4963076742e-01 7.4385163105e-01
    endloop
  endfacet
  facet normal 4.823363e-01 -7.836719e-02 8.724736e-01
    outer loop
      vertex 6.0323277803e-01 5.0930000000e-01 7.3376270209e-01
      vertex 5.7170176293e-01 4.8871910499e-01 7.4934562323e-01
      vertex 6.0161462243e-01 4.7019138374e-01 7.3114447133e-01
    endloop
  endfacet
  facet normal 3.505871e-01 -1.597927e-01 9.227974e-01
    outer loop
      vertex 5.3751638901e-01 4.6868503797e-01 7.5886412907e-01
      vertex 5.6834684640e-01 4.4963076742e-01 7.4385163105e-01
      vertex 5.7170176293e-01 4.8871910499e-01 7.4934562323e-01
    endloop
  endfacet
  facet normal 4.378416e-01 -1.618790e-01 8.843585e-01
    outer loop
      vertex 6.0161462243e-01 4.7019138374e-01 7.3114447133e-01
      vertex 5.7170176293e-01 4.8871910499e-01 7.4934562323e-01
      vertex 5.6834684640e-01 4.4963076742e-01 7.4385163105e-01
    endloop
  endfacet
  facet normal 4.694052e-01 2.331714e-01 8.516395e-01
    outer loop
      vertex 5.9680000000e-01 5.8655424859e-01 7.2335424859e-01
      vertex 5.6834684640e-01 5.6896923258e-01 7.4385163105e-01
      vertex 6.0161462243e-01 5.4840861626e-01 7.3114447133e-01
    endloop
  endfacet
  facet normal 3.505871e-01 1.597927e-01 9.227974e-01
    outer loop
      vertex 5.3751638901e-01 5.4991496203e-01 7.5886412907e-01
      vertex 5.7170176293e-01 5.2988089501e-01 7.4934562323e-01
      vertex 5.6834684640e-01 5.6896923258e-01 7.4385163105e-01
    endloop
  endfacet
  facet normal 4.823363e-01 7.836719e-02 8.724736e-01
    outer loop
      vertex 6.0323277803e-01 5.0930000000e-01 7.3376270209e-01
      vertex 6.0161462243e-01 5.4840861626e-01 7.3114447133e-01
      vertex 5.7170176293e-01 5.2988089501e-01 7.4934562323e-01
    endloop
  endfacet
  facet normal 4.378416e-01 1.618790e-01 8.843585e-01
    outer loop
      vertex 5.6834684640e-01 5.6896923258e-01 7.4385163105e-01
      vertex 5.7170176293e-01 5.2988089501e-01 7.4934562323e-01
      vertex 6.0161462243e-01 5.4840861626e-01 7.3114447133e-01
    endloop
  endfacet
  facet normal 9.212595e-02 0.000000e+00 9.957474e-01
    outer loop
      vertex 4.7180000000e-01 5.0930000000e-01 7.7110000000e-01
      vertex 5.0506777604e-01 4.8873938368e-01 7.6802208515e-01
      vertex 5.0506777604e-01 5.2986061632e-01 7.6802208515e-01
    endloop
  endfacet
  facet normal 2.237863e-01 -8.142553e-02 9.712310e-01
    outer loop
      vertex 5.3751638901e-01 4.6868503797e-01 7.5886412907e-01
      vertex 5.3840117528e-01 5.0930000000e-01 7.6206531587e-01
      vertex 5.0506777604e-01 4.8873938368e-01 7.6802208515e-01
    endloop
  endfacet
  facet normal 2.237863e-01 8.142553e-02 9.712310e-01
    outer loop
      vertex 5.3751638901e-01 5.4991496203e-01 7.5886412907e-01
      vertex 5.0506777604e-01 5.2986061632e-01 7.6802208515e-01
      vertex 5.3840117528e-01 5.0930000000e-01 7.6206531587e-01
    endloop
  endfacet
  facet normal 1.759159e-01 -0.000000e+00 9.844052e-01
    outer loop
      vertex 5.0506777604e-01 4.8873938368e-01 7.6802208515e-01
      vertex 5.3840117528e-01 5.0930000000e-01 7.6206531587e-01
      vertex 5.0506777604e-01 5.2986061632e-01 7.6802208515e-01
    endloop
  endfacet
  facet normal 4.430557e-01 0.000000e+00 8.964941e-01
    outer loop
      vertex 6.0323277803e-01 5.0930000000e-01 7.3376270209e-01
      vertex 5.7170176293e-01 5.2988089501e-01 7.4934562323e-01
      vertex 5.7170176293e-01 4.8871910499e-01 7.4934562323e-01
    endloop
  endfacet
  facet normal 3.113353e-01 8.140770e-02 9.468068e-01
    outer loop
      vertex 5.3751638901e-01 5.4991496203e-01 7.5886412907e-01
      vertex 5.3840117528e-01 5.0930000000e-01 7.6206531587e-01
      vertex 5.7170176293e-01 5.2988089501e-01 7.4934562323e-01
    endloop
  endfacet
  facet normal 3.113353e-01 -8.140770e-02 9.468068e-01
    outer loop
      vertex 5.3751638901e-01 4.6868503797e-01 7.5886412907e-01
      vertex 5.7170176293e-01 4.8871910499e-01 7.4934562323e-01
      vertex 5.3840117528e-01 5.0930000000e-01 7.6206531587e-01
    endloop
  endfacet
  facet normal 3.568221e-01 0.000000e+00 9.341724e-01
    outer loop
      vertex 5.7170176293e-01 5.2988089501e-01 7.4934562323e-01
      vertex 5.3840117528e-01 5.0930000000e-01 7.6206531587e-01
      vertex 5.7170176293e-01 4.8871910499e-01 7.4934562323e-01
    endloop
  endfacet
  facet normal -5.462496e-01 -8.336794e-01 8.117845e-02
    outer loop
      vertex 3.4036722197e-01 2.9663729791e-01 5.2110000000e-01
      vertex 3.5068958948e-01 2.9306766603e-01 5.5390009470e-01
      vertex 3.1788949478e-01 3.1333923940e-01 5.4137157336e-01
    endloop
  endfacet
  facet normal -5.001420e-01 -8.397879e-01 2.112210e-01
    outer loop
      vertex 3.6332785886e-01 2.9363287990e-01 5.8607297825e-01
      vertex 3.2898708522e-01 3.1113769269e-01 5.7435571641e-01
      vertex 3.5068958948e-01 2.9306766603e-01 5.5390009470e-01
    endloop
  endfacet
  facet normal -6.304608e-01 -7.592464e-01 1.614436e-01
    outer loop
      vertex 2.9835488061e-01 3.3378838881e-01 5.6125550891e-01
      vertex 3.1788949478e-01 3.1333923940e-01 5.4137157336e-01
      vertex 3.2898708522e-01 3.1113769269e-01 5.7435571641e-01
    endloop
  endfacet
  facet normal -5.572841e-01 -8.196344e-01 1.327925e-01
    outer loop
      vertex 3.5068958948e-01 2.9306766603e-01 5.5390009470e-01
      vertex 3.2898708522e-01 3.1113769269e-01 5.7435571641e-01
      vertex 3.1788949478e-01 3.1333923940e-01 5.4137157336e-01
    endloop
  endfacet
  facet normal -3.824786e-01 -8.026783e-01 4.576217e-01
    outer loop
      vertex 3.9454575141e-01 3.0704575141e-01 6.4610000000e-01
      vertex 3.5830237507e-01 3.1981614499e-01 6.3820746272e-01
      vertex 3.7804035813e-01 2.9832213134e-01 6.1700343317e-01
    endloop
  endfacet
  facet normal -5.222192e-01 -7.421000e-01 4.202079e-01
    outer loop
      vertex 3.2485368693e-01 3.3725225994e-01 6.2743135104e-01
      vertex 3.4276959499e-01 3.1343707541e-01 6.0763825370e-01
      vertex 3.5830237507e-01 3.1981614499e-01 6.3820746272e-01
    endloop
  endfacet
  facet normal -4.450681e-01 -8.294800e-01 3.374572e-01
    outer loop
      vertex 3.6332785886e-01 2.9363287990e-01 5.8607297825e-01
      vertex 3.7804035813e-01 2.9832213134e-01 6.1700343317e-01
      vertex 3.4276959499e-01 3.1343707541e-01 6.0763825370e-01
    endloop
  endfacet
  facet normal -4.484825e-01 -8.016858e-01 3.951751e-01
    outer loop
      vertex 3.5830237507e-01 3.1981614499e-01 6.3820746272e-01
      vertex 3.4276959499e-01 3.1343707541e-01 6.0763825370e-01
      vertex 3.7804035813e-01 2.9832213134e-01 6.1700343317e-01
    endloop
  endfacet
  facet normal -7.599989e-01 -5.693580e-01 3.134218e-01
    outer loop
      vertex 2.6954575141e-01 3.8430000000e-01 5.9835424859e-01
      vertex 2.8213692496e-01 3.5759371268e-01 5.8037158134e-01
      vertex 2.9502330470e-01 3.5892476125e-01 6.1403700862e-01
    endloop
  endfacet
  facet normal -7.022584e-01 -6.705276e-01 2.392192e-01
    outer loop
      vertex 2.9835488061e-01 3.3378838881e-01 5.6125550891e-01
      vertex 3.0994702653e-01 3.3372253831e-01 5.9510114814e-01
      vertex 2.8213692496e-01 3.5759371268e-01 5.8037158134e-01
    endloop
  endfacet
  facet normal -6.491008e-01 -6.636828e-01 3.717435e-01
    outer loop
      vertex 3.2485368693e-01 3.3725225994e-01 6.2743135104e-01
      vertex 2.9502330470e-01 3.5892476125e-01 6.1403700862e-01
      vertex 3.0994702653e-01 3.3372253831e-01 5.9510114814e-01
    endloop
  endfacet
  facet normal -7.075762e-01 -6.415571e-01 2.962101e-01
    outer loop
      vertex 2.8213692496e-01 3.5759371268e-01 5.8037158134e-01
      vertex 3.0994702653e-01 3.3372253831e-01 5.9510114814e-01
      vertex 2.9502330470e-01 3.5892476125e-01 6.1403700862e-01
    endloop
  endfacet
  facet normal -5.084250e-01 -8.186344e-01 2.670988e-01
    outer loop
      vertex 3.6332785886e-01 2.9363287990e-01 5.8607297825e-01
      vertex 3.4276959499e-01 3.1343707541e-01 6.0763825370e-01
      vertex 3.2898708522e-01 3.1113769269e-01 5.7435571641e-01
    endloop
  endfacet
  facet normal -5.855635e-01 -7.312575e-01 3.498255e-01
    outer loop
      vertex 3.2485368693e-01 3.3725225994e-01 6.2743135104e-01
      vertex 3.0994702653e-01 3.3372253831e-01 5.9510114814e-01
      vertex 3.4276959499e-01 3.1343707541e-01 6.0763825370e-01
    endloop
  endfacet
  facet normal -6.387266e-01 -7.381036e-01 2.173281e-01
    outer loop
      vertex 2.9835488061e-01 3.3378838881e-01 5.6125550891e-01
      vertex 3.2898708522e-01 3.1113769269e-01 5.7435571641e-01
      vertex 3.0994702653e-01 3.3372253831e-01 5.9510114814e-01
    endloop
  endfacet
  facet normal -5.811538e-01 -7.591756e-01 2.931085e-01
    outer loop
      vertex 3.4276959499e-01 3.1343707541e-01 6.0763825370e-01
      vertex 3.0994702653e-01 3.3372253831e-01 5.9510114814e-01
      vertex 3.2898708522e-01 3.1113769269e-01 5.7435571641e-01
    endloop
  endfacet
  facet normal -8.117845e-02 -5.462496e-01 8.336794e-01
    outer loop
      vertex 4.7180000000e-01 3.7786722197e-01 7.3376270209e-01
      vertex 4.3899990530e-01 3.8818958948e-01 7.3733233397e-01
      vertex 4.5152842664e-01 3.5538949478e-01 7.1706076060e-01
    endloop
  endfacet
  facet normal -2.112210e-01 -5.001420e-01 8.397879e-01
    outer loop
      vertex 4.0682702175e-01 4.0082785886e-01 7.3676712010e-01
      vertex 4.1854428359e-01 3.6648708522e-01 7.1926230731e-01
      vertex 4.3899990530e-01 3.8818958948e-01 7.3733233397e-01
    endloop
  endfacet
  facet normal -1.614436e-01 -6.304608e-01 7.592464e-01
    outer loop
      vertex 4.3164449109e-01 3.3585488061e-01 6.9661161119e-01
      vertex 4.5152842664e-01 3.5538949478e-01 7.1706076060e-01
      vertex 4.1854428359e-01 3.6648708522e-01 7.1926230731e-01
    endloop
  endfacet
  facet normal -1.327925e-01 -5.572841e-01 8.196344e-01
    outer loop
      vertex 4.3899990530e-01 3.8818958948e-01 7.3733233397e-01
      vertex 4.1854428359e-01 3.6648708522e-01 7.1926230731e-01
      vertex 4.5152842664e-01 3.5538949478e-01 7.1706076060e-01
    endloop
  endfacet
  facet normal -4.576217e-01 -3.824786e-01 8.026783e-01
    outer loop
      vertex 3.4680000000e-01 4.3204575141e-01 7.2335424859e-01
      vertex 3.5469253728e-01 3.9580237507e-01 7.1058385501e-01
      vertex 3.7589656683e-01 4.1554035813e-01 7.3207786866e-01
    endloop
  endfacet
  facet normal -4.202079e-01 -5.222192e-01 7.421000e-01
    outer loop
      vertex 3.6546864896e-01 3.6235368693e-01 6.9314774006e-01
      vertex 3.8526174630e-01 3.8026959499e-01 7.1696292459e-01
      vertex 3.5469253728e-01 3.9580237507e-01 7.1058385501e-01
    endloop
  endfacet
  facet normal -3.374572e-01 -4.450681e-01 8.294800e-01
    outer loop
      vertex 4.0682702175e-01 4.0082785886e-01 7.3676712010e-01
      vertex 3.7589656683e-01 4.1554035813e-01 7.3207786866e-01
      vertex 3.8526174630e-01 3.8026959499e-01 7.1696292459e-01
    endloop
  endfacet
  facet normal -3.951751e-01 -4.484825e-01 8.016858e-01
    outer loop
      vertex 3.5469253728e-01 3.9580237507e-01 7.1058385501e-01
      vertex 3.8526174630e-01 3.8026959499e-01 7.1696292459e-01
      vertex 3.7589656683e-01 4.1554035813e-01 7.3207786866e-01
    endloop
  endfacet
  facet normal -3.134218e-01 -7.599989e-01 5.693580e-01
    outer loop
      vertex 3.9454575141e-01 3.0704575141e-01 6.4610000000e-01
      vertex 4.1252841866e-01 3.1963692496e-01 6.7280628732e-01
      vertex 3.7886299138e-01 3.3252330470e-01 6.7147523875e-01
    endloop
  endfacet
  facet normal -2.392192e-01 -7.022584e-01 6.705276e-01
    outer loop
      vertex 4.3164449109e-01 3.3585488061e-01 6.9661161119e-01
      vertex 3.9779885186e-01 3.4744702653e-01 6.9667746169e-01
      vertex 4.1252841866e-01 3.1963692496e-01 6.7280628732e-01
    endloop
  endfacet
  facet normal -3.717435e-01 -6.491008e-01 6.636828e-01
    outer loop
      vertex 3.6546864896e-01 3.6235368693e-01 6.9314774006e-01
      vertex 3.7886299138e-01 3.3252330470e-01 6.7147523875e-01
      vertex 3.9779885186e-01 3.4744702653e-01 6.9667746169e-01
    endloop
  endfacet
  facet normal -2.962101e-01 -7.075762e-01 6.415571e-01
    outer loop
      vertex 4.1252841866e-01 3.1963692496e-01 6.7280628732e-01
      vertex 3.9779885186e-01 3.4744702653e-01 6.9667746169e-01
      vertex 3.7886299138e-01 3.3252330470e-01 6.7147523875e-01
    endloop
  endfacet
  facet normal -2.670988e-01 -5.084250e-01 8.186344e-01
    outer loop
      vertex 4.0682702175e-01 4.0082785886e-01 7.3676712010e-01
      vertex 3.8526174630e-01 3.8026959499e-01 7.1696292459e-01
      vertex 4.1854428359e-01 3.6648708522e-01 7.1926230731e-01
    endloop
  endfacet
  facet normal -3.498255e-01 -5.855635e-01 7.312575e-01
    outer loop
      vertex 3.6546864896e-01 3.6235368693e-01 6.9314774006e-01
      vertex 3.9779885186e-01 3.4744702653e-01 6.9667746169e-01
      vertex 3.8526174630e-01 3.8026959499e-01 7.1696292459e-01
    endloop
  endfacet
  facet normal -2.173281e-01 -6.387266e-01 7.381036e-01
    outer loop
      vertex 4.3164449109e-01 3.3585488061e-01 6.9661161119e-01
      vertex 4.1854428359e-01 3.6648708522e-01 7.1926230731e-01
      vertex 3.9779885186e-01 3.4744702653e-01 6.9667746169e-01
    endloop
  endfacet
  facet normal -2.931085e-01 -5.811538e-01 7.591756e-01
    outer loop
      vertex 3.8526174630e-01 3.8026959499e-01 7.1696292459e-01
      vertex 3.9779885186e-01 3.4744702653e-01 6.9667746169e-01
      vertex 4.1854428359e-01 3.6648708522e-01 7.1926230731e-01
    endloop
  endfacet
  facet normal -8.336794e-01 -8.117845e-02 5.462496e-01
    outer loop
      vertex 2.5913729791e-01 5.0930000000e-01 6.5253277803e-01
      vertex 2.5556766603e-01 4.7649990530e-01 6.4221041052e-01
      vertex 2.7583923940e-01 4.8902842664e-01 6.7501050522e-01
    endloop
  endfacet
  facet normal -8.397879e-01 -2.112210e-01 5.001420e-01
    outer loop
      vertex 2.5613287990e-01 4.4432702175e-01 6.2957214114e-01
      vertex 2.7363769269e-01 4.5604428359e-01 6.6391291478e-01
      vertex 2.5556766603e-01 4.7649990530e-01 6.4221041052e-01
    endloop
  endfacet
  facet normal -7.592464e-01 -1.614436e-01 6.304608e-01
    outer loop
      vertex 2.9628838881e-01 4.6914449109e-01 6.9454511939e-01
      vertex 2.7583923940e-01 4.8902842664e-01 6.7501050522e-01
      vertex 2.7363769269e-01 4.5604428359e-01 6.6391291478e-01
    endloop
  endfacet
  facet normal -8.196344e-01 -1.327925e-01 5.572841e-01
    outer loop
      vertex 2.5556766603e-01 4.7649990530e-01 6.4221041052e-01
      vertex 2.7363769269e-01 4.5604428359e-01 6.6391291478e-01
      vertex 2.7583923940e-01 4.8902842664e-01 6.7501050522e-01
    endloop
  endfacet
  facet normal -8.026783e-01 -4.576217e-01 3.824786e-01
    outer loop
      vertex 2.6954575141e-01 3.8430000000e-01 5.9835424859e-01
      vertex 2.8231614499e-01 3.9219253728e-01 6.3459762493e-01
      vertex 2.6082213134e-01 4.1339656683e-01 6.1485964187e-01
    endloop
  endfacet
  facet normal -7.421000e-01 -4.202079e-01 5.222192e-01
    outer loop
      vertex 2.9975225994e-01 4.0296864896e-01 6.6804631307e-01
      vertex 2.7593707541e-01 4.2276174630e-01 6.5013040501e-01
      vertex 2.8231614499e-01 3.9219253728e-01 6.3459762493e-01
    endloop
  endfacet
  facet normal -8.294800e-01 -3.374572e-01 4.450681e-01
    outer loop
      vertex 2.5613287990e-01 4.4432702175e-01 6.2957214114e-01
      vertex 2.6082213134e-01 4.1339656683e-01 6.1485964187e-01
      vertex 2.7593707541e-01 4.2276174630e-01 6.5013040501e-01
    endloop
  endfacet
  facet normal -8.016858e-01 -3.951751e-01 4.484825e-01
    outer loop
      vertex 2.8231614499e-01 3.9219253728e-01 6.3459762493e-01
      vertex 2.7593707541e-01 4.2276174630e-01 6.5013040501e-01
      vertex 2.6082213134e-01 4.1339656683e-01 6.1485964187e-01
    endloop
  endfacet
  facet normal -5.693580e-01 -3.134218e-01 7.599989e-01
    outer loop
      vertex 3.4680000000e-01 4.3204575141e-01 7.2335424859e-01
      vertex 3.2009371268e-01 4.5002841866e-01 7.1076307504e-01
      vertex 3.2142476125e-01 4.1636299138e-01 6.9787669530e-01
    endloop
  endfacet
  facet normal -6.705276e-01 -2.392192e-01 7.022584e-01
    outer loop
      vertex 2.9628838881e-01 4.6914449109e-01 6.9454511939e-01
      vertex 2.9622253831e-01 4.3529885186e-01 6.8295297347e-01
      vertex 3.2009371268e-01 4.5002841866e-01 7.1076307504e-01
    endloop
  endfacet
  facet normal -6.636828e-01 -3.717435e-01 6.491008e-01
    outer loop
      vertex 2.9975225994e-01 4.0296864896e-01 6.6804631307e-01
      vertex 3.2142476125e-01 4.1636299138e-01 6.9787669530e-01
      vertex 2.9622253831e-01 4.3529885186e-01 6.8295297347e-01
    endloop
  endfacet
  facet normal -6.415571e-01 -2.962101e-01 7.075762e-01
    outer loop
      vertex 3.2009371268e-01 4.5002841866e-01 7.1076307504e-01
      vertex 2.9622253831e-01 4.3529885186e-01 6.8295297347e-01
      vertex 3.2142476125e-01 4.1636299138e-01 6.9787669530e-01
    endloop
  endfacet
  facet normal -8.186344e-01 -2.670988e-01 5.084250e-01
    outer loop
      vertex 2.5613287990e-01 4.4432702175e-01 6.2957214114e-01
      vertex 2.7593707541e-01 4.2276174630e-01 6.5013040501e-01
      vertex 2.7363769269e-01 4.5604428359e-01 6.6391291478e-01
    endloop
  endfacet
  facet normal -7.312575e-01 -3.498255e-01 5.855635e-01
    outer loop
      vertex 2.9975225994e-01 4.0296864896e-01 6.6804631307e-01
      vertex 2.9622253831e-01 4.3529885186e-01 6.8295297347e-01
      vertex 2.7593707541e-01 4.2276174630e-01 6.5013040501e-01
    endloop
  endfacet
  facet normal -7.381036e-01 -2.173281e-01 6.387266e-01
    outer loop
      vertex 2.9628838881e-01 4.6914449109e-01 6.9454511939e-01
      vertex 2.7363769269e-01 4.5604428359e-01 6.6391291478e-01
      vertex 2.9622253831e-01 4.3529885186e-01 6.8295297347e-01
    endloop
  endfacet
  facet normal -7.591756e-01 -2.931085e-01 5.811538e-01
    outer loop
      vertex 2.7593707541e-01 4.2276174630e-01 6.5013040501e-01
      vertex 2.9622253831e-01 4.3529885186e-01 6.8295297347e-01
      vertex 2.7363769269e-01 4.5604428359e-01 6.6391291478e-01
    endloop
  endfacet
  facet normal -3.822343e-01 -7.595136e-01 5.263422e-01
    outer loop
      vertex 3.9454575141e-01 3.0704575141e-01 6.4610000000e-01
      vertex 3.7886299138e-01 3.3252330470e-01 6.7147523875e-01
      vertex 3.5830237507e-01 3.1981614499e-01 6.3820746272e-01
    endloop
  endfacet
  facet normal -4.404610e-01 -6.486873e-01 6.206439e-01
    outer loop
      vertex 3.6546864896e-01 3.6235368693e-01 6.9314774006e-01
      vertex 3.4345613969e-01 3.4765555205e-01 6.6216355294e-01
      vertex 3.7886299138e-01 3.3252330470e-01 6.7147523875e-01
    endloop
  endfacet
  facet normal -5.218865e-01 -6.990111e-01 4.888946e-01
    outer loop
      vertex 3.2485368693e-01 3.3725225994e-01 6.2743135104e-01
      vertex 3.5830237507e-01 3.1981614499e-01 6.3820746272e-01
      vertex 3.4345613969e-01 3.4765555205e-01 6.6216355294e-01
    endloop
  endfacet
  facet normal -4.465169e-01 -7.084426e-01 5.465636e-01
    outer loop
      vertex 3.7886299138e-01 3.3252330470e-01 6.7147523875e-01
      vertex 3.4345613969e-01 3.4765555205e-01 6.6216355294e-01
      vertex 3.5830237507e-01 3.1981614499e-01 6.3820746272e-01
    endloop
  endfacet
  facet normal -5.263422e-01 -3.822343e-01 7.595136e-01
    outer loop
      vertex 3.4680000000e-01 4.3204575141e-01 7.2335424859e-01
      vertex 3.2142476125e-01 4.1636299138e-01 6.9787669530e-01
      vertex 3.5469253728e-01 3.9580237507e-01 7.1058385501e-01
    endloop
  endfacet
  facet normal -6.206439e-01 -4.404610e-01 6.486873e-01
    outer loop
      vertex 2.9975225994e-01 4.0296864896e-01 6.6804631307e-01
      vertex 3.3073644706e-01 3.8095613969e-01 6.8274444795e-01
      vertex 3.2142476125e-01 4.1636299138e-01 6.9787669530e-01
    endloop
  endfacet
  facet normal -4.888946e-01 -5.218865e-01 6.990111e-01
    outer loop
      vertex 3.6546864896e-01 3.6235368693e-01 6.9314774006e-01
      vertex 3.5469253728e-01 3.9580237507e-01 7.1058385501e-01
      vertex 3.3073644706e-01 3.8095613969e-01 6.8274444795e-01
    endloop
  endfacet
  facet normal -5.465636e-01 -4.465169e-01 7.084426e-01
    outer loop
      vertex 3.2142476125e-01 4.1636299138e-01 6.9787669530e-01
      vertex 3.3073644706e-01 3.8095613969e-01 6.8274444795e-01
      vertex 3.5469253728e-01 3.9580237507e-01 7.1058385501e-01
    endloop
  endfacet
  facet normal -7.595136e-01 -5.263422e-01 3.822343e-01
    outer loop
      vertex 2.6954575141e-01 3.8430000000e-01 5.9835424859e-01
      vertex 2.9502330470e-01 3.5892476125e-01 6.1403700862e-01
      vertex 2.8231614499e-01 3.9219253728e-01 6.3459762493e-01
    endloop
  endfacet
  facet normal -6.486873e-01 -6.206439e-01 4.404610e-01
    outer loop
      vertex 3.2485368693e-01 3.3725225994e-01 6.2743135104e-01
      vertex 3.1015555205e-01 3.6823644706e-01 6.4944386031e-01
      vertex 2.9502330470e-01 3.5892476125e-01 6.1403700862e-01
    endloop
  endfacet
  facet normal -6.990111e-01 -4.888946e-01 5.218865e-01
    outer loop
      vertex 2.9975225994e-01 4.0296864896e-01 6.6804631307e-01
      vertex 2.8231614499e-01 3.9219253728e-01 6.3459762493e-01
      vertex 3.1015555205e-01 3.6823644706e-01 6.4944386031e-01
    endloop
  endfacet
  facet normal -7.084426e-01 -5.465636e-01 4.465169e-01
    outer loop
      vertex 2.9502330470e-01 3.5892476125e-01 6.1403700862e-01
      vertex 3.1015555205e-01 3.6823644706e-01 6.4944386031e-01
      vertex 2.8231614499e-01 3.9219253728e-01 6.3459762493e-01
    endloop
  endfacet
  facet normal -5.037511e-01 -5.851588e-01 6.354715e-01
    outer loop
      vertex 3.6546864896e-01 3.6235368693e-01 6.9314774006e-01
      vertex 3.3073644706e-01 3.8095613969e-01 6.8274444795e-01
      vertex 3.4345613969e-01 3.4765555205e-01 6.6216355294e-01
    endloop
  endfacet
  facet normal -6.354715e-01 -5.037511e-01 5.851588e-01
    outer loop
      vertex 2.9975225994e-01 4.0296864896e-01 6.6804631307e-01
      vertex 3.1015555205e-01 3.6823644706e-01 6.4944386031e-01
      vertex 3.3073644706e-01 3.8095613969e-01 6.8274444795e-01
    endloop
  endfacet
  facet normal -5.851588e-01 -6.354715e-01 5.037511e-01
    outer loop
      vertex 3.2485368693e-01 3.3725225994e-01 6.2743135104e-01
      vertex 3.4345613969e-01 3.4765555205e-01 6.6216355294e-01
      vertex 3.1015555205e-01 3.6823644706e-01 6.4944386031e-01
    endloop
  endfacet
  facet normal -5.773503e-01 -5.773503e-01 5.773503e-01
    outer loop
      vertex 3.3073644706e-01 3.8095613969e-01 6.8274444795e-01
      vertex 3.1015555205e-01 3.6823644706e-01 6.4944386031e-01
      vertex 3.4345613969e-01 3.4765555205e-01 6.6216355294e-01
    endloop
  endfacet
  facet normal -8.117845e-02 -5.462496e-01 -8.336794e-01
    outer loop
      vertex 4.7180000000e-01 3.7786722197e-01 3.0843729791e-01
      vertex 4.5152842664e-01 3.5538949478e-01 3.2513923940e-01
      vertex 4.3899990530e-01 3.8818958948e-01 3.0486766603e-01
    endloop
  endfacet
  facet normal -1.614436e-01 -6.304608e-01 -7.592464e-01
    outer loop
      vertex 4.3164449109e-01 3.3585488061e-01 3.4558838881e-01
      vertex 4.1854428359e-01 3.6648708522e-01 3.2293769269e-01
      vertex 4.5152842664e-01 3.5538949478e-01 3.2513923940e-01
    endloop
  endfacet
  facet normal -2.112210e-01 -5.001420e-01 -8.397879e-01
    outer loop
      vertex 4.0682702175e-01 4.0082785886e-01 3.0543287990e-01
      vertex 4.3899990530e-01 3.8818958948e-01 3.0486766603e-01
      vertex 4.1854428359e-01 3.6648708522e-01 3.2293769269e-01
    endloop
  endfacet
  facet normal -1.327925e-01 -5.572841e-01 -8.196344e-01
    outer loop
      vertex 4.5152842664e-01 3.5538949478e-01 3.2513923940e-01
      vertex 4.1854428359e-01 3.6648708522e-01 3.2293769269e-01
      vertex 4.3899990530e-01 3.8818958948e-01 3.0486766603e-01
    endloop
  endfacet
  facet normal -3.134218e-01 -7.599989e-01 -5.693580e-01
    outer loop
      vertex 3.9454575141e-01 3.0704575141e-01 3.9610000000e-01
      vertex 3.7886299138e-01 3.3252330470e-01 3.7072476125e-01
      vertex 4.1252841866e-01 3.1963692496e-01 3.6939371268e-01
    endloop
  endfacet
  facet normal -3.717435e-01 -6.491008e-01 -6.636828e-01
    outer loop
      vertex 3.6546864896e-01 3.6235368693e-01 3.4905225994e-01
      vertex 3.9779885186e-01 3.4744702653e-01 3.4552253831e-01
      vertex 3.7886299138e-01 3.3252330470e-01 3.7072476125e-01
    endloop
  endfacet
  facet normal -2.392192e-01 -7.022584e-01 -6.705276e-01
    outer loop
      vertex 4.3164449109e-01 3.3585488061e-01 3.4558838881e-01
      vertex 4.1252841866e-01 3.1963692496e-01 3.6939371268e-01
      vertex 3.9779885186e-01 3.4744702653e-01 3.4552253831e-01
    endloop
  endfacet
  facet normal -2.962101e-01 -7.075762e-01 -6.415571e-01
    outer loop
      vertex 3.7886299138e-01 3.3252330470e-01 3.7072476125e-01
      vertex 3.9779885186e-01 3.4744702653e-01 3.4552253831e-01
      vertex 4.1252841866e-01 3.1963692496e-01 3.6939371268e-01
    endloop
  endfacet
  facet normal -4.576217e-01 -3.824786e-01 -8.026783e-01
    outer loop
      vertex 3.4680000000e-01 4.3204575141e-01 3.1884575141e-01
      vertex 3.7589656683e-01 4.1554035813e-01 3.1012213134e-01
      vertex 3.5469253728e-01 3.9580237507e-01 3.3161614499e-01
    endloop
  endfacet
  facet normal -3.374572e-01 -4.450681e-01 -8.294800e-01
    outer loop
      vertex 4.0682702175e-01 4.0082785886e-01 3.0543287990e-01
      vertex 3.8526174630e-01 3.8026959499e-01 3.2523707541e-01
      vertex 3.7589656683e-01 4.1554035813e-01 3.1012213134e-01
    endloop
  endfacet
  facet normal -4.202079e-01 -5.222192e-01 -7.421000e-01
    outer loop
      vertex 3.6546864896e-01 3.6235368693e-01 3.4905225994e-01
      vertex 3.5469253728e-01 3.9580237507e-01 3.3161614499e-01
      vertex 3.8526174630e-01 3.8026959499e-01 3.2523707541e-01
    endloop
  endfacet
  facet normal -3.951751e-01 -4.484825e-01 -8.016858e-01
    outer loop
      vertex 3.7589656683e-01 4.1554035813e-01 3.1012213134e-01
      vertex 3.8526174630e-01 3.8026959499e-01 3.2523707541e-01
      vertex 3.5469253728e-01 3.9580237507e-01 3.3161614499e-01
    endloop
  endfacet
  facet normal -2.173281e-01 -6.387266e-01 -7.381036e-01
    outer loop
      vertex 4.3164449109e-01 3.3585488061e-01 3.4558838881e-01
      vertex 3.9779885186e-01 3.4744702653e-01 3.4552253831e-01
      vertex 4.1854428359e-01 3.6648708522e-01 3.2293769269e-01
    endloop
  endfacet
  facet normal -3.498255e-01 -5.855635e-01 -7.312575e-01
    outer loop
      vertex 3.6546864896e-01 3.6235368693e-01 3.4905225994e-01
      vertex 3.8526174630e-01 3.8026959499e-01 3.2523707541e-01
      vertex 3.9779885186e-01 3.4744702653e-01 3.4552253831e-01
    endloop
  endfacet
  facet normal -2.670988e-01 -5.084250e-01 -8.186344e-01
    outer loop
      vertex 4.0682702175e-01 4.0082785886e-01 3.0543287990e-01
      vertex 4.1854428359e-01 3.6648708522e-01 3.2293769269e-01
      vertex 3.8526174630e-01 3.8026959499e-01 3.2523707541e-01
    endloop
  endfacet
  facet normal -2.931085e-01 -5.811538e-01 -7.591756e-01
    outer loop
      vertex 3.9779885186e-01 3.4744702653e-01 3.4552253831e-01
      vertex 3.8526174630e-01 3.8026959499e-01 3.2523707541e-01
      vertex 4.1854428359e-01 3.6648708522e-01 3.2293769269e-01
    endloop
  endfacet
  facet normal -5.462496e-01 -8.336794e-01 -8.117845e-02
    outer loop
      vertex 3.4036722197e-01 2.9663729791e-01 5.2110000000e-01
      vertex 3.1788949478e-01 3.1333923940e-01 5.0082842664e-01
      vertex 3.5068958948e-01 2.9306766603e-01 4.8829990530e-01
    endloop
  endfacet
  facet normal -6.304608e-01 -7.592464e-01 -1.614436e-01
    outer loop
      vertex 2.9835488061e-01 3.3378838881e-01 4.8094449109e-01
      vertex 3.2898708522e-01 3.1113769269e-01 4.6784428359e-01
      vertex 3.1788949478e-01 3.1333923940e-01 5.0082842664e-01
    endloop
  endfacet
  facet normal -5.001420e-01 -8.397879e-01 -2.112210e-01
    outer loop
      vertex 3.6332785886e-01 2.9363287990e-01 4.5612702175e-01
      vertex 3.5068958948e-01 2.9306766603e-01 4.8829990530e-01
      vertex 3.2898708522e-01 3.1113769269e-01 4.6784428359e-01
    endloop
  endfacet
  facet normal -5.572841e-01 -8.196344e-01 -1.327925e-01
    outer loop
      vertex 3.1788949478e-01 3.1333923940e-01 5.0082842664e-01
      vertex 3.2898708522e-01 3.1113769269e-01 4.6784428359e-01
      vertex 3.5068958948e-01 2.9306766603e-01 4.8829990530e-01
    endloop
  endfacet
  facet normal -7.599989e-01 -5.693580e-01 -3.134218e-01
    outer loop
      vertex 2.6954575141e-01 3.8430000000e-01 4.4384575141e-01
      vertex 2.9502330470e-01 3.5892476125e-01 4.2816299138e-01
      vertex 2.8213692496e-01 3.5759371268e-01 4.6182841866e-01
    endloop
  endfacet
  facet normal -6.491008e-01 -6.636828e-01 -3.717435e-01
    outer loop
      vertex 3.2485368693e-01 3.3725225994e-01 4.1476864896e-01
      vertex 3.0994702653e-01 3.3372253831e-01 4.4709885186e-01
      vertex 2.9502330470e-01 3.5892476125e-01 4.2816299138e-01
    endloop
  endfacet
  facet normal -7.022584e-01 -6.705276e-01 -2.392192e-01
    outer loop
      vertex 2.9835488061e-01 3.3378838881e-01 4.8094449109e-01
      vertex 2.8213692496e-01 3.5759371268e-01 4.6182841866e-01
      vertex 3.0994702653e-01 3.3372253831e-01 4.4709885186e-01
    endloop
  endfacet
  facet normal -7.075762e-01 -6.415571e-01 -2.962101e-01
    outer loop
      vertex 2.9502330470e-01 3.5892476125e-01 4.2816299138e-01
      vertex 3.0994702653e-01 3.3372253831e-01 4.4709885186e-01
      vertex 2.8213692496e-01 3.5759371268e-01 4.6182841866e-01
    endloop
  endfacet
  facet normal -3.824786e-01 -8.026783e-01 -4.576217e-01
    outer loop
      vertex 3.9454575141e-01 3.0704575141e-01 3.9610000000e-01
      vertex 3.7804035813e-01 2.9832213134e-01 4.2519656683e-01
      vertex 3.5830237507e-01 3.1981614499e-01 4.0399253728e-01
    endloop
  endfacet
  facet normal -4.450681e-01 -8.294800e-01 -3.374572e-01
    outer loop
      vertex 3.6332785886e-01 2.9363287990e-01 4.5612702175e-01
      vertex 3.4276959499e-01 3.1343707541e-01 4.3456174630e-01
      vertex 3.7804035813e-01 2.9832213134e-01 4.2519656683e-01
    endloop
  endfacet
  facet normal -5.222192e-01 -7.421000e-01 -4.202079e-01
    outer loop
      vertex 3.2485368693e-01 3.3725225994e-01 4.1476864896e-01
      vertex 3.5830237507e-01 3.1981614499e-01 4.0399253728e-01
      vertex 3.4276959499e-01 3.1343707541e-01 4.3456174630e-01
    endloop
  endfacet
  facet normal -4.484825e-01 -8.016858e-01 -3.951751e-01
    outer loop
      vertex 3.7804035813e-01 2.9832213134e-01 4.2519656683e-01
      vertex 3.4276959499e-01 3.1343707541e-01 4.3456174630e-01
      vertex 3.5830237507e-01 3.1981614499e-01 4.0399253728e-01
    endloop
  endfacet
  facet normal -6.387266e-01 -7.381036e-01 -2.173281e-01
    outer loop
      vertex 2.9835488061e-01 3.3378838881e-01 4.8094449109e-01
      vertex 3.0994702653e-01 3.3372253831e-01 4.4709885186e-01
      vertex 3.2898708522e-01 3.1113769269e-01 4.6784428359e-01
    endloop
  endfacet
  facet normal -5.855635e-01 -7.312575e-01 -3.498255e-01
    outer loop
      vertex 3.2485368693e-01 3.3725225994e-01 4.1476864896e-01
      vertex 3.4276959499e-01 3.1343707541e-01 4.3456174630e-01
      vertex 3.0994702653e-01 3.3372253831e-01 4.4709885186e-01
    endloop
  endfacet
  facet normal -5.084250e-01 -8.186344e-01 -2.670988e-01
    outer loop
      vertex 3.6332785886e-01 2.9363287990e-01 4.5612702175e-01
      vertex 3.2898708522e-01 3.1113769269e-01 4.6784428359e-01
      vertex 3.4276959499e-01 3.1343707541e-01 4.3456174630e-01
    endloop
  endfacet
  facet normal -5.811538e-01 -7.591756e-01 -2.931085e-01
    outer loop
      vertex 3.0994702653e-01 3.3372253831e-01 4.4709885186e-01
      vertex 3.4276959499e-01 3.1343707541e-01 4.3456174630e-01
      vertex 3.2898708522e-01 3.1113769269e-01 4.6784428359e-01
    endloop
  endfacet
  facet normal -8.336794e-01 -8.117845e-02 -5.462496e-01
    outer loop
      vertex 2.5913729791e-01 5.0930000000e-01 3.8966722197e-01
      vertex 2.7583923940e-01 4.8902842664e-01 3.6718949478e-01
      vertex 2.5556766603e-01 4.7649990530e-01 3.9998958948e-01
    endloop
  endfacet
  facet normal -7.592464e-01 -1.614436e-01 -6.304608e-01
    outer loop
      vertex 2.9628838881e-01 4.6914449109e-01 3.4765488061e-01
      vertex 2.7363769269e-01 4.5604428359e-01 3.7828708522e-01
      vertex 2.7583923940e-01 4.8902842664e-01 3.6718949478e-01
    endloop
  endfacet
  facet normal -8.397879e-01 -2.112210e-01 -5.001420e-01
    outer loop
      vertex 2.5613287990e-01 4.4432702175e-01 4.1262785886e-01
      vertex 2.5556766603e-01 4.7649990530e-01 3.9998958948e-01
      vertex 2.7363769269e-01 4.5604428359e-01 3.7828708522e-01
    endloop
  endfacet
  facet normal -8.196344e-01 -1.327925e-01 -5.572841e-01
    outer loop
      vertex 2.7583923940e-01 4.8902842664e-01 3.6718949478e-01
      vertex 2.7363769269e-01 4.5604428359e-01 3.7828708522e-01
      vertex 2.5556766603e-01 4.7649990530e-01 3.9998958948e-01
    endloop
  endfacet
  facet normal -5.693580e-01 -3.134218e-01 -7.599989e-01
    outer loop
      vertex 3.4680000000e-01 4.3204575141e-01 3.1884575141e-01
      vertex 3.2142476125e-01 4.1636299138e-01 3.4432330470e-01
      vertex 3.2009371268e-01 4.5002841866e-01 3.3143692496e-01
    endloop
  endfacet
  facet normal -6.636828e-01 -3.717435e-01 -6.491008e-01
    outer loop
      vertex 2.9975225994e-01 4.0296864896e-01 3.7415368693e-01
      vertex 2.9622253831e-01 4.3529885186e-01 3.5924702653e-01
      vertex 3.2142476125e-01 4.1636299138e-01 3.4432330470e-01
    endloop
  endfacet
  facet normal -6.705276e-01 -2.392192e-01 -7.022584e-01
    outer loop
      vertex 2.9628838881e-01 4.6914449109e-01 3.4765488061e-01
      vertex 3.2009371268e-01 4.5002841866e-01 3.3143692496e-01
      vertex 2.9622253831e-01 4.3529885186e-01 3.5924702653e-01
    endloop
  endfacet
  facet normal -6.415571e-01 -2.962101e-01 -7.075762e-01
    outer loop
      vertex 3.2142476125e-01 4.1636299138e-01 3.4432330470e-01
      vertex 2.9622253831e-01 4.3529885186e-01 3.5924702653e-01
      vertex 3.2009371268e-01 4.5002841866e-01 3.3143692496e-01
    endloop
  endfacet
  facet normal -8.026783e-01 -4.576217e-01 -3.824786e-01
    outer loop
      vertex 2.6954575141e-01 3.8430000000e-01 4.4384575141e-01
      vertex 2.6082213134e-01 4.1339656683e-01 4.2734035813e-01
      vertex 2.8231614499e-01 3.9219253728e-01 4.0760237507e-01
    endloop
  endfacet
  facet normal -8.294800e-01 -3.374572e-01 -4.450681e-01
    outer loop
      vertex 2.5613287990e-01 4.4432702175e-01 4.1262785886e-01
      vertex 2.7593707541e-01 4.2276174630e-01 3.9206959499e-01
      vertex 2.6082213134e-01 4.1339656683e-01 4.2734035813e-01
    endloop
  endfacet
  facet normal -7.421000e-01 -4.202079e-01 -5.222192e-01
    outer loop
      vertex 2.9975225994e-01 4.0296864896e-01 3.7415368693e-01
      vertex 2.8231614499e-01 3.9219253728e-01 4.0760237507e-01
      vertex 2.7593707541e-01 4.2276174630e-01 3.9206959499e-01
    endloop
  endfacet
  facet normal -8.016858e-01 -3.951751e-01 -4.484825e-01
    outer loop
      vertex 2.6082213134e-01 4.1339656683e-01 4.2734035813e-01
      vertex 2.7593707541e-01 4.2276174630e-01 3.9206959499e-01
      vertex 2.8231614499e-01 3.9219253728e-01 4.0760237507e-01
    endloop
  endfacet
  facet normal -7.381036e-01 -2.173281e-01 -6.387266e-01
    outer loop
      vertex 2.9628838881e-01 4.6914449109e-01 3.4765488061e-01
      vertex 2.9622253831e-01 4.3529885186e-01 3.5924702653e-01
      vertex 2.7363769269e-01 4.5604428359e-01 3.7828708522e-01
    endloop
  endfacet
  facet normal -7.312575e-01 -3.498255e-01 -5.855635e-01
    outer loop
      vertex 2.9975225994e-01 4.0296864896e-01 3.7415368693e-01
      vertex 2.7593707541e-01 4.2276174630e-01 3.9206959499e-01
      vertex 2.9622253831e-01 4.3529885186e-01 3.5924702653e-01
    endloop
  endfacet
  facet normal -8.186344e-01 -2.670988e-01 -5.084250e-01
    outer loop
      vertex 2.5613287990e-01 4.4432702175e-01 4.1262785886e-01
      vertex 2.7363769269e-01 4.5604428359e-01 3.7828708522e-01
      vertex 2.7593707541e-01 4.2276174630e-01 3.9206959499e-01
    endloop
  endfacet
  facet normal -7.591756e-01 -2.931085e-01 -5.811538e-01
    outer loop
      vertex 2.9622253831e-01 4.3529885186e-01 3.5924702653e-01
      vertex 2.7593707541e-01 4.2276174630e-01 3.9206959499e-01
      vertex 2.7363769269e-01 4.5604428359e-01 3.7828708522e-01
    endloop
  endfacet
  facet normal -3.822343e-01 -7.595136e-01 -5.263422e-01
    outer loop
      vertex 3.9454575141e-01 3.0704575141e-01 3.9610000000e-01
      vertex 3.5830237507e-01 3.1981614499e-01 4.0399253728e-01
      vertex 3.7886299138e-01 3.3252330470e-01 3.7072476125e-01
    endloop
  endfacet
  facet normal -5.218865e-01 -6.990111e-01 -4.888946e-01
    outer loop
      vertex 3.2485368693e-01 3.3725225994e-01 4.1476864896e-01
      vertex 3.4345613969e-01 3.4765555205e-01 3.8003644706e-01
      vertex 3.5830237507e-01 3.1981614499e-01 4.0399253728e-01
    endloop
  endfacet
  facet normal -4.404610e-01 -6.486873e-01 -6.206439e-01
    outer loop
      vertex 3.6546864896e-01 3.6235368693e-01 3.4905225994e-01
      vertex 3.7886299138e-01 3.3252330470e-01 3.7072476125e-01
      vertex 3.4345613969e-01 3.4765555205e-01 3.8003644706e-01
    endloop
  endfacet
  facet normal -4.465169e-01 -7.084426e-01 -5.465636e-01
    outer loop
      vertex 3.5830237507e-01 3.1981614499e-01 4.0399253728e-01
      vertex 3.4345613969e-01 3.4765555205e-01 3.8003644706e-01
      vertex 3.7886299138e-01 3.3252330470e-01 3.7072476125e-01
    endloop
  endfacet
  facet normal -7.595136e-01 -5.263422e-01 -3.822343e-01
    outer loop
      vertex 2.6954575141e-01 3.8430000000e-01 4.4384575141e-01
      vertex 2.8231614499e-01 3.9219253728e-01 4.0760237507e-01
      vertex 2.9502330470e-01 3.5892476125e-01 4.2816299138e-01
    endloop
  endfacet
  facet normal -6.990111e-01 -4.888946e-01 -5.218865e-01
    outer loop
      vertex 2.9975225994e-01 4.0296864896e-01 3.7415368693e-01
      vertex 3.1015555205e-01 3.6823644706e-01 3.9275613969e-01
      vertex 2.8231614499e-01 3.9219253728e-01 4.0760237507e-01
    endloop
  endfacet
  facet normal -6.486873e-01 -6.206439e-01 -4.404610e-01
    outer loop
      vertex 3.2485368693e-01 3.3725225994e-01 4.1476864896e-01
      vertex 2.9502330470e-01 3.5892476125e-01 4.2816299138e-01
      vertex 3.1015555205e-01 3.6823644706e-01 3.9275613969e-01
    endloop
  endfacet
  facet normal -7.084426e-01 -5.465636e-01 -4.465169e-01
    outer loop
      vertex 2.8231614499e-01 3.9219253728e-01 4.0760237507e-01
      vertex 3.1015555205e-01 3.6823644706e-01 3.9275613969e-01
      vertex 2.9502330470e-01 3.5892476125e-01 4.2816299138e-01
    endloop
  endfacet
  facet normal -5.263422e-01 -3.822343e-01 -7.595136e-01
    outer loop
      vertex 3.4680000000e-01 4.3204575141e-01 3.1884575141e-01
      vertex 3.5469253728e-01 3.9580237507e-01 3.3161614499e-01
      vertex 3.2142476125e-01 4.1636299138e-01 3.4432330470e-01
    endloop
  endfacet
  facet normal -4.888946e-01 -5.218865e-01 -6.990111e-01
    outer loop
      vertex 3.6546864896e-01 3.6235368693e-01 3.4905225994e-01
      vertex 3.3073644706e-01 3.8095613969e-01 3.5945555205e-01
      vertex 3.5469253728e-01 3.9580237507e-01 3.3161614499e-01
    endloop
  endfacet
  facet normal -6.206439e-01 -4.404610e-01 -6.486873e-01
    outer loop
      vertex 2.9975225994e-01 4.0296864896e-01 3.7415368693e-01
      vertex 3.2142476125e-01 4.1636299138e-01 3.4432330470e-01
      vertex 3.3073644706e-01 3.8095613969e-01 3.5945555205e-01
    endloop
  endfacet
  facet normal -5.465636e-01 -4.465169e-01 -7.084426e-01
    outer loop
      vertex 3.5469253728e-01 3.9580237507e-01 3.3161614499e-01
      vertex 3.3073644706e-01 3.8095613969e-01 3.5945555205e-01
      vertex 3.2142476125e-01 4.1636299138e-01 3.4432330470e-01
    endloop
  endfacet
  facet normal -5.851588e-01 -6.354715e-01 -5.037511e-01
    outer loop
      vertex 3.2485368693e-01 3.3725225994e-01 4.1476864896e-01
      vertex 3.1015555205e-01 3.6823644706e-01 3.9275613969e-01
      vertex 3.4345613969e-01 3.4765555205e-01 3.8003644706e-01
    endloop
  endfacet
  facet normal -6.354715e-01 -5.037511e-01 -5.851588e-01
    outer loop
      vertex 2.9975225994e-01 4.0296864896e-01 3.7415368693e-01
      vertex 3.3073644706e-01 3.8095613969e-01 3.5945555205e-01
      vertex 3.1015555205e-01 3.6823644706e-01 3.9275613969e-01
    endloop
  endfacet
  facet normal -5.037511e-01 -5.851588e-01 -6.354715e-01
    outer loop
      vertex 3.6546864896e-01 3.6235368693e-01 3.4905225994e-01
      vertex 3.4345613969e-01 3.4765555205e-01 3.8003644706e-01
      vertex 3.3073644706e-01 3.8095613969e-01 3.5945555205e-01
    endloop
  endfacet
  facet normal -5.773503e-01 -5.773503e-01 -5.773503e-01
    outer loop
      vertex 3.1015555205e-01 3.6823644706e-01 3.9275613969e-01
      vertex 3.3073644706e-01 3.8095613969e-01 3.5945555205e-01
      vertex 3.4345613969e-01 3.4765555205e-01 3.8003644706e-01
    endloop
  endfacet
  facet normal 8.026720e-01 0.000000e+00 -5.964207e-01
    outer loop
      vertex 6.8446270209e-01 5.0930000000e-01 3.8966722197e-01
      vertex 6.6776076060e-01 4.8902842664e-01 3.6718949478e-01
      vertex 6.6776076060e-01 5.2957157336e-01 3.6718949478e-01
    endloop
  endfacet
  facet normal 7.283445e-01 -8.054149e-02 -6.804611e-01
    outer loop
      vertex 6.4731161119e-01 4.6914449109e-01 3.4765488061e-01
      vertex 6.4962043374e-01 5.0930000000e-01 3.4537324238e-01
      vertex 6.6776076060e-01 4.8902842664e-01 3.6718949478e-01
    endloop
  endfacet
  facet normal 7.283445e-01 8.054149e-02 -6.804611e-01
    outer loop
      vertex 6.4731161119e-01 5.4945550891e-01 3.4765488061e-01
      vertex 6.6776076060e-01 5.2957157336e-01 3.6718949478e-01
      vertex 6.4962043374e-01 5.0930000000e-01 3.4537324238e-01
    endloop
  endfacet
  facet normal 7.689122e-01 0.000000e+00 -6.393544e-01
    outer loop
      vertex 6.6776076060e-01 4.8902842664e-01 3.6718949478e-01
      vertex 6.4962043374e-01 5.0930000000e-01 3.4537324238e-01
      vertex 6.6776076060e-01 5.2957157336e-01 3.6718949478e-01
    endloop
  endfacet
  facet normal 5.387620e-01 -2.333204e-01 -8.095043e-01
    outer loop
      vertex 5.9680000000e-01 4.3204575141e-01 3.1884575141e-01
      vertex 6.0161462243e-01 4.7019138374e-01 3.1105552867e-01
      vertex 6.2350628732e-01 4.5002841866e-01 3.3143692496e-01
    endloop
  endfacet
  facet normal 5.516422e-01 -7.841715e-02 -8.303865e-01
    outer loop
      vertex 6.0323277803e-01 5.0930000000e-01 3.0843729791e-01
      vertex 6.2685989565e-01 4.8901453710e-01 3.2604890732e-01
      vertex 6.0161462243e-01 4.7019138374e-01 3.1105552867e-01
    endloop
  endfacet
  facet normal 6.398684e-01 -1.589524e-01 -7.518660e-01
    outer loop
      vertex 6.4731161119e-01 4.6914449109e-01 3.4765488061e-01
      vertex 6.2350628732e-01 4.5002841866e-01 3.3143692496e-01
      vertex 6.2685989565e-01 4.8901453710e-01 3.2604890732e-01
    endloop
  endfacet
  facet normal 5.895786e-01 -1.601287e-01 -7.916792e-01
    outer loop
      vertex 6.0161462243e-01 4.7019138374e-01 3.1105552867e-01
      vertex 6.2685989565e-01 4.8901453710e-01 3.2604890732e-01
      vertex 6.2350628732e-01 4.5002841866e-01 3.3143692496e-01
    endloop
  endfacet
  facet normal 5.387620e-01 2.333204e-01 -8.095043e-01
    outer loop
      vertex 5.9680000000e-01 5.8655424859e-01 3.1884575141e-01
      vertex 6.2350628732e-01 5.6857158134e-01 3.3143692496e-01
      vertex 6.0161462243e-01 5.4840861626e-01 3.1105552867e-01
    endloop
  endfacet
  facet normal 6.398684e-01 1.589524e-01 -7.518660e-01
    outer loop
      vertex 6.4731161119e-01 5.4945550891e-01 3.4765488061e-01
      vertex 6.2685989565e-01 5.2958546290e-01 3.2604890732e-01
      vertex 6.2350628732e-01 5.6857158134e-01 3.3143692496e-01
    endloop
  endfacet
  facet normal 5.516422e-01 7.841715e-02 -8.303865e-01
    outer loop
      vertex 6.0323277803e-01 5.0930000000e-01 3.0843729791e-01
      vertex 6.0161462243e-01 5.4840861626e-01 3.1105552867e-01
      vertex 6.2685989565e-01 5.2958546290e-01 3.2604890732e-01
    endloop
  endfacet
  facet normal 5.895786e-01 1.601287e-01 -7.916792e-01
    outer loop
      vertex 6.2350628732e-01 5.6857158134e-01 3.3143692496e-01
      vertex 6.2685989565e-01 5.2958546290e-01 3.2604890732e-01
      vertex 6.0161462243e-01 5.4840861626e-01 3.1105552867e-01
    endloop
  endfacet
  facet normal 6.858517e-01 -8.053079e-02 -7.232719e-01
    outer loop
      vertex 6.4731161119e-01 4.6914449109e-01 3.4765488061e-01
      vertex 6.2685989565e-01 4.8901453710e-01 3.2604890732e-01
      vertex 6.4962043374e-01 5.0930000000e-01 3.4537324238e-01
    endloop
  endfacet
  facet normal 5.976360e-01 0.000000e+00 -8.017675e-01
    outer loop
      vertex 6.0323277803e-01 5.0930000000e-01 3.0843729791e-01
      vertex 6.2685989565e-01 5.2958546290e-01 3.2604890732e-01
      vertex 6.2685989565e-01 4.8901453710e-01 3.2604890732e-01
    endloop
  endfacet
  facet normal 6.858517e-01 8.053079e-02 -7.232719e-01
    outer loop
      vertex 6.4731161119e-01 5.4945550891e-01 3.4765488061e-01
      vertex 6.4962043374e-01 5.0930000000e-01 3.4537324238e-01
      vertex 6.2685989565e-01 5.2958546290e-01 3.2604890732e-01
    endloop
  endfacet
  facet normal 6.472182e-01 0.000000e+00 -7.623048e-01
    outer loop
      vertex 6.2685989565e-01 4.8901453710e-01 3.2604890732e-01
      vertex 6.2685989565e-01 5.2958546290e-01 3.2604890732e-01
      vertex 6.4962043374e-01 5.0930000000e-01 3.4537324238e-01
    endloop
  endfacet
  facet normal 5.017104e-02 -4.650712e-01 -8.838505e-01
    outer loop
      vertex 4.7180000000e-01 3.7786722197e-01 3.0843729791e-01
      vertex 4.7180000000e-01 4.0846116285e-01 2.9233914469e-01
      vertex 5.0460009470e-01 3.8818958948e-01 3.0486766603e-01
    endloop
  endfacet
  facet normal 5.000027e-02 -3.386983e-01 -9.395655e-01
    outer loop
      vertex 4.7180000000e-01 4.4098336777e-01 2.8061541055e-01
      vertex 5.0471384284e-01 4.1974280163e-01 2.9002384985e-01
      vertex 4.7180000000e-01 4.0846116285e-01 2.9233914469e-01
    endloop
  endfacet
  facet normal 1.803191e-01 -4.192398e-01 -8.897882e-01
    outer loop
      vertex 5.3677297825e-01 4.0082785886e-01 3.0543287990e-01
      vertex 5.0460009470e-01 3.8818958948e-01 3.0486766603e-01
      vertex 5.0471384284e-01 4.1974280163e-01 2.9002384985e-01
    endloop
  endfacet
  facet normal 8.207030e-02 -4.244916e-01 -9.017047e-01
    outer loop
      vertex 4.7180000000e-01 4.0846116285e-01 2.9233914469e-01
      vertex 5.0471384284e-01 4.1974280163e-01 2.9002384985e-01
      vertex 5.0460009470e-01 3.8818958948e-01 3.0486766603e-01
    endloop
  endfacet
  facet normal 4.950537e-02 -6.905681e-02 -9.963836e-01
    outer loop
      vertex 4.7180000000e-01 5.0930000000e-01 2.7110000000e-01
      vertex 5.0506777604e-01 4.8873938368e-01 2.7417791485e-01
      vertex 4.7180000000e-01 4.7481193947e-01 2.7349027951e-01
    endloop
  endfacet
  facet normal 1.812856e-01 -1.504758e-01 -9.718501e-01
    outer loop
      vertex 5.3751638901e-01 4.6868503797e-01 2.8333587093e-01
      vertex 5.0499811921e-01 4.5427074313e-01 2.7950185065e-01
      vertex 5.0506777604e-01 4.8873938368e-01 2.7417791485e-01
    endloop
  endfacet
  facet normal 4.960764e-02 -2.058489e-01 -9.773256e-01
    outer loop
      vertex 4.7180000000e-01 4.4098336777e-01 2.8061541055e-01
      vertex 4.7180000000e-01 4.7481193947e-01 2.7349027951e-01
      vertex 5.0499811921e-01 4.5427074313e-01 2.7950185065e-01
    endloop
  endfacet
  facet normal 8.410292e-02 -1.522724e-01 -9.847537e-01
    outer loop
      vertex 5.0506777604e-01 4.8873938368e-01 2.7417791485e-01
      vertex 5.0499811921e-01 4.5427074313e-01 2.7950185065e-01
      vertex 4.7180000000e-01 4.7481193947e-01 2.7349027951e-01
    endloop
  endfacet
  facet normal 4.270257e-01 -3.023772e-01 -8.521837e-01
    outer loop
      vertex 5.9680000000e-01 4.3204575141e-01 3.1884575141e-01
      vertex 5.6770343317e-01 4.1554035813e-01 3.1012213134e-01
      vertex 5.6834684640e-01 4.4963076742e-01 2.9834836895e-01
    endloop
  endfacet
  facet normal 3.067980e-01 -3.648012e-01 -8.790876e-01
    outer loop
      vertex 5.3677297825e-01 4.0082785886e-01 3.0543287990e-01
      vertex 5.3782068766e-01 4.3398528023e-01 2.9203895620e-01
      vertex 5.6770343317e-01 4.1554035813e-01 3.1012213134e-01
    endloop
  endfacet
  facet normal 3.081672e-01 -2.288929e-01 -9.233856e-01
    outer loop
      vertex 5.3751638901e-01 4.6868503797e-01 2.8333587093e-01
      vertex 5.6834684640e-01 4.4963076742e-01 2.9834836895e-01
      vertex 5.3782068766e-01 4.3398528023e-01 2.9203895620e-01
    endloop
  endfacet
  facet normal 3.431966e-01 -3.124011e-01 -8.857887e-01
    outer loop
      vertex 5.6770343317e-01 4.1554035813e-01 3.1012213134e-01
      vertex 5.3782068766e-01 4.3398528023e-01 2.9203895620e-01
      vertex 5.6834684640e-01 4.4963076742e-01 2.9834836895e-01
    endloop
  endfacet
  facet normal 8.454536e-02 -2.910970e-01 -9.529505e-01
    outer loop
      vertex 4.7180000000e-01 4.4098336777e-01 2.8061541055e-01
      vertex 5.0499811921e-01 4.5427074313e-01 2.7950185065e-01
      vertex 5.0471384284e-01 4.1974280163e-01 2.9002384985e-01
    endloop
  endfacet
  facet normal 2.162041e-01 -2.357379e-01 -9.474616e-01
    outer loop
      vertex 5.3751638901e-01 4.6868503797e-01 2.8333587093e-01
      vertex 5.3782068766e-01 4.3398528023e-01 2.9203895620e-01
      vertex 5.0499811921e-01 4.5427074313e-01 2.7950185065e-01
    endloop
  endfacet
  facet normal 2.148469e-01 -3.716277e-01 -9.031797e-01
    outer loop
      vertex 5.3677297825e-01 4.0082785886e-01 3.0543287990e-01
      vertex 5.0471384284e-01 4.1974280163e-01 2.9002384985e-01
      vertex 5.3782068766e-01 4.3398528023e-01 2.9203895620e-01
    endloop
  endfacet
  facet normal 1.811510e-01 -2.880454e-01 -9.403266e-01
    outer loop
      vertex 5.0499811921e-01 4.5427074313e-01 2.7950185065e-01
      vertex 5.3782068766e-01 4.3398528023e-01 2.9203895620e-01
      vertex 5.0471384284e-01 4.1974280163e-01 2.9002384985e-01
    endloop
  endfacet
  facet normal 5.017104e-02 4.650712e-01 -8.838505e-01
    outer loop
      vertex 4.7180000000e-01 6.4073277803e-01 3.0843729791e-01
      vertex 5.0460009470e-01 6.3041041052e-01 3.0486766603e-01
      vertex 4.7180000000e-01 6.1013883715e-01 2.9233914469e-01
    endloop
  endfacet
  facet normal 1.803191e-01 4.192398e-01 -8.897882e-01
    outer loop
      vertex 5.3677297825e-01 6.1777214114e-01 3.0543287990e-01
      vertex 5.0471384284e-01 5.9885719837e-01 2.9002384985e-01
      vertex 5.0460009470e-01 6.3041041052e-01 3.0486766603e-01
    endloop
  endfacet
  facet normal 5.000027e-02 3.386983e-01 -9.395655e-01
    outer loop
      vertex 4.7180000000e-01 5.7761663223e-01 2.8061541055e-01
      vertex 4.7180000000e-01 6.1013883715e-01 2.9233914469e-01
      vertex 5.0471384284e-01 5.9885719837e-01 2.9002384985e-01
    endloop
  endfacet
  facet normal 8.207030e-02 4.244916e-01 -9.017047e-01
    outer loop
      vertex 5.0460009470e-01 6.3041041052e-01 3.0486766603e-01
      vertex 5.0471384284e-01 5.9885719837e-01 2.9002384985e-01
      vertex 4.7180000000e-01 6.1013883715e-01 2.9233914469e-01
    endloop
  endfacet
  facet normal 4.270257e-01 3.023772e-01 -8.521837e-01
    outer loop
      vertex 5.9680000000e-01 5.8655424859e-01 3.1884575141e-01
      vertex 5.6834684640e-01 5.6896923258e-01 2.9834836895e-01
      vertex 5.6770343317e-01 6.0305964187e-01 3.1012213134e-01
    endloop
  endfacet
  facet normal 3.081672e-01 2.288929e-01 -9.233856e-01
    outer loop
      vertex 5.3751638901e-01 5.4991496203e-01 2.8333587093e-01
      vertex 5.3782068766e-01 5.8461471977e-01 2.9203895620e-01
      vertex 5.6834684640e-01 5.6896923258e-01 2.9834836895e-01
    endloop
  endfacet
  facet normal 3.067980e-01 3.648012e-01 -8.790876e-01
    outer loop
      vertex 5.3677297825e-01 6.1777214114e-01 3.0543287990e-01
      vertex 5.6770343317e-01 6.0305964187e-01 3.1012213134e-01
      vertex 5.3782068766e-01 5.8461471977e-01 2.9203895620e-01
    endloop
  endfacet
  facet normal 3.431966e-01 3.124011e-01 -8.857887e-01
    outer loop
      vertex 5.6834684640e-01 5.6896923258e-01 2.9834836895e-01
      vertex 5.3782068766e-01 5.8461471977e-01 2.9203895620e-01
      vertex 5.6770343317e-01 6.0305964187e-01 3.1012213134e-01
    endloop
  endfacet
  facet normal 4.950537e-02 6.905681e-02 -9.963836e-01
    outer loop
      vertex 4.7180000000e-01 5.0930000000e-01 2.7110000000e-01
      vertex 4.7180000000e-01 5.4378806053e-01 2.7349027951e-01
      vertex 5.0506777604e-01 5.2986061632e-01 2.7417791485e-01
    endloop
  endfacet
  facet normal 4.960764e-02 2.058489e-01 -9.773256e-01
    outer loop
      vertex 4.7180000000e-01 5.7761663223e-01 2.8061541055e-01
      vertex 5.0499811921e-01 5.6432925687e-01 2.7950185065e-01
      vertex 4.7180000000e-01 5.4378806053e-01 2.7349027951e-01
    endloop
  endfacet
  facet normal 1.812856e-01 1.504758e-01 -9.718501e-01
    outer loop
      vertex 5.3751638901e-01 5.4991496203e-01 2.8333587093e-01
      vertex 5.0506777604e-01 5.2986061632e-01 2.7417791485e-01
      vertex 5.0499811921e-01 5.6432925687e-01 2.7950185065e-01
    endloop
  endfacet
  facet normal 8.410292e-02 1.522724e-01 -9.847537e-01
    outer loop
      vertex 4.7180000000e-01 5.4378806053e-01 2.7349027951e-01
      vertex 5.0499811921e-01 5.6432925687e-01 2.7950185065e-01
      vertex 5.0506777604e-01 5.2986061632e-01 2.7417791485e-01
    endloop
  endfacet
  facet normal 2.148469e-01 3.716277e-01 -9.031797e-01
    outer loop
      vertex 5.3677297825e-01 6.1777214114e-01 3.0543287990e-01
      vertex 5.3782068766e-01 5.8461471977e-01 2.9203895620e-01
      vertex 5.0471384284e-01 5.9885719837e-01 2.9002384985e-01
    endloop
  endfacet
  facet normal 2.162041e-01 2.357379e-01 -9.474616e-01
    outer loop
      vertex 5.3751638901e-01 5.4991496203e-01 2.8333587093e-01
      vertex 5.0499811921e-01 5.6432925687e-01 2.7950185065e-01
      vertex 5.3782068766e-01 5.8461471977e-01 2.9203895620e-01
    endloop
  endfacet
  facet normal 8.454536e-02 2.910970e-01 -9.529505e-01
    outer loop
      vertex 4.7180000000e-01 5.7761663223e-01 2.8061541055e-01
      vertex 5.0471384284e-01 5.9885719837e-01 2.9002384985e-01
      vertex 5.0499811921e-01 5.6432925687e-01 2.7950185065e-01
    endloop
  endfacet
  facet normal 1.811510e-01 2.880454e-01 -9.403266e-01
    outer loop
      vertex 5.3782068766e-01 5.8461471977e-01 2.9203895620e-01
      vertex 5.0499811921e-01 5.6432925687e-01 2.7950185065e-01
      vertex 5.0471384284e-01 5.9885719837e-01 2.9002384985e-01
    endloop
  endfacet
  facet normal 4.694052e-01 -2.331714e-01 -8.516395e-01
    outer loop
      vertex 5.9680000000e-01 4.3204575141e-01 3.1884575141e-01
      vertex 5.6834684640e-01 4.4963076742e-01 2.9834836895e-01
      vertex 6.0161462243e-01 4.7019138374e-01 3.1105552867e-01
    endloop
  endfacet
  facet normal 3.505871e-01 -1.597927e-01 -9.227974e-01
    outer loop
      vertex 5.3751638901e-01 4.6868503797e-01 2.8333587093e-01
      vertex 5.7170176293e-01 4.8871910499e-01 2.9285437677e-01
      vertex 5.6834684640e-01 4.4963076742e-01 2.9834836895e-01
    endloop
  endfacet
  facet normal 4.823363e-01 -7.836719e-02 -8.724736e-01
    outer loop
      vertex 6.0323277803e-01 5.0930000000e-01 3.0843729791e-01
      vertex 6.0161462243e-01 4.7019138374e-01 3.1105552867e-01
      vertex 5.7170176293e-01 4.8871910499e-01 2.9285437677e-01
    endloop
  endfacet
  facet normal 4.378416e-01 -1.618790e-01 -8.843585e-01
    outer loop
      vertex 5.6834684640e-01 4.4963076742e-01 2.9834836895e-01
      vertex 5.7170176293e-01 4.8871910499e-01 2.9285437677e-01
      vertex 6.0161462243e-01 4.7019138374e-01 3.1105552867e-01
    endloop
  endfacet
  facet normal 9.212595e-02 0.000000e+00 -9.957474e-01
    outer loop
      vertex 4.7180000000e-01 5.0930000000e-01 2.7110000000e-01
      vertex 5.0506777604e-01 5.2986061632e-01 2.7417791485e-01
      vertex 5.0506777604e-01 4.8873938368e-01 2.7417791485e-01
    endloop
  endfacet
  facet normal 2.237863e-01 8.142553e-02 -9.712310e-01
    outer loop
      vertex 5.3751638901e-01 5.4991496203e-01 2.8333587093e-01
      vertex 5.3840117528e-01 5.0930000000e-01 2.8013468413e-01
      vertex 5.0506777604e-01 5.2986061632e-01 2.7417791485e-01
    endloop
  endfacet
  facet normal 2.237863e-01 -8.142553e-02 -9.712310e-01
    outer loop
      vertex 5.3751638901e-01 4.6868503797e-01 2.8333587093e-01
      vertex 5.0506777604e-01 4.8873938368e-01 2.7417791485e-01
      vertex 5.3840117528e-01 5.0930000000e-01 2.8013468413e-01
    endloop
  endfacet
  facet normal 1.759159e-01 0.000000e+00 -9.844052e-01
    outer loop
      vertex 5.0506777604e-01 5.2986061632e-01 2.7417791485e-01
      vertex 5.3840117528e-01 5.0930000000e-01 2.8013468413e-01
      vertex 5.0506777604e-01 4.8873938368e-01 2.7417791485e-01
    endloop
  endfacet
  facet normal 4.694052e-01 2.331714e-01 -8.516395e-01
    outer loop
      vertex 5.9680000000e-01 5.8655424859e-01 3.1884575141e-01
      vertex 6.0161462243e-01 5.4840861626e-01 3.1105552867e-01
      vertex 5.6834684640e-01 5.6896923258e-01 2.9834836895e-01
    endloop
  endfacet
  facet normal 4.823363e-01 7.836719e-02 -8.724736e-01
    outer loop
      vertex 6.0323277803e-01 5.0930000000e-01 3.0843729791e-01
      vertex 5.7170176293e-01 5.2988089501e-01 2.9285437677e-01
      vertex 6.0161462243e-01 5.4840861626e-01 3.1105552867e-01
    endloop
  endfacet
  facet normal 3.505871e-01 1.597927e-01 -9.227974e-01
    outer loop
      vertex 5.3751638901e-01 5.4991496203e-01 2.8333587093e-01
      vertex 5.6834684640e-01 5.6896923258e-01 2.9834836895e-01
      vertex 5.7170176293e-01 5.2988089501e-01 2.9285437677e-01
    endloop
  endfacet
  facet normal 4.378416e-01 1.618790e-01 -8.843585e-01
    outer loop
      vertex 6.0161462243e-01 5.4840861626e-01 3.1105552867e-01
      vertex 5.7170176293e-01 5.2988089501e-01 2.9285437677e-01
      vertex 5.6834684640e-01 5.6896923258e-01 2.9834836895e-01
    endloop
  endfacet
  facet normal 3.113353e-01 -8.140770e-02 -9.468068e-01
    outer loop
      vertex 5.3751638901e-01 4.6868503797e-01 2.8333587093e-01
      vertex 5.3840117528e-01 5.0930000000e-01 2.8013468413e-01
      vertex 5.7170176293e-01 4.8871910499e-01 2.9285437677e-01
    endloop
  endfacet
  facet normal 3.113353e-01 8.140770e-02 -9.468068e-01
    outer loop
      vertex 5.3751638901e-01 5.4991496203e-01 2.8333587093e-01
      vertex 5.7170176293e-01 5.2988089501e-01 2.9285437677e-01
      vertex 5.3840117528e-01 5.0930000000e-01 2.8013468413e-01
    endloop
  endfacet
  facet normal 4.430557e-01 0.000000e+00 -8.964941e-01
    outer loop
      vertex 6.0323277803e-01 5.0930000000e-01 3.0843729791e-01
      vertex 5.7170176293e-01 4.8871910499e-01 2.9285437677e-01
      vertex 5.7170176293e-01 5.2988089501e-01 2.9285437677e-01
    endloop
  endfacet
  facet normal 3.568221e-01 0.000000e+00 -9.341724e-01
    outer loop
      vertex 5.3840117528e-01 5.0930000000e-01 2.8013468413e-01
      vertex 5.7170176293e-01 5.2988089501e-01 2.9285437677e-01
      vertex 5.7170176293e-01 4.8871910499e-01 2.9285437677e-01
    endloop
  endfacet
  facet normal 8.838505e-01 5.017104e-02 4.650712e-01
    outer loop
      vertex 6.8446270209e-01 5.0930000000e-01 6.5253277803e-01
      vertex 7.0056085531e-01 5.0930000000e-01 6.2193883715e-01
      vertex 6.8803233397e-01 5.4210009470e-01 6.4221041052e-01
    endloop
  endfacet
  facet normal 9.395655e-01 5.000027e-02 3.386983e-01
    outer loop
      vertex 7.1228458945e-01 5.0930000000e-01 5.8941663223e-01
      vertex 7.0287615015e-01 5.4221384284e-01 6.1065719837e-01
      vertex 7.0056085531e-01 5.0930000000e-01 6.2193883715e-01
    endloop
  endfacet
  facet normal 8.897882e-01 1.803191e-01 4.192398e-01
    outer loop
      vertex 6.8746712010e-01 5.7427297825e-01 6.2957214114e-01
      vertex 6.8803233397e-01 5.4210009470e-01 6.4221041052e-01
      vertex 7.0287615015e-01 5.4221384284e-01 6.1065719837e-01
    endloop
  endfacet
  facet normal 9.017047e-01 8.207030e-02 4.244916e-01
    outer loop
      vertex 7.0056085531e-01 5.0930000000e-01 6.2193883715e-01
      vertex 7.0287615015e-01 5.4221384284e-01 6.1065719837e-01
      vertex 6.8803233397e-01 5.4210009470e-01 6.4221041052e-01
    endloop
  endfacet
  facet normal 9.963836e-01 4.950537e-02 6.905681e-02
    outer loop
      vertex 7.2180000000e-01 5.0930000000e-01 5.2110000000e-01
      vertex 7.1872208515e-01 5.4256777604e-01 5.4166061632e-01
      vertex 7.1940972049e-01 5.0930000000e-01 5.5558806053e-01
    endloop
  endfacet
  facet normal 9.718501e-01 1.812856e-01 1.504758e-01
    outer loop
      vertex 7.0956412907e-01 5.7501638901e-01 5.6171496203e-01
      vertex 7.1339814935e-01 5.4249811921e-01 5.7612925687e-01
      vertex 7.1872208515e-01 5.4256777604e-01 5.4166061632e-01
    endloop
  endfacet
  facet normal 9.773256e-01 4.960764e-02 2.058489e-01
    outer loop
      vertex 7.1228458945e-01 5.0930000000e-01 5.8941663223e-01
      vertex 7.1940972049e-01 5.0930000000e-01 5.5558806053e-01
      vertex 7.1339814935e-01 5.4249811921e-01 5.7612925687e-01
    endloop
  endfacet
  facet normal 9.847537e-01 8.410292e-02 1.522724e-01
    outer loop
      vertex 7.1872208515e-01 5.4256777604e-01 5.4166061632e-01
      vertex 7.1339814935e-01 5.4249811921e-01 5.7612925687e-01
      vertex 7.1940972049e-01 5.0930000000e-01 5.5558806053e-01
    endloop
  endfacet
  facet normal 8.521837e-01 4.270257e-01 3.023772e-01
    outer loop
      vertex 6.7405424859e-01 6.3430000000e-01 5.9835424859e-01
      vertex 6.8277786866e-01 6.0520343317e-01 6.1485964187e-01
      vertex 6.9455163105e-01 6.0584684640e-01 5.8076923258e-01
    endloop
  endfacet
  facet normal 8.790876e-01 3.067980e-01 3.648012e-01
    outer loop
      vertex 6.8746712010e-01 5.7427297825e-01 6.2957214114e-01
      vertex 7.0086104380e-01 5.7532068766e-01 5.9641471977e-01
      vertex 6.8277786866e-01 6.0520343317e-01 6.1485964187e-01
    endloop
  endfacet
  facet normal 9.233856e-01 3.081672e-01 2.288929e-01
    outer loop
      vertex 7.0956412907e-01 5.7501638901e-01 5.6171496203e-01
      vertex 6.9455163105e-01 6.0584684640e-01 5.8076923258e-01
      vertex 7.0086104380e-01 5.7532068766e-01 5.9641471977e-01
    endloop
  endfacet
  facet normal 8.857887e-01 3.431966e-01 3.124011e-01
    outer loop
      vertex 6.8277786866e-01 6.0520343317e-01 6.1485964187e-01
      vertex 7.0086104380e-01 5.7532068766e-01 5.9641471977e-01
      vertex 6.9455163105e-01 6.0584684640e-01 5.8076923258e-01
    endloop
  endfacet
  facet normal 9.529505e-01 8.454536e-02 2.910970e-01
    outer loop
      vertex 7.1228458945e-01 5.0930000000e-01 5.8941663223e-01
      vertex 7.1339814935e-01 5.4249811921e-01 5.7612925687e-01
      vertex 7.0287615015e-01 5.4221384284e-01 6.1065719837e-01
    endloop
  endfacet
  facet normal 9.474616e-01 2.162041e-01 2.357379e-01
    outer loop
      vertex 7.0956412907e-01 5.7501638901e-01 5.6171496203e-01
      vertex 7.0086104380e-01 5.7532068766e-01 5.9641471977e-01
      vertex 7.1339814935e-01 5.4249811921e-01 5.7612925687e-01
    endloop
  endfacet
  facet normal 9.031797e-01 2.148469e-01 3.716277e-01
    outer loop
      vertex 6.8746712010e-01 5.7427297825e-01 6.2957214114e-01
      vertex 7.0287615015e-01 5.4221384284e-01 6.1065719837e-01
      vertex 7.0086104380e-01 5.7532068766e-01 5.9641471977e-01
    endloop
  endfacet
  facet normal 9.403266e-01 1.811510e-01 2.880454e-01
    outer loop
      vertex 7.1339814935e-01 5.4249811921e-01 5.7612925687e-01
      vertex 7.0086104380e-01 5.7532068766e-01 5.9641471977e-01
      vertex 7.0287615015e-01 5.4221384284e-01 6.1065719837e-01
    endloop
  endfacet
  facet normal 8.838505e-01 5.017104e-02 -4.650712e-01
    outer loop
      vertex 6.8446270209e-01 5.0930000000e-01 3.8966722197e-01
      vertex 6.8803233397e-01 5.4210009470e-01 3.9998958948e-01
      vertex 7.0056085531e-01 5.0930000000e-01 4.2026116285e-01
    endloop
  endfacet
  facet normal 8.897882e-01 1.803191e-01 -4.192398e-01
    outer loop
      vertex 6.8746712010e-01 5.7427297825e-01 4.1262785886e-01
      vertex 7.0287615015e-01 5.4221384284e-01 4.3154280163e-01
      vertex 6.8803233397e-01 5.4210009470e-01 3.9998958948e-01
    endloop
  endfacet
  facet normal 9.395655e-01 5.000027e-02 -3.386983e-01
    outer loop
      vertex 7.1228458945e-01 5.0930000000e-01 4.5278336777e-01
      vertex 7.0056085531e-01 5.0930000000e-01 4.2026116285e-01
      vertex 7.0287615015e-01 5.4221384284e-01 4.3154280163e-01
    endloop
  endfacet
  facet normal 9.017047e-01 8.207030e-02 -4.244916e-01
    outer loop
      vertex 6.8803233397e-01 5.4210009470e-01 3.9998958948e-01
      vertex 7.0287615015e-01 5.4221384284e-01 4.3154280163e-01
      vertex 7.0056085531e-01 5.0930000000e-01 4.2026116285e-01
    endloop
  endfacet
  facet normal 8.521837e-01 4.270257e-01 -3.023772e-01
    outer loop
      vertex 6.7405424859e-01 6.3430000000e-01 4.4384575141e-01
      vertex 6.9455163105e-01 6.0584684640e-01 4.6143076742e-01
      vertex 6.8277786866e-01 6.0520343317e-01 4.2734035813e-01
    endloop
  endfacet
  facet normal 9.233856e-01 3.081672e-01 -2.288929e-01
    outer loop
      vertex 7.0956412907e-01 5.7501638901e-01 4.8048503797e-01
      vertex 7.0086104380e-01 5.7532068766e-01 4.4578528023e-01
      vertex 6.9455163105e-01 6.0584684640e-01 4.6143076742e-01
    endloop
  endfacet
  facet normal 8.790876e-01 3.067980e-01 -3.648012e-01
    outer loop
      vertex 6.8746712010e-01 5.7427297825e-01 4.1262785886e-01
      vertex 6.8277786866e-01 6.0520343317e-01 4.2734035813e-01
      vertex 7.0086104380e-01 5.7532068766e-01 4.4578528023e-01
    endloop
  endfacet
  facet normal 8.857887e-01 3.431966e-01 -3.124011e-01
    outer loop
      vertex 6.9455163105e-01 6.0584684640e-01 4.6143076742e-01
      vertex 7.0086104380e-01 5.7532068766e-01 4.4578528023e-01
      vertex 6.8277786866e-01 6.0520343317e-01 4.2734035813e-01
    endloop
  endfacet
  facet normal 9.963836e-01 4.950537e-02 -6.905681e-02
    outer loop
      vertex 7.2180000000e-01 5.0930000000e-01 5.2110000000e-01
      vertex 7.1940972049e-01 5.0930000000e-01 4.8661193947e-01
      vertex 7.1872208515e-01 5.4256777604e-01 5.0053938368e-01
    endloop
  endfacet
  facet normal 9.773256e-01 4.960764e-02 -2.058489e-01
    outer loop
      vertex 7.1228458945e-01 5.0930000000e-01 4.5278336777e-01
      vertex 7.1339814935e-01 5.4249811921e-01 4.6607074313e-01
      vertex 7.1940972049e-01 5.0930000000e-01 4.8661193947e-01
    endloop
  endfacet
  facet normal 9.718501e-01 1.812856e-01 -1.504758e-01
    outer loop
      vertex 7.0956412907e-01 5.7501638901e-01 4.8048503797e-01
      vertex 7.1872208515e-01 5.4256777604e-01 5.0053938368e-01
      vertex 7.1339814935e-01 5.4249811921e-01 4.6607074313e-01
    endloop
  endfacet
  facet normal 9.847537e-01 8.410292e-02 -1.522724e-01
    outer loop
      vertex 7.1940972049e-01 5.0930000000e-01 4.8661193947e-01
      vertex 7.1339814935e-01 5.4249811921e-01 4.6607074313e-01
      vertex 7.1872208515e-01 5.4256777604e-01 5.0053938368e-01
    endloop
  endfacet
  facet normal 9.031797e-01 2.148469e-01 -3.716277e-01
    outer loop
      vertex 6.8746712010e-01 5.7427297825e-01 4.1262785886e-01
      vertex 7.0086104380e-01 5.7532068766e-01 4.4578528023e-01
      vertex 7.0287615015e-01 5.4221384284e-01 4.3154280163e-01
    endloop
  endfacet
  facet normal 9.474616e-01 2.162041e-01 -2.357379e-01
    outer loop
      vertex 7.0956412907e-01 5.7501638901e-01 4.8048503797e-01
      vertex 7.1339814935e-01 5.4249811921e-01 4.6607074313e-01
      vertex 7.0086104380e-01 5.7532068766e-01 4.4578528023e-01
    endloop
  endfacet
  facet normal 9.529505e-01 8.454536e-02 -2.910970e-01
    outer loop
      vertex 7.1228458945e-01 5.0930000000e-01 4.5278336777e-01
      vertex 7.0287615015e-01 5.4221384284e-01 4.3154280163e-01
      vertex 7.1339814935e-01 5.4249811921e-01 4.6607074313e-01
    endloop
  endfacet
  facet normal 9.403266e-01 1.811510e-01 -2.880454e-01
    outer loop
      vertex 7.0086104380e-01 5.7532068766e-01 4.4578528023e-01
      vertex 7.1339814935e-01 5.4249811921e-01 4.6607074313e-01
      vertex 7.0287615015e-01 5.4221384284e-01 4.3154280163e-01
    endloop
  endfacet
  facet normal 5.964207e-01 8.026720e-01 0.000000e+00
    outer loop
      vertex 6.0323277803e-01 7.2196270209e-01 5.2110000000e-01
      vertex 6.2571050522e-01 7.0526076060e-01 5.4137157336e-01
      vertex 6.2571050522e-01 7.0526076060e-01 5.0082842664e-01
    endloop
  endfacet
  facet normal 6.804611e-01 7.283445e-01 8.054149e-02
    outer loop
      vertex 6.4524511939e-01 6.8481161119e-01 5.6125550891e-01
      vertex 6.4752675762e-01 6.8712043374e-01 5.2110000000e-01
      vertex 6.2571050522e-01 7.0526076060e-01 5.4137157336e-01
    endloop
  endfacet
  facet normal 6.804611e-01 7.283445e-01 -8.054149e-02
    outer loop
      vertex 6.4524511939e-01 6.8481161119e-01 4.8094449109e-01
      vertex 6.2571050522e-01 7.0526076060e-01 5.0082842664e-01
      vertex 6.4752675762e-01 6.8712043374e-01 5.2110000000e-01
    endloop
  endfacet
  facet normal 6.393544e-01 7.689122e-01 0.000000e+00
    outer loop
      vertex 6.2571050522e-01 7.0526076060e-01 5.4137157336e-01
      vertex 6.4752675762e-01 6.8712043374e-01 5.2110000000e-01
      vertex 6.2571050522e-01 7.0526076060e-01 5.0082842664e-01
    endloop
  endfacet
  facet normal 8.095043e-01 5.387620e-01 2.333204e-01
    outer loop
      vertex 6.7405424859e-01 6.3430000000e-01 5.9835424859e-01
      vertex 6.8184447133e-01 6.3911462243e-01 5.6020861626e-01
      vertex 6.6146307504e-01 6.6100628732e-01 5.8037158134e-01
    endloop
  endfacet
  facet normal 8.303865e-01 5.516422e-01 7.841715e-02
    outer loop
      vertex 6.8446270209e-01 6.4073277803e-01 5.2110000000e-01
      vertex 6.6685109268e-01 6.6435989565e-01 5.4138546290e-01
      vertex 6.8184447133e-01 6.3911462243e-01 5.6020861626e-01
    endloop
  endfacet
  facet normal 7.518660e-01 6.398684e-01 1.589524e-01
    outer loop
      vertex 6.4524511939e-01 6.8481161119e-01 5.6125550891e-01
      vertex 6.6146307504e-01 6.6100628732e-01 5.8037158134e-01
      vertex 6.6685109268e-01 6.6435989565e-01 5.4138546290e-01
    endloop
  endfacet
  facet normal 7.916792e-01 5.895786e-01 1.601287e-01
    outer loop
      vertex 6.8184447133e-01 6.3911462243e-01 5.6020861626e-01
      vertex 6.6685109268e-01 6.6435989565e-01 5.4138546290e-01
      vertex 6.6146307504e-01 6.6100628732e-01 5.8037158134e-01
    endloop
  endfacet
  facet normal 8.095043e-01 5.387620e-01 -2.333204e-01
    outer loop
      vertex 6.7405424859e-01 6.3430000000e-01 4.4384575141e-01
      vertex 6.6146307504e-01 6.6100628732e-01 4.6182841866e-01
      vertex 6.8184447133e-01 6.3911462243e-01 4.8199138374e-01
    endloop
  endfacet
  facet normal 7.518660e-01 6.398684e-01 -1.589524e-01
    outer loop
      vertex 6.4524511939e-01 6.8481161119e-01 4.8094449109e-01
      vertex 6.6685109268e-01 6.6435989565e-01 5.0081453710e-01
      vertex 6.6146307504e-01 6.6100628732e-01 4.6182841866e-01
    endloop
  endfacet
  facet normal 8.303865e-01 5.516422e-01 -7.841715e-02
    outer loop
      vertex 6.8446270209e-01 6.4073277803e-01 5.2110000000e-01
      vertex 6.8184447133e-01 6.3911462243e-01 4.8199138374e-01
      vertex 6.6685109268e-01 6.6435989565e-01 5.0081453710e-01
    endloop
  endfacet
  facet normal 7.916792e-01 5.895786e-01 -1.601287e-01
    outer loop
      vertex 6.6146307504e-01 6.6100628732e-01 4.6182841866e-01
      vertex 6.6685109268e-01 6.6435989565e-01 5.0081453710e-01
      vertex 6.8184447133e-01 6.3911462243e-01 4.8199138374e-01
    endloop
  endfacet
  facet normal 7.232719e-01 6.858517e-01 8.053079e-02
    outer loop
      vertex 6.4524511939e-01 6.8481161119e-01 5.6125550891e-01
      vertex 6.6685109268e-01 6.6435989565e-01 5.4138546290e-01
      vertex 6.4752675762e-01 6.8712043374e-01 5.2110000000e-01
    endloop
  endfacet
  facet normal 8.017675e-01 5.976360e-01 0.000000e+00
    outer loop
      vertex 6.8446270209e-01 6.4073277803e-01 5.2110000000e-01
      vertex 6.6685109268e-01 6.6435989565e-01 5.0081453710e-01
      vertex 6.6685109268e-01 6.6435989565e-01 5.4138546290e-01
    endloop
  endfacet
  facet normal 7.232719e-01 6.858517e-01 -8.053079e-02
    outer loop
      vertex 6.4524511939e-01 6.8481161119e-01 4.8094449109e-01
      vertex 6.4752675762e-01 6.8712043374e-01 5.2110000000e-01
      vertex 6.6685109268e-01 6.6435989565e-01 5.0081453710e-01
    endloop
  endfacet
  facet normal 7.623048e-01 6.472182e-01 0.000000e+00
    outer loop
      vertex 6.6685109268e-01 6.6435989565e-01 5.4138546290e-01
      vertex 6.6685109268e-01 6.6435989565e-01 5.0081453710e-01
      vertex 6.4752675762e-01 6.8712043374e-01 5.2110000000e-01
    endloop
  endfacet
  facet normal 9.957474e-01 9.212595e-02 0.000000e+00
    outer loop
      vertex 7.2180000000e-01 5.0930000000e-01 5.2110000000e-01
      vertex 7.1872208515e-01 5.4256777604e-01 5.0053938368e-01
      vertex 7.1872208515e-01 5.4256777604e-01 5.4166061632e-01
    endloop
  endfacet
  facet normal 9.712310e-01 2.237863e-01 -8.142553e-02
    outer loop
      vertex 7.0956412907e-01 5.7501638901e-01 4.8048503797e-01
      vertex 7.1276531587e-01 5.7590117528e-01 5.2110000000e-01
      vertex 7.1872208515e-01 5.4256777604e-01 5.0053938368e-01
    endloop
  endfacet
  facet normal 9.712310e-01 2.237863e-01 8.142553e-02
    outer loop
      vertex 7.0956412907e-01 5.7501638901e-01 5.6171496203e-01
      vertex 7.1872208515e-01 5.4256777604e-01 5.4166061632e-01
      vertex 7.1276531587e-01 5.7590117528e-01 5.2110000000e-01
    endloop
  endfacet
  facet normal 9.844052e-01 1.759159e-01 -0.000000e+00
    outer loop
      vertex 7.1872208515e-01 5.4256777604e-01 5.0053938368e-01
      vertex 7.1276531587e-01 5.7590117528e-01 5.2110000000e-01
      vertex 7.1872208515e-01 5.4256777604e-01 5.4166061632e-01
    endloop
  endfacet
  facet normal 8.516395e-01 4.694052e-01 -2.331714e-01
    outer loop
      vertex 6.7405424859e-01 6.3430000000e-01 4.4384575141e-01
      vertex 6.8184447133e-01 6.3911462243e-01 4.8199138374e-01
      vertex 6.9455163105e-01 6.0584684640e-01 4.6143076742e-01
    endloop
  endfacet
  facet normal 8.724736e-01 4.823363e-01 -7.836719e-02
    outer loop
      vertex 6.8446270209e-01 6.4073277803e-01 5.2110000000e-01
      vertex 7.0004562323e-01 6.0920176293e-01 5.0051910499e-01
      vertex 6.8184447133e-01 6.3911462243e-01 4.8199138374e-01
    endloop
  endfacet
  facet normal 9.227974e-01 3.505871e-01 -1.597927e-01
    outer loop
      vertex 7.0956412907e-01 5.7501638901e-01 4.8048503797e-01
      vertex 6.9455163105e-01 6.0584684640e-01 4.6143076742e-01
      vertex 7.0004562323e-01 6.0920176293e-01 5.0051910499e-01
    endloop
  endfacet
  facet normal 8.843585e-01 4.378416e-01 -1.618790e-01
    outer loop
      vertex 6.8184447133e-01 6.3911462243e-01 4.8199138374e-01
      vertex 7.0004562323e-01 6.0920176293e-01 5.0051910499e-01
      vertex 6.9455163105e-01 6.0584684640e-01 4.6143076742e-01
    endloop
  endfacet
  facet normal 8.516395e-01 4.694052e-01 2.331714e-01
    outer loop
      vertex 6.7405424859e-01 6.3430000000e-01 5.9835424859e-01
      vertex 6.9455163105e-01 6.0584684640e-01 5.8076923258e-01
      vertex 6.8184447133e-01 6.3911462243e-01 5.6020861626e-01
    endloop
  endfacet
  facet normal 9.227974e-01 3.505871e-01 1.597927e-01
    outer loop
      vertex 7.0956412907e-01 5.7501638901e-01 5.6171496203e-01
      vertex 7.0004562323e-01 6.0920176293e-01 5.4168089501e-01
      vertex 6.9455163105e-01 6.0584684640e-01 5.8076923258e-01
    endloop
  endfacet
  facet normal 8.724736e-01 4.823363e-01 7.836719e-02
    outer loop
      vertex 6.8446270209e-01 6.4073277803e-01 5.2110000000e-01
      vertex 6.8184447133e-01 6.3911462243e-01 5.6020861626e-01
      vertex 7.0004562323e-01 6.0920176293e-01 5.4168089501e-01
    endloop
  endfacet
  facet normal 8.843585e-01 4.378416e-01 1.618790e-01
    outer loop
      vertex 6.9455163105e-01 6.0584684640e-01 5.8076923258e-01
      vertex 7.0004562323e-01 6.0920176293e-01 5.4168089501e-01
      vertex 6.8184447133e-01 6.3911462243e-01 5.6020861626e-01
    endloop
  endfacet
  facet normal 9.468068e-01 3.113353e-01 -8.140770e-02
    outer loop
      vertex 7.0956412907e-01 5.7501638901e-01 4.8048503797e-01
      vertex 7.0004562323e-01 6.0920176293e-01 5.0051910499e-01
      vertex 7.1276531587e-01 5.7590117528e-01 5.2110000000e-01
    endloop
  endfacet
  facet normal 8.964941e-01 4.430557e-01 0.000000e+00
    outer loop
      vertex 6.8446270209e-01 6.4073277803e-01 5.2110000000e-01
      vertex 7.0004562323e-01 6.0920176293e-01 5.4168089501e-01
      vertex 7.0004562323e-01 6.0920176293e-01 5.0051910499e-01
    endloop
  endfacet
  facet normal 9.468068e-01 3.113353e-01 8.140770e-02
    outer loop
      vertex 7.0956412907e-01 5.7501638901e-01 5.6171496203e-01
      vertex 7.1276531587e-01 5.7590117528e-01 5.2110000000e-01
      vertex 7.0004562323e-01 6.0920176293e-01 5.4168089501e-01
    endloop
  endfacet
  facet normal 9.341724e-01 3.568221e-01 -0.000000e+00
    outer loop
      vertex 7.0004562323e-01 6.0920176293e-01 5.0051910499e-01
      vertex 7.0004562323e-01 6.0920176293e-01 5.4168089501e-01
      vertex 7.1276531587e-01 5.7590117528e-01 5.2110000000e-01
    endloop
  endfacet
endsolid sphere_at
