solid sphere_at
  facet normal -5.462496e-01 8.336794e-01 8.117845e-02
    outer loop
      vertex -1.5771933364e-01 2.5519524251e-01 0.0000000000e+00
      vertex -1.8469260626e-01 2.3515291273e-01 2.4325888033e-02
      vertex -1.4533249262e-01 2.5947880076e-01 3.9360113644e-02
    endloop
  endfacet
  facet normal -6.304608e-01 7.592464e-01 1.614436e-01
    outer loop
      vertex -2.0813414327e-01 2.1061393343e-01 4.8186610692e-02
      vertex -1.7137549774e-01 2.3779476878e-01 6.3906859695e-02
      vertex -1.8469260626e-01 2.3515291273e-01 2.4325888033e-02
    endloop
  endfacet
  facet normal -5.001420e-01 8.397879e-01 2.112210e-01
    outer loop
      vertex -1.3016656937e-01 2.5880054412e-01 7.7967573902e-02
      vertex -1.4533249262e-01 2.5947880076e-01 3.9360113644e-02
      vertex -1.7137549774e-01 2.3779476878e-01 6.3906859695e-02
    endloop
  endfacet
  facet normal -5.572841e-01 8.196344e-01 1.327925e-01
    outer loop
      vertex -1.8469260626e-01 2.3515291273e-01 2.4325888033e-02
      vertex -1.7137549774e-01 2.3779476878e-01 6.3906859695e-02
      vertex -1.4533249262e-01 2.5947880076e-01 3.9360113644e-02
    endloop
  endfacet
  facet normal -7.599989e-01 5.693580e-01 3.134218e-01
    outer loop
      vertex -2.4270509831e-01 1.5000000000e-01 9.2705098312e-02
      vertex -2.1213203436e-01 1.8045028650e-01 1.1152441034e-01
      vertex -2.2759569005e-01 1.8204754478e-01 7.1125897605e-02
    endloop
  endfacet
  facet normal -6.491008e-01 6.636828e-01 3.717435e-01
    outer loop
      vertex -1.7633557569e-01 2.0645728807e-01 1.2759762125e-01
      vertex -1.9422356816e-01 2.1069295402e-01 8.8801377773e-02
      vertex -2.1213203436e-01 1.8045028650e-01 1.1152441034e-01
    endloop
  endfacet
  facet normal -7.022584e-01 6.705276e-01 2.392192e-01
    outer loop
      vertex -2.0813414327e-01 2.1061393343e-01 4.8186610692e-02
      vertex -2.2759569005e-01 1.8204754478e-01 7.1125897605e-02
      vertex -1.9422356816e-01 2.1069295402e-01 8.8801377773e-02
    endloop
  endfacet
  facet normal -7.075762e-01 6.415571e-01 2.962101e-01
    outer loop
      vertex -2.1213203436e-01 1.8045028650e-01 1.1152441034e-01
      vertex -1.9422356816e-01 2.1069295402e-01 8.8801377773e-02
      vertex -2.2759569005e-01 1.8204754478e-01 7.1125897605e-02
    endloop
  endfacet
  facet normal -3.824786e-01 8.026783e-01 4.576217e-01
    outer loop
      vertex -9.2705098312e-02 2.4270509831e-01 1.5000000000e-01
      vertex -1.1251157024e-01 2.5317344239e-01 1.1508411981e-01
      vertex -1.3619714992e-01 2.2738062601e-01 1.4052895526e-01
    endloop
  endfacet
  facet normal -4.450681e-01 8.294800e-01 3.374572e-01
    outer loop
      vertex -1.3016656937e-01 2.5880054412e-01 7.7967573902e-02
      vertex -1.5483648602e-01 2.3503550951e-01 1.0384590444e-01
      vertex -1.1251157024e-01 2.5317344239e-01 1.1508411981e-01
    endloop
  endfacet
  facet normal -5.222192e-01 7.421000e-01 4.202079e-01
    outer loop
      vertex -1.7633557569e-01 2.0645728807e-01 1.2759762125e-01
      vertex -1.3619714992e-01 2.2738062601e-01 1.4052895526e-01
      vertex -1.5483648602e-01 2.3503550951e-01 1.0384590444e-01
    endloop
  endfacet
  facet normal -4.484825e-01 8.016858e-01 3.951751e-01
    outer loop
      vertex -1.1251157024e-01 2.5317344239e-01 1.1508411981e-01
      vertex -1.5483648602e-01 2.3503550951e-01 1.0384590444e-01
      vertex -1.3619714992e-01 2.2738062601e-01 1.4052895526e-01
    endloop
  endfacet
  facet normal -6.387266e-01 7.381036e-01 2.173281e-01
    outer loop
      vertex -2.0813414327e-01 2.1061393343e-01 4.8186610692e-02
      vertex -1.9422356816e-01 2.1069295402e-01 8.8801377773e-02
      vertex -1.7137549774e-01 2.3779476878e-01 6.3906859695e-02
    endloop
  endfacet
  facet normal -5.855635e-01 7.312575e-01 3.498255e-01
    outer loop
      vertex -1.7633557569e-01 2.0645728807e-01 1.2759762125e-01
      vertex -1.5483648602e-01 2.3503550951e-01 1.0384590444e-01
      vertex -1.9422356816e-01 2.1069295402e-01 8.8801377773e-02
    endloop
  endfacet
  facet normal -5.084250e-01 8.186344e-01 2.670988e-01
    outer loop
      vertex -1.3016656937e-01 2.5880054412e-01 7.7967573902e-02
      vertex -1.7137549774e-01 2.3779476878e-01 6.3906859695e-02
      vertex -1.5483648602e-01 2.3503550951e-01 1.0384590444e-01
    endloop
  endfacet
  facet normal -5.811538e-01 7.591756e-01 2.931085e-01
    outer loop
      vertex -1.9422356816e-01 2.1069295402e-01 8.8801377773e-02
      vertex -1.5483648602e-01 2.3503550951e-01 1.0384590444e-01
      vertex -1.7137549774e-01 2.3779476878e-01 6.3906859695e-02
    endloop
  endfacet
  facet normal -8.336794e-01 8.117845e-02 5.462496e-01
    outer loop
      vertex -2.5519524251e-01 0.0000000000e+00 1.5771933364e-01
      vertex -2.3515291273e-01 2.4325888033e-02 1.8469260626e-01
      vertex -2.5947880076e-01 3.9360113644e-02 1.4533249262e-01
    endloop
  endfacet
  facet normal -7.592464e-01 1.614436e-01 6.304608e-01
    outer loop
      vertex -2.1061393343e-01 4.8186610692e-02 2.0813414327e-01
      vertex -2.3779476878e-01 6.3906859695e-02 1.7137549774e-01
      vertex -2.3515291273e-01 2.4325888033e-02 1.8469260626e-01
    endloop
  endfacet
  facet normal -8.397879e-01 2.112210e-01 5.001420e-01
    outer loop
      vertex -2.5880054412e-01 7.7967573902e-02 1.3016656937e-01
      vertex -2.5947880076e-01 3.9360113644e-02 1.4533249262e-01
      vertex -2.3779476878e-01 6.3906859695e-02 1.7137549774e-01
    endloop
  endfacet
  facet normal -8.196344e-01 1.327925e-01 5.572841e-01
    outer loop
      vertex -2.3515291273e-01 2.4325888033e-02 1.8469260626e-01
      vertex -2.3779476878e-01 6.3906859695e-02 1.7137549774e-01
      vertex -2.5947880076e-01 3.9360113644e-02 1.4533249262e-01
    endloop
  endfacet
  facet normal -5.693580e-01 3.134218e-01 7.599989e-01
    outer loop
      vertex -1.5000000000e-01 9.2705098312e-02 2.4270509831e-01
      vertex -1.8045028650e-01 1.1152441034e-01 2.1213203436e-01
      vertex -1.8204754478e-01 7.1125897605e-02 2.2759569005e-01
    endloop
  endfacet
  facet normal -6.636828e-01 3.717435e-01 6.491008e-01
    outer loop
      vertex -2.0645728807e-01 1.2759762125e-01 1.7633557569e-01
      vertex -2.1069295402e-01 8.8801377773e-02 1.9422356816e-01
      vertex -1.8045028650e-01 1.1152441034e-01 2.1213203436e-01
    endloop
  endfacet
  facet normal -6.705276e-01 2.392192e-01 7.022584e-01
    outer loop
      vertex -2.1061393343e-01 4.8186610692e-02 2.0813414327e-01
      vertex -1.8204754478e-01 7.1125897605e-02 2.2759569005e-01
      vertex -2.1069295402e-01 8.8801377773e-02 1.9422356816e-01
    endloop
  endfacet
  facet normal -6.415571e-01 2.962101e-01 7.075762e-01
    outer loop
      vertex -1.8045028650e-01 1.1152441034e-01 2.1213203436e-01
      vertex -2.1069295402e-01 8.8801377773e-02 1.9422356816e-01
      vertex -1.8204754478e-01 7.1125897605e-02 2.2759569005e-01
    endloop
  endfacet
  facet normal -8.026783e-01 4.576217e-01 3.824786e-01
    outer loop
      vertex -2.4270509831e-01 1.5000000000e-01 9.2705098312e-02
      vertex -2.5317344239e-01 1.1508411981e-01 1.1251157024e-01
      vertex -2.2738062601e-01 1.4052895526e-01 1.3619714992e-01
    endloop
  endfacet
  facet normal -8.294800e-01 3.374572e-01 4.450681e-01
    outer loop
      vertex -2.5880054412e-01 7.7967573902e-02 1.3016656937e-01
      vertex -2.3503550951e-01 1.0384590444e-01 1.5483648602e-01
      vertex -2.5317344239e-01 1.1508411981e-01 1.1251157024e-01
    endloop
  endfacet
  facet normal -7.421000e-01 4.202079e-01 5.222192e-01
    outer loop
      vertex -2.0645728807e-01 1.2759762125e-01 1.7633557569e-01
      vertex -2.2738062601e-01 1.4052895526e-01 1.3619714992e-01
      vertex -2.3503550951e-01 1.0384590444e-01 1.5483648602e-01
    endloop
  endfacet
  facet normal -8.016858e-01 3.951751e-01 4.484825e-01
    outer loop
      vertex -2.5317344239e-01 1.1508411981e-01 1.1251157024e-01
      vertex -2.3503550951e-01 1.0384590444e-01 1.5483648602e-01
      vertex -2.2738062601e-01 1.4052895526e-01 1.3619714992e-01
    endloop
  endfacet
  facet normal -7.381036e-01 2.173281e-01 6.387266e-01
    outer loop
      vertex -2.1061393343e-01 4.8186610692e-02 2.0813414327e-01
      vertex -2.1069295402e-01 8.8801377773e-02 1.9422356816e-01
      vertex -2.3779476878e-01 6.3906859695e-02 1.7137549774e-01
    endloop
  endfacet
  facet normal -7.312575e-01 3.498255e-01 5.855635e-01
    outer loop
      vertex -2.0645728807e-01 1.2759762125e-01 1.7633557569e-01
      vertex -2.3503550951e-01 1.0384590444e-01 1.5483648602e-01
      vertex -2.1069295402e-01 8.8801377773e-02 1.9422356816e-01
    endloop
  endfacet
  facet normal -8.186344e-01 2.670988e-01 5.084250e-01
    outer loop
      vertex -2.5880054412e-01 7.7967573902e-02 1.3016656937e-01
      vertex -2.3779476878e-01 6.3906859695e-02 1.7137549774e-01
      vertex -2.3503550951e-01 1.0384590444e-01 1.5483648602e-01
    endloop
  endfacet
  facet normal -7.591756e-01 2.931085e-01 5.811538e-01
    outer loop
      vertex -2.1069295402e-01 8.8801377773e-02 1.9422356816e-01
      vertex -2.3503550951e-01 1.0384590444e-01 1.5483648602e-01
      vertex -2.3779476878e-01 6.3906859695e-02 1.7137549774e-01
    endloop
  endfacet
  facet normal -8.117845e-02 5.462496e-01 8.336794e-01
    outer loop
      vertex 0.0000000000e+00 1.5771933364e-01 2.5519524251e-01
      vertex -2.4325888033e-02 1.8469260626e-01 2.3515291273e-01
      vertex -3.9360113644e-02 1.4533249262e-01 2.5947880076e-01
    endloop
  endfacet
  facet normal -1.614436e-01 6.304608e-01 7.592464e-01
    outer loop
      vertex -4.8186610692e-02 2.0813414327e-01 2.1061393343e-01
      vertex -6.3906859695e-02 1.7137549774e-01 2.3779476878e-01
      vertex -2.4325888033e-02 1.8469260626e-01 2.3515291273e-01
    endloop
  endfacet
  facet normal -2.112210e-01 5.001420e-01 8.397879e-01
    outer loop
      vertex -7.7967573902e-02 1.3016656937e-01 2.5880054412e-01
      vertex -3.9360113644e-02 1.4533249262e-01 2.5947880076e-01
      vertex -6.3906859695e-02 1.7137549774e-01 2.3779476878e-01
    endloop
  endfacet
  facet normal -1.327925e-01 5.572841e-01 8.196344e-01
    outer loop
      vertex -2.4325888033e-02 1.8469260626e-01 2.3515291273e-01
      vertex -6.3906859695e-02 1.7137549774e-01 2.3779476878e-01
      vertex -3.9360113644e-02 1.4533249262e-01 2.5947880076e-01
    endloop
  endfacet
  facet normal -3.134218e-01 7.599989e-01 5.693580e-01
    outer loop
      vertex -9.2705098312e-02 2.4270509831e-01 1.5000000000e-01
      vertex -1.1152441034e-01 2.1213203436e-01 1.8045028650e-01
      vertex -7.1125897605e-02 2.2759569005e-01 1.8204754478e-01
    endloop
  endfacet
  facet normal -3.717435e-01 6.491008e-01 6.636828e-01
    outer loop
      vertex -1.2759762125e-01 1.7633557569e-01 2.0645728807e-01
      vertex -8.8801377773e-02 1.9422356816e-01 2.1069295402e-01
      vertex -1.1152441034e-01 2.1213203436e-01 1.8045028650e-01
    endloop
  endfacet
  facet normal -2.392192e-01 7.022584e-01 6.705276e-01
    outer loop
      vertex -4.8186610692e-02 2.0813414327e-01 2.1061393343e-01
      vertex -7.1125897605e-02 2.2759569005e-01 1.8204754478e-01
      vertex -8.8801377773e-02 1.9422356816e-01 2.1069295402e-01
    endloop
  endfacet
  facet normal -2.962101e-01 7.075762e-01 6.415571e-01
    outer loop
      vertex -1.1152441034e-01 2.1213203436e-01 1.8045028650e-01
      vertex -8.8801377773e-02 1.9422356816e-01 2.1069295402e-01
      vertex -7.1125897605e-02 2.2759569005e-01 1.8204754478e-01
    endloop
  endfacet
  facet normal -4.576217e-01 3.824786e-01 8.026783e-01
    outer loop
      vertex -1.5000000000e-01 9.2705098312e-02 2.4270509831e-01
      vertex -1.1508411981e-01 1.1251157024e-01 2.5317344239e-01
      vertex -1.4052895526e-01 1.3619714992e-01 2.2738062601e-01
    endloop
  endfacet
  facet normal -3.374572e-01 4.450681e-01 8.294800e-01
    outer loop
      vertex -7.7967573902e-02 1.3016656937e-01 2.5880054412e-01
      vertex -1.0384590444e-01 1.5483648602e-01 2.3503550951e-01
      vertex -1.1508411981e-01 1.1251157024e-01 2.5317344239e-01
    endloop
  endfacet
  facet normal -4.202079e-01 5.222192e-01 7.421000e-01
    outer loop
      vertex -1.2759762125e-01 1.7633557569e-01 2.0645728807e-01
      vertex -1.4052895526e-01 1.3619714992e-01 2.2738062601e-01
      vertex -1.0384590444e-01 1.5483648602e-01 2.3503550951e-01
    endloop
  endfacet
  facet normal -3.951751e-01 4.484825e-01 8.016858e-01
    outer loop
      vertex -1.1508411981e-01 1.1251157024e-01 2.5317344239e-01
      vertex -1.0384590444e-01 1.5483648602e-01 2.3503550951e-01
      vertex -1.4052895526e-01 1.3619714992e-01 2.2738062601e-01
    endloop
  endfacet
  facet normal -2.173281e-01 6.387266e-01 7.381036e-01
    outer loop
      vertex -4.8186610692e-02 2.0813414327e-01 2.1061393343e-01
      vertex -8.8801377773e-02 1.9422356816e-01 2.1069295402e-01
      vertex -6.3906859695e-02 1.7137549774e-01 2.3779476878e-01
    endloop
  endfacet
  facet normal -3.498255e-01 5.855635e-01 7.312575e-01
    outer loop
      vertex -1.2759762125e-01 1.7633557569e-01 2.0645728807e-01
      vertex -1.0384590444e-01 1.5483648602e-01 2.3503550951e-01
      vertex -8.8801377773e-02 1.9422356816e-01 2.1069295402e-01
    endloop
  endfacet
  facet normal -2.670988e-01 5.084250e-01 8.186344e-01
    outer loop
      vertex -7.7967573902e-02 1.3016656937e-01 2.5880054412e-01
      vertex -6.3906859695e-02 1.7137549774e-01 2.3779476878e-01
      vertex -1.0384590444e-01 1.5483648602e-01 2.3503550951e-01
    endloop
  endfacet
  facet normal -2.931085e-01 5.811538e-01 7.591756e-01
    outer loop
      vertex -8.8801377773e-02 1.9422356816e-01 2.1069295402e-01
      vertex -1.0384590444e-01 1.5483648602e-01 2.3503550951e-01
      vertex -6.3906859695e-02 1.7137549774e-01 2.3779476878e-01
    endloop
  endfacet
  facet normal -7.595136e-01 5.263422e-01 3.822343e-01
    outer loop
      vertex -2.4270509831e-01 1.5000000000e-01 9.2705098312e-02
      vertex -2.2738062601e-01 1.4052895526e-01 1.3619714992e-01
      vertex -2.1213203436e-01 1.8045028650e-01 1.1152441034e-01
    endloop
  endfacet
  facet normal -6.990111e-01 4.888946e-01 5.218865e-01
    outer loop
      vertex -2.0645728807e-01 1.2759762125e-01 1.7633557569e-01
      vertex -1.9397333754e-01 1.6927626353e-01 1.5401263237e-01
      vertex -2.2738062601e-01 1.4052895526e-01 1.3619714992e-01
    endloop
  endfacet
  facet normal -6.486873e-01 6.206439e-01 4.404610e-01
    outer loop
      vertex -1.7633557569e-01 2.0645728807e-01 1.2759762125e-01
      vertex -2.1213203436e-01 1.8045028650e-01 1.1152441034e-01
      vertex -1.9397333754e-01 1.6927626353e-01 1.5401263237e-01
    endloop
  endfacet
  facet normal -7.084426e-01 5.465636e-01 4.465169e-01
    outer loop
      vertex -2.2738062601e-01 1.4052895526e-01 1.3619714992e-01
      vertex -1.9397333754e-01 1.6927626353e-01 1.5401263237e-01
      vertex -2.1213203436e-01 1.8045028650e-01 1.1152441034e-01
    endloop
  endfacet
  facet normal -5.263422e-01 3.822343e-01 7.595136e-01
    outer loop
      vertex -1.5000000000e-01 9.2705098312e-02 2.4270509831e-01
      vertex -1.4052895526e-01 1.3619714992e-01 2.2738062601e-01
      vertex -1.8045028650e-01 1.1152441034e-01 2.1213203436e-01
    endloop
  endfacet
  facet normal -4.888946e-01 5.218865e-01 6.990111e-01
    outer loop
      vertex -1.2759762125e-01 1.7633557569e-01 2.0645728807e-01
      vertex -1.6927626353e-01 1.5401263237e-01 1.9397333754e-01
      vertex -1.4052895526e-01 1.3619714992e-01 2.2738062601e-01
    endloop
  endfacet
  facet normal -6.206439e-01 4.404610e-01 6.486873e-01
    outer loop
      vertex -2.0645728807e-01 1.2759762125e-01 1.7633557569e-01
      vertex -1.8045028650e-01 1.1152441034e-01 2.1213203436e-01
      vertex -1.6927626353e-01 1.5401263237e-01 1.9397333754e-01
    endloop
  endfacet
  facet normal -5.465636e-01 4.465169e-01 7.084426e-01
    outer loop
      vertex -1.4052895526e-01 1.3619714992e-01 2.2738062601e-01
      vertex -1.6927626353e-01 1.5401263237e-01 1.9397333754e-01
      vertex -1.8045028650e-01 1.1152441034e-01 2.1213203436e-01
    endloop
  endfacet
  facet normal -3.822343e-01 7.595136e-01 5.263422e-01
    outer loop
      vertex -9.2705098312e-02 2.4270509831e-01 1.5000000000e-01
      vertex -1.3619714992e-01 2.2738062601e-01 1.4052895526e-01
      vertex -1.1152441034e-01 2.1213203436e-01 1.8045028650e-01
    endloop
  endfacet
  facet normal -5.218865e-01 6.990111e-01 4.888946e-01
    outer loop
      vertex -1.7633557569e-01 2.0645728807e-01 1.2759762125e-01
      vertex -1.5401263237e-01 1.9397333754e-01 1.6927626353e-01
      vertex -1.3619714992e-01 2.2738062601e-01 1.4052895526e-01
    endloop
  endfacet
  facet normal -4.404610e-01 6.486873e-01 6.206439e-01
    outer loop
      vertex -1.2759762125e-01 1.7633557569e-01 2.0645728807e-01
      vertex -1.1152441034e-01 2.1213203436e-01 1.8045028650e-01
      vertex -1.5401263237e-01 1.9397333754e-01 1.6927626353e-01
    endloop
  endfacet
  facet normal -4.465169e-01 7.084426e-01 5.465636e-01
    outer loop
      vertex -1.3619714992e-01 2.2738062601e-01 1.4052895526e-01
      vertex -1.5401263237e-01 1.9397333754e-01 1.6927626353e-01
      vertex -1.1152441034e-01 2.1213203436e-01 1.8045028650e-01
    endloop
  endfacet
  facet normal -6.354715e-01 5.037511e-01 5.851588e-01
    outer loop
      vertex -2.0645728807e-01 1.2759762125e-01 1.7633557569e-01
      vertex -1.6927626353e-01 1.5401263237e-01 1.9397333754e-01
      vertex -1.9397333754e-01 1.6927626353e-01 1.5401263237e-01
    endloop
  endfacet
  facet normal -5.037511e-01 5.851588e-01 6.354715e-01
    outer loop
      vertex -1.2759762125e-01 1.7633557569e-01 2.0645728807e-01
      vertex -1.5401263237e-01 1.9397333754e-01 1.6927626353e-01
      vertex -1.6927626353e-01 1.5401263237e-01 1.9397333754e-01
    endloop
  endfacet
  facet normal -5.851588e-01 6.354715e-01 5.037511e-01
    outer loop
      vertex -1.7633557569e-01 2.0645728807e-01 1.2759762125e-01
      vertex -1.9397333754e-01 1.6927626353e-01 1.5401263237e-01
      vertex -1.5401263237e-01 1.9397333754e-01 1.6927626353e-01
    endloop
  endfacet
  facet normal -5.773503e-01 5.773503e-01 5.773503e-01
    outer loop
      vertex -1.6927626353e-01 1.5401263237e-01 1.9397333754e-01
      vertex -1.5401263237e-01 1.9397333754e-01 1.6927626353e-01
      vertex -1.9397333754e-01 1.6927626353e-01 1.5401263237e-01
    endloop
  endfacet
  facet normal -4.650712e-01 8.838505e-01 5.017104e-02
    outer loop
      vertex -1.5771933364e-01 2.5519524251e-01 0.0000000000e+00
      vertex -1.4533249262e-01 2.5947880076e-01 3.9360113644e-02
      vertex -1.2100660459e-01 2.7451302637e-01 0.0000000000e+00
    endloop
  endfacet
  facet normal -4.192398e-01 8.897882e-01 1.803191e-01
    outer loop
      vertex -1.3016656937e-01 2.5880054412e-01 7.7967573902e-02
      vertex -1.0746863805e-01 2.7729138018e-01 3.9496611406e-02
      vertex -1.4533249262e-01 2.5947880076e-01 3.9360113644e-02
    endloop
  endfacet
  facet normal -3.386983e-01 9.395655e-01 5.000027e-02
    outer loop
      vertex -8.1979958674e-02 2.8858150734e-01 0.0000000000e+00
      vertex -1.2100660459e-01 2.7451302637e-01 0.0000000000e+00
      vertex -1.0746863805e-01 2.7729138018e-01 3.9496611406e-02
    endloop
  endfacet
  facet normal -4.244916e-01 9.017047e-01 8.207030e-02
    outer loop
      vertex -1.4533249262e-01 2.5947880076e-01 3.9360113644e-02
      vertex -1.0746863805e-01 2.7729138018e-01 3.9496611406e-02
      vertex -1.2100660459e-01 2.7451302637e-01 0.0000000000e+00
    endloop
  endfacet
  facet normal -3.023772e-01 8.521837e-01 4.270257e-01
    outer loop
      vertex -9.2705098312e-02 2.4270509831e-01 1.5000000000e-01
      vertex -7.1603079096e-02 2.6730195726e-01 1.1585621568e-01
      vertex -1.1251157024e-01 2.5317344239e-01 1.1508411981e-01
    endloop
  endfacet
  facet normal -2.288929e-01 9.233856e-01 3.081672e-01
    outer loop
      vertex -4.8737954435e-02 2.8531695489e-01 7.8859666818e-02
      vertex -9.0377663728e-02 2.7487325256e-01 7.9224825198e-02
      vertex -7.1603079096e-02 2.6730195726e-01 1.1585621568e-01
    endloop
  endfacet
  facet normal -3.648012e-01 8.790876e-01 3.067980e-01
    outer loop
      vertex -1.3016656937e-01 2.5880054412e-01 7.7967573902e-02
      vertex -1.1251157024e-01 2.5317344239e-01 1.1508411981e-01
      vertex -9.0377663728e-02 2.7487325256e-01 7.9224825198e-02
    endloop
  endfacet
  facet normal -3.124011e-01 8.857887e-01 3.431966e-01
    outer loop
      vertex -7.1603079096e-02 2.6730195726e-01 1.1585621568e-01
      vertex -9.0377663728e-02 2.7487325256e-01 7.9224825198e-02
      vertex -1.1251157024e-01 2.5317344239e-01 1.1508411981e-01
    endloop
  endfacet
  facet normal -6.905681e-02 9.963836e-01 4.950537e-02
    outer loop
      vertex 0.0000000000e+00 3.0000000000e-01 0.0000000000e+00
      vertex -4.1385672638e-02 2.9713166459e-01 0.0000000000e+00
      vertex -2.4672739584e-02 2.9630650218e-01 3.9921331242e-02
    endloop
  endfacet
  facet normal -2.058489e-01 9.773256e-01 4.960764e-02
    outer loop
      vertex -8.1979958674e-02 2.8858150734e-01 0.0000000000e+00
      vertex -6.6035108242e-02 2.8991777922e-01 3.9837743048e-02
      vertex -4.1385672638e-02 2.9713166459e-01 0.0000000000e+00
    endloop
  endfacet
  facet normal -1.504758e-01 9.718501e-01 1.812856e-01
    outer loop
      vertex -4.8737954435e-02 2.8531695489e-01 7.8859666818e-02
      vertex -2.4672739584e-02 2.9630650218e-01 3.9921331242e-02
      vertex -6.6035108242e-02 2.8991777922e-01 3.9837743048e-02
    endloop
  endfacet
  facet normal -1.522724e-01 9.847537e-01 8.410292e-02
    outer loop
      vertex -4.1385672638e-02 2.9713166459e-01 0.0000000000e+00
      vertex -6.6035108242e-02 2.8991777922e-01 3.9837743048e-02
      vertex -2.4672739584e-02 2.9630650218e-01 3.9921331242e-02
    endloop
  endfacet
  facet normal -3.716277e-01 9.031797e-01 2.148469e-01
    outer loop
      vertex -1.3016656937e-01 2.5880054412e-01 7.7967573902e-02
      vertex -9.0377663728e-02 2.7487325256e-01 7.9224825198e-02
      vertex -1.0746863805e-01 2.7729138018e-01 3.9496611406e-02
    endloop
  endfacet
  facet normal -2.357379e-01 9.474616e-01 2.162041e-01
    outer loop
      vertex -4.8737954435e-02 2.8531695489e-01 7.8859666818e-02
      vertex -6.6035108242e-02 2.8991777922e-01 3.9837743048e-02
      vertex -9.0377663728e-02 2.7487325256e-01 7.9224825198e-02
    endloop
  endfacet
  facet normal -2.910970e-01 9.529505e-01 8.454536e-02
    outer loop
      vertex -8.1979958674e-02 2.8858150734e-01 0.0000000000e+00
      vertex -1.0746863805e-01 2.7729138018e-01 3.9496611406e-02
      vertex -6.6035108242e-02 2.8991777922e-01 3.9837743048e-02
    endloop
  endfacet
  facet normal -2.880454e-01 9.403266e-01 1.811510e-01
    outer loop
      vertex -9.0377663728e-02 2.7487325256e-01 7.9224825198e-02
      vertex -6.6035108242e-02 2.8991777922e-01 3.9837743048e-02
      vertex -1.0746863805e-01 2.7729138018e-01 3.9496611406e-02
    endloop
  endfacet
  facet normal 0.000000e+00 5.964207e-01 8.026720e-01
    outer loop
      vertex 0.0000000000e+00 1.5771933364e-01 2.5519524251e-01
      vertex 2.4325888033e-02 1.8469260626e-01 2.3515291273e-01
      vertex -2.4325888033e-02 1.8469260626e-01 2.3515291273e-01
    endloop
  endfacet
  facet normal 8.054149e-02 6.804611e-01 7.283445e-01
    outer loop
      vertex 4.8186610692e-02 2.0813414327e-01 2.1061393343e-01
      vertex 0.0000000000e+00 2.1087210915e-01 2.1338452049e-01
      vertex 2.4325888033e-02 1.8469260626e-01 2.3515291273e-01
    endloop
  endfacet
  facet normal -8.054149e-02 6.804611e-01 7.283445e-01
    outer loop
      vertex -4.8186610692e-02 2.0813414327e-01 2.1061393343e-01
      vertex -2.4325888033e-02 1.8469260626e-01 2.3515291273e-01
      vertex 0.0000000000e+00 2.1087210915e-01 2.1338452049e-01
    endloop
  endfacet
  facet normal 0.000000e+00 6.393544e-01 7.689122e-01
    outer loop
      vertex 2.4325888033e-02 1.8469260626e-01 2.3515291273e-01
      vertex 0.0000000000e+00 2.1087210915e-01 2.1338452049e-01
      vertex -2.4325888033e-02 1.8469260626e-01 2.3515291273e-01
    endloop
  endfacet
  facet normal 2.333204e-01 8.095043e-01 5.387620e-01
    outer loop
      vertex 9.2705098312e-02 2.4270509831e-01 1.5000000000e-01
      vertex 4.6930339512e-02 2.5205336560e-01 1.5577754692e-01
      vertex 7.1125897605e-02 2.2759569005e-01 1.8204754478e-01
    endloop
  endfacet
  facet normal 7.841715e-02 8.303865e-01 5.516422e-01
    outer loop
      vertex 0.0000000000e+00 2.5519524251e-01 1.5771933364e-01
      vertex 2.4342555486e-02 2.3406131121e-01 1.8607187478e-01
      vertex 4.6930339512e-02 2.5205336560e-01 1.5577754692e-01
    endloop
  endfacet
  facet normal 1.589524e-01 7.518660e-01 6.398684e-01
    outer loop
      vertex 4.8186610692e-02 2.0813414327e-01 2.1061393343e-01
      vertex 7.1125897605e-02 2.2759569005e-01 1.8204754478e-01
      vertex 2.4342555486e-02 2.3406131121e-01 1.8607187478e-01
    endloop
  endfacet
  facet normal 1.601287e-01 7.916792e-01 5.895786e-01
    outer loop
      vertex 4.6930339512e-02 2.5205336560e-01 1.5577754692e-01
      vertex 2.4342555486e-02 2.3406131121e-01 1.8607187478e-01
      vertex 7.1125897605e-02 2.2759569005e-01 1.8204754478e-01
    endloop
  endfacet
  facet normal -2.333204e-01 8.095043e-01 5.387620e-01
    outer loop
      vertex -9.2705098312e-02 2.4270509831e-01 1.5000000000e-01
      vertex -7.1125897605e-02 2.2759569005e-01 1.8204754478e-01
      vertex -4.6930339512e-02 2.5205336560e-01 1.5577754692e-01
    endloop
  endfacet
  facet normal -1.589524e-01 7.518660e-01 6.398684e-01
    outer loop
      vertex -4.8186610692e-02 2.0813414327e-01 2.1061393343e-01
      vertex -2.4342555486e-02 2.3406131121e-01 1.8607187478e-01
      vertex -7.1125897605e-02 2.2759569005e-01 1.8204754478e-01
    endloop
  endfacet
  facet normal -7.841715e-02 8.303865e-01 5.516422e-01
    outer loop
      vertex 0.0000000000e+00 2.5519524251e-01 1.5771933364e-01
      vertex -4.6930339512e-02 2.5205336560e-01 1.5577754692e-01
      vertex -2.4342555486e-02 2.3406131121e-01 1.8607187478e-01
    endloop
  endfacet
  facet normal -1.601287e-01 7.916792e-01 5.895786e-01
    outer loop
      vertex -7.1125897605e-02 2.2759569005e-01 1.8204754478e-01
      vertex -2.4342555486e-02 2.3406131121e-01 1.8607187478e-01
      vertex -4.6930339512e-02 2.5205336560e-01 1.5577754692e-01
    endloop
  endfacet
  facet normal 8.053079e-02 7.232719e-01 6.858517e-01
    outer loop
      vertex 4.8186610692e-02 2.0813414327e-01 2.1061393343e-01
      vertex 2.4342555486e-02 2.3406131121e-01 1.8607187478e-01
      vertex 0.0000000000e+00 2.1087210915e-01 2.1338452049e-01
    endloop
  endfacet
  facet normal 0.000000e+00 8.017675e-01 5.976360e-01
    outer loop
      vertex 0.0000000000e+00 2.5519524251e-01 1.5771933364e-01
      vertex -2.4342555486e-02 2.3406131121e-01 1.8607187478e-01
      vertex 2.4342555486e-02 2.3406131121e-01 1.8607187478e-01
    endloop
  endfacet
  facet normal -8.053079e-02 7.232719e-01 6.858517e-01
    outer loop
      vertex -4.8186610692e-02 2.0813414327e-01 2.1061393343e-01
      vertex 0.0000000000e+00 2.1087210915e-01 2.1338452049e-01
      vertex -2.4342555486e-02 2.3406131121e-01 1.8607187478e-01
    endloop
  endfacet
  facet normal 0.000000e+00 7.623048e-01 6.472182e-01
    outer loop
      vertex 2.4342555486e-02 2.3406131121e-01 1.8607187478e-01
      vertex -2.4342555486e-02 2.3406131121e-01 1.8607187478e-01
      vertex 0.0000000000e+00 2.1087210915e-01 2.1338452049e-01
    endloop
  endfacet
  facet normal 4.650712e-01 8.838505e-01 5.017104e-02
    outer loop
      vertex 1.5771933364e-01 2.5519524251e-01 0.0000000000e+00
      vertex 1.2100660459e-01 2.7451302637e-01 0.0000000000e+00
      vertex 1.4533249262e-01 2.5947880076e-01 3.9360113644e-02
    endloop
  endfacet
  facet normal 3.386983e-01 9.395655e-01 5.000027e-02
    outer loop
      vertex 8.1979958674e-02 2.8858150734e-01 0.0000000000e+00
      vertex 1.0746863805e-01 2.7729138018e-01 3.9496611406e-02
      vertex 1.2100660459e-01 2.7451302637e-01 0.0000000000e+00
    endloop
  endfacet
  facet normal 4.192398e-01 8.897882e-01 1.803191e-01
    outer loop
      vertex 1.3016656937e-01 2.5880054412e-01 7.7967573902e-02
      vertex 1.4533249262e-01 2.5947880076e-01 3.9360113644e-02
      vertex 1.0746863805e-01 2.7729138018e-01 3.9496611406e-02
    endloop
  endfacet
  facet normal 4.244916e-01 9.017047e-01 8.207030e-02
    outer loop
      vertex 1.2100660459e-01 2.7451302637e-01 0.0000000000e+00
      vertex 1.0746863805e-01 2.7729138018e-01 3.9496611406e-02
      vertex 1.4533249262e-01 2.5947880076e-01 3.9360113644e-02
    endloop
  endfacet
  facet normal 6.905681e-02 9.963836e-01 4.950537e-02
    outer loop
      vertex 0.0000000000e+00 3.0000000000e-01 0.0000000000e+00
      vertex 2.4672739584e-02 2.9630650218e-01 3.9921331242e-02
      vertex 4.1385672638e-02 2.9713166459e-01 0.0000000000e+00
    endloop
  endfacet
  facet normal 1.504758e-01 9.718501e-01 1.812856e-01
    outer loop
      vertex 4.8737954435e-02 2.8531695489e-01 7.8859666818e-02
      vertex 6.6035108242e-02 2.8991777922e-01 3.9837743048e-02
      vertex 2.4672739584e-02 2.9630650218e-01 3.9921331242e-02
    endloop
  endfacet
  facet normal 2.058489e-01 9.773256e-01 4.960764e-02
    outer loop
      vertex 8.1979958674e-02 2.8858150734e-01 0.0000000000e+00
      vertex 4.1385672638e-02 2.9713166459e-01 0.0000000000e+00
      vertex 6.6035108242e-02 2.8991777922e-01 3.9837743048e-02
    endloop
  endfacet
  facet normal 1.522724e-01 9.847537e-01 8.410292e-02
    outer loop
      vertex 2.4672739584e-02 2.9630650218e-01 3.9921331242e-02
      vertex 6.6035108242e-02 2.8991777922e-01 3.9837743048e-02
      vertex 4.1385672638e-02 2.9713166459e-01 0.0000000000e+00
    endloop
  endfacet
  facet normal 3.023772e-01 8.521837e-01 4.270257e-01
    outer loop
      vertex 9.2705098312e-02 2.4270509831e-01 1.5000000000e-01
      vertex 1.1251157024e-01 2.5317344239e-01 1.1508411981e-01
      vertex 7.1603079096e-02 2.6730195726e-01 1.1585621568e-01
    endloop
  endfacet
  facet normal 3.648012e-01 8.790876e-01 3.067980e-01
    outer loop
      vertex 1.3016656937e-01 2.5880054412e-01 7.7967573902e-02
      vertex 9.0377663728e-02 2.7487325256e-01 7.9224825198e-02
      vertex 1.1251157024e-01 2.5317344239e-01 1.1508411981e-01
    endloop
  endfacet
  facet normal 2.288929e-01 9.233856e-01 3.081672e-01
    outer loop
      vertex 4.8737954435e-02 2.8531695489e-01 7.8859666818e-02
      vertex 7.1603079096e-02 2.6730195726e-01 1.1585621568e-01
      vertex 9.0377663728e-02 2.7487325256e-01 7.9224825198e-02
    endloop
  endfacet
  facet normal 3.124011e-01 8.857887e-01 3.431966e-01
    outer loop
      vertex 1.1251157024e-01 2.5317344239e-01 1.1508411981e-01
      vertex 9.0377663728e-02 2.7487325256e-01 7.9224825198e-02
      vertex 7.1603079096e-02 2.6730195726e-01 1.1585621568e-01
    endloop
  endfacet
  facet normal 2.910970e-01 9.529505e-01 8.454536e-02
    outer loop
      vertex 8.1979958674e-02 2.8858150734e-01 0.0000000000e+00
      vertex 6.6035108242e-02 2.8991777922e-01 3.9837743048e-02
      vertex 1.0746863805e-01 2.7729138018e-01 3.9496611406e-02
    endloop
  endfacet
  facet normal 2.357379e-01 9.474616e-01 2.162041e-01
    outer loop
      vertex 4.8737954435e-02 2.8531695489e-01 7.8859666818e-02
      vertex 9.0377663728e-02 2.7487325256e-01 7.9224825198e-02
      vertex 6.6035108242e-02 2.8991777922e-01 3.9837743048e-02
    endloop
  endfacet
  facet normal 3.716277e-01 9.031797e-01 2.148469e-01
    outer loop
      vertex 1.3016656937e-01 2.5880054412e-01 7.7967573902e-02
      vertex 1.0746863805e-01 2.7729138018e-01 3.9496611406e-02
      vertex 9.0377663728e-02 2.7487325256e-01 7.9224825198e-02
    endloop
  endfacet
  facet normal 2.880454e-01 9.403266e-01 1.811510e-01
    outer loop
      vertex 6.6035108242e-02 2.8991777922e-01 3.9837743048e-02
      vertex 9.0377663728e-02 2.7487325256e-01 7.9224825198e-02
      vertex 1.0746863805e-01 2.7729138018e-01 3.9496611406e-02
    endloop
  endfacet
  facet normal -2.331714e-01 8.516395e-01 4.694052e-01
    outer loop
      vertex -9.2705098312e-02 2.4270509831e-01 1.5000000000e-01
      vertex -4.6930339512e-02 2.5205336560e-01 1.5577754692e-01
      vertex -7.1603079096e-02 2.6730195726e-01 1.1585621568e-01
    endloop
  endfacet
  facet normal -7.836719e-02 8.724736e-01 4.823363e-01
    outer loop
      vertex 0.0000000000e+00 2.5519524251e-01 1.5771933364e-01
      vertex -2.4697074010e-02 2.7389474788e-01 1.1988211551e-01
      vertex -4.6930339512e-02 2.5205336560e-01 1.5577754692e-01
    endloop
  endfacet
  facet normal -1.597927e-01 9.227974e-01 3.505871e-01
    outer loop
      vertex -4.8737954435e-02 2.8531695489e-01 7.8859666818e-02
      vertex -7.1603079096e-02 2.6730195726e-01 1.1585621568e-01
      vertex -2.4697074010e-02 2.7389474788e-01 1.1988211551e-01
    endloop
  endfacet
  facet normal -1.618790e-01 8.843585e-01 4.378416e-01
    outer loop
      vertex -4.6930339512e-02 2.5205336560e-01 1.5577754692e-01
      vertex -2.4697074010e-02 2.7389474788e-01 1.1988211551e-01
      vertex -7.1603079096e-02 2.6730195726e-01 1.1585621568e-01
    endloop
  endfacet
  facet normal 2.331714e-01 8.516395e-01 4.694052e-01
    outer loop
      vertex 9.2705098312e-02 2.4270509831e-01 1.5000000000e-01
      vertex 7.1603079096e-02 2.6730195726e-01 1.1585621568e-01
      vertex 4.6930339512e-02 2.5205336560e-01 1.5577754692e-01
    endloop
  endfacet
  facet normal 1.597927e-01 9.227974e-01 3.505871e-01
    outer loop
      vertex 4.8737954435e-02 2.8531695489e-01 7.8859666818e-02
      vertex 2.4697074010e-02 2.7389474788e-01 1.1988211551e-01
      vertex 7.1603079096e-02 2.6730195726e-01 1.1585621568e-01
    endloop
  endfacet
  facet normal 7.836719e-02 8.724736e-01 4.823363e-01
    outer loop
      vertex 0.0000000000e+00 2.5519524251e-01 1.5771933364e-01
      vertex 4.6930339512e-02 2.5205336560e-01 1.5577754692e-01
      vertex 2.4697074010e-02 2.7389474788e-01 1.1988211551e-01
    endloop
  endfacet
  facet normal 1.618790e-01 8.843585e-01 4.378416e-01
    outer loop
      vertex 7.1603079096e-02 2.6730195726e-01 1.1585621568e-01
      vertex 2.4697074010e-02 2.7389474788e-01 1.1988211551e-01
      vertex 4.6930339512e-02 2.5205336560e-01 1.5577754692e-01
    endloop
  endfacet
  facet normal 0.000000e+00 9.957474e-01 9.212595e-02
    outer loop
      vertex 0.0000000000e+00 3.0000000000e-01 0.0000000000e+00
      vertex -2.4672739584e-02 2.9630650218e-01 3.9921331242e-02
      vertex 2.4672739584e-02 2.9630650218e-01 3.9921331242e-02
    endloop
  endfacet
  facet normal -8.142553e-02 9.712310e-01 2.237863e-01
    outer loop
      vertex -4.8737954435e-02 2.8531695489e-01 7.8859666818e-02
      vertex 0.0000000000e+00 2.8915837904e-01 7.9921410340e-02
      vertex -2.4672739584e-02 2.9630650218e-01 3.9921331242e-02
    endloop
  endfacet
  facet normal 8.142553e-02 9.712310e-01 2.237863e-01
    outer loop
      vertex 4.8737954435e-02 2.8531695489e-01 7.8859666818e-02
      vertex 2.4672739584e-02 2.9630650218e-01 3.9921331242e-02
      vertex 0.0000000000e+00 2.8915837904e-01 7.9921410340e-02
    endloop
  endfacet
  facet normal -0.000000e+00 9.844052e-01 1.759159e-01
    outer loop
      vertex -2.4672739584e-02 2.9630650218e-01 3.9921331242e-02
      vertex 0.0000000000e+00 2.8915837904e-01 7.9921410340e-02
      vertex 2.4672739584e-02 2.9630650218e-01 3.9921331242e-02
    endloop
  endfacet
  facet normal 0.000000e+00 8.964941e-01 4.430557e-01
    outer loop
      vertex 0.0000000000e+00 2.5519524251e-01 1.5771933364e-01
      vertex 2.4697074010e-02 2.7389474788e-01 1.1988211551e-01
      vertex -2.4697074010e-02 2.7389474788e-01 1.1988211551e-01
    endloop
  endfacet
  facet normal 8.140770e-02 9.468068e-01 3.113353e-01
    outer loop
      vertex 4.8737954435e-02 2.8531695489e-01 7.8859666818e-02
      vertex 0.0000000000e+00 2.8915837904e-01 7.9921410340e-02
      vertex 2.4697074010e-02 2.7389474788e-01 1.1988211551e-01
    endloop
  endfacet
  facet normal -8.140770e-02 9.468068e-01 3.113353e-01
    outer loop
      vertex -4.8737954435e-02 2.8531695489e-01 7.8859666818e-02
      vertex -2.4697074010e-02 2.7389474788e-01 1.1988211551e-01
      vertex 0.0000000000e+00 2.8915837904e-01 7.9921410340e-02
    endloop
  endfacet
  facet normal 0.000000e+00 9.341724e-01 3.568221e-01
    outer loop
      vertex 2.4697074010e-02 2.7389474788e-01 1.1988211551e-01
      vertex 0.0000000000e+00 2.8915837904e-01 7.9921410340e-02
      vertex -2.4697074010e-02 2.7389474788e-01 1.1988211551e-01
    endloop
  endfacet
  facet normal -4.650712e-01 8.838505e-01 -5.017104e-02
    outer loop
      vertex -1.5771933364e-01 2.5519524251e-01 0.0000000000e+00
      vertex -1.2100660459e-01 2.7451302637e-01 0.0000000000e+00
      vertex -1.4533249262e-01 2.5947880076e-01 -3.9360113644e-02
    endloop
  endfacet
  facet normal -3.386983e-01 9.395655e-01 -5.000027e-02
    outer loop
      vertex -8.1979958674e-02 2.8858150734e-01 0.0000000000e+00
      vertex -1.0746863805e-01 2.7729138018e-01 -3.9496611406e-02
      vertex -1.2100660459e-01 2.7451302637e-01 0.0000000000e+00
    endloop
  endfacet
  facet normal -4.192398e-01 8.897882e-01 -1.803191e-01
    outer loop
      vertex -1.3016656937e-01 2.5880054412e-01 -7.7967573902e-02
      vertex -1.4533249262e-01 2.5947880076e-01 -3.9360113644e-02
      vertex -1.0746863805e-01 2.7729138018e-01 -3.9496611406e-02
    endloop
  endfacet
  facet normal -4.244916e-01 9.017047e-01 -8.207030e-02
    outer loop
      vertex -1.2100660459e-01 2.7451302637e-01 0.0000000000e+00
      vertex -1.0746863805e-01 2.7729138018e-01 -3.9496611406e-02
      vertex -1.4533249262e-01 2.5947880076e-01 -3.9360113644e-02
    endloop
  endfacet
  facet normal -6.905681e-02 9.963836e-01 -4.950537e-02
    outer loop
      vertex 0.0000000000e+00 3.0000000000e-01 0.0000000000e+00
      vertex -2.4672739584e-02 2.9630650218e-01 -3.9921331242e-02
      vertex -4.1385672638e-02 2.9713166459e-01 0.0000000000e+00
    endloop
  endfacet
  facet normal -1.504758e-01 9.718501e-01 -1.812856e-01
    outer loop
      vertex -4.8737954435e-02 2.8531695489e-01 -7.8859666818e-02
      vertex -6.6035108242e-02 2.8991777922e-01 -3.9837743048e-02
      vertex -2.4672739584e-02 2.9630650218e-01 -3.9921331242e-02
    endloop
  endfacet
  facet normal -2.058489e-01 9.773256e-01 -4.960764e-02
    outer loop
      vertex -8.1979958674e-02 2.8858150734e-01 0.0000000000e+00
      vertex -4.1385672638e-02 2.9713166459e-01 0.0000000000e+00
      vertex -6.6035108242e-02 2.8991777922e-01 -3.9837743048e-02
    endloop
  endfacet
  facet normal -1.522724e-01 9.847537e-01 -8.410292e-02
    outer loop
      vertex -2.4672739584e-02 2.9630650218e-01 -3.9921331242e-02
      vertex -6.6035108242e-02 2.8991777922e-01 -3.9837743048e-02
      vertex -4.1385672638e-02 2.9713166459e-01 0.0000000000e+00
    endloop
  endfacet
  facet normal -3.023772e-01 8.521837e-01 -4.270257e-01
    outer loop
      vertex -9.2705098312e-02 2.4270509831e-01 -1.5000000000e-01
      vertex -1.1251157024e-01 2.5317344239e-01 -1.1508411981e-01
      vertex -7.1603079096e-02 2.6730195726e-01 -1.1585621568e-01
    endloop
  endfacet
  facet normal -3.648012e-01 8.790876e-01 -3.067980e-01
    outer loop
      vertex -1.3016656937e-01 2.5880054412e-01 -7.7967573902e-02
      vertex -9.0377663728e-02 2.7487325256e-01 -7.9224825198e-02
      vertex -1.1251157024e-01 2.5317344239e-01 -1.1508411981e-01
    endloop
  endfacet
  facet normal -2.288929e-01 9.233856e-01 -3.081672e-01
    outer loop
      vertex -4.8737954435e-02 2.8531695489e-01 -7.8859666818e-02
      vertex -7.1603079096e-02 2.6730195726e-01 -1.1585621568e-01
      vertex -9.0377663728e-02 2.7487325256e-01 -7.9224825198e-02
    endloop
  endfacet
  facet normal -3.124011e-01 8.857887e-01 -3.431966e-01
    outer loop
      vertex -1.1251157024e-01 2.5317344239e-01 -1.1508411981e-01
      vertex -9.0377663728e-02 2.7487325256e-01 -7.9224825198e-02
      vertex -7.1603079096e-02 2.6730195726e-01 -1.1585621568e-01
    endloop
  endfacet
  facet normal -2.910970e-01 9.529505e-01 -8.454536e-02
    outer loop
      vertex -8.1979958674e-02 2.8858150734e-01 0.0000000000e+00
      vertex -6.6035108242e-02 2.8991777922e-01 -3.9837743048e-02
      vertex -1.0746863805e-01 2.7729138018e-01 -3.9496611406e-02
    endloop
  endfacet
  facet normal -2.357379e-01 9.474616e-01 -2.162041e-01
    outer loop
      vertex -4.8737954435e-02 2.8531695489e-01 -7.8859666818e-02
      vertex -9.0377663728e-02 2.7487325256e-01 -7.9224825198e-02
      vertex -6.6035108242e-02 2.8991777922e-01 -3.9837743048e-02
    endloop
  endfacet
  facet normal -3.716277e-01 9.031797e-01 -2.148469e-01
    outer loop
      vertex -1.3016656937e-01 2.5880054412e-01 -7.7967573902e-02
      vertex -1.0746863805e-01 2.7729138018e-01 -3.9496611406e-02
      vertex -9.0377663728e-02 2.7487325256e-01 -7.9224825198e-02
    endloop
  endfacet
  facet normal -2.880454e-01 9.403266e-01 -1.811510e-01
    outer loop
      vertex -6.6035108242e-02 2.8991777922e-01 -3.9837743048e-02
      vertex -9.0377663728e-02 2.7487325256e-01 -7.9224825198e-02
      vertex -1.0746863805e-01 2.7729138018e-01 -3.9496611406e-02
    endloop
  endfacet
  facet normal 4.650712e-01 8.838505e-01 -5.017104e-02
    outer loop
      vertex 1.5771933364e-01 2.5519524251e-01 0.0000000000e+00
      vertex 1.4533249262e-01 2.5947880076e-01 -3.9360113644e-02
      vertex 1.2100660459e-01 2.7451302637e-01 0.0000000000e+00
    endloop
  endfacet
  facet normal 4.192398e-01 8.897882e-01 -1.803191e-01
    outer loop
      vertex 1.3016656937e-01 2.5880054412e-01 -7.7967573902e-02
      vertex 1.0746863805e-01 2.7729138018e-01 -3.9496611406e-02
      vertex 1.4533249262e-01 2.5947880076e-01 -3.9360113644e-02
    endloop
  endfacet
  facet normal 3.386983e-01 9.395655e-01 -5.000027e-02
    outer loop
      vertex 8.1979958674e-02 2.8858150734e-01 0.0000000000e+00
      vertex 1.2100660459e-01 2.7451302637e-01 0.0000000000e+00
      vertex 1.0746863805e-01 2.7729138018e-01 -3.9496611406e-02
    endloop
  endfacet
  facet normal 4.244916e-01 9.017047e-01 -8.207030e-02
    outer loop
      vertex 1.4533249262e-01 2.5947880076e-01 -3.9360113644e-02
      vertex 1.0746863805e-01 2.7729138018e-01 -3.9496611406e-02
      vertex 1.2100660459e-01 2.7451302637e-01 0.0000000000e+00
    endloop
  endfacet
  facet normal 3.023772e-01 8.521837e-01 -4.270257e-01
    outer loop
      vertex 9.2705098312e-02 2.4270509831e-01 -1.5000000000e-01
      vertex 7.1603079096e-02 2.6730195726e-01 -1.1585621568e-01
      vertex 1.1251157024e-01 2.5317344239e-01 -1.1508411981e-01
    endloop
  endfacet
  facet normal 2.288929e-01 9.233856e-01 -3.081672e-01
    outer loop
      vertex 4.8737954435e-02 2.8531695489e-01 -7.8859666818e-02
      vertex 9.0377663728e-02 2.7487325256e-01 -7.9224825198e-02
      vertex 7.1603079096e-02 2.6730195726e-01 -1.1585621568e-01
    endloop
  endfacet
  facet normal 3.648012e-01 8.790876e-01 -3.067980e-01
    outer loop
      vertex 1.3016656937e-01 2.5880054412e-01 -7.7967573902e-02
      vertex 1.1251157024e-01 2.5317344239e-01 -1.1508411981e-01
      vertex 9.0377663728e-02 2.7487325256e-01 -7.9224825198e-02
    endloop
  endfacet
  facet normal 3.124011e-01 8.857887e-01 -3.431966e-01
    outer loop
      vertex 7.1603079096e-02 2.6730195726e-01 -1.1585621568e-01
      vertex 9.0377663728e-02 2.7487325256e-01 -7.9224825198e-02
      vertex 1.1251157024e-01 2.5317344239e-01 -1.1508411981e-01
    endloop
  endfacet
  facet normal 6.905681e-02 9.963836e-01 -4.950537e-02
    outer loop
      vertex 0.0000000000e+00 3.0000000000e-01 0.0000000000e+00
      vertex 4.1385672638e-02 2.9713166459e-01 0.0000000000e+00
      vertex 2.4672739584e-02 2.9630650218e-01 -3.9921331242e-02
    endloop
  endfacet
  facet normal 2.058489e-01 9.773256e-01 -4.960764e-02
    outer loop
      vertex 8.1979958674e-02 2.8858150734e-01 0.0000000000e+00
      vertex 6.6035108242e-02 2.8991777922e-01 -3.9837743048e-02
      vertex 4.1385672638e-02 2.9713166459e-01 0.0000000000e+00
    endloop
  endfacet
  facet normal 1.504758e-01 9.718501e-01 -1.812856e-01
    outer loop
      vertex 4.8737954435e-02 2.8531695489e-01 -7.8859666818e-02
      vertex 2.4672739584e-02 2.9630650218e-01 -3.9921331242e-02
      vertex 6.6035108242e-02 2.8991777922e-01 -3.9837743048e-02
    endloop
  endfacet
  facet normal 1.522724e-01 9.847537e-01 -8.410292e-02
    outer loop
      vertex 4.1385672638e-02 2.9713166459e-01 0.0000000000e+00
      vertex 6.6035108242e-02 2.8991777922e-01 -3.9837743048e-02
      vertex 2.4672739584e-02 2.9630650218e-01 -3.9921331242e-02
    endloop
  endfacet
  facet normal 3.716277e-01 9.031797e-01 -2.148469e-01
    outer loop
      vertex 1.3016656937e-01 2.5880054412e-01 -7.7967573902e-02
      vertex 9.0377663728e-02 2.7487325256e-01 -7.9224825198e-02
      vertex 1.0746863805e-01 2.7729138018e-01 -3.9496611406e-02
    endloop
  endfacet
  facet normal 2.357379e-01 9.474616e-01 -2.162041e-01
    outer loop
      vertex 4.8737954435e-02 2.8531695489e-01 -7.8859666818e-02
      vertex 6.6035108242e-02 2.8991777922e-01 -3.9837743048e-02
      vertex 9.0377663728e-02 2.7487325256e-01 -7.9224825198e-02
    endloop
  endfacet
  facet normal 2.910970e-01 9.529505e-01 -8.454536e-02
    outer loop
      vertex 8.1979958674e-02 2.8858150734e-01 0.0000000000e+00
      vertex 1.0746863805e-01 2.7729138018e-01 -3.9496611406e-02
      vertex 6.6035108242e-02 2.8991777922e-01 -3.9837743048e-02
    endloop
  endfacet
  facet normal 2.880454e-01 9.403266e-01 -1.811510e-01
    outer loop
      vertex 9.0377663728e-02 2.7487325256e-01 -7.9224825198e-02
      vertex 6.6035108242e-02 2.8991777922e-01 -3.9837743048e-02
      vertex 1.0746863805e-01 2.7729138018e-01 -3.9496611406e-02
    endloop
  endfacet
  facet normal 0.000000e+00 5.964207e-01 -8.026720e-01
    outer loop
      vertex 0.0000000000e+00 1.5771933364e-01 -2.5519524251e-01
      vertex -2.4325888033e-02 1.8469260626e-01 -2.3515291273e-01
      vertex 2.4325888033e-02 1.8469260626e-01 -2.3515291273e-01
    endloop
  endfacet
  facet normal -8.054149e-02 6.804611e-01 -7.283445e-01
    outer loop
      vertex -4.8186610692e-02 2.0813414327e-01 -2.1061393343e-01
      vertex 0.0000000000e+00 2.1087210915e-01 -2.1338452049e-01
      vertex -2.4325888033e-02 1.8469260626e-01 -2.3515291273e-01
    endloop
  endfacet
  facet normal 8.054149e-02 6.804611e-01 -7.283445e-01
    outer loop
      vertex 4.8186610692e-02 2.0813414327e-01 -2.1061393343e-01
      vertex 2.4325888033e-02 1.8469260626e-01 -2.3515291273e-01
      vertex 0.0000000000e+00 2.1087210915e-01 -2.1338452049e-01
    endloop
  endfacet
  facet normal 0.000000e+00 6.393544e-01 -7.689122e-01
    outer loop
      vertex -2.4325888033e-02 1.8469260626e-01 -2.3515291273e-01
      vertex 0.0000000000e+00 2.1087210915e-01 -2.1338452049e-01
      vertex 2.4325888033e-02 1.8469260626e-01 -2.3515291273e-01
    endloop
  endfacet
  facet normal -2.333204e-01 8.095043e-01 -5.387620e-01
    outer loop
      vertex -9.2705098312e-02 2.4270509831e-01 -1.5000000000e-01
      vertex -4.6930339512e-02 2.5205336560e-01 -1.5577754692e-01
      vertex -7.1125897605e-02 2.2759569005e-01 -1.8204754478e-01
    endloop
  endfacet
  facet normal -7.841715e-02 8.303865e-01 -5.516422e-01
    outer loop
      vertex 0.0000000000e+00 2.5519524251e-01 -1.5771933364e-01
      vertex -2.4342555486e-02 2.3406131121e-01 -1.8607187478e-01
      vertex -4.6930339512e-02 2.5205336560e-01 -1.5577754692e-01
    endloop
  endfacet
  facet normal -1.589524e-01 7.518660e-01 -6.398684e-01
    outer loop
      vertex -4.8186610692e-02 2.0813414327e-01 -2.1061393343e-01
      vertex -7.1125897605e-02 2.2759569005e-01 -1.8204754478e-01
      vertex -2.4342555486e-02 2.3406131121e-01 -1.8607187478e-01
    endloop
  endfacet
  facet normal -1.601287e-01 7.916792e-01 -5.895786e-01
    outer loop
      vertex -4.6930339512e-02 2.5205336560e-01 -1.5577754692e-01
      vertex -2.4342555486e-02 2.3406131121e-01 -1.8607187478e-01
      vertex -7.1125897605e-02 2.2759569005e-01 -1.8204754478e-01
    endloop
  endfacet
  facet normal 2.333204e-01 8.095043e-01 -5.387620e-01
    outer loop
      vertex 9.2705098312e-02 2.4270509831e-01 -1.5000000000e-01
      vertex 7.1125897605e-02 2.2759569005e-01 -1.8204754478e-01
      vertex 4.6930339512e-02 2.5205336560e-01 -1.5577754692e-01
    endloop
  endfacet
  facet normal 1.589524e-01 7.518660e-01 -6.398684e-01
    outer loop
      vertex 4.8186610692e-02 2.0813414327e-01 -2.1061393343e-01
      vertex 2.4342555486e-02 2.3406131121e-01 -1.8607187478e-01
      vertex 7.1125897605e-02 2.2759569005e-01 -1.8204754478e-01
    endloop
  endfacet
  facet normal 7.841715e-02 8.303865e-01 -5.516422e-01
    outer loop
      vertex 0.0000000000e+00 2.5519524251e-01 -1.5771933364e-01
      vertex 4.6930339512e-02 2.5205336560e-01 -1.5577754692e-01
      vertex 2.4342555486e-02 2.3406131121e-01 -1.8607187478e-01
    endloop
  endfacet
  facet normal 1.601287e-01 7.916792e-01 -5.895786e-01
    outer loop
      vertex 7.1125897605e-02 2.2759569005e-01 -1.8204754478e-01
      vertex 2.4342555486e-02 2.3406131121e-01 -1.8607187478e-01
      vertex 4.6930339512e-02 2.5205336560e-01 -1.5577754692e-01
    endloop
  endfacet
  facet normal -8.053079e-02 7.232719e-01 -6.858517e-01
    outer loop
      vertex -4.8186610692e-02 2.0813414327e-01 -2.1061393343e-01
      vertex -2.4342555486e-02 2.3406131121e-01 -1.8607187478e-01
      vertex 0.0000000000e+00 2.1087210915e-01 -2.1338452049e-01
    endloop
  endfacet
  facet normal 0.000000e+00 8.017675e-01 -5.976360e-01
    outer loop
      vertex 0.0000000000e+00 2.5519524251e-01 -1.5771933364e-01
      vertex 2.4342555486e-02 2.3406131121e-01 -1.8607187478e-01
      vertex -2.4342555486e-02 2.3406131121e-01 -1.8607187478e-01
    endloop
  endfacet
  facet normal 8.053079e-02 7.232719e-01 -6.858517e-01
    outer loop
      vertex 4.8186610692e-02 2.0813414327e-01 -2.1061393343e-01
      vertex 0.0000000000e+00 2.1087210915e-01 -2.1338452049e-01
      vertex 2.4342555486e-02 2.3406131121e-01 -1.8607187478e-01
    endloop
  endfacet
  facet normal 0.000000e+00 7.623048e-01 -6.472182e-01
    outer loop
      vertex -2.4342555486e-02 2.3406131121e-01 -1.8607187478e-01
      vertex 2.4342555486e-02 2.3406131121e-01 -1.8607187478e-01
      vertex 0.0000000000e+00 2.1087210915e-01 -2.1338452049e-01
    endloop
  endfacet
  facet normal 0.000000e+00 9.957474e-01 -9.212595e-02
    outer loop
      vertex 0.0000000000e+00 3.0000000000e-01 0.0000000000e+00
      vertex 2.4672739584e-02 2.9630650218e-01 -3.9921331242e-02
      vertex -2.4672739584e-02 2.9630650218e-01 -3.9921331242e-02
    endloop
  endfacet
  facet normal 8.142553e-02 9.712310e-01 -2.237863e-01
    outer loop
      vertex 4.8737954435e-02 2.8531695489e-01 -7.8859666818e-02
      vertex 0.0000000000e+00 2.8915837904e-01 -7.9921410340e-02
      vertex 2.4672739584e-02 2.9630650218e-01 -3.9921331242e-02
    endloop
  endfacet
  facet normal -8.142553e-02 9.712310e-01 -2.237863e-01
    outer loop
      vertex -4.8737954435e-02 2.8531695489e-01 -7.8859666818e-02
      vertex -2.4672739584e-02 2.9630650218e-01 -3.9921331242e-02
      vertex 0.0000000000e+00 2.8915837904e-01 -7.9921410340e-02
    endloop
  endfacet
  facet normal 0.000000e+00 9.844052e-01 -1.759159e-01
    outer loop
      vertex 2.4672739584e-02 2.9630650218e-01 -3.9921331242e-02
      vertex 0.0000000000e+00 2.8915837904e-01 -7.9921410340e-02
      vertex -2.4672739584e-02 2.9630650218e-01 -3.9921331242e-02
    endloop
  endfacet
  facet normal 2.331714e-01 8.516395e-01 -4.694052e-01
    outer loop
      vertex 9.2705098312e-02 2.4270509831e-01 -1.5000000000e-01
      vertex 4.6930339512e-02 2.5205336560e-01 -1.5577754692e-01
      vertex 7.1603079096e-02 2.6730195726e-01 -1.1585621568e-01
    endloop
  endfacet
  facet normal 7.836719e-02 8.724736e-01 -4.823363e-01
    outer loop
      vertex 0.0000000000e+00 2.5519524251e-01 -1.5771933364e-01
      vertex 2.4697074010e-02 2.7389474788e-01 -1.1988211551e-01
      vertex 4.6930339512e-02 2.5205336560e-01 -1.5577754692e-01
    endloop
  endfacet
  facet normal 1.597927e-01 9.227974e-01 -3.505871e-01
    outer loop
      vertex 4.8737954435e-02 2.8531695489e-01 -7.8859666818e-02
      vertex 7.1603079096e-02 2.6730195726e-01 -1.1585621568e-01
      vertex 2.4697074010e-02 2.7389474788e-01 -1.1988211551e-01
    endloop
  endfacet
  facet normal 1.618790e-01 8.843585e-01 -4.378416e-01
    outer loop
      vertex 4.6930339512e-02 2.5205336560e-01 -1.5577754692e-01
      vertex 2.4697074010e-02 2.7389474788e-01 -1.1988211551e-01
      vertex 7.1603079096e-02 2.6730195726e-01 -1.1585621568e-01
    endloop
  endfacet
  facet normal -2.331714e-01 8.516395e-01 -4.694052e-01
    outer loop
      vertex -9.2705098312e-02 2.4270509831e-01 -1.5000000000e-01
      vertex -7.1603079096e-02 2.6730195726e-01 -1.1585621568e-01
      vertex -4.6930339512e-02 2.5205336560e-01 -1.5577754692e-01
    endloop
  endfacet
  facet normal -1.597927e-01 9.227974e-01 -3.505871e-01
    outer loop
      vertex -4.8737954435e-02 2.8531695489e-01 -7.8859666818e-02
      vertex -2.4697074010e-02 2.7389474788e-01 -1.1988211551e-01
      vertex -7.1603079096e-02 2.6730195726e-01 -1.1585621568e-01
    endloop
  endfacet
  facet normal -7.836719e-02 8.724736e-01 -4.823363e-01
    outer loop
      vertex 0.0000000000e+00 2.5519524251e-01 -1.5771933364e-01
      vertex -4.6930339512e-02 2.5205336560e-01 -1.5577754692e-01
      vertex -2.4697074010e-02 2.7389474788e-01 -1.1988211551e-01
    endloop
  endfacet
  facet normal -1.618790e-01 8.843585e-01 -4.378416e-01
    outer loop
      vertex -7.1603079096e-02 2.6730195726e-01 -1.1585621568e-01
      vertex -2.4697074010e-02 2.7389474788e-01 -1.1988211551e-01
      vertex -4.6930339512e-02 2.5205336560e-01 -1.5577754692e-01
    endloop
  endfacet
  facet normal 8.140770e-02 9.468068e-01 -3.113353e-01
    outer loop
      vertex 4.8737954435e-02 2.8531695489e-01 -7.8859666818e-02
      vertex 2.4697074010e-02 2.7389474788e-01 -1.1988211551e-01
      vertex 0.0000000000e+00 2.8915837904e-01 -7.9921410340e-02
    endloop
  endfacet
  facet normal 0.000000e+00 8.964941e-01 -4.430557e-01
    outer loop
      vertex 0.0000000000e+00 2.5519524251e-01 -1.5771933364e-01
      vertex -2.4697074010e-02 2.7389474788e-01 -1.1988211551e-01
      vertex 2.4697074010e-02 2.7389474788e-01 -1.1988211551e-01
    endloop
  endfacet
  facet normal -8.140770e-02 9.468068e-01 -3.113353e-01
    outer loop
      vertex -4.8737954435e-02 2.8531695489e-01 -7.8859666818e-02
      vertex 0.0000000000e+00 2.8915837904e-01 -7.9921410340e-02
      vertex -2.4697074010e-02 2.7389474788e-01 -1.1988211551e-01
    endloop
  endfacet
  facet normal 0.000000e+00 9.341724e-01 -3.568221e-01
    outer loop
      vertex 2.4697074010e-02 2.7389474788e-01 -1.1988211551e-01
      vertex -2.4697074010e-02 2.7389474788e-01 -1.1988211551e-01
      vertex 0.0000000000e+00 2.8915837904e-01 -7.9921410340e-02
    endloop
  endfacet
  facet normal -5.462496e-01 8.336794e-01 -8.117845e-02
    outer loop
      vertex -1.5771933364e-01 2.5519524251e-01 0.0000000000e+00
      vertex -1.4533249262e-01 2.5947880076e-01 -3.9360113644e-02
      vertex -1.8469260626e-01 2.3515291273e-01 -2.4325888033e-02
    endloop
  endfacet
  facet normal -5.001420e-01 8.397879e-01 -2.112210e-01
    outer loop
      vertex -1.3016656937e-01 2.5880054412e-01 -7.7967573902e-02
      vertex -1.7137549774e-01 2.3779476878e-01 -6.3906859695e-02
      vertex -1.4533249262e-01 2.5947880076e-01 -3.9360113644e-02
    endloop
  endfacet
  facet normal -6.304608e-01 7.592464e-01 -1.614436e-01
    outer loop
      vertex -2.0813414327e-01 2.1061393343e-01 -4.8186610692e-02
      vertex -1.8469260626e-01 2.3515291273e-01 -2.4325888033e-02
      vertex -1.7137549774e-01 2.3779476878e-01 -6.3906859695e-02
    endloop
  endfacet
  facet normal -5.572841e-01 8.196344e-01 -1.327925e-01
    outer loop
      vertex -1.4533249262e-01 2.5947880076e-01 -3.9360113644e-02
      vertex -1.7137549774e-01 2.3779476878e-01 -6.3906859695e-02
      vertex -1.8469260626e-01 2.3515291273e-01 -2.4325888033e-02
    endloop
  endfacet
  facet normal -3.824786e-01 8.026783e-01 -4.576217e-01
    outer loop
      vertex -9.2705098312e-02 2.4270509831e-01 -1.5000000000e-01
      vertex -1.3619714992e-01 2.2738062601e-01 -1.4052895526e-01
      vertex -1.1251157024e-01 2.5317344239e-01 -1.1508411981e-01
    endloop
  endfacet
  facet normal -5.222192e-01 7.421000e-01 -4.202079e-01
    outer loop
      vertex -1.7633557569e-01 2.0645728807e-01 -1.2759762125e-01
      vertex -1.5483648602e-01 2.3503550951e-01 -1.0384590444e-01
      vertex -1.3619714992e-01 2.2738062601e-01 -1.4052895526e-01
    endloop
  endfacet
  facet normal -4.450681e-01 8.294800e-01 -3.374572e-01
    outer loop
      vertex -1.3016656937e-01 2.5880054412e-01 -7.7967573902e-02
      vertex -1.1251157024e-01 2.5317344239e-01 -1.1508411981e-01
      vertex -1.5483648602e-01 2.3503550951e-01 -1.0384590444e-01
    endloop
  endfacet
  facet normal -4.484825e-01 8.016858e-01 -3.951751e-01
    outer loop
      vertex -1.3619714992e-01 2.2738062601e-01 -1.4052895526e-01
      vertex -1.5483648602e-01 2.3503550951e-01 -1.0384590444e-01
      vertex -1.1251157024e-01 2.5317344239e-01 -1.1508411981e-01
    endloop
  endfacet
  facet normal -7.599989e-01 5.693580e-01 -3.134218e-01
    outer loop
      vertex -2.4270509831e-01 1.5000000000e-01 -9.2705098312e-02
      vertex -2.2759569005e-01 1.8204754478e-01 -7.1125897605e-02
      vertex -2.1213203436e-01 1.8045028650e-01 -1.1152441034e-01
    endloop
  endfacet
  facet normal -7.022584e-01 6.705276e-01 -2.392192e-01
    outer loop
      vertex -2.0813414327e-01 2.1061393343e-01 -4.8186610692e-02
      vertex -1.9422356816e-01 2.1069295402e-01 -8.8801377773e-02
      vertex -2.2759569005e-01 1.8204754478e-01 -7.1125897605e-02
    endloop
  endfacet
  facet normal -6.491008e-01 6.636828e-01 -3.717435e-01
    outer loop
      vertex -1.7633557569e-01 2.0645728807e-01 -1.2759762125e-01
      vertex -2.1213203436e-01 1.8045028650e-01 -1.1152441034e-01
      vertex -1.9422356816e-01 2.1069295402e-01 -8.8801377773e-02
    endloop
  endfacet
  facet normal -7.075762e-01 6.415571e-01 -2.962101e-01
    outer loop
      vertex -2.2759569005e-01 1.8204754478e-01 -7.1125897605e-02
      vertex -1.9422356816e-01 2.1069295402e-01 -8.8801377773e-02
      vertex -2.1213203436e-01 1.8045028650e-01 -1.1152441034e-01
    endloop
  endfacet
  facet normal -5.084250e-01 8.186344e-01 -2.670988e-01
    outer loop
      vertex -1.3016656937e-01 2.5880054412e-01 -7.7967573902e-02
      vertex -1.5483648602e-01 2.3503550951e-01 -1.0384590444e-01
      vertex -1.7137549774e-01 2.3779476878e-01 -6.3906859695e-02
    endloop
  endfacet
  facet normal -5.855635e-01 7.312575e-01 -3.498255e-01
    outer loop
      vertex -1.7633557569e-01 2.0645728807e-01 -1.2759762125e-01
      vertex -1.9422356816e-01 2.1069295402e-01 -8.8801377773e-02
      vertex -1.5483648602e-01 2.3503550951e-01 -1.0384590444e-01
    endloop
  endfacet
  facet normal -6.387266e-01 7.381036e-01 -2.173281e-01
    outer loop
      vertex -2.0813414327e-01 2.1061393343e-01 -4.8186610692e-02
      vertex -1.7137549774e-01 2.3779476878e-01 -6.3906859695e-02
      vertex -1.9422356816e-01 2.1069295402e-01 -8.8801377773e-02
    endloop
  endfacet
  facet normal -5.811538e-01 7.591756e-01 -2.931085e-01
    outer loop
      vertex -1.5483648602e-01 2.3503550951e-01 -1.0384590444e-01
      vertex -1.9422356816e-01 2.1069295402e-01 -8.8801377773e-02
      vertex -1.7137549774e-01 2.3779476878e-01 -6.3906859695e-02
    endloop
  endfacet
  facet normal -8.117845e-02 5.462496e-01 -8.336794e-01
    outer loop
      vertex 0.0000000000e+00 1.5771933364e-01 -2.5519524251e-01
      vertex -3.9360113644e-02 1.4533249262e-01 -2.5947880076e-01
      vertex -2.4325888033e-02 1.8469260626e-01 -2.3515291273e-01
    endloop
  endfacet
  facet normal -2.112210e-01 5.001420e-01 -8.397879e-01
    outer loop
      vertex -7.7967573902e-02 1.3016656937e-01 -2.5880054412e-01
      vertex -6.3906859695e-02 1.7137549774e-01 -2.3779476878e-01
      vertex -3.9360113644e-02 1.4533249262e-01 -2.5947880076e-01
    endloop
  endfacet
  facet normal -1.614436e-01 6.304608e-01 -7.592464e-01
    outer loop
      vertex -4.8186610692e-02 2.0813414327e-01 -2.1061393343e-01
      vertex -2.4325888033e-02 1.8469260626e-01 -2.3515291273e-01
      vertex -6.3906859695e-02 1.7137549774e-01 -2.3779476878e-01
    endloop
  endfacet
  facet normal -1.327925e-01 5.572841e-01 -8.196344e-01
    outer loop
      vertex -3.9360113644e-02 1.4533249262e-01 -2.5947880076e-01
      vertex -6.3906859695e-02 1.7137549774e-01 -2.3779476878e-01
      vertex -2.4325888033e-02 1.8469260626e-01 -2.3515291273e-01
    endloop
  endfacet
  facet normal -4.576217e-01 3.824786e-01 -8.026783e-01
    outer loop
      vertex -1.5000000000e-01 9.2705098312e-02 -2.4270509831e-01
      vertex -1.4052895526e-01 1.3619714992e-01 -2.2738062601e-01
      vertex -1.1508411981e-01 1.1251157024e-01 -2.5317344239e-01
    endloop
  endfacet
  facet normal -4.202079e-01 5.222192e-01 -7.421000e-01
    outer loop
      vertex -1.2759762125e-01 1.7633557569e-01 -2.0645728807e-01
      vertex -1.0384590444e-01 1.5483648602e-01 -2.3503550951e-01
      vertex -1.4052895526e-01 1.3619714992e-01 -2.2738062601e-01
    endloop
  endfacet
  facet normal -3.374572e-01 4.450681e-01 -8.294800e-01
    outer loop
      vertex -7.7967573902e-02 1.3016656937e-01 -2.5880054412e-01
      vertex -1.1508411981e-01 1.1251157024e-01 -2.5317344239e-01
      vertex -1.0384590444e-01 1.5483648602e-01 -2.3503550951e-01
    endloop
  endfacet
  facet normal -3.951751e-01 4.484825e-01 -8.016858e-01
    outer loop
      vertex -1.4052895526e-01 1.3619714992e-01 -2.2738062601e-01
      vertex -1.0384590444e-01 1.5483648602e-01 -2.3503550951e-01
      vertex -1.1508411981e-01 1.1251157024e-01 -2.5317344239e-01
    endloop
  endfacet
  facet normal -3.134218e-01 7.599989e-01 -5.693580e-01
    outer loop
      vertex -9.2705098312e-02 2.4270509831e-01 -1.5000000000e-01
      vertex -7.1125897605e-02 2.2759569005e-01 -1.8204754478e-01
      vertex -1.1152441034e-01 2.1213203436e-01 -1.8045028650e-01
    endloop
  endfacet
  facet normal -2.392192e-01 7.022584e-01 -6.705276e-01
    outer loop
      vertex -4.8186610692e-02 2.0813414327e-01 -2.1061393343e-01
      vertex -8.8801377773e-02 1.9422356816e-01 -2.1069295402e-01
      vertex -7.1125897605e-02 2.2759569005e-01 -1.8204754478e-01
    endloop
  endfacet
  facet normal -3.717435e-01 6.491008e-01 -6.636828e-01
    outer loop
      vertex -1.2759762125e-01 1.7633557569e-01 -2.0645728807e-01
      vertex -1.1152441034e-01 2.1213203436e-01 -1.8045028650e-01
      vertex -8.8801377773e-02 1.9422356816e-01 -2.1069295402e-01
    endloop
  endfacet
  facet normal -2.962101e-01 7.075762e-01 -6.415571e-01
    outer loop
      vertex -7.1125897605e-02 2.2759569005e-01 -1.8204754478e-01
      vertex -8.8801377773e-02 1.9422356816e-01 -2.1069295402e-01
      vertex -1.1152441034e-01 2.1213203436e-01 -1.8045028650e-01
    endloop
  endfacet
  facet normal -2.670988e-01 5.084250e-01 -8.186344e-01
    outer loop
      vertex -7.7967573902e-02 1.3016656937e-01 -2.5880054412e-01
      vertex -1.0384590444e-01 1.5483648602e-01 -2.3503550951e-01
      vertex -6.3906859695e-02 1.7137549774e-01 -2.3779476878e-01
    endloop
  endfacet
  facet normal -3.498255e-01 5.855635e-01 -7.312575e-01
    outer loop
      vertex -1.2759762125e-01 1.7633557569e-01 -2.0645728807e-01
      vertex -8.8801377773e-02 1.9422356816e-01 -2.1069295402e-01
      vertex -1.0384590444e-01 1.5483648602e-01 -2.3503550951e-01
    endloop
  endfacet
  facet normal -2.173281e-01 6.387266e-01 -7.381036e-01
    outer loop
      vertex -4.8186610692e-02 2.0813414327e-01 -2.1061393343e-01
      vertex -6.3906859695e-02 1.7137549774e-01 -2.3779476878e-01
      vertex -8.8801377773e-02 1.9422356816e-01 -2.1069295402e-01
    endloop
  endfacet
  facet normal -2.931085e-01 5.811538e-01 -7.591756e-01
    outer loop
      vertex -1.0384590444e-01 1.5483648602e-01 -2.3503550951e-01
      vertex -8.8801377773e-02 1.9422356816e-01 -2.1069295402e-01
      vertex -6.3906859695e-02 1.7137549774e-01 -2.3779476878e-01
    endloop
  endfacet
  facet normal -8.336794e-01 8.117845e-02 -5.462496e-01
    outer loop
      vertex -2.5519524251e-01 0.0000000000e+00 -1.5771933364e-01
      vertex -2.5947880076e-01 3.9360113644e-02 -1.4533249262e-01
      vertex -2.3515291273e-01 2.4325888033e-02 -1.8469260626e-01
    endloop
  endfacet
  facet normal -8.397879e-01 2.112210e-01 -5.001420e-01
    outer loop
      vertex -2.5880054412e-01 7.7967573902e-02 -1.3016656937e-01
      vertex -2.3779476878e-01 6.3906859695e-02 -1.7137549774e-01
      vertex -2.5947880076e-01 3.9360113644e-02 -1.4533249262e-01
    endloop
  endfacet
  facet normal -7.592464e-01 1.614436e-01 -6.304608e-01
    outer loop
      vertex -2.1061393343e-01 4.8186610692e-02 -2.0813414327e-01
      vertex -2.3515291273e-01 2.4325888033e-02 -1.8469260626e-01
      vertex -2.3779476878e-01 6.3906859695e-02 -1.7137549774e-01
    endloop
  endfacet
  facet normal -8.196344e-01 1.327925e-01 -5.572841e-01
    outer loop
      vertex -2.5947880076e-01 3.9360113644e-02 -1.4533249262e-01
      vertex -2.3779476878e-01 6.3906859695e-02 -1.7137549774e-01
      vertex -2.3515291273e-01 2.4325888033e-02 -1.8469260626e-01
    endloop
  endfacet
  facet normal -8.026783e-01 4.576217e-01 -3.824786e-01
    outer loop
      vertex -2.4270509831e-01 1.5000000000e-01 -9.2705098312e-02
      vertex -2.2738062601e-01 1.4052895526e-01 -1.3619714992e-01
      vertex -2.5317344239e-01 1.1508411981e-01 -1.1251157024e-01
    endloop
  endfacet
  facet normal -7.421000e-01 4.202079e-01 -5.222192e-01
    outer loop
      vertex -2.0645728807e-01 1.2759762125e-01 -1.7633557569e-01
      vertex -2.3503550951e-01 1.0384590444e-01 -1.5483648602e-01
      vertex -2.2738062601e-01 1.4052895526e-01 -1.3619714992e-01
    endloop
  endfacet
  facet normal -8.294800e-01 3.374572e-01 -4.450681e-01
    outer loop
      vertex -2.5880054412e-01 7.7967573902e-02 -1.3016656937e-01
      vertex -2.5317344239e-01 1.1508411981e-01 -1.1251157024e-01
      vertex -2.3503550951e-01 1.0384590444e-01 -1.5483648602e-01
    endloop
  endfacet
  facet normal -8.016858e-01 3.951751e-01 -4.484825e-01
    outer loop
      vertex -2.2738062601e-01 1.4052895526e-01 -1.3619714992e-01
      vertex -2.3503550951e-01 1.0384590444e-01 -1.5483648602e-01
      vertex -2.5317344239e-01 1.1508411981e-01 -1.1251157024e-01
    endloop
  endfacet
  facet normal -5.693580e-01 3.134218e-01 -7.599989e-01
    outer loop
      vertex -1.5000000000e-01 9.2705098312e-02 -2.4270509831e-01
      vertex -1.8204754478e-01 7.1125897605e-02 -2.2759569005e-01
      vertex -1.8045028650e-01 1.1152441034e-01 -2.1213203436e-01
    endloop
  endfacet
  facet normal -6.705276e-01 2.392192e-01 -7.022584e-01
    outer loop
      vertex -2.1061393343e-01 4.8186610692e-02 -2.0813414327e-01
      vertex -2.1069295402e-01 8.8801377773e-02 -1.9422356816e-01
      vertex -1.8204754478e-01 7.1125897605e-02 -2.2759569005e-01
    endloop
  endfacet
  facet normal -6.636828e-01 3.717435e-01 -6.491008e-01
    outer loop
      vertex -2.0645728807e-01 1.2759762125e-01 -1.7633557569e-01
      vertex -1.8045028650e-01 1.1152441034e-01 -2.1213203436e-01
      vertex -2.1069295402e-01 8.8801377773e-02 -1.9422356816e-01
    endloop
  endfacet
  facet normal -6.415571e-01 2.962101e-01 -7.075762e-01
    outer loop
      vertex -1.8204754478e-01 7.1125897605e-02 -2.2759569005e-01
      vertex -2.1069295402e-01 8.8801377773e-02 -1.9422356816e-01
      vertex -1.8045028650e-01 1.1152441034e-01 -2.1213203436e-01
    endloop
  endfacet
  facet normal -8.186344e-01 2.670988e-01 -5.084250e-01
    outer loop
      vertex -2.5880054412e-01 7.7967573902e-02 -1.3016656937e-01
      vertex -2.3503550951e-01 1.0384590444e-01 -1.5483648602e-01
      vertex -2.3779476878e-01 6.3906859695e-02 -1.7137549774e-01
    endloop
  endfacet
  facet normal -7.312575e-01 3.498255e-01 -5.855635e-01
    outer loop
      vertex -2.0645728807e-01 1.2759762125e-01 -1.7633557569e-01
      vertex -2.1069295402e-01 8.8801377773e-02 -1.9422356816e-01
      vertex -2.3503550951e-01 1.0384590444e-01 -1.5483648602e-01
    endloop
  endfacet
  facet normal -7.381036e-01 2.173281e-01 -6.387266e-01
    outer loop
      vertex -2.1061393343e-01 4.8186610692e-02 -2.0813414327e-01
      vertex -2.3779476878e-01 6.3906859695e-02 -1.7137549774e-01
      vertex -2.1069295402e-01 8.8801377773e-02 -1.9422356816e-01
    endloop
  endfacet
  facet normal -7.591756e-01 2.931085e-01 -5.811538e-01
    outer loop
      vertex -2.3503550951e-01 1.0384590444e-01 -1.5483648602e-01
      vertex -2.1069295402e-01 8.8801377773e-02 -1.9422356816e-01
      vertex -2.3779476878e-01 6.3906859695e-02 -1.7137549774e-01
    endloop
  endfacet
  facet normal -3.822343e-01 7.595136e-01 -5.263422e-01
    outer loop
      vertex -9.2705098312e-02 2.4270509831e-01 -1.5000000000e-01
      vertex -1.1152441034e-01 2.1213203436e-01 -1.8045028650e-01
      vertex -1.3619714992e-01 2.2738062601e-01 -1.4052895526e-01
    endloop
  endfacet
  facet normal -4.404610e-01 6.486873e-01 -6.206439e-01
    outer loop
      vertex -1.2759762125e-01 1.7633557569e-01 -2.0645728807e-01
      vertex -1.5401263237e-01 1.9397333754e-01 -1.6927626353e-01
      vertex -1.1152441034e-01 2.1213203436e-01 -1.8045028650e-01
    endloop
  endfacet
  facet normal -5.218865e-01 6.990111e-01 -4.888946e-01
    outer loop
      vertex -1.7633557569e-01 2.0645728807e-01 -1.2759762125e-01
      vertex -1.3619714992e-01 2.2738062601e-01 -1.4052895526e-01
      vertex -1.5401263237e-01 1.9397333754e-01 -1.6927626353e-01
    endloop
  endfacet
  facet normal -4.465169e-01 7.084426e-01 -5.465636e-01
    outer loop
      vertex -1.1152441034e-01 2.1213203436e-01 -1.8045028650e-01
      vertex -1.5401263237e-01 1.9397333754e-01 -1.6927626353e-01
      vertex -1.3619714992e-01 2.2738062601e-01 -1.4052895526e-01
    endloop
  endfacet
  facet normal -5.263422e-01 3.822343e-01 -7.595136e-01
    outer loop
      vertex -1.5000000000e-01 9.2705098312e-02 -2.4270509831e-01
      vertex -1.8045028650e-01 1.1152441034e-01 -2.1213203436e-01
      vertex -1.4052895526e-01 1.3619714992e-01 -2.2738062601e-01
    endloop
  endfacet
  facet normal -6.206439e-01 4.404610e-01 -6.486873e-01
    outer loop
      vertex -2.0645728807e-01 1.2759762125e-01 -1.7633557569e-01
      vertex -1.6927626353e-01 1.5401263237e-01 -1.9397333754e-01
      vertex -1.8045028650e-01 1.1152441034e-01 -2.1213203436e-01
    endloop
  endfacet
  facet normal -4.888946e-01 5.218865e-01 -6.990111e-01
    outer loop
      vertex -1.2759762125e-01 1.7633557569e-01 -2.0645728807e-01
      vertex -1.4052895526e-01 1.3619714992e-01 -2.2738062601e-01
      vertex -1.6927626353e-01 1.5401263237e-01 -1.9397333754e-01
    endloop
  endfacet
  facet normal -5.465636e-01 4.465169e-01 -7.084426e-01
    outer loop
      vertex -1.8045028650e-01 1.1152441034e-01 -2.1213203436e-01
      vertex -1.6927626353e-01 1.5401263237e-01 -1.9397333754e-01
      vertex -1.4052895526e-01 1.3619714992e-01 -2.2738062601e-01
    endloop
  endfacet
  facet normal -7.595136e-01 5.263422e-01 -3.822343e-01
    outer loop
      vertex -2.4270509831e-01 1.5000000000e-01 -9.2705098312e-02
      vertex -2.1213203436e-01 1.8045028650e-01 -1.1152441034e-01
      vertex -2.2738062601e-01 1.4052895526e-01 -1.3619714992e-01
    endloop
  endfacet
  facet normal -6.486873e-01 6.206439e-01 -4.404610e-01
    outer loop
      vertex -1.7633557569e-01 2.0645728807e-01 -1.2759762125e-01
      vertex -1.9397333754e-01 1.6927626353e-01 -1.5401263237e-01
      vertex -2.1213203436e-01 1.8045028650e-01 -1.1152441034e-01
    endloop
  endfacet
  facet normal -6.990111e-01 4.888946e-01 -5.218865e-01
    outer loop
      vertex -2.0645728807e-01 1.2759762125e-01 -1.7633557569e-01
      vertex -2.2738062601e-01 1.4052895526e-01 -1.3619714992e-01
      vertex -1.9397333754e-01 1.6927626353e-01 -1.5401263237e-01
    endloop
  endfacet
  facet normal -7.084426e-01 5.465636e-01 -4.465169e-01
    outer loop
      vertex -2.1213203436e-01 1.8045028650e-01 -1.1152441034e-01
      vertex -1.9397333754e-01 1.6927626353e-01 -1.5401263237e-01
      vertex -2.2738062601e-01 1.4052895526e-01 -1.3619714992e-01
    endloop
  endfacet
  facet normal -5.037511e-01 5.851588e-01 -6.354715e-01
    outer loop
      vertex -1.2759762125e-01 1.7633557569e-01 -2.0645728807e-01
      vertex -1.6927626353e-01 1.5401263237e-01 -1.9397333754e-01
      vertex -1.5401263237e-01 1.9397333754e-01 -1.6927626353e-01
    endloop
  endfacet
  facet normal -6.354715e-01 5.037511e-01 -5.851588e-01
    outer loop
      vertex -2.0645728807e-01 1.2759762125e-01 -1.7633557569e-01
      vertex -1.9397333754e-01 1.6927626353e-01 -1.5401263237e-01
      vertex -1.6927626353e-01 1.5401263237e-01 -1.9397333754e-01
    endloop
  endfacet
  facet normal -5.851588e-01 6.354715e-01 -5.037511e-01
    outer loop
      vertex -1.7633557569e-01 2.0645728807e-01 -1.2759762125e-01
      vertex -1.5401263237e-01 1.9397333754e-01 -1.6927626353e-01
      vertex -1.9397333754e-01 1.6927626353e-01 -1.5401263237e-01
    endloop
  endfacet
  facet normal -5.773503e-01 5.773503e-01 -5.773503e-01
    outer loop
      vertex -1.6927626353e-01 1.5401263237e-01 -1.9397333754e-01
      vertex -1.9397333754e-01 1.6927626353e-01 -1.5401263237e-01
      vertex -1.5401263237e-01 1.9397333754e-01 -1.6927626353e-01
    endloop
  endfacet
  facet normal -5.964207e-01 8.026720e-01 0.000000e+00
    outer loop
      vertex -1.5771933364e-01 2.5519524251e-01 0.0000000000e+00
      vertex -1.8469260626e-01 2.3515291273e-01 -2.4325888033e-02
      vertex -1.8469260626e-01 2.3515291273e-01 2.4325888033e-02
    endloop
  endfacet
  facet normal -6.804611e-01 7.283445e-01 -8.054149e-02
    outer loop
      vertex -2.0813414327e-01 2.1061393343e-01 -4.8186610692e-02
      vertex -2.1087210915e-01 2.1338452049e-01 0.0000000000e+00
      vertex -1.8469260626e-01 2.3515291273e-01 -2.4325888033e-02
    endloop
  endfacet
  facet normal -6.804611e-01 7.283445e-01 8.054149e-02
    outer loop
      vertex -2.0813414327e-01 2.1061393343e-01 4.8186610692e-02
      vertex -1.8469260626e-01 2.3515291273e-01 2.4325888033e-02
      vertex -2.1087210915e-01 2.1338452049e-01 0.0000000000e+00
    endloop
  endfacet
  facet normal -6.393544e-01 7.689122e-01 0.000000e+00
    outer loop
      vertex -1.8469260626e-01 2.3515291273e-01 -2.4325888033e-02
      vertex -2.1087210915e-01 2.1338452049e-01 0.0000000000e+00
      vertex -1.8469260626e-01 2.3515291273e-01 2.4325888033e-02
    endloop
  endfacet
  facet normal -8.095043e-01 5.387620e-01 -2.333204e-01
    outer loop
      vertex -2.4270509831e-01 1.5000000000e-01 -9.2705098312e-02
      vertex -2.5205336560e-01 1.5577754692e-01 -4.6930339512e-02
      vertex -2.2759569005e-01 1.8204754478e-01 -7.1125897605e-02
    endloop
  endfacet
  facet normal -8.303865e-01 5.516422e-01 -7.841715e-02
    outer loop
      vertex -2.5519524251e-01 1.5771933364e-01 0.0000000000e+00
      vertex -2.3406131121e-01 1.8607187478e-01 -2.4342555486e-02
      vertex -2.5205336560e-01 1.5577754692e-01 -4.6930339512e-02
    endloop
  endfacet
  facet normal -7.518660e-01 6.398684e-01 -1.589524e-01
    outer loop
      vertex -2.0813414327e-01 2.1061393343e-01 -4.8186610692e-02
      vertex -2.2759569005e-01 1.8204754478e-01 -7.1125897605e-02
      vertex -2.3406131121e-01 1.8607187478e-01 -2.4342555486e-02
    endloop
  endfacet
  facet normal -7.916792e-01 5.895786e-01 -1.601287e-01
    outer loop
      vertex -2.5205336560e-01 1.5577754692e-01 -4.6930339512e-02
      vertex -2.3406131121e-01 1.8607187478e-01 -2.4342555486e-02
      vertex -2.2759569005e-01 1.8204754478e-01 -7.1125897605e-02
    endloop
  endfacet
  facet normal -8.095043e-01 5.387620e-01 2.333204e-01
    outer loop
      vertex -2.4270509831e-01 1.5000000000e-01 9.2705098312e-02
      vertex -2.2759569005e-01 1.8204754478e-01 7.1125897605e-02
      vertex -2.5205336560e-01 1.5577754692e-01 4.6930339512e-02
    endloop
  endfacet
  facet normal -7.518660e-01 6.398684e-01 1.589524e-01
    outer loop
      vertex -2.0813414327e-01 2.1061393343e-01 4.8186610692e-02
      vertex -2.3406131121e-01 1.8607187478e-01 2.4342555486e-02
      vertex -2.2759569005e-01 1.8204754478e-01 7.1125897605e-02
    endloop
  endfacet
  facet normal -8.303865e-01 5.516422e-01 7.841715e-02
    outer loop
      vertex -2.5519524251e-01 1.5771933364e-01 0.0000000000e+00
      vertex -2.5205336560e-01 1.5577754692e-01 4.6930339512e-02
      vertex -2.3406131121e-01 1.8607187478e-01 2.4342555486e-02
    endloop
  endfacet
  facet normal -7.916792e-01 5.895786e-01 1.601287e-01
    outer loop
      vertex -2.2759569005e-01 1.8204754478e-01 7.1125897605e-02
      vertex -2.3406131121e-01 1.8607187478e-01 2.4342555486e-02
      vertex -2.5205336560e-01 1.5577754692e-01 4.6930339512e-02
    endloop
  endfacet
  facet normal -7.232719e-01 6.858517e-01 -8.053079e-02
    outer loop
      vertex -2.0813414327e-01 2.1061393343e-01 -4.8186610692e-02
      vertex -2.3406131121e-01 1.8607187478e-01 -2.4342555486e-02
      vertex -2.1087210915e-01 2.1338452049e-01 0.0000000000e+00
    endloop
  endfacet
  facet normal -8.017675e-01 5.976360e-01 0.000000e+00
    outer loop
      vertex -2.5519524251e-01 1.5771933364e-01 0.0000000000e+00
      vertex -2.3406131121e-01 1.8607187478e-01 2.4342555486e-02
      vertex -2.3406131121e-01 1.8607187478e-01 -2.4342555486e-02
    endloop
  endfacet
  facet normal -7.232719e-01 6.858517e-01 8.053079e-02
    outer loop
      vertex -2.0813414327e-01 2.1061393343e-01 4.8186610692e-02
      vertex -2.1087210915e-01 2.1338452049e-01 0.0000000000e+00
      vertex -2.3406131121e-01 1.8607187478e-01 2.4342555486e-02
    endloop
  endfacet
  facet normal -7.623048e-01 6.472182e-01 0.000000e+00
    outer loop
      vertex -2.3406131121e-01 1.8607187478e-01 -2.4342555486e-02
      vertex -2.3406131121e-01 1.8607187478e-01 2.4342555486e-02
      vertex -2.1087210915e-01 2.1338452049e-01 0.0000000000e+00
    endloop
  endfacet
  facet normal -8.838505e-01 5.017104e-02 -4.650712e-01
    outer loop
      vertex -2.5519524251e-01 0.0000000000e+00 -1.5771933364e-01
      vertex -2.7451302637e-01 0.0000000000e+00 -1.2100660459e-01
      vertex -2.5947880076e-01 3.9360113644e-02 -1.4533249262e-01
    endloop
  endfacet
  facet normal -9.395655e-01 5.000027e-02 -3.386983e-01
    outer loop
      vertex -2.8858150734e-01 0.0000000000e+00 -8.1979958674e-02
      vertex -2.7729138018e-01 3.9496611406e-02 -1.0746863805e-01
      vertex -2.7451302637e-01 0.0000000000e+00 -1.2100660459e-01
    endloop
  endfacet
  facet normal -8.897882e-01 1.803191e-01 -4.192398e-01
    outer loop
      vertex -2.5880054412e-01 7.7967573902e-02 -1.3016656937e-01
      vertex -2.5947880076e-01 3.9360113644e-02 -1.4533249262e-01
      vertex -2.7729138018e-01 3.9496611406e-02 -1.0746863805e-01
    endloop
  endfacet
  facet normal -9.017047e-01 8.207030e-02 -4.244916e-01
    outer loop
      vertex -2.7451302637e-01 0.0000000000e+00 -1.2100660459e-01
      vertex -2.7729138018e-01 3.9496611406e-02 -1.0746863805e-01
      vertex -2.5947880076e-01 3.9360113644e-02 -1.4533249262e-01
    endloop
  endfacet
  facet normal -9.963836e-01 4.950537e-02 -6.905681e-02
    outer loop
      vertex -3.0000000000e-01 0.0000000000e+00 0.0000000000e+00
      vertex -2.9630650218e-01 3.9921331242e-02 -2.4672739584e-02
      vertex -2.9713166459e-01 0.0000000000e+00 -4.1385672638e-02
    endloop
  endfacet
  facet normal -9.718501e-01 1.812856e-01 -1.504758e-01
    outer loop
      vertex -2.8531695489e-01 7.8859666818e-02 -4.8737954435e-02
      vertex -2.8991777922e-01 3.9837743048e-02 -6.6035108242e-02
      vertex -2.9630650218e-01 3.9921331242e-02 -2.4672739584e-02
    endloop
  endfacet
  facet normal -9.773256e-01 4.960764e-02 -2.058489e-01
    outer loop
      vertex -2.8858150734e-01 0.0000000000e+00 -8.1979958674e-02
      vertex -2.9713166459e-01 0.0000000000e+00 -4.1385672638e-02
      vertex -2.8991777922e-01 3.9837743048e-02 -6.6035108242e-02
    endloop
  endfacet
  facet normal -9.847537e-01 8.410292e-02 -1.522724e-01
    outer loop
      vertex -2.9630650218e-01 3.9921331242e-02 -2.4672739584e-02
      vertex -2.8991777922e-01 3.9837743048e-02 -6.6035108242e-02
      vertex -2.9713166459e-01 0.0000000000e+00 -4.1385672638e-02
    endloop
  endfacet
  facet normal -8.521837e-01 4.270257e-01 -3.023772e-01
    outer loop
      vertex -2.4270509831e-01 1.5000000000e-01 -9.2705098312e-02
      vertex -2.5317344239e-01 1.1508411981e-01 -1.1251157024e-01
      vertex -2.6730195726e-01 1.1585621568e-01 -7.1603079096e-02
    endloop
  endfacet
  facet normal -8.790876e-01 3.067980e-01 -3.648012e-01
    outer loop
      vertex -2.5880054412e-01 7.7967573902e-02 -1.3016656937e-01
      vertex -2.7487325256e-01 7.9224825198e-02 -9.0377663728e-02
      vertex -2.5317344239e-01 1.1508411981e-01 -1.1251157024e-01
    endloop
  endfacet
  facet normal -9.233856e-01 3.081672e-01 -2.288929e-01
    outer loop
      vertex -2.8531695489e-01 7.8859666818e-02 -4.8737954435e-02
      vertex -2.6730195726e-01 1.1585621568e-01 -7.1603079096e-02
      vertex -2.7487325256e-01 7.9224825198e-02 -9.0377663728e-02
    endloop
  endfacet
  facet normal -8.857887e-01 3.431966e-01 -3.124011e-01
    outer loop
      vertex -2.5317344239e-01 1.1508411981e-01 -1.1251157024e-01
      vertex -2.7487325256e-01 7.9224825198e-02 -9.0377663728e-02
      vertex -2.6730195726e-01 1.1585621568e-01 -7.1603079096e-02
    endloop
  endfacet
  facet normal -9.529505e-01 8.454536e-02 -2.910970e-01
    outer loop
      vertex -2.8858150734e-01 0.0000000000e+00 -8.1979958674e-02
      vertex -2.8991777922e-01 3.9837743048e-02 -6.6035108242e-02
      vertex -2.7729138018e-01 3.9496611406e-02 -1.0746863805e-01
    endloop
  endfacet
  facet normal -9.474616e-01 2.162041e-01 -2.357379e-01
    outer loop
      vertex -2.8531695489e-01 7.8859666818e-02 -4.8737954435e-02
      vertex -2.7487325256e-01 7.9224825198e-02 -9.0377663728e-02
      vertex -2.8991777922e-01 3.9837743048e-02 -6.6035108242e-02
    endloop
  endfacet
  facet normal -9.031797e-01 2.148469e-01 -3.716277e-01
    outer loop
      vertex -2.5880054412e-01 7.7967573902e-02 -1.3016656937e-01
      vertex -2.7729138018e-01 3.9496611406e-02 -1.0746863805e-01
      vertex -2.7487325256e-01 7.9224825198e-02 -9.0377663728e-02
    endloop
  endfacet
  facet normal -9.403266e-01 1.811510e-01 -2.880454e-01
    outer loop
      vertex -2.8991777922e-01 3.9837743048e-02 -6.6035108242e-02
      vertex -2.7487325256e-01 7.9224825198e-02 -9.0377663728e-02
      vertex -2.7729138018e-01 3.9496611406e-02 -1.0746863805e-01
    endloop
  endfacet
  facet normal -8.838505e-01 5.017104e-02 4.650712e-01
    outer loop
      vertex -2.5519524251e-01 0.0000000000e+00 1.5771933364e-01
      vertex -2.5947880076e-01 3.9360113644e-02 1.4533249262e-01
      vertex -2.7451302637e-01 0.0000000000e+00 1.2100660459e-01
    endloop
  endfacet
  facet normal -8.897882e-01 1.803191e-01 4.192398e-01
    outer loop
      vertex -2.5880054412e-01 7.7967573902e-02 1.3016656937e-01
      vertex -2.7729138018e-01 3.9496611406e-02 1.0746863805e-01
      vertex -2.5947880076e-01 3.9360113644e-02 1.4533249262e-01
    endloop
  endfacet
  facet normal -9.395655e-01 5.000027e-02 3.386983e-01
    outer loop
      vertex -2.8858150734e-01 0.0000000000e+00 8.1979958674e-02
      vertex -2.7451302637e-01 0.0000000000e+00 1.2100660459e-01
      vertex -2.7729138018e-01 3.9496611406e-02 1.0746863805e-01
    endloop
  endfacet
  facet normal -9.017047e-01 8.207030e-02 4.244916e-01
    outer loop
      vertex -2.5947880076e-01 3.9360113644e-02 1.4533249262e-01
      vertex -2.7729138018e-01 3.9496611406e-02 1.0746863805e-01
      vertex -2.7451302637e-01 0.0000000000e+00 1.2100660459e-01
    endloop
  endfacet
  facet normal -8.521837e-01 4.270257e-01 3.023772e-01
    outer loop
      vertex -2.4270509831e-01 1.5000000000e-01 9.2705098312e-02
      vertex -2.6730195726e-01 1.1585621568e-01 7.1603079096e-02
      vertex -2.5317344239e-01 1.1508411981e-01 1.1251157024e-01
    endloop
  endfacet
  facet normal -9.233856e-01 3.081672e-01 2.288929e-01
    outer loop
      vertex -2.8531695489e-01 7.8859666818e-02 4.8737954435e-02
      vertex -2.7487325256e-01 7.9224825198e-02 9.0377663728e-02
      vertex -2.6730195726e-01 1.1585621568e-01 7.1603079096e-02
    endloop
  endfacet
  facet normal -8.790876e-01 3.067980e-01 3.648012e-01
    outer loop
      vertex -2.5880054412e-01 7.7967573902e-02 1.3016656937e-01
      vertex -2.5317344239e-01 1.1508411981e-01 1.1251157024e-01
      vertex -2.7487325256e-01 7.9224825198e-02 9.0377663728e-02
    endloop
  endfacet
  facet normal -8.857887e-01 3.431966e-01 3.124011e-01
    outer loop
      vertex -2.6730195726e-01 1.1585621568e-01 7.1603079096e-02
      vertex -2.7487325256e-01 7.9224825198e-02 9.0377663728e-02
      vertex -2.5317344239e-01 1.1508411981e-01 1.1251157024e-01
    endloop
  endfacet
  facet normal -9.963836e-01 4.950537e-02 6.905681e-02
    outer loop
      vertex -3.0000000000e-01 0.0000000000e+00 0.0000000000e+00
      vertex -2.9713166459e-01 0.0000000000e+00 4.1385672638e-02
      vertex -2.9630650218e-01 3.9921331242e-02 2.4672739584e-02
    endloop
  endfacet
  facet normal -9.773256e-01 4.960764e-02 2.058489e-01
    outer loop
      vertex -2.8858150734e-01 0.0000000000e+00 8.1979958674e-02
      vertex -2.8991777922e-01 3.9837743048e-02 6.6035108242e-02
      vertex -2.9713166459e-01 0.0000000000e+00 4.1385672638e-02
    endloop
  endfacet
  facet normal -9.718501e-01 1.812856e-01 1.504758e-01
    outer loop
      vertex -2.8531695489e-01 7.8859666818e-02 4.8737954435e-02
      vertex -2.9630650218e-01 3.9921331242e-02 2.4672739584e-02
      vertex -2.8991777922e-01 3.9837743048e-02 6.6035108242e-02
    endloop
  endfacet
  facet normal -9.847537e-01 8.410292e-02 1.522724e-01
    outer loop
      vertex -2.9713166459e-01 0.0000000000e+00 4.1385672638e-02
      vertex -2.8991777922e-01 3.9837743048e-02 6.6035108242e-02
      vertex -2.9630650218e-01 3.9921331242e-02 2.4672739584e-02
    endloop
  endfacet
  facet normal -9.031797e-01 2.148469e-01 3.716277e-01
    outer loop
      vertex -2.5880054412e-01 7.7967573902e-02 1.3016656937e-01
      vertex -2.7487325256e-01 7.9224825198e-02 9.0377663728e-02
      vertex -2.7729138018e-01 3.9496611406e-02 1.0746863805e-01
    endloop
  endfacet
  facet normal -9.474616e-01 2.162041e-01 2.357379e-01
    outer loop
      vertex -2.8531695489e-01 7.8859666818e-02 4.8737954435e-02
      vertex -2.8991777922e-01 3.9837743048e-02 6.6035108242e-02
      vertex -2.7487325256e-01 7.9224825198e-02 9.0377663728e-02
    endloop
  endfacet
  facet normal -9.529505e-01 8.454536e-02 2.910970e-01
    outer loop
      vertex -2.8858150734e-01 0.0000000000e+00 8.1979958674e-02
      vertex -2.7729138018e-01 3.9496611406e-02 1.0746863805e-01
      vertex -2.8991777922e-01 3.9837743048e-02 6.6035108242e-02
    endloop
  endfacet
  facet normal -9.403266e-01 1.811510e-01 2.880454e-01
    outer loop
      vertex -2.7487325256e-01 7.9224825198e-02 9.0377663728e-02
      vertex -2.8991777922e-01 3.9837743048e-02 6.6035108242e-02
      vertex -2.7729138018e-01 3.9496611406e-02 1.0746863805e-01
    endloop
  endfacet
  facet normal -8.516395e-01 4.694052e-01 -2.331714e-01
    outer loop
      vertex -2.4270509831e-01 1.5000000000e-01 -9.2705098312e-02
      vertex -2.6730195726e-01 1.1585621568e-01 -7.1603079096e-02
      vertex -2.5205336560e-01 1.5577754692e-01 -4.6930339512e-02
    endloop
  endfacet
  facet normal -9.227974e-01 3.505871e-01 -1.597927e-01
    outer loop
      vertex -2.8531695489e-01 7.8859666818e-02 -4.8737954435e-02
      vertex -2.7389474788e-01 1.1988211551e-01 -2.4697074010e-02
      vertex -2.6730195726e-01 1.1585621568e-01 -7.1603079096e-02
    endloop
  endfacet
  facet normal -8.724736e-01 4.823363e-01 -7.836719e-02
    outer loop
      vertex -2.5519524251e-01 1.5771933364e-01 0.0000000000e+00
      vertex -2.5205336560e-01 1.5577754692e-01 -4.6930339512e-02
      vertex -2.7389474788e-01 1.1988211551e-01 -2.4697074010e-02
    endloop
  endfacet
  facet normal -8.843585e-01 4.378416e-01 -1.618790e-01
    outer loop
      vertex -2.6730195726e-01 1.1585621568e-01 -7.1603079096e-02
      vertex -2.7389474788e-01 1.1988211551e-01 -2.4697074010e-02
      vertex -2.5205336560e-01 1.5577754692e-01 -4.6930339512e-02
    endloop
  endfacet
  facet normal -9.957474e-01 9.212595e-02 0.000000e+00
    outer loop
      vertex -3.0000000000e-01 0.0000000000e+00 0.0000000000e+00
      vertex -2.9630650218e-01 3.9921331242e-02 2.4672739584e-02
      vertex -2.9630650218e-01 3.9921331242e-02 -2.4672739584e-02
    endloop
  endfacet
  facet normal -9.712310e-01 2.237863e-01 8.142553e-02
    outer loop
      vertex -2.8531695489e-01 7.8859666818e-02 4.8737954435e-02
      vertex -2.8915837904e-01 7.9921410340e-02 0.0000000000e+00
      vertex -2.9630650218e-01 3.9921331242e-02 2.4672739584e-02
    endloop
  endfacet
  facet normal -9.712310e-01 2.237863e-01 -8.142553e-02
    outer loop
      vertex -2.8531695489e-01 7.8859666818e-02 -4.8737954435e-02
      vertex -2.9630650218e-01 3.9921331242e-02 -2.4672739584e-02
      vertex -2.8915837904e-01 7.9921410340e-02 0.0000000000e+00
    endloop
  endfacet
  facet normal -9.844052e-01 1.759159e-01 0.000000e+00
    outer loop
      vertex -2.9630650218e-01 3.9921331242e-02 2.4672739584e-02
      vertex -2.8915837904e-01 7.9921410340e-02 0.0000000000e+00
      vertex -2.9630650218e-01 3.9921331242e-02 -2.4672739584e-02
    endloop
  endfacet
  facet normal -8.516395e-01 4.694052e-01 2.331714e-01
    outer loop
      vertex -2.4270509831e-01 1.5000000000e-01 9.2705098312e-02
      vertex -2.5205336560e-01 1.5577754692e-01 4.6930339512e-02
      vertex -2.6730195726e-01 1.1585621568e-01 7.1603079096e-02
    endloop
  endfacet
  facet normal -8.724736e-01 4.823363e-01 7.836719e-02
    outer loop
      vertex -2.5519524251e-01 1.5771933364e-01 0.0000000000e+00
      vertex -2.7389474788e-01 1.1988211551e-01 2.4697074010e-02
      vertex -2.5205336560e-01 1.5577754692e-01 4.6930339512e-02
    endloop
  endfacet
  facet normal -9.227974e-01 3.505871e-01 1.597927e-01
    outer loop
      vertex -2.8531695489e-01 7.8859666818e-02 4.8737954435e-02
      vertex -2.6730195726e-01 1.1585621568e-01 7.1603079096e-02
      vertex -2.7389474788e-01 1.1988211551e-01 2.4697074010e-02
    endloop
  endfacet
  facet normal -8.843585e-01 4.378416e-01 1.618790e-01
    outer loop
      vertex -2.5205336560e-01 1.5577754692e-01 4.6930339512e-02
      vertex -2.7389474788e-01 1.1988211551e-01 2.4697074010e-02
      vertex -2.6730195726e-01 1.1585621568e-01 7.1603079096e-02
    endloop
  endfacet
  facet normal -9.468068e-01 3.113353e-01 -8.140770e-02
    outer loop
      vertex -2.8531695489e-01 7.8859666818e-02 -4.8737954435e-02
      vertex -2.8915837904e-01 7.9921410340e-02 0.0000000000e+00
      vertex -2.7389474788e-01 1.1988211551e-01 -2.4697074010e-02
    endloop
  endfacet
  facet normal -9.468068e-01 3.113353e-01 8.140770e-02
    outer loop
      vertex -2.8531695489e-01 7.8859666818e-02 4.8737954435e-02
      vertex -2.7389474788e-01 1.1988211551e-01 2.4697074010e-02
      vertex -2.8915837904e-01 7.9921410340e-02 0.0000000000e+00
    endloop
  endfacet
  facet normal -8.964941e-01 4.430557e-01 0.000000e+00
    outer loop
      vertex -2.5519524251e-01 1.5771933364e-01 0.0000000000e+00
      vertex -2.7389474788e-01 1.1988211551e-01 -2.4697074010e-02
      vertex -2.7389474788e-01 1.1988211551e-01 2.4697074010e-02
    endloop
  endfacet
  facet normal -9.341724e-01 3.568221e-01 0.000000e+00
    outer loop
      vertex -2.8915837904e-01 7.9921410340e-02 0.0000000000e+00
      vertex -2.7389474788e-01 1.1988211551e-01 2.4697074010e-02
      vertex -2.7389474788e-01 1.1988211551e-01 -2.4697074010e-02
    endloop
  endfacet
  facet normal 5.462496e-01 8.336794e-01 8.117845e-02
    outer loop
      vertex 1.5771933364e-01 2.5519524251e-01 0.0000000000e+00
      vertex 1.4533249262e-01 2.5947880076e-01 3.9360113644e-02
      vertex 1.8469260626e-01 2.3515291273e-01 2.4325888033e-02
    endloop
  endfacet
  facet normal 5.001420e-01 8.397879e-01 2.112210e-01
    outer loop
      vertex 1.3016656937e-01 2.5880054412e-01 7.7967573902e-02
      vertex 1.7137549774e-01 2.3779476878e-01 6.3906859695e-02
      vertex 1.4533249262e-01 2.5947880076e-01 3.9360113644e-02
    endloop
  endfacet
  facet normal 6.304608e-01 7.592464e-01 1.614436e-01
    outer loop
      vertex 2.0813414327e-01 2.1061393343e-01 4.8186610692e-02
      vertex 1.8469260626e-01 2.3515291273e-01 2.4325888033e-02
      vertex 1.7137549774e-01 2.3779476878e-01 6.3906859695e-02
    endloop
  endfacet
  facet normal 5.572841e-01 8.196344e-01 1.327925e-01
    outer loop
      vertex 1.4533249262e-01 2.5947880076e-01 3.9360113644e-02
      vertex 1.7137549774e-01 2.3779476878e-01 6.3906859695e-02
      vertex 1.8469260626e-01 2.3515291273e-01 2.4325888033e-02
    endloop
  endfacet
  facet normal 3.824786e-01 8.026783e-01 4.576217e-01
    outer loop
      vertex 9.2705098312e-02 2.4270509831e-01 1.5000000000e-01
      vertex 1.3619714992e-01 2.2738062601e-01 1.4052895526e-01
      vertex 1.1251157024e-01 2.5317344239e-01 1.1508411981e-01
    endloop
  endfacet
  facet normal 5.222192e-01 7.421000e-01 4.202079e-01
    outer loop
      vertex 1.7633557569e-01 2.0645728807e-01 1.2759762125e-01
      vertex 1.5483648602e-01 2.3503550951e-01 1.0384590444e-01
      vertex 1.3619714992e-01 2.2738062601e-01 1.4052895526e-01
    endloop
  endfacet
  facet normal 4.450681e-01 8.294800e-01 3.374572e-01
    outer loop
      vertex 1.3016656937e-01 2.5880054412e-01 7.7967573902e-02
      vertex 1.1251157024e-01 2.5317344239e-01 1.1508411981e-01
      vertex 1.5483648602e-01 2.3503550951e-01 1.0384590444e-01
    endloop
  endfacet
  facet normal 4.484825e-01 8.016858e-01 3.951751e-01
    outer loop
      vertex 1.3619714992e-01 2.2738062601e-01 1.4052895526e-01
      vertex 1.5483648602e-01 2.3503550951e-01 1.0384590444e-01
      vertex 1.1251157024e-01 2.5317344239e-01 1.1508411981e-01
    endloop
  endfacet
  facet normal 7.599989e-01 5.693580e-01 3.134218e-01
    outer loop
      vertex 2.4270509831e-01 1.5000000000e-01 9.2705098312e-02
      vertex 2.2759569005e-01 1.8204754478e-01 7.1125897605e-02
      vertex 2.1213203436e-01 1.8045028650e-01 1.1152441034e-01
    endloop
  endfacet
  facet normal 7.022584e-01 6.705276e-01 2.392192e-01
    outer loop
      vertex 2.0813414327e-01 2.1061393343e-01 4.8186610692e-02
      vertex 1.9422356816e-01 2.1069295402e-01 8.8801377773e-02
      vertex 2.2759569005e-01 1.8204754478e-01 7.1125897605e-02
    endloop
  endfacet
  facet normal 6.491008e-01 6.636828e-01 3.717435e-01
    outer loop
      vertex 1.7633557569e-01 2.0645728807e-01 1.2759762125e-01
      vertex 2.1213203436e-01 1.8045028650e-01 1.1152441034e-01
      vertex 1.9422356816e-01 2.1069295402e-01 8.8801377773e-02
    endloop
  endfacet
  facet normal 7.075762e-01 6.415571e-01 2.962101e-01
    outer loop
      vertex 2.2759569005e-01 1.8204754478e-01 7.1125897605e-02
      vertex 1.9422356816e-01 2.1069295402e-01 8.8801377773e-02
      vertex 2.1213203436e-01 1.8045028650e-01 1.1152441034e-01
    endloop
  endfacet
  facet normal 5.084250e-01 8.186344e-01 2.670988e-01
    outer loop
      vertex 1.3016656937e-01 2.5880054412e-01 7.7967573902e-02
      vertex 1.5483648602e-01 2.3503550951e-01 1.0384590444e-01
      vertex 1.7137549774e-01 2.3779476878e-01 6.3906859695e-02
    endloop
  endfacet
  facet normal 5.855635e-01 7.312575e-01 3.498255e-01
    outer loop
      vertex 1.7633557569e-01 2.0645728807e-01 1.2759762125e-01
      vertex 1.9422356816e-01 2.1069295402e-01 8.8801377773e-02
      vertex 1.5483648602e-01 2.3503550951e-01 1.0384590444e-01
    endloop
  endfacet
  facet normal 6.387266e-01 7.381036e-01 2.173281e-01
    outer loop
      vertex 2.0813414327e-01 2.1061393343e-01 4.8186610692e-02
      vertex 1.7137549774e-01 2.3779476878e-01 6.3906859695e-02
      vertex 1.9422356816e-01 2.1069295402e-01 8.8801377773e-02
    endloop
  endfacet
  facet normal 5.811538e-01 7.591756e-01 2.931085e-01
    outer loop
      vertex 1.5483648602e-01 2.3503550951e-01 1.0384590444e-01
      vertex 1.9422356816e-01 2.1069295402e-01 8.8801377773e-02
      vertex 1.7137549774e-01 2.3779476878e-01 6.3906859695e-02
    endloop
  endfacet
  facet normal 8.117845e-02 5.462496e-01 8.336794e-01
    outer loop
      vertex 0.0000000000e+00 1.5771933364e-01 2.5519524251e-01
      vertex 3.9360113644e-02 1.4533249262e-01 2.5947880076e-01
      vertex 2.4325888033e-02 1.8469260626e-01 2.3515291273e-01
    endloop
  endfacet
  facet normal 2.112210e-01 5.001420e-01 8.397879e-01
    outer loop
      vertex 7.7967573902e-02 1.3016656937e-01 2.5880054412e-01
      vertex 6.3906859695e-02 1.7137549774e-01 2.3779476878e-01
      vertex 3.9360113644e-02 1.4533249262e-01 2.5947880076e-01
    endloop
  endfacet
  facet normal 1.614436e-01 6.304608e-01 7.592464e-01
    outer loop
      vertex 4.8186610692e-02 2.0813414327e-01 2.1061393343e-01
      vertex 2.4325888033e-02 1.8469260626e-01 2.3515291273e-01
      vertex 6.3906859695e-02 1.7137549774e-01 2.3779476878e-01
    endloop
  endfacet
  facet normal 1.327925e-01 5.572841e-01 8.196344e-01
    outer loop
      vertex 3.9360113644e-02 1.4533249262e-01 2.5947880076e-01
      vertex 6.3906859695e-02 1.7137549774e-01 2.3779476878e-01
      vertex 2.4325888033e-02 1.8469260626e-01 2.3515291273e-01
    endloop
  endfacet
  facet normal 4.576217e-01 3.824786e-01 8.026783e-01
    outer loop
      vertex 1.5000000000e-01 9.2705098312e-02 2.4270509831e-01
      vertex 1.4052895526e-01 1.3619714992e-01 2.2738062601e-01
      vertex 1.1508411981e-01 1.1251157024e-01 2.5317344239e-01
    endloop
  endfacet
  facet normal 4.202079e-01 5.222192e-01 7.421000e-01
    outer loop
      vertex 1.2759762125e-01 1.7633557569e-01 2.0645728807e-01
      vertex 1.0384590444e-01 1.5483648602e-01 2.3503550951e-01
      vertex 1.4052895526e-01 1.3619714992e-01 2.2738062601e-01
    endloop
  endfacet
  facet normal 3.374572e-01 4.450681e-01 8.294800e-01
    outer loop
      vertex 7.7967573902e-02 1.3016656937e-01 2.5880054412e-01
      vertex 1.1508411981e-01 1.1251157024e-01 2.5317344239e-01
      vertex 1.0384590444e-01 1.5483648602e-01 2.3503550951e-01
    endloop
  endfacet
  facet normal 3.951751e-01 4.484825e-01 8.016858e-01
    outer loop
      vertex 1.4052895526e-01 1.3619714992e-01 2.2738062601e-01
      vertex 1.0384590444e-01 1.5483648602e-01 2.3503550951e-01
      vertex 1.1508411981e-01 1.1251157024e-01 2.5317344239e-01
    endloop
  endfacet
  facet normal 3.134218e-01 7.599989e-01 5.693580e-01
    outer loop
      vertex 9.2705098312e-02 2.4270509831e-01 1.5000000000e-01
      vertex 7.1125897605e-02 2.2759569005e-01 1.8204754478e-01
      vertex 1.1152441034e-01 2.1213203436e-01 1.8045028650e-01
    endloop
  endfacet
  facet normal 2.392192e-01 7.022584e-01 6.705276e-01
    outer loop
      vertex 4.8186610692e-02 2.0813414327e-01 2.1061393343e-01
      vertex 8.8801377773e-02 1.9422356816e-01 2.1069295402e-01
      vertex 7.1125897605e-02 2.2759569005e-01 1.8204754478e-01
    endloop
  endfacet
  facet normal 3.717435e-01 6.491008e-01 6.636828e-01
    outer loop
      vertex 1.2759762125e-01 1.7633557569e-01 2.0645728807e-01
      vertex 1.1152441034e-01 2.1213203436e-01 1.8045028650e-01
      vertex 8.8801377773e-02 1.9422356816e-01 2.1069295402e-01
    endloop
  endfacet
  facet normal 2.962101e-01 7.075762e-01 6.415571e-01
    outer loop
      vertex 7.1125897605e-02 2.2759569005e-01 1.8204754478e-01
      vertex 8.8801377773e-02 1.9422356816e-01 2.1069295402e-01
      vertex 1.1152441034e-01 2.1213203436e-01 1.8045028650e-01
    endloop
  endfacet
  facet normal 2.670988e-01 5.084250e-01 8.186344e-01
    outer loop
      vertex 7.7967573902e-02 1.3016656937e-01 2.5880054412e-01
      vertex 1.0384590444e-01 1.5483648602e-01 2.3503550951e-01
      vertex 6.3906859695e-02 1.7137549774e-01 2.3779476878e-01
    endloop
  endfacet
  facet normal 3.498255e-01 5.855635e-01 7.312575e-01
    outer loop
      vertex 1.2759762125e-01 1.7633557569e-01 2.0645728807e-01
      vertex 8.8801377773e-02 1.9422356816e-01 2.1069295402e-01
      vertex 1.0384590444e-01 1.5483648602e-01 2.3503550951e-01
    endloop
  endfacet
  facet normal 2.173281e-01 6.387266e-01 7.381036e-01
    outer loop
      vertex 4.8186610692e-02 2.0813414327e-01 2.1061393343e-01
      vertex 6.3906859695e-02 1.7137549774e-01 2.3779476878e-01
      vertex 8.8801377773e-02 1.9422356816e-01 2.1069295402e-01
    endloop
  endfacet
  facet normal 2.931085e-01 5.811538e-01 7.591756e-01
    outer loop
      vertex 1.0384590444e-01 1.5483648602e-01 2.3503550951e-01
      vertex 8.8801377773e-02 1.9422356816e-01 2.1069295402e-01
      vertex 6.3906859695e-02 1.7137549774e-01 2.3779476878e-01
    endloop
  endfacet
  facet normal 8.336794e-01 8.117845e-02 5.462496e-01
    outer loop
      vertex 2.5519524251e-01 0.0000000000e+00 1.5771933364e-01
      vertex 2.5947880076e-01 3.9360113644e-02 1.4533249262e-01
      vertex 2.3515291273e-01 2.4325888033e-02 1.8469260626e-01
    endloop
  endfacet
  facet normal 8.397879e-01 2.112210e-01 5.001420e-01
    outer loop
      vertex 2.5880054412e-01 7.7967573902e-02 1.3016656937e-01
      vertex 2.3779476878e-01 6.3906859695e-02 1.7137549774e-01
      vertex 2.5947880076e-01 3.9360113644e-02 1.4533249262e-01
    endloop
  endfacet
  facet normal 7.592464e-01 1.614436e-01 6.304608e-01
    outer loop
      vertex 2.1061393343e-01 4.8186610692e-02 2.0813414327e-01
      vertex 2.3515291273e-01 2.4325888033e-02 1.8469260626e-01
      vertex 2.3779476878e-01 6.3906859695e-02 1.7137549774e-01
    endloop
  endfacet
  facet normal 8.196344e-01 1.327925e-01 5.572841e-01
    outer loop
      vertex 2.5947880076e-01 3.9360113644e-02 1.4533249262e-01
      vertex 2.3779476878e-01 6.3906859695e-02 1.7137549774e-01
      vertex 2.3515291273e-01 2.4325888033e-02 1.8469260626e-01
    endloop
  endfacet
  facet normal 8.026783e-01 4.576217e-01 3.824786e-01
    outer loop
      vertex 2.4270509831e-01 1.5000000000e-01 9.2705098312e-02
      vertex 2.2738062601e-01 1.4052895526e-01 1.3619714992e-01
      vertex 2.5317344239e-01 1.1508411981e-01 1.1251157024e-01
    endloop
  endfacet
  facet normal 7.421000e-01 4.202079e-01 5.222192e-01
    outer loop
      vertex 2.0645728807e-01 1.2759762125e-01 1.7633557569e-01
      vertex 2.3503550951e-01 1.0384590444e-01 1.5483648602e-01
      vertex 2.2738062601e-01 1.4052895526e-01 1.3619714992e-01
    endloop
  endfacet
  facet normal 8.294800e-01 3.374572e-01 4.450681e-01
    outer loop
      vertex 2.5880054412e-01 7.7967573902e-02 1.3016656937e-01
      vertex 2.5317344239e-01 1.1508411981e-01 1.1251157024e-01
      vertex 2.3503550951e-01 1.0384590444e-01 1.5483648602e-01
    endloop
  endfacet
  facet normal 8.016858e-01 3.951751e-01 4.484825e-01
    outer loop
      vertex 2.2738062601e-01 1.4052895526e-01 1.3619714992e-01
      vertex 2.3503550951e-01 1.0384590444e-01 1.5483648602e-01
      vertex 2.5317344239e-01 1.1508411981e-01 1.1251157024e-01
    endloop
  endfacet
  facet normal 5.693580e-01 3.134218e-01 7.599989e-01
    outer loop
      vertex 1.5000000000e-01 9.2705098312e-02 2.4270509831e-01
      vertex 1.8204754478e-01 7.1125897605e-02 2.2759569005e-01
      vertex 1.8045028650e-01 1.1152441034e-01 2.1213203436e-01
    endloop
  endfacet
  facet normal 6.705276e-01 2.392192e-01 7.022584e-01
    outer loop
      vertex 2.1061393343e-01 4.8186610692e-02 2.0813414327e-01
      vertex 2.1069295402e-01 8.8801377773e-02 1.9422356816e-01
      vertex 1.8204754478e-01 7.1125897605e-02 2.2759569005e-01
    endloop
  endfacet
  facet normal 6.636828e-01 3.717435e-01 6.491008e-01
    outer loop
      vertex 2.0645728807e-01 1.2759762125e-01 1.7633557569e-01
      vertex 1.8045028650e-01 1.1152441034e-01 2.1213203436e-01
      vertex 2.1069295402e-01 8.8801377773e-02 1.9422356816e-01
    endloop
  endfacet
  facet normal 6.415571e-01 2.962101e-01 7.075762e-01
    outer loop
      vertex 1.8204754478e-01 7.1125897605e-02 2.2759569005e-01
      vertex 2.1069295402e-01 8.8801377773e-02 1.9422356816e-01
      vertex 1.8045028650e-01 1.1152441034e-01 2.1213203436e-01
    endloop
  endfacet
  facet normal 8.186344e-01 2.670988e-01 5.084250e-01
    outer loop
      vertex 2.5880054412e-01 7.7967573902e-02 1.3016656937e-01
      vertex 2.3503550951e-01 1.0384590444e-01 1.5483648602e-01
      vertex 2.3779476878e-01 6.3906859695e-02 1.7137549774e-01
    endloop
  endfacet
  facet normal 7.312575e-01 3.498255e-01 5.855635e-01
    outer loop
      vertex 2.0645728807e-01 1.2759762125e-01 1.7633557569e-01
      vertex 2.1069295402e-01 8.8801377773e-02 1.9422356816e-01
      vertex 2.3503550951e-01 1.0384590444e-01 1.5483648602e-01
    endloop
  endfacet
  facet normal 7.381036e-01 2.173281e-01 6.387266e-01
    outer loop
      vertex 2.1061393343e-01 4.8186610692e-02 2.0813414327e-01
      vertex 2.3779476878e-01 6.3906859695e-02 1.7137549774e-01
      vertex 2.1069295402e-01 8.8801377773e-02 1.9422356816e-01
    endloop
  endfacet
  facet normal 7.591756e-01 2.931085e-01 5.811538e-01
    outer loop
      vertex 2.3503550951e-01 1.0384590444e-01 1.5483648602e-01
      vertex 2.1069295402e-01 8.8801377773e-02 1.9422356816e-01
      vertex 2.3779476878e-01 6.3906859695e-02 1.7137549774e-01
    endloop
  endfacet
  facet normal 3.822343e-01 7.595136e-01 5.263422e-01
    outer loop
      vertex 9.2705098312e-02 2.4270509831e-01 1.5000000000e-01
      vertex 1.1152441034e-01 2.1213203436e-01 1.8045028650e-01
      vertex 1.3619714992e-01 2.2738062601e-01 1.4052895526e-01
    endloop
  endfacet
  facet normal 4.404610e-01 6.486873e-01 6.206439e-01
    outer loop
      vertex 1.2759762125e-01 1.7633557569e-01 2.0645728807e-01
      vertex 1.5401263237e-01 1.9397333754e-01 1.6927626353e-01
      vertex 1.1152441034e-01 2.1213203436e-01 1.8045028650e-01
    endloop
  endfacet
  facet normal 5.218865e-01 6.990111e-01 4.888946e-01
    outer loop
      vertex 1.7633557569e-01 2.0645728807e-01 1.2759762125e-01
      vertex 1.3619714992e-01 2.2738062601e-01 1.4052895526e-01
      vertex 1.5401263237e-01 1.9397333754e-01 1.6927626353e-01
    endloop
  endfacet
  facet normal 4.465169e-01 7.084426e-01 5.465636e-01
    outer loop
      vertex 1.1152441034e-01 2.1213203436e-01 1.8045028650e-01
      vertex 1.5401263237e-01 1.9397333754e-01 1.6927626353e-01
      vertex 1.3619714992e-01 2.2738062601e-01 1.4052895526e-01
    endloop
  endfacet
  facet normal 5.263422e-01 3.822343e-01 7.595136e-01
    outer loop
      vertex 1.5000000000e-01 9.2705098312e-02 2.4270509831e-01
      vertex 1.8045028650e-01 1.1152441034e-01 2.1213203436e-01
      vertex 1.4052895526e-01 1.3619714992e-01 2.2738062601e-01
    endloop
  endfacet
  facet normal 6.206439e-01 4.404610e-01 6.486873e-01
    outer loop
      vertex 2.0645728807e-01 1.2759762125e-01 1.7633557569e-01
      vertex 1.6927626353e-01 1.5401263237e-01 1.9397333754e-01
      vertex 1.8045028650e-01 1.1152441034e-01 2.1213203436e-01
    endloop
  endfacet
  facet normal 4.888946e-01 5.218865e-01 6.990111e-01
    outer loop
      vertex 1.2759762125e-01 1.7633557569e-01 2.0645728807e-01
      vertex 1.4052895526e-01 1.3619714992e-01 2.2738062601e-01
      vertex 1.6927626353e-01 1.5401263237e-01 1.9397333754e-01
    endloop
  endfacet
  facet normal 5.465636e-01 4.465169e-01 7.084426e-01
    outer loop
      vertex 1.8045028650e-01 1.1152441034e-01 2.1213203436e-01
      vertex 1.6927626353e-01 1.5401263237e-01 1.9397333754e-01
      vertex 1.4052895526e-01 1.3619714992e-01 2.2738062601e-01
    endloop
  endfacet
  facet normal 7.595136e-01 5.263422e-01 3.822343e-01
    outer loop
      vertex 2.4270509831e-01 1.5000000000e-01 9.2705098312e-02
      vertex 2.1213203436e-01 1.8045028650e-01 1.1152441034e-01
      vertex 2.2738062601e-01 1.4052895526e-01 1.3619714992e-01
    endloop
  endfacet
  facet normal 6.486873e-01 6.206439e-01 4.404610e-01
    outer loop
      vertex 1.7633557569e-01 2.0645728807e-01 1.2759762125e-01
      vertex 1.9397333754e-01 1.6927626353e-01 1.5401263237e-01
      vertex 2.1213203436e-01 1.8045028650e-01 1.1152441034e-01
    endloop
  endfacet
  facet normal 6.990111e-01 4.888946e-01 5.218865e-01
    outer loop
      vertex 2.0645728807e-01 1.2759762125e-01 1.7633557569e-01
      vertex 2.2738062601e-01 1.4052895526e-01 1.3619714992e-01
      vertex 1.9397333754e-01 1.6927626353e-01 1.5401263237e-01
    endloop
  endfacet
  facet normal 7.084426e-01 5.465636e-01 4.465169e-01
    outer loop
      vertex 2.1213203436e-01 1.8045028650e-01 1.1152441034e-01
      vertex 1.9397333754e-01 1.6927626353e-01 1.5401263237e-01
      vertex 2.2738062601e-01 1.4052895526e-01 1.3619714992e-01
    endloop
  endfacet
  facet normal 5.037511e-01 5.851588e-01 6.354715e-01
    outer loop
      vertex 1.2759762125e-01 1.7633557569e-01 2.0645728807e-01
      vertex 1.6927626353e-01 1.5401263237e-01 1.9397333754e-01
      vertex 1.5401263237e-01 1.9397333754e-01 1.6927626353e-01
    endloop
  endfacet
  facet normal 6.354715e-01 5.037511e-01 5.851588e-01
    outer loop
      vertex 2.0645728807e-01 1.2759762125e-01 1.7633557569e-01
      vertex 1.9397333754e-01 1.6927626353e-01 1.5401263237e-01
      vertex 1.6927626353e-01 1.5401263237e-01 1.9397333754e-01
    endloop
  endfacet
  facet normal 5.851588e-01 6.354715e-01 5.037511e-01
    outer loop
      vertex 1.7633557569e-01 2.0645728807e-01 1.2759762125e-01
      vertex 1.5401263237e-01 1.9397333754e-01 1.6927626353e-01
      vertex 1.9397333754e-01 1.6927626353e-01 1.5401263237e-01
    endloop
  endfacet
  facet normal 5.773503e-01 5.773503e-01 5.773503e-01
    outer loop
      vertex 1.6927626353e-01 1.5401263237e-01 1.9397333754e-01
      vertex 1.9397333754e-01 1.6927626353e-01 1.5401263237e-01
      vertex 1.5401263237e-01 1.9397333754e-01 1.6927626353e-01
    endloop
  endfacet
  facet normal -5.017104e-02 4.650712e-01 8.838505e-01
    outer loop
      vertex 0.0000000000e+00 1.5771933364e-01 2.5519524251e-01
      vertex -3.9360113644e-02 1.4533249262e-01 2.5947880076e-01
      vertex 0.0000000000e+00 1.2100660459e-01 2.7451302637e-01
    endloop
  endfacet
  facet normal -1.803191e-01 4.192398e-01 8.897882e-01
    outer loop
      vertex -7.7967573902e-02 1.3016656937e-01 2.5880054412e-01
      vertex -3.9496611406e-02 1.0746863805e-01 2.7729138018e-01
      vertex -3.9360113644e-02 1.4533249262e-01 2.5947880076e-01
    endloop
  endfacet
  facet normal -5.000027e-02 3.386983e-01 9.395655e-01
    outer loop
      vertex 0.0000000000e+00 8.1979958674e-02 2.8858150734e-01
      vertex 0.0000000000e+00 1.2100660459e-01 2.7451302637e-01
      vertex -3.9496611406e-02 1.0746863805e-01 2.7729138018e-01
    endloop
  endfacet
  facet normal -8.207030e-02 4.244916e-01 9.017047e-01
    outer loop
      vertex -3.9360113644e-02 1.4533249262e-01 2.5947880076e-01
      vertex -3.9496611406e-02 1.0746863805e-01 2.7729138018e-01
      vertex 0.0000000000e+00 1.2100660459e-01 2.7451302637e-01
    endloop
  endfacet
  facet normal -4.270257e-01 3.023772e-01 8.521837e-01
    outer loop
      vertex -1.5000000000e-01 9.2705098312e-02 2.4270509831e-01
      vertex -1.1585621568e-01 7.1603079096e-02 2.6730195726e-01
      vertex -1.1508411981e-01 1.1251157024e-01 2.5317344239e-01
    endloop
  endfacet
  facet normal -3.081672e-01 2.288929e-01 9.233856e-01
    outer loop
      vertex -7.8859666818e-02 4.8737954435e-02 2.8531695489e-01
      vertex -7.9224825198e-02 9.0377663728e-02 2.7487325256e-01
      vertex -1.1585621568e-01 7.1603079096e-02 2.6730195726e-01
    endloop
  endfacet
  facet normal -3.067980e-01 3.648012e-01 8.790876e-01
    outer loop
      vertex -7.7967573902e-02 1.3016656937e-01 2.5880054412e-01
      vertex -1.1508411981e-01 1.1251157024e-01 2.5317344239e-01
      vertex -7.9224825198e-02 9.0377663728e-02 2.7487325256e-01
    endloop
  endfacet
  facet normal -3.431966e-01 3.124011e-01 8.857887e-01
    outer loop
      vertex -1.1585621568e-01 7.1603079096e-02 2.6730195726e-01
      vertex -7.9224825198e-02 9.0377663728e-02 2.7487325256e-01
      vertex -1.1508411981e-01 1.1251157024e-01 2.5317344239e-01
    endloop
  endfacet
  facet normal -4.950537e-02 6.905681e-02 9.963836e-01
    outer loop
      vertex 0.0000000000e+00 0.0000000000e+00 3.0000000000e-01
      vertex 0.0000000000e+00 4.1385672638e-02 2.9713166459e-01
      vertex -3.9921331242e-02 2.4672739584e-02 2.9630650218e-01
    endloop
  endfacet
  facet normal -4.960764e-02 2.058489e-01 9.773256e-01
    outer loop
      vertex 0.0000000000e+00 8.1979958674e-02 2.8858150734e-01
      vertex -3.9837743048e-02 6.6035108242e-02 2.8991777922e-01
      vertex 0.0000000000e+00 4.1385672638e-02 2.9713166459e-01
    endloop
  endfacet
  facet normal -1.812856e-01 1.504758e-01 9.718501e-01
    outer loop
      vertex -7.8859666818e-02 4.8737954435e-02 2.8531695489e-01
      vertex -3.9921331242e-02 2.4672739584e-02 2.9630650218e-01
      vertex -3.9837743048e-02 6.6035108242e-02 2.8991777922e-01
    endloop
  endfacet
  facet normal -8.410292e-02 1.522724e-01 9.847537e-01
    outer loop
      vertex 0.0000000000e+00 4.1385672638e-02 2.9713166459e-01
      vertex -3.9837743048e-02 6.6035108242e-02 2.8991777922e-01
      vertex -3.9921331242e-02 2.4672739584e-02 2.9630650218e-01
    endloop
  endfacet
  facet normal -2.148469e-01 3.716277e-01 9.031797e-01
    outer loop
      vertex -7.7967573902e-02 1.3016656937e-01 2.5880054412e-01
      vertex -7.9224825198e-02 9.0377663728e-02 2.7487325256e-01
      vertex -3.9496611406e-02 1.0746863805e-01 2.7729138018e-01
    endloop
  endfacet
  facet normal -2.162041e-01 2.357379e-01 9.474616e-01
    outer loop
      vertex -7.8859666818e-02 4.8737954435e-02 2.8531695489e-01
      vertex -3.9837743048e-02 6.6035108242e-02 2.8991777922e-01
      vertex -7.9224825198e-02 9.0377663728e-02 2.7487325256e-01
    endloop
  endfacet
  facet normal -8.454536e-02 2.910970e-01 9.529505e-01
    outer loop
      vertex 0.0000000000e+00 8.1979958674e-02 2.8858150734e-01
      vertex -3.9496611406e-02 1.0746863805e-01 2.7729138018e-01
      vertex -3.9837743048e-02 6.6035108242e-02 2.8991777922e-01
    endloop
  endfacet
  facet normal -1.811510e-01 2.880454e-01 9.403266e-01
    outer loop
      vertex -7.9224825198e-02 9.0377663728e-02 2.7487325256e-01
      vertex -3.9837743048e-02 6.6035108242e-02 2.8991777922e-01
      vertex -3.9496611406e-02 1.0746863805e-01 2.7729138018e-01
    endloop
  endfacet
  facet normal -8.026720e-01 0.000000e+00 5.964207e-01
    outer loop
      vertex -2.5519524251e-01 0.0000000000e+00 1.5771933364e-01
      vertex -2.3515291273e-01 -2.4325888033e-02 1.8469260626e-01
      vertex -2.3515291273e-01 2.4325888033e-02 1.8469260626e-01
    endloop
  endfacet
  facet normal -7.283445e-01 -8.054149e-02 6.804611e-01
    outer loop
      vertex -2.1061393343e-01 -4.8186610692e-02 2.0813414327e-01
      vertex -2.1338452049e-01 0.0000000000e+00 2.1087210915e-01
      vertex -2.3515291273e-01 -2.4325888033e-02 1.8469260626e-01
    endloop
  endfacet
  facet normal -7.283445e-01 8.054149e-02 6.804611e-01
    outer loop
      vertex -2.1061393343e-01 4.8186610692e-02 2.0813414327e-01
      vertex -2.3515291273e-01 2.4325888033e-02 1.8469260626e-01
      vertex -2.1338452049e-01 0.0000000000e+00 2.1087210915e-01
    endloop
  endfacet
  facet normal -7.689122e-01 0.000000e+00 6.393544e-01
    outer loop
      vertex -2.3515291273e-01 -2.4325888033e-02 1.8469260626e-01
      vertex -2.1338452049e-01 0.0000000000e+00 2.1087210915e-01
      vertex -2.3515291273e-01 2.4325888033e-02 1.8469260626e-01
    endloop
  endfacet
  facet normal -5.387620e-01 -2.333204e-01 8.095043e-01
    outer loop
      vertex -1.5000000000e-01 -9.2705098312e-02 2.4270509831e-01
      vertex -1.5577754692e-01 -4.6930339512e-02 2.5205336560e-01
      vertex -1.8204754478e-01 -7.1125897605e-02 2.2759569005e-01
    endloop
  endfacet
  facet normal -5.516422e-01 -7.841715e-02 8.303865e-01
    outer loop
      vertex -1.5771933364e-01 0.0000000000e+00 2.5519524251e-01
      vertex -1.8607187478e-01 -2.4342555486e-02 2.3406131121e-01
      vertex -1.5577754692e-01 -4.6930339512e-02 2.5205336560e-01
    endloop
  endfacet
  facet normal -6.398684e-01 -1.589524e-01 7.518660e-01
    outer loop
      vertex -2.1061393343e-01 -4.8186610692e-02 2.0813414327e-01
      vertex -1.8204754478e-01 -7.1125897605e-02 2.2759569005e-01
      vertex -1.8607187478e-01 -2.4342555486e-02 2.3406131121e-01
    endloop
  endfacet
  facet normal -5.895786e-01 -1.601287e-01 7.916792e-01
    outer loop
      vertex -1.5577754692e-01 -4.6930339512e-02 2.5205336560e-01
      vertex -1.8607187478e-01 -2.4342555486e-02 2.3406131121e-01
      vertex -1.8204754478e-01 -7.1125897605e-02 2.2759569005e-01
    endloop
  endfacet
  facet normal -5.387620e-01 2.333204e-01 8.095043e-01
    outer loop
      vertex -1.5000000000e-01 9.2705098312e-02 2.4270509831e-01
      vertex -1.8204754478e-01 7.1125897605e-02 2.2759569005e-01
      vertex -1.5577754692e-01 4.6930339512e-02 2.5205336560e-01
    endloop
  endfacet
  facet normal -6.398684e-01 1.589524e-01 7.518660e-01
    outer loop
      vertex -2.1061393343e-01 4.8186610692e-02 2.0813414327e-01
      vertex -1.8607187478e-01 2.4342555486e-02 2.3406131121e-01
      vertex -1.8204754478e-01 7.1125897605e-02 2.2759569005e-01
    endloop
  endfacet
  facet normal -5.516422e-01 7.841715e-02 8.303865e-01
    outer loop
      vertex -1.5771933364e-01 0.0000000000e+00 2.5519524251e-01
      vertex -1.5577754692e-01 4.6930339512e-02 2.5205336560e-01
      vertex -1.8607187478e-01 2.4342555486e-02 2.3406131121e-01
    endloop
  endfacet
  facet normal -5.895786e-01 1.601287e-01 7.916792e-01
    outer loop
      vertex -1.8204754478e-01 7.1125897605e-02 2.2759569005e-01
      vertex -1.8607187478e-01 2.4342555486e-02 2.3406131121e-01
      vertex -1.5577754692e-01 4.6930339512e-02 2.5205336560e-01
    endloop
  endfacet
  facet normal -6.858517e-01 -8.053079e-02 7.232719e-01
    outer loop
      vertex -2.1061393343e-01 -4.8186610692e-02 2.0813414327e-01
      vertex -1.8607187478e-01 -2.4342555486e-02 2.3406131121e-01
      vertex -2.1338452049e-01 0.0000000000e+00 2.1087210915e-01
    endloop
  endfacet
  facet normal -5.976360e-01 0.000000e+00 8.017675e-01
    outer loop
      vertex -1.5771933364e-01 0.0000000000e+00 2.5519524251e-01
      vertex -1.8607187478e-01 2.4342555486e-02 2.3406131121e-01
      vertex -1.8607187478e-01 -2.4342555486e-02 2.3406131121e-01
    endloop
  endfacet
  facet normal -6.858517e-01 8.053079e-02 7.232719e-01
    outer loop
      vertex -2.1061393343e-01 4.8186610692e-02 2.0813414327e-01
      vertex -2.1338452049e-01 0.0000000000e+00 2.1087210915e-01
      vertex -1.8607187478e-01 2.4342555486e-02 2.3406131121e-01
    endloop
  endfacet
  facet normal -6.472182e-01 0.000000e+00 7.623048e-01
    outer loop
      vertex -1.8607187478e-01 -2.4342555486e-02 2.3406131121e-01
      vertex -1.8607187478e-01 2.4342555486e-02 2.3406131121e-01
      vertex -2.1338452049e-01 0.0000000000e+00 2.1087210915e-01
    endloop
  endfacet
  facet normal -5.017104e-02 -4.650712e-01 8.838505e-01
    outer loop
      vertex 0.0000000000e+00 -1.5771933364e-01 2.5519524251e-01
      vertex 0.0000000000e+00 -1.2100660459e-01 2.7451302637e-01
      vertex -3.9360113644e-02 -1.4533249262e-01 2.5947880076e-01
    endloop
  endfacet
  facet normal -5.000027e-02 -3.386983e-01 9.395655e-01
    outer loop
      vertex 0.0000000000e+00 -8.1979958674e-02 2.8858150734e-01
      vertex -3.9496611406e-02 -1.0746863805e-01 2.7729138018e-01
      vertex 0.0000000000e+00 -1.2100660459e-01 2.7451302637e-01
    endloop
  endfacet
  facet normal -1.803191e-01 -4.192398e-01 8.897882e-01
    outer loop
      vertex -7.7967573902e-02 -1.3016656937e-01 2.5880054412e-01
      vertex -3.9360113644e-02 -1.4533249262e-01 2.5947880076e-01
      vertex -3.9496611406e-02 -1.0746863805e-01 2.7729138018e-01
    endloop
  endfacet
  facet normal -8.207030e-02 -4.244916e-01 9.017047e-01
    outer loop
      vertex 0.0000000000e+00 -1.2100660459e-01 2.7451302637e-01
      vertex -3.9496611406e-02 -1.0746863805e-01 2.7729138018e-01
      vertex -3.9360113644e-02 -1.4533249262e-01 2.5947880076e-01
    endloop
  endfacet
  facet normal -4.950537e-02 -6.905681e-02 9.963836e-01
    outer loop
      vertex 0.0000000000e+00 0.0000000000e+00 3.0000000000e-01
      vertex -3.9921331242e-02 -2.4672739584e-02 2.9630650218e-01
      vertex 0.0000000000e+00 -4.1385672638e-02 2.9713166459e-01
    endloop
  endfacet
  facet normal -1.812856e-01 -1.504758e-01 9.718501e-01
    outer loop
      vertex -7.8859666818e-02 -4.8737954435e-02 2.8531695489e-01
      vertex -3.9837743048e-02 -6.6035108242e-02 2.8991777922e-01
      vertex -3.9921331242e-02 -2.4672739584e-02 2.9630650218e-01
    endloop
  endfacet
  facet normal -4.960764e-02 -2.058489e-01 9.773256e-01
    outer loop
      vertex 0.0000000000e+00 -8.1979958674e-02 2.8858150734e-01
      vertex 0.0000000000e+00 -4.1385672638e-02 2.9713166459e-01
      vertex -3.9837743048e-02 -6.6035108242e-02 2.8991777922e-01
    endloop
  endfacet
  facet normal -8.410292e-02 -1.522724e-01 9.847537e-01
    outer loop
      vertex -3.9921331242e-02 -2.4672739584e-02 2.9630650218e-01
      vertex -3.9837743048e-02 -6.6035108242e-02 2.8991777922e-01
      vertex 0.0000000000e+00 -4.1385672638e-02 2.9713166459e-01
    endloop
  endfacet
  facet normal -4.270257e-01 -3.023772e-01 8.521837e-01
    outer loop
      vertex -1.5000000000e-01 -9.2705098312e-02 2.4270509831e-01
      vertex -1.1508411981e-01 -1.1251157024e-01 2.5317344239e-01
      vertex -1.1585621568e-01 -7.1603079096e-02 2.6730195726e-01
    endloop
  endfacet
  facet normal -3.067980e-01 -3.648012e-01 8.790876e-01
    outer loop
      vertex -7.7967573902e-02 -1.3016656937e-01 2.5880054412e-01
      vertex -7.9224825198e-02 -9.0377663728e-02 2.7487325256e-01
      vertex -1.1508411981e-01 -1.1251157024e-01 2.5317344239e-01
    endloop
  endfacet
  facet normal -3.081672e-01 -2.288929e-01 9.233856e-01
    outer loop
      vertex -7.8859666818e-02 -4.8737954435e-02 2.8531695489e-01
      vertex -1.1585621568e-01 -7.1603079096e-02 2.6730195726e-01
      vertex -7.9224825198e-02 -9.0377663728e-02 2.7487325256e-01
    endloop
  endfacet
  facet normal -3.431966e-01 -3.124011e-01 8.857887e-01
    outer loop
      vertex -1.1508411981e-01 -1.1251157024e-01 2.5317344239e-01
      vertex -7.9224825198e-02 -9.0377663728e-02 2.7487325256e-01
      vertex -1.1585621568e-01 -7.1603079096e-02 2.6730195726e-01
    endloop
  endfacet
  facet normal -8.454536e-02 -2.910970e-01 9.529505e-01
    outer loop
      vertex 0.0000000000e+00 -8.1979958674e-02 2.8858150734e-01
      vertex -3.9837743048e-02 -6.6035108242e-02 2.8991777922e-01
      vertex -3.9496611406e-02 -1.0746863805e-01 2.7729138018e-01
    endloop
  endfacet
  facet normal -2.162041e-01 -2.357379e-01 9.474616e-01
    outer loop
      vertex -7.8859666818e-02 -4.8737954435e-02 2.8531695489e-01
      vertex -7.9224825198e-02 -9.0377663728e-02 2.7487325256e-01
      vertex -3.9837743048e-02 -6.6035108242e-02 2.8991777922e-01
    endloop
  endfacet
  facet normal -2.148469e-01 -3.716277e-01 9.031797e-01
    outer loop
      vertex -7.7967573902e-02 -1.3016656937e-01 2.5880054412e-01
      vertex -3.9496611406e-02 -1.0746863805e-01 2.7729138018e-01
      vertex -7.9224825198e-02 -9.0377663728e-02 2.7487325256e-01
    endloop
  endfacet
  facet normal -1.811510e-01 -2.880454e-01 9.403266e-01
    outer loop
      vertex -3.9837743048e-02 -6.6035108242e-02 2.8991777922e-01
      vertex -7.9224825198e-02 -9.0377663728e-02 2.7487325256e-01
      vertex -3.9496611406e-02 -1.0746863805e-01 2.7729138018e-01
    endloop
  endfacet
  facet normal -4.694052e-01 2.331714e-01 8.516395e-01
    outer loop
      vertex -1.5000000000e-01 9.2705098312e-02 2.4270509831e-01
      vertex -1.5577754692e-01 4.6930339512e-02 2.5205336560e-01
      vertex -1.1585621568e-01 7.1603079096e-02 2.6730195726e-01
    endloop
  endfacet
  facet normal -4.823363e-01 7.836719e-02 8.724736e-01
    outer loop
      vertex -1.5771933364e-01 0.0000000000e+00 2.5519524251e-01
      vertex -1.1988211551e-01 2.4697074010e-02 2.7389474788e-01
      vertex -1.5577754692e-01 4.6930339512e-02 2.5205336560e-01
    endloop
  endfacet
  facet normal -3.505871e-01 1.597927e-01 9.227974e-01
    outer loop
      vertex -7.8859666818e-02 4.8737954435e-02 2.8531695489e-01
      vertex -1.1585621568e-01 7.1603079096e-02 2.6730195726e-01
      vertex -1.1988211551e-01 2.4697074010e-02 2.7389474788e-01
    endloop
  endfacet
  facet normal -4.378416e-01 1.618790e-01 8.843585e-01
    outer loop
      vertex -1.5577754692e-01 4.6930339512e-02 2.5205336560e-01
      vertex -1.1988211551e-01 2.4697074010e-02 2.7389474788e-01
      vertex -1.1585621568e-01 7.1603079096e-02 2.6730195726e-01
    endloop
  endfacet
  facet normal -4.694052e-01 -2.331714e-01 8.516395e-01
    outer loop
      vertex -1.5000000000e-01 -9.2705098312e-02 2.4270509831e-01
      vertex -1.1585621568e-01 -7.1603079096e-02 2.6730195726e-01
      vertex -1.5577754692e-01 -4.6930339512e-02 2.5205336560e-01
    endloop
  endfacet
  facet normal -3.505871e-01 -1.597927e-01 9.227974e-01
    outer loop
      vertex -7.8859666818e-02 -4.8737954435e-02 2.8531695489e-01
      vertex -1.1988211551e-01 -2.4697074010e-02 2.7389474788e-01
      vertex -1.1585621568e-01 -7.1603079096e-02 2.6730195726e-01
    endloop
  endfacet
  facet normal -4.823363e-01 -7.836719e-02 8.724736e-01
    outer loop
      vertex -1.5771933364e-01 0.0000000000e+00 2.5519524251e-01
      vertex -1.5577754692e-01 -4.6930339512e-02 2.5205336560e-01
      vertex -1.1988211551e-01 -2.4697074010e-02 2.7389474788e-01
    endloop
  endfacet
  facet normal -4.378416e-01 -1.618790e-01 8.843585e-01
    outer loop
      vertex -1.1585621568e-01 -7.1603079096e-02 2.6730195726e-01
      vertex -1.1988211551e-01 -2.4697074010e-02 2.7389474788e-01
      vertex -1.5577754692e-01 -4.6930339512e-02 2.5205336560e-01
    endloop
  endfacet
  facet normal -9.212595e-02 0.000000e+00 9.957474e-01
    outer loop
      vertex 0.0000000000e+00 0.0000000000e+00 3.0000000000e-01
      vertex -3.9921331242e-02 2.4672739584e-02 2.9630650218e-01
      vertex -3.9921331242e-02 -2.4672739584e-02 2.9630650218e-01
    endloop
  endfacet
  facet normal -2.237863e-01 8.142553e-02 9.712310e-01
    outer loop
      vertex -7.8859666818e-02 4.8737954435e-02 2.8531695489e-01
      vertex -7.9921410340e-02 0.0000000000e+00 2.8915837904e-01
      vertex -3.9921331242e-02 2.4672739584e-02 2.9630650218e-01
    endloop
  endfacet
  facet normal -2.237863e-01 -8.142553e-02 9.712310e-01
    outer loop
      vertex -7.8859666818e-02 -4.8737954435e-02 2.8531695489e-01
      vertex -3.9921331242e-02 -2.4672739584e-02 2.9630650218e-01
      vertex -7.9921410340e-02 0.0000000000e+00 2.8915837904e-01
    endloop
  endfacet
  facet normal -1.759159e-01 0.000000e+00 9.844052e-01
    outer loop
      vertex -3.9921331242e-02 2.4672739584e-02 2.9630650218e-01
      vertex -7.9921410340e-02 0.0000000000e+00 2.8915837904e-01
      vertex -3.9921331242e-02 -2.4672739584e-02 2.9630650218e-01
    endloop
  endfacet
  facet normal -4.430557e-01 0.000000e+00 8.964941e-01
    outer loop
      vertex -1.5771933364e-01 0.0000000000e+00 2.5519524251e-01
      vertex -1.1988211551e-01 -2.4697074010e-02 2.7389474788e-01
      vertex -1.1988211551e-01 2.4697074010e-02 2.7389474788e-01
    endloop
  endfacet
  facet normal -3.113353e-01 -8.140770e-02 9.468068e-01
    outer loop
      vertex -7.8859666818e-02 -4.8737954435e-02 2.8531695489e-01
      vertex -7.9921410340e-02 0.0000000000e+00 2.8915837904e-01
      vertex -1.1988211551e-01 -2.4697074010e-02 2.7389474788e-01
    endloop
  endfacet
  facet normal -3.113353e-01 8.140770e-02 9.468068e-01
    outer loop
      vertex -7.8859666818e-02 4.8737954435e-02 2.8531695489e-01
      vertex -1.1988211551e-01 2.4697074010e-02 2.7389474788e-01
      vertex -7.9921410340e-02 0.0000000000e+00 2.8915837904e-01
    endloop
  endfacet
  facet normal -3.568221e-01 0.000000e+00 9.341724e-01
    outer loop
      vertex -1.1988211551e-01 -2.4697074010e-02 2.7389474788e-01
      vertex -7.9921410340e-02 0.0000000000e+00 2.8915837904e-01
      vertex -1.1988211551e-01 2.4697074010e-02 2.7389474788e-01
    endloop
  endfacet
  facet normal -8.838505e-01 -5.017104e-02 4.650712e-01
    outer loop
      vertex -2.5519524251e-01 0.0000000000e+00 1.5771933364e-01
      vertex -2.7451302637e-01 0.0000000000e+00 1.2100660459e-01
      vertex -2.5947880076e-01 -3.9360113644e-02 1.4533249262e-01
    endloop
  endfacet
  facet normal -9.395655e-01 -5.000027e-02 3.386983e-01
    outer loop
      vertex -2.8858150734e-01 0.0000000000e+00 8.1979958674e-02
      vertex -2.7729138018e-01 -3.9496611406e-02 1.0746863805e-01
      vertex -2.7451302637e-01 0.0000000000e+00 1.2100660459e-01
    endloop
  endfacet
  facet normal -8.897882e-01 -1.803191e-01 4.192398e-01
    outer loop
      vertex -2.5880054412e-01 -7.7967573902e-02 1.3016656937e-01
      vertex -2.5947880076e-01 -3.9360113644e-02 1.4533249262e-01
      vertex -2.7729138018e-01 -3.9496611406e-02 1.0746863805e-01
    endloop
  endfacet
  facet normal -9.017047e-01 -8.207030e-02 4.244916e-01
    outer loop
      vertex -2.7451302637e-01 0.0000000000e+00 1.2100660459e-01
      vertex -2.7729138018e-01 -3.9496611406e-02 1.0746863805e-01
      vertex -2.5947880076e-01 -3.9360113644e-02 1.4533249262e-01
    endloop
  endfacet
  facet normal -9.963836e-01 -4.950537e-02 6.905681e-02
    outer loop
      vertex -3.0000000000e-01 0.0000000000e+00 0.0000000000e+00
      vertex -2.9630650218e-01 -3.9921331242e-02 2.4672739584e-02
      vertex -2.9713166459e-01 0.0000000000e+00 4.1385672638e-02
    endloop
  endfacet
  facet normal -9.718501e-01 -1.812856e-01 1.504758e-01
    outer loop
      vertex -2.8531695489e-01 -7.8859666818e-02 4.8737954435e-02
      vertex -2.8991777922e-01 -3.9837743048e-02 6.6035108242e-02
      vertex -2.9630650218e-01 -3.9921331242e-02 2.4672739584e-02
    endloop
  endfacet
  facet normal -9.773256e-01 -4.960764e-02 2.058489e-01
    outer loop
      vertex -2.8858150734e-01 0.0000000000e+00 8.1979958674e-02
      vertex -2.9713166459e-01 0.0000000000e+00 4.1385672638e-02
      vertex -2.8991777922e-01 -3.9837743048e-02 6.6035108242e-02
    endloop
  endfacet
  facet normal -9.847537e-01 -8.410292e-02 1.522724e-01
    outer loop
      vertex -2.9630650218e-01 -3.9921331242e-02 2.4672739584e-02
      vertex -2.8991777922e-01 -3.9837743048e-02 6.6035108242e-02
      vertex -2.9713166459e-01 0.0000000000e+00 4.1385672638e-02
    endloop
  endfacet
  facet normal -8.521837e-01 -4.270257e-01 3.023772e-01
    outer loop
      vertex -2.4270509831e-01 -1.5000000000e-01 9.2705098312e-02
      vertex -2.5317344239e-01 -1.1508411981e-01 1.1251157024e-01
      vertex -2.6730195726e-01 -1.1585621568e-01 7.1603079096e-02
    endloop
  endfacet
  facet normal -8.790876e-01 -3.067980e-01 3.648012e-01
    outer loop
      vertex -2.5880054412e-01 -7.7967573902e-02 1.3016656937e-01
      vertex -2.7487325256e-01 -7.9224825198e-02 9.0377663728e-02
      vertex -2.5317344239e-01 -1.1508411981e-01 1.1251157024e-01
    endloop
  endfacet
  facet normal -9.233856e-01 -3.081672e-01 2.288929e-01
    outer loop
      vertex -2.8531695489e-01 -7.8859666818e-02 4.8737954435e-02
      vertex -2.6730195726e-01 -1.1585621568e-01 7.1603079096e-02
      vertex -2.7487325256e-01 -7.9224825198e-02 9.0377663728e-02
    endloop
  endfacet
  facet normal -8.857887e-01 -3.431966e-01 3.124011e-01
    outer loop
      vertex -2.5317344239e-01 -1.1508411981e-01 1.1251157024e-01
      vertex -2.7487325256e-01 -7.9224825198e-02 9.0377663728e-02
      vertex -2.6730195726e-01 -1.1585621568e-01 7.1603079096e-02
    endloop
  endfacet
  facet normal -9.529505e-01 -8.454536e-02 2.910970e-01
    outer loop
      vertex -2.8858150734e-01 0.0000000000e+00 8.1979958674e-02
      vertex -2.8991777922e-01 -3.9837743048e-02 6.6035108242e-02
      vertex -2.7729138018e-01 -3.9496611406e-02 1.0746863805e-01
    endloop
  endfacet
  facet normal -9.474616e-01 -2.162041e-01 2.357379e-01
    outer loop
      vertex -2.8531695489e-01 -7.8859666818e-02 4.8737954435e-02
      vertex -2.7487325256e-01 -7.9224825198e-02 9.0377663728e-02
      vertex -2.8991777922e-01 -3.9837743048e-02 6.6035108242e-02
    endloop
  endfacet
  facet normal -9.031797e-01 -2.148469e-01 3.716277e-01
    outer loop
      vertex -2.5880054412e-01 -7.7967573902e-02 1.3016656937e-01
      vertex -2.7729138018e-01 -3.9496611406e-02 1.0746863805e-01
      vertex -2.7487325256e-01 -7.9224825198e-02 9.0377663728e-02
    endloop
  endfacet
  facet normal -9.403266e-01 -1.811510e-01 2.880454e-01
    outer loop
      vertex -2.8991777922e-01 -3.9837743048e-02 6.6035108242e-02
      vertex -2.7487325256e-01 -7.9224825198e-02 9.0377663728e-02
      vertex -2.7729138018e-01 -3.9496611406e-02 1.0746863805e-01
    endloop
  endfacet
  facet normal -8.838505e-01 -5.017104e-02 -4.650712e-01
    outer loop
      vertex -2.5519524251e-01 0.0000000000e+00 -1.5771933364e-01
      vertex -2.5947880076e-01 -3.9360113644e-02 -1.4533249262e-01
      vertex -2.7451302637e-01 0.0000000000e+00 -1.2100660459e-01
    endloop
  endfacet
  facet normal -8.897882e-01 -1.803191e-01 -4.192398e-01
    outer loop
      vertex -2.5880054412e-01 -7.7967573902e-02 -1.3016656937e-01
      vertex -2.7729138018e-01 -3.9496611406e-02 -1.0746863805e-01
      vertex -2.5947880076e-01 -3.9360113644e-02 -1.4533249262e-01
    endloop
  endfacet
  facet normal -9.395655e-01 -5.000027e-02 -3.386983e-01
    outer loop
      vertex -2.8858150734e-01 0.0000000000e+00 -8.1979958674e-02
      vertex -2.7451302637e-01 0.0000000000e+00 -1.2100660459e-01
      vertex -2.7729138018e-01 -3.9496611406e-02 -1.0746863805e-01
    endloop
  endfacet
  facet normal -9.017047e-01 -8.207030e-02 -4.244916e-01
    outer loop
      vertex -2.5947880076e-01 -3.9360113644e-02 -1.4533249262e-01
      vertex -2.7729138018e-01 -3.9496611406e-02 -1.0746863805e-01
      vertex -2.7451302637e-01 0.0000000000e+00 -1.2100660459e-01
    endloop
  endfacet
  facet normal -8.521837e-01 -4.270257e-01 -3.023772e-01
    outer loop
      vertex -2.4270509831e-01 -1.5000000000e-01 -9.2705098312e-02
      vertex -2.6730195726e-01 -1.1585621568e-01 -7.1603079096e-02
      vertex -2.5317344239e-01 -1.1508411981e-01 -1.1251157024e-01
    endloop
  endfacet
  facet normal -9.233856e-01 -3.081672e-01 -2.288929e-01
    outer loop
      vertex -2.8531695489e-01 -7.8859666818e-02 -4.8737954435e-02
      vertex -2.7487325256e-01 -7.9224825198e-02 -9.0377663728e-02
      vertex -2.6730195726e-01 -1.1585621568e-01 -7.1603079096e-02
    endloop
  endfacet
  facet normal -8.790876e-01 -3.067980e-01 -3.648012e-01
    outer loop
      vertex -2.5880054412e-01 -7.7967573902e-02 -1.3016656937e-01
      vertex -2.5317344239e-01 -1.1508411981e-01 -1.1251157024e-01
      vertex -2.7487325256e-01 -7.9224825198e-02 -9.0377663728e-02
    endloop
  endfacet
  facet normal -8.857887e-01 -3.431966e-01 -3.124011e-01
    outer loop
      vertex -2.6730195726e-01 -1.1585621568e-01 -7.1603079096e-02
      vertex -2.7487325256e-01 -7.9224825198e-02 -9.0377663728e-02
      vertex -2.5317344239e-01 -1.1508411981e-01 -1.1251157024e-01
    endloop
  endfacet
  facet normal -9.963836e-01 -4.950537e-02 -6.905681e-02
    outer loop
      vertex -3.0000000000e-01 0.0000000000e+00 0.0000000000e+00
      vertex -2.9713166459e-01 0.0000000000e+00 -4.1385672638e-02
      vertex -2.9630650218e-01 -3.9921331242e-02 -2.4672739584e-02
    endloop
  endfacet
  facet normal -9.773256e-01 -4.960764e-02 -2.058489e-01
    outer loop
      vertex -2.8858150734e-01 0.0000000000e+00 -8.1979958674e-02
      vertex -2.8991777922e-01 -3.9837743048e-02 -6.6035108242e-02
      vertex -2.9713166459e-01 0.0000000000e+00 -4.1385672638e-02
    endloop
  endfacet
  facet normal -9.718501e-01 -1.812856e-01 -1.504758e-01
    outer loop
      vertex -2.8531695489e-01 -7.8859666818e-02 -4.8737954435e-02
      vertex -2.9630650218e-01 -3.9921331242e-02 -2.4672739584e-02
      vertex -2.8991777922e-01 -3.9837743048e-02 -6.6035108242e-02
    endloop
  endfacet
  facet normal -9.847537e-01 -8.410292e-02 -1.522724e-01
    outer loop
      vertex -2.9713166459e-01 0.0000000000e+00 -4.1385672638e-02
      vertex -2.8991777922e-01 -3.9837743048e-02 -6.6035108242e-02
      vertex -2.9630650218e-01 -3.9921331242e-02 -2.4672739584e-02
    endloop
  endfacet
  facet normal -9.031797e-01 -2.148469e-01 -3.716277e-01
    outer loop
      vertex -2.5880054412e-01 -7.7967573902e-02 -1.3016656937e-01
      vertex -2.7487325256e-01 -7.9224825198e-02 -9.0377663728e-02
      vertex -2.7729138018e-01 -3.9496611406e-02 -1.0746863805e-01
    endloop
  endfacet
  facet normal -9.474616e-01 -2.162041e-01 -2.357379e-01
    outer loop
      vertex -2.8531695489e-01 -7.8859666818e-02 -4.8737954435e-02
      vertex -2.8991777922e-01 -3.9837743048e-02 -6.6035108242e-02
      vertex -2.7487325256e-01 -7.9224825198e-02 -9.0377663728e-02
    endloop
  endfacet
  facet normal -9.529505e-01 -8.454536e-02 -2.910970e-01
    outer loop
      vertex -2.8858150734e-01 0.0000000000e+00 -8.1979958674e-02
      vertex -2.7729138018e-01 -3.9496611406e-02 -1.0746863805e-01
      vertex -2.8991777922e-01 -3.9837743048e-02 -6.6035108242e-02
    endloop
  endfacet
  facet normal -9.403266e-01 -1.811510e-01 -2.880454e-01
    outer loop
      vertex -2.7487325256e-01 -7.9224825198e-02 -9.0377663728e-02
      vertex -2.8991777922e-01 -3.9837743048e-02 -6.6035108242e-02
      vertex -2.7729138018e-01 -3.9496611406e-02 -1.0746863805e-01
    endloop
  endfacet
  facet normal -5.964207e-01 -8.026720e-01 0.000000e+00
    outer loop
      vertex -1.5771933364e-01 -2.5519524251e-01 0.0000000000e+00
      vertex -1.8469260626e-01 -2.3515291273e-01 2.4325888033e-02
      vertex -1.8469260626e-01 -2.3515291273e-01 -2.4325888033e-02
    endloop
  endfacet
  facet normal -6.804611e-01 -7.283445e-01 8.054149e-02
    outer loop
      vertex -2.0813414327e-01 -2.1061393343e-01 4.8186610692e-02
      vertex -2.1087210915e-01 -2.1338452049e-01 0.0000000000e+00
      vertex -1.8469260626e-01 -2.3515291273e-01 2.4325888033e-02
    endloop
  endfacet
  facet normal -6.804611e-01 -7.283445e-01 -8.054149e-02
    outer loop
      vertex -2.0813414327e-01 -2.1061393343e-01 -4.8186610692e-02
      vertex -1.8469260626e-01 -2.3515291273e-01 -2.4325888033e-02
      vertex -2.1087210915e-01 -2.1338452049e-01 0.0000000000e+00
    endloop
  endfacet
  facet normal -6.393544e-01 -7.689122e-01 -0.000000e+00
    outer loop
      vertex -1.8469260626e-01 -2.3515291273e-01 2.4325888033e-02
      vertex -2.1087210915e-01 -2.1338452049e-01 0.0000000000e+00
      vertex -1.8469260626e-01 -2.3515291273e-01 -2.4325888033e-02
    endloop
  endfacet
  facet normal -8.095043e-01 -5.387620e-01 2.333204e-01
    outer loop
      vertex -2.4270509831e-01 -1.5000000000e-01 9.2705098312e-02
      vertex -2.5205336560e-01 -1.5577754692e-01 4.6930339512e-02
      vertex -2.2759569005e-01 -1.8204754478e-01 7.1125897605e-02
    endloop
  endfacet
  facet normal -8.303865e-01 -5.516422e-01 7.841715e-02
    outer loop
      vertex -2.5519524251e-01 -1.5771933364e-01 0.0000000000e+00
      vertex -2.3406131121e-01 -1.8607187478e-01 2.4342555486e-02
      vertex -2.5205336560e-01 -1.5577754692e-01 4.6930339512e-02
    endloop
  endfacet
  facet normal -7.518660e-01 -6.398684e-01 1.589524e-01
    outer loop
      vertex -2.0813414327e-01 -2.1061393343e-01 4.8186610692e-02
      vertex -2.2759569005e-01 -1.8204754478e-01 7.1125897605e-02
      vertex -2.3406131121e-01 -1.8607187478e-01 2.4342555486e-02
    endloop
  endfacet
  facet normal -7.916792e-01 -5.895786e-01 1.601287e-01
    outer loop
      vertex -2.5205336560e-01 -1.5577754692e-01 4.6930339512e-02
      vertex -2.3406131121e-01 -1.8607187478e-01 2.4342555486e-02
      vertex -2.2759569005e-01 -1.8204754478e-01 7.1125897605e-02
    endloop
  endfacet
  facet normal -8.095043e-01 -5.387620e-01 -2.333204e-01
    outer loop
      vertex -2.4270509831e-01 -1.5000000000e-01 -9.2705098312e-02
      vertex -2.2759569005e-01 -1.8204754478e-01 -7.1125897605e-02
      vertex -2.5205336560e-01 -1.5577754692e-01 -4.6930339512e-02
    endloop
  endfacet
  facet normal -7.518660e-01 -6.398684e-01 -1.589524e-01
    outer loop
      vertex -2.0813414327e-01 -2.1061393343e-01 -4.8186610692e-02
      vertex -2.3406131121e-01 -1.8607187478e-01 -2.4342555486e-02
      vertex -2.2759569005e-01 -1.8204754478e-01 -7.1125897605e-02
    endloop
  endfacet
  facet normal -8.303865e-01 -5.516422e-01 -7.841715e-02
    outer loop
      vertex -2.5519524251e-01 -1.5771933364e-01 0.0000000000e+00
      vertex -2.5205336560e-01 -1.5577754692e-01 -4.6930339512e-02
      vertex -2.3406131121e-01 -1.8607187478e-01 -2.4342555486e-02
    endloop
  endfacet
  facet normal -7.916792e-01 -5.895786e-01 -1.601287e-01
    outer loop
      vertex -2.2759569005e-01 -1.8204754478e-01 -7.1125897605e-02
      vertex -2.3406131121e-01 -1.8607187478e-01 -2.4342555486e-02
      vertex -2.5205336560e-01 -1.5577754692e-01 -4.6930339512e-02
    endloop
  endfacet
  facet normal -7.232719e-01 -6.858517e-01 8.053079e-02
    outer loop
      vertex -2.0813414327e-01 -2.1061393343e-01 4.8186610692e-02
      vertex -2.3406131121e-01 -1.8607187478e-01 2.4342555486e-02
      vertex -2.1087210915e-01 -2.1338452049e-01 0.0000000000e+00
    endloop
  endfacet
  facet normal -8.017675e-01 -5.976360e-01 0.000000e+00
    outer loop
      vertex -2.5519524251e-01 -1.5771933364e-01 0.0000000000e+00
      vertex -2.3406131121e-01 -1.8607187478e-01 -2.4342555486e-02
      vertex -2.3406131121e-01 -1.8607187478e-01 2.4342555486e-02
    endloop
  endfacet
  facet normal -7.232719e-01 -6.858517e-01 -8.053079e-02
    outer loop
      vertex -2.0813414327e-01 -2.1061393343e-01 -4.8186610692e-02
      vertex -2.1087210915e-01 -2.1338452049e-01 0.0000000000e+00
      vertex -2.3406131121e-01 -1.8607187478e-01 -2.4342555486e-02
    endloop
  endfacet
  facet normal -7.623048e-01 -6.472182e-01 -0.000000e+00
    outer loop
      vertex -2.3406131121e-01 -1.8607187478e-01 2.4342555486e-02
      vertex -2.3406131121e-01 -1.8607187478e-01 -2.4342555486e-02
      vertex -2.1087210915e-01 -2.1338452049e-01 0.0000000000e+00
    endloop
  endfacet
  facet normal -9.957474e-01 -9.212595e-02 0.000000e+00
    outer loop
      vertex -3.0000000000e-01 0.0000000000e+00 0.0000000000e+00
      vertex -2.9630650218e-01 -3.9921331242e-02 -2.4672739584e-02
      vertex -2.9630650218e-01 -3.9921331242e-02 2.4672739584e-02
    endloop
  endfacet
  facet normal -9.712310e-01 -2.237863e-01 -8.142553e-02
    outer loop
      vertex -2.8531695489e-01 -7.8859666818e-02 -4.8737954435e-02
      vertex -2.8915837904e-01 -7.9921410340e-02 0.0000000000e+00
      vertex -2.9630650218e-01 -3.9921331242e-02 -2.4672739584e-02
    endloop
  endfacet
  facet normal -9.712310e-01 -2.237863e-01 8.142553e-02
    outer loop
      vertex -2.8531695489e-01 -7.8859666818e-02 4.8737954435e-02
      vertex -2.9630650218e-01 -3.9921331242e-02 2.4672739584e-02
      vertex -2.8915837904e-01 -7.9921410340e-02 0.0000000000e+00
    endloop
  endfacet
  facet normal -9.844052e-01 -1.759159e-01 0.000000e+00
    outer loop
      vertex -2.9630650218e-01 -3.9921331242e-02 -2.4672739584e-02
      vertex -2.8915837904e-01 -7.9921410340e-02 0.0000000000e+00
      vertex -2.9630650218e-01 -3.9921331242e-02 2.4672739584e-02
    endloop
  endfacet
  facet normal -8.516395e-01 -4.694052e-01 -2.331714e-01
    outer loop
      vertex -2.4270509831e-01 -1.5000000000e-01 -9.2705098312e-02
      vertex -2.5205336560e-01 -1.5577754692e-01 -4.6930339512e-02
      vertex -2.6730195726e-01 -1.1585621568e-01 -7.1603079096e-02
    endloop
  endfacet
  facet normal -8.724736e-01 -4.823363e-01 -7.836719e-02
    outer loop
      vertex -2.5519524251e-01 -1.5771933364e-01 0.0000000000e+00
      vertex -2.7389474788e-01 -1.1988211551e-01 -2.4697074010e-02
      vertex -2.5205336560e-01 -1.5577754692e-01 -4.6930339512e-02
    endloop
  endfacet
  facet normal -9.227974e-01 -3.505871e-01 -1.597927e-01
    outer loop
      vertex -2.8531695489e-01 -7.8859666818e-02 -4.8737954435e-02
      vertex -2.6730195726e-01 -1.1585621568e-01 -7.1603079096e-02
      vertex -2.7389474788e-01 -1.1988211551e-01 -2.4697074010e-02
    endloop
  endfacet
  facet normal -8.843585e-01 -4.378416e-01 -1.618790e-01
    outer loop
      vertex -2.5205336560e-01 -1.5577754692e-01 -4.6930339512e-02
      vertex -2.7389474788e-01 -1.1988211551e-01 -2.4697074010e-02
      vertex -2.6730195726e-01 -1.1585621568e-01 -7.1603079096e-02
    endloop
  endfacet
  facet normal -8.516395e-01 -4.694052e-01 2.331714e-01
    outer loop
      vertex -2.4270509831e-01 -1.5000000000e-01 9.2705098312e-02
      vertex -2.6730195726e-01 -1.1585621568e-01 7.1603079096e-02
      vertex -2.5205336560e-01 -1.5577754692e-01 4.6930339512e-02
    endloop
  endfacet
  facet normal -9.227974e-01 -3.505871e-01 1.597927e-01
    outer loop
      vertex -2.8531695489e-01 -7.8859666818e-02 4.8737954435e-02
      vertex -2.7389474788e-01 -1.1988211551e-01 2.4697074010e-02
      vertex -2.6730195726e-01 -1.1585621568e-01 7.1603079096e-02
    endloop
  endfacet
  facet normal -8.724736e-01 -4.823363e-01 7.836719e-02
    outer loop
      vertex -2.5519524251e-01 -1.5771933364e-01 0.0000000000e+00
      vertex -2.5205336560e-01 -1.5577754692e-01 4.6930339512e-02
      vertex -2.7389474788e-01 -1.1988211551e-01 2.4697074010e-02
    endloop
  endfacet
  facet normal -8.843585e-01 -4.378416e-01 1.618790e-01
    outer loop
      vertex -2.6730195726e-01 -1.1585621568e-01 7.1603079096e-02
      vertex -2.7389474788e-01 -1.1988211551e-01 2.4697074010e-02
      vertex -2.5205336560e-01 -1.5577754692e-01 4.6930339512e-02
    endloop
  endfacet
  facet normal -9.468068e-01 -3.113353e-01 -8.140770e-02
    outer loop
      vertex -2.8531695489e-01 -7.8859666818e-02 -4.8737954435e-02
      vertex -2.7389474788e-01 -1.1988211551e-01 -2.4697074010e-02
      vertex -2.8915837904e-01 -7.9921410340e-02 0.0000000000e+00
    endloop
  endfacet
  facet normal -8.964941e-01 -4.430557e-01 0.000000e+00
    outer loop
      vertex -2.5519524251e-01 -1.5771933364e-01 0.0000000000e+00
      vertex -2.7389474788e-01 -1.1988211551e-01 2.4697074010e-02
      vertex -2.7389474788e-01 -1.1988211551e-01 -2.4697074010e-02
    endloop
  endfacet
  facet normal -9.468068e-01 -3.113353e-01 8.140770e-02
    outer loop
      vertex -2.8531695489e-01 -7.8859666818e-02 4.8737954435e-02
      vertex -2.8915837904e-01 -7.9921410340e-02 0.0000000000e+00
      vertex -2.7389474788e-01 -1.1988211551e-01 2.4697074010e-02
    endloop
  endfacet
  facet normal -9.341724e-01 -3.568221e-01 0.000000e+00
    outer loop
      vertex -2.7389474788e-01 -1.1988211551e-01 -2.4697074010e-02
      vertex -2.7389474788e-01 -1.1988211551e-01 2.4697074010e-02
      vertex -2.8915837904e-01 -7.9921410340e-02 0.0000000000e+00
    endloop
  endfacet
  facet normal -8.026720e-01 0.000000e+00 -5.964207e-01
    outer loop
      vertex -2.5519524251e-01 0.0000000000e+00 -1.5771933364e-01
      vertex -2.3515291273e-01 2.4325888033e-02 -1.8469260626e-01
      vertex -2.3515291273e-01 -2.4325888033e-02 -1.8469260626e-01
    endloop
  endfacet
  facet normal -7.283445e-01 8.054149e-02 -6.804611e-01
    outer loop
      vertex -2.1061393343e-01 4.8186610692e-02 -2.0813414327e-01
      vertex -2.1338452049e-01 0.0000000000e+00 -2.1087210915e-01
      vertex -2.3515291273e-01 2.4325888033e-02 -1.8469260626e-01
    endloop
  endfacet
  facet normal -7.283445e-01 -8.054149e-02 -6.804611e-01
    outer loop
      vertex -2.1061393343e-01 -4.8186610692e-02 -2.0813414327e-01
      vertex -2.3515291273e-01 -2.4325888033e-02 -1.8469260626e-01
      vertex -2.1338452049e-01 0.0000000000e+00 -2.1087210915e-01
    endloop
  endfacet
  facet normal -7.689122e-01 -0.000000e+00 -6.393544e-01
    outer loop
      vertex -2.3515291273e-01 2.4325888033e-02 -1.8469260626e-01
      vertex -2.1338452049e-01 0.0000000000e+00 -2.1087210915e-01
      vertex -2.3515291273e-01 -2.4325888033e-02 -1.8469260626e-01
    endloop
  endfacet
  facet normal -5.387620e-01 2.333204e-01 -8.095043e-01
    outer loop
      vertex -1.5000000000e-01 9.2705098312e-02 -2.4270509831e-01
      vertex -1.5577754692e-01 4.6930339512e-02 -2.5205336560e-01
      vertex -1.8204754478e-01 7.1125897605e-02 -2.2759569005e-01
    endloop
  endfacet
  facet normal -5.516422e-01 7.841715e-02 -8.303865e-01
    outer loop
      vertex -1.5771933364e-01 0.0000000000e+00 -2.5519524251e-01
      vertex -1.8607187478e-01 2.4342555486e-02 -2.3406131121e-01
      vertex -1.5577754692e-01 4.6930339512e-02 -2.5205336560e-01
    endloop
  endfacet
  facet normal -6.398684e-01 1.589524e-01 -7.518660e-01
    outer loop
      vertex -2.1061393343e-01 4.8186610692e-02 -2.0813414327e-01
      vertex -1.8204754478e-01 7.1125897605e-02 -2.2759569005e-01
      vertex -1.8607187478e-01 2.4342555486e-02 -2.3406131121e-01
    endloop
  endfacet
  facet normal -5.895786e-01 1.601287e-01 -7.916792e-01
    outer loop
      vertex -1.5577754692e-01 4.6930339512e-02 -2.5205336560e-01
      vertex -1.8607187478e-01 2.4342555486e-02 -2.3406131121e-01
      vertex -1.8204754478e-01 7.1125897605e-02 -2.2759569005e-01
    endloop
  endfacet
  facet normal -5.387620e-01 -2.333204e-01 -8.095043e-01
    outer loop
      vertex -1.5000000000e-01 -9.2705098312e-02 -2.4270509831e-01
      vertex -1.8204754478e-01 -7.1125897605e-02 -2.2759569005e-01
      vertex -1.5577754692e-01 -4.6930339512e-02 -2.5205336560e-01
    endloop
  endfacet
  facet normal -6.398684e-01 -1.589524e-01 -7.518660e-01
    outer loop
      vertex -2.1061393343e-01 -4.8186610692e-02 -2.0813414327e-01
      vertex -1.8607187478e-01 -2.4342555486e-02 -2.3406131121e-01
      vertex -1.8204754478e-01 -7.1125897605e-02 -2.2759569005e-01
    endloop
  endfacet
  facet normal -5.516422e-01 -7.841715e-02 -8.303865e-01
    outer loop
      vertex -1.5771933364e-01 0.0000000000e+00 -2.5519524251e-01
      vertex -1.5577754692e-01 -4.6930339512e-02 -2.5205336560e-01
      vertex -1.8607187478e-01 -2.4342555486e-02 -2.3406131121e-01
    endloop
  endfacet
  facet normal -5.895786e-01 -1.601287e-01 -7.916792e-01
    outer loop
      vertex -1.8204754478e-01 -7.1125897605e-02 -2.2759569005e-01
      vertex -1.8607187478e-01 -2.4342555486e-02 -2.3406131121e-01
      vertex -1.5577754692e-01 -4.6930339512e-02 -2.5205336560e-01
    endloop
  endfacet
  facet normal -6.858517e-01 8.053079e-02 -7.232719e-01
    outer loop
      vertex -2.1061393343e-01 4.8186610692e-02 -2.0813414327e-01
      vertex -1.8607187478e-01 2.4342555486e-02 -2.3406131121e-01
      vertex -2.1338452049e-01 0.0000000000e+00 -2.1087210915e-01
    endloop
  endfacet
  facet normal -5.976360e-01 0.000000e+00 -8.017675e-01
    outer loop
      vertex -1.5771933364e-01 0.0000000000e+00 -2.5519524251e-01
      vertex -1.8607187478e-01 -2.4342555486e-02 -2.3406131121e-01
      vertex -1.8607187478e-01 2.4342555486e-02 -2.3406131121e-01
    endloop
  endfacet
  facet normal -6.858517e-01 -8.053079e-02 -7.232719e-01
    outer loop
      vertex -2.1061393343e-01 -4.8186610692e-02 -2.0813414327e-01
      vertex -2.1338452049e-01 0.0000000000e+00 -2.1087210915e-01
      vertex -1.8607187478e-01 -2.4342555486e-02 -2.3406131121e-01
    endloop
  endfacet
  facet normal -6.472182e-01 -0.000000e+00 -7.623048e-01
    outer loop
      vertex -1.8607187478e-01 2.4342555486e-02 -2.3406131121e-01
      vertex -1.8607187478e-01 -2.4342555486e-02 -2.3406131121e-01
      vertex -2.1338452049e-01 0.0000000000e+00 -2.1087210915e-01
    endloop
  endfacet
  facet normal -5.017104e-02 4.650712e-01 -8.838505e-01
    outer loop
      vertex 0.0000000000e+00 1.5771933364e-01 -2.5519524251e-01
      vertex 0.0000000000e+00 1.2100660459e-01 -2.7451302637e-01
      vertex -3.9360113644e-02 1.4533249262e-01 -2.5947880076e-01
    endloop
  endfacet
  facet normal -5.000027e-02 3.386983e-01 -9.395655e-01
    outer loop
      vertex 0.0000000000e+00 8.1979958674e-02 -2.8858150734e-01
      vertex -3.9496611406e-02 1.0746863805e-01 -2.7729138018e-01
      vertex 0.0000000000e+00 1.2100660459e-01 -2.7451302637e-01
    endloop
  endfacet
  facet normal -1.803191e-01 4.192398e-01 -8.897882e-01
    outer loop
      vertex -7.7967573902e-02 1.3016656937e-01 -2.5880054412e-01
      vertex -3.9360113644e-02 1.4533249262e-01 -2.5947880076e-01
      vertex -3.9496611406e-02 1.0746863805e-01 -2.7729138018e-01
    endloop
  endfacet
  facet normal -8.207030e-02 4.244916e-01 -9.017047e-01
    outer loop
      vertex 0.0000000000e+00 1.2100660459e-01 -2.7451302637e-01
      vertex -3.9496611406e-02 1.0746863805e-01 -2.7729138018e-01
      vertex -3.9360113644e-02 1.4533249262e-01 -2.5947880076e-01
    endloop
  endfacet
  facet normal -4.950537e-02 6.905681e-02 -9.963836e-01
    outer loop
      vertex 0.0000000000e+00 0.0000000000e+00 -3.0000000000e-01
      vertex -3.9921331242e-02 2.4672739584e-02 -2.9630650218e-01
      vertex 0.0000000000e+00 4.1385672638e-02 -2.9713166459e-01
    endloop
  endfacet
  facet normal -1.812856e-01 1.504758e-01 -9.718501e-01
    outer loop
      vertex -7.8859666818e-02 4.8737954435e-02 -2.8531695489e-01
      vertex -3.9837743048e-02 6.6035108242e-02 -2.8991777922e-01
      vertex -3.9921331242e-02 2.4672739584e-02 -2.9630650218e-01
    endloop
  endfacet
  facet normal -4.960764e-02 2.058489e-01 -9.773256e-01
    outer loop
      vertex 0.0000000000e+00 8.1979958674e-02 -2.8858150734e-01
      vertex 0.0000000000e+00 4.1385672638e-02 -2.9713166459e-01
      vertex -3.9837743048e-02 6.6035108242e-02 -2.8991777922e-01
    endloop
  endfacet
  facet normal -8.410292e-02 1.522724e-01 -9.847537e-01
    outer loop
      vertex -3.9921331242e-02 2.4672739584e-02 -2.9630650218e-01
      vertex -3.9837743048e-02 6.6035108242e-02 -2.8991777922e-01
      vertex 0.0000000000e+00 4.1385672638e-02 -2.9713166459e-01
    endloop
  endfacet
  facet normal -4.270257e-01 3.023772e-01 -8.521837e-01
    outer loop
      vertex -1.5000000000e-01 9.2705098312e-02 -2.4270509831e-01
      vertex -1.1508411981e-01 1.1251157024e-01 -2.5317344239e-01
      vertex -1.1585621568e-01 7.1603079096e-02 -2.6730195726e-01
    endloop
  endfacet
  facet normal -3.067980e-01 3.648012e-01 -8.790876e-01
    outer loop
      vertex -7.7967573902e-02 1.3016656937e-01 -2.5880054412e-01
      vertex -7.9224825198e-02 9.0377663728e-02 -2.7487325256e-01
      vertex -1.1508411981e-01 1.1251157024e-01 -2.5317344239e-01
    endloop
  endfacet
  facet normal -3.081672e-01 2.288929e-01 -9.233856e-01
    outer loop
      vertex -7.8859666818e-02 4.8737954435e-02 -2.8531695489e-01
      vertex -1.1585621568e-01 7.1603079096e-02 -2.6730195726e-01
      vertex -7.9224825198e-02 9.0377663728e-02 -2.7487325256e-01
    endloop
  endfacet
  facet normal -3.431966e-01 3.124011e-01 -8.857887e-01
    outer loop
      vertex -1.1508411981e-01 1.1251157024e-01 -2.5317344239e-01
      vertex -7.9224825198e-02 9.0377663728e-02 -2.7487325256e-01
      vertex -1.1585621568e-01 7.1603079096e-02 -2.6730195726e-01
    endloop
  endfacet
  facet normal -8.454536e-02 2.910970e-01 -9.529505e-01
    outer loop
      vertex 0.0000000000e+00 8.1979958674e-02 -2.8858150734e-01
      vertex -3.9837743048e-02 6.6035108242e-02 -2.8991777922e-01
      vertex -3.9496611406e-02 1.0746863805e-01 -2.7729138018e-01
    endloop
  endfacet
  facet normal -2.162041e-01 2.357379e-01 -9.474616e-01
    outer loop
      vertex -7.8859666818e-02 4.8737954435e-02 -2.8531695489e-01
      vertex -7.9224825198e-02 9.0377663728e-02 -2.7487325256e-01
      vertex -3.9837743048e-02 6.6035108242e-02 -2.8991777922e-01
    endloop
  endfacet
  facet normal -2.148469e-01 3.716277e-01 -9.031797e-01
    outer loop
      vertex -7.7967573902e-02 1.3016656937e-01 -2.5880054412e-01
      vertex -3.9496611406e-02 1.0746863805e-01 -2.7729138018e-01
      vertex -7.9224825198e-02 9.0377663728e-02 -2.7487325256e-01
    endloop
  endfacet
  facet normal -1.811510e-01 2.880454e-01 -9.403266e-01
    outer loop
      vertex -3.9837743048e-02 6.6035108242e-02 -2.8991777922e-01
      vertex -7.9224825198e-02 9.0377663728e-02 -2.7487325256e-01
      vertex -3.9496611406e-02 1.0746863805e-01 -2.7729138018e-01
    endloop
  endfacet
  facet normal -5.017104e-02 -4.650712e-01 -8.838505e-01
    outer loop
      vertex 0.0000000000e+00 -1.5771933364e-01 -2.5519524251e-01
      vertex -3.9360113644e-02 -1.4533249262e-01 -2.5947880076e-01
      vertex 0.0000000000e+00 -1.2100660459e-01 -2.7451302637e-01
    endloop
  endfacet
  facet normal -1.803191e-01 -4.192398e-01 -8.897882e-01
    outer loop
      vertex -7.7967573902e-02 -1.3016656937e-01 -2.5880054412e-01
      vertex -3.9496611406e-02 -1.0746863805e-01 -2.7729138018e-01
      vertex -3.9360113644e-02 -1.4533249262e-01 -2.5947880076e-01
    endloop
  endfacet
  facet normal -5.000027e-02 -3.386983e-01 -9.395655e-01
    outer loop
      vertex 0.0000000000e+00 -8.1979958674e-02 -2.8858150734e-01
      vertex 0.0000000000e+00 -1.2100660459e-01 -2.7451302637e-01
      vertex -3.9496611406e-02 -1.0746863805e-01 -2.7729138018e-01
    endloop
  endfacet
  facet normal -8.207030e-02 -4.244916e-01 -9.017047e-01
    outer loop
      vertex -3.9360113644e-02 -1.4533249262e-01 -2.5947880076e-01
      vertex -3.9496611406e-02 -1.0746863805e-01 -2.7729138018e-01
      vertex 0.0000000000e+00 -1.2100660459e-01 -2.7451302637e-01
    endloop
  endfacet
  facet normal -4.270257e-01 -3.023772e-01 -8.521837e-01
    outer loop
      vertex -1.5000000000e-01 -9.2705098312e-02 -2.4270509831e-01
      vertex -1.1585621568e-01 -7.1603079096e-02 -2.6730195726e-01
      vertex -1.1508411981e-01 -1.1251157024e-01 -2.5317344239e-01
    endloop
  endfacet
  facet normal -3.081672e-01 -2.288929e-01 -9.233856e-01
    outer loop
      vertex -7.8859666818e-02 -4.8737954435e-02 -2.8531695489e-01
      vertex -7.9224825198e-02 -9.0377663728e-02 -2.7487325256e-01
      vertex -1.1585621568e-01 -7.1603079096e-02 -2.6730195726e-01
    endloop
  endfacet
  facet normal -3.067980e-01 -3.648012e-01 -8.790876e-01
    outer loop
      vertex -7.7967573902e-02 -1.3016656937e-01 -2.5880054412e-01
      vertex -1.1508411981e-01 -1.1251157024e-01 -2.5317344239e-01
      vertex -7.9224825198e-02 -9.0377663728e-02 -2.7487325256e-01
    endloop
  endfacet
  facet normal -3.431966e-01 -3.124011e-01 -8.857887e-01
    outer loop
      vertex -1.1585621568e-01 -7.1603079096e-02 -2.6730195726e-01
      vertex -7.9224825198e-02 -9.0377663728e-02 -2.7487325256e-01
      vertex -1.1508411981e-01 -1.1251157024e-01 -2.5317344239e-01
    endloop
  endfacet
  facet normal -4.950537e-02 -6.905681e-02 -9.963836e-01
    outer loop
      vertex 0.0000000000e+00 0.0000000000e+00 -3.0000000000e-01
      vertex 0.0000000000e+00 -4.1385672638e-02 -2.9713166459e-01
      vertex -3.9921331242e-02 -2.4672739584e-02 -2.9630650218e-01
    endloop
  endfacet
  facet normal -4.960764e-02 -2.058489e-01 -9.773256e-01
    outer loop
      vertex 0.0000000000e+00 -8.1979958674e-02 -2.8858150734e-01
      vertex -3.9837743048e-02 -6.6035108242e-02 -2.8991777922e-01
      vertex 0.0000000000e+00 -4.1385672638e-02 -2.9713166459e-01
    endloop
  endfacet
  facet normal -1.812856e-01 -1.504758e-01 -9.718501e-01
    outer loop
      vertex -7.8859666818e-02 -4.8737954435e-02 -2.8531695489e-01
      vertex -3.9921331242e-02 -2.4672739584e-02 -2.9630650218e-01
      vertex -3.9837743048e-02 -6.6035108242e-02 -2.8991777922e-01
    endloop
  endfacet
  facet normal -8.410292e-02 -1.522724e-01 -9.847537e-01
    outer loop
      vertex 0.0000000000e+00 -4.1385672638e-02 -2.9713166459e-01
      vertex -3.9837743048e-02 -6.6035108242e-02 -2.8991777922e-01
      vertex -3.9921331242e-02 -2.4672739584e-02 -2.9630650218e-01
    endloop
  endfacet
  facet normal -2.148469e-01 -3.716277e-01 -9.031797e-01
    outer loop
      vertex -7.7967573902e-02 -1.3016656937e-01 -2.5880054412e-01
      vertex -7.9224825198e-02 -9.0377663728e-02 -2.7487325256e-01
      vertex -3.9496611406e-02 -1.0746863805e-01 -2.7729138018e-01
    endloop
  endfacet
  facet normal -2.162041e-01 -2.357379e-01 -9.474616e-01
    outer loop
      vertex -7.8859666818e-02 -4.8737954435e-02 -2.8531695489e-01
      vertex -3.9837743048e-02 -6.6035108242e-02 -2.8991777922e-01
      vertex -7.9224825198e-02 -9.0377663728e-02 -2.7487325256e-01
    endloop
  endfacet
  facet normal -8.454536e-02 -2.910970e-01 -9.529505e-01
    outer loop
      vertex 0.0000000000e+00 -8.1979958674e-02 -2.8858150734e-01
      vertex -3.9496611406e-02 -1.0746863805e-01 -2.7729138018e-01
      vertex -3.9837743048e-02 -6.6035108242e-02 -2.8991777922e-01
    endloop
  endfacet
  facet normal -1.811510e-01 -2.880454e-01 -9.403266e-01
    outer loop
      vertex -7.9224825198e-02 -9.0377663728e-02 -2.7487325256e-01
      vertex -3.9837743048e-02 -6.6035108242e-02 -2.8991777922e-01
      vertex -3.9496611406e-02 -1.0746863805e-01 -2.7729138018e-01
    endloop
  endfacet
  facet normal -4.694052e-01 2.331714e-01 -8.516395e-01
    outer loop
      vertex -1.5000000000e-01 9.2705098312e-02 -2.4270509831e-01
      vertex -1.1585621568e-01 7.1603079096e-02 -2.6730195726e-01
      vertex -1.5577754692e-01 4.6930339512e-02 -2.5205336560e-01
    endloop
  endfacet
  facet normal -3.505871e-01 1.597927e-01 -9.227974e-01
    outer loop
      vertex -7.8859666818e-02 4.8737954435e-02 -2.8531695489e-01
      vertex -1.1988211551e-01 2.4697074010e-02 -2.7389474788e-01
      vertex -1.1585621568e-01 7.1603079096e-02 -2.6730195726e-01
    endloop
  endfacet
  facet normal -4.823363e-01 7.836719e-02 -8.724736e-01
    outer loop
      vertex -1.5771933364e-01 0.0000000000e+00 -2.5519524251e-01
      vertex -1.5577754692e-01 4.6930339512e-02 -2.5205336560e-01
      vertex -1.1988211551e-01 2.4697074010e-02 -2.7389474788e-01
    endloop
  endfacet
  facet normal -4.378416e-01 1.618790e-01 -8.843585e-01
    outer loop
      vertex -1.1585621568e-01 7.1603079096e-02 -2.6730195726e-01
      vertex -1.1988211551e-01 2.4697074010e-02 -2.7389474788e-01
      vertex -1.5577754692e-01 4.6930339512e-02 -2.5205336560e-01
    endloop
  endfacet
  facet normal -9.212595e-02 0.000000e+00 -9.957474e-01
    outer loop
      vertex 0.0000000000e+00 0.0000000000e+00 -3.0000000000e-01
      vertex -3.9921331242e-02 -2.4672739584e-02 -2.9630650218e-01
      vertex -3.9921331242e-02 2.4672739584e-02 -2.9630650218e-01
    endloop
  endfacet
  facet normal -2.237863e-01 -8.142553e-02 -9.712310e-01
    outer loop
      vertex -7.8859666818e-02 -4.8737954435e-02 -2.8531695489e-01
      vertex -7.9921410340e-02 0.0000000000e+00 -2.8915837904e-01
      vertex -3.9921331242e-02 -2.4672739584e-02 -2.9630650218e-01
    endloop
  endfacet
  facet normal -2.237863e-01 8.142553e-02 -9.712310e-01
    outer loop
      vertex -7.8859666818e-02 4.8737954435e-02 -2.8531695489e-01
      vertex -3.9921331242e-02 2.4672739584e-02 -2.9630650218e-01
      vertex -7.9921410340e-02 0.0000000000e+00 -2.8915837904e-01
    endloop
  endfacet
  facet normal -1.759159e-01 0.000000e+00 -9.844052e-01
    outer loop
      vertex -3.9921331242e-02 -2.4672739584e-02 -2.9630650218e-01
      vertex -7.9921410340e-02 0.0000000000e+00 -2.8915837904e-01
      vertex -3.9921331242e-02 2.4672739584e-02 -2.9630650218e-01
    endloop
  endfacet
  facet normal -4.694052e-01 -2.331714e-01 -8.516395e-01
    outer loop
      vertex -1.5000000000e-01 -9.2705098312e-02 -2.4270509831e-01
      vertex -1.5577754692e-01 -4.6930339512e-02 -2.5205336560e-01
      vertex -1.1585621568e-01 -7.1603079096e-02 -2.6730195726e-01
    endloop
  endfacet
  facet normal -4.823363e-01 -7.836719e-02 -8.724736e-01
    outer loop
      vertex -1.5771933364e-01 0.0000000000e+00 -2.5519524251e-01
      vertex -1.1988211551e-01 -2.4697074010e-02 -2.7389474788e-01
      vertex -1.5577754692e-01 -4.6930339512e-02 -2.5205336560e-01
    endloop
  endfacet
  facet normal -3.505871e-01 -1.597927e-01 -9.227974e-01
    outer loop
      vertex -7.8859666818e-02 -4.8737954435e-02 -2.8531695489e-01
      vertex -1.1585621568e-01 -7.1603079096e-02 -2.6730195726e-01
      vertex -1.1988211551e-01 -2.4697074010e-02 -2.7389474788e-01
    endloop
  endfacet
  facet normal -4.378416e-01 -1.618790e-01 -8.843585e-01
    outer loop
      vertex -1.5577754692e-01 -4.6930339512e-02 -2.5205336560e-01
      vertex -1.1988211551e-01 -2.4697074010e-02 -2.7389474788e-01
      vertex -1.1585621568e-01 -7.1603079096e-02 -2.6730195726e-01
    endloop
  endfacet
  facet normal -3.113353e-01 8.140770e-02 -9.468068e-01
    outer loop
      vertex -7.8859666818e-02 4.8737954435e-02 -2.8531695489e-01
      vertex -7.9921410340e-02 0.0000000000e+00 -2.8915837904e-01
      vertex -1.1988211551e-01 2.4697074010e-02 -2.7389474788e-01
    endloop
  endfacet
  facet normal -3.113353e-01 -8.140770e-02 -9.468068e-01
    outer loop
      vertex -7.8859666818e-02 -4.8737954435e-02 -2.8531695489e-01
      vertex -1.1988211551e-01 -2.4697074010e-02 -2.7389474788e-01
      vertex -7.9921410340e-02 0.0000000000e+00 -2.8915837904e-01
    endloop
  endfacet
  facet normal -4.430557e-01 0.000000e+00 -8.964941e-01
    outer loop
      vertex -1.5771933364e-01 0.0000000000e+00 -2.5519524251e-01
      vertex -1.1988211551e-01 2.4697074010e-02 -2.7389474788e-01
      vertex -1.1988211551e-01 -2.4697074010e-02 -2.7389474788e-01
    endloop
  endfacet
  facet normal -3.568221e-01 0.000000e+00 -9.341724e-01
    outer loop
      vertex -7.9921410340e-02 0.0000000000e+00 -2.8915837904e-01
      vertex -1.1988211551e-01 -2.4697074010e-02 -2.7389474788e-01
      vertex -1.1988211551e-01 2.4697074010e-02 -2.7389474788e-01
    endloop
  endfacet
  facet normal 8.117845e-02 5.462496e-01 -8.336794e-01
    outer loop
      vertex 0.0000000000e+00 1.5771933364e-01 -2.5519524251e-01
      vertex 2.4325888033e-02 1.8469260626e-01 -2.3515291273e-01
      vertex 3.9360113644e-02 1.4533249262e-01 -2.5947880076e-01
    endloop
  endfacet
  facet normal 1.614436e-01 6.304608e-01 -7.592464e-01
    outer loop
      vertex 4.8186610692e-02 2.0813414327e-01 -2.1061393343e-01
      vertex 6.3906859695e-02 1.7137549774e-01 -2.3779476878e-01
      vertex 2.4325888033e-02 1.8469260626e-01 -2.3515291273e-01
    endloop
  endfacet
  facet normal 2.112210e-01 5.001420e-01 -8.397879e-01
    outer loop
      vertex 7.7967573902e-02 1.3016656937e-01 -2.5880054412e-01
      vertex 3.9360113644e-02 1.4533249262e-01 -2.5947880076e-01
      vertex 6.3906859695e-02 1.7137549774e-01 -2.3779476878e-01
    endloop
  endfacet
  facet normal 1.327925e-01 5.572841e-01 -8.196344e-01
    outer loop
      vertex 2.4325888033e-02 1.8469260626e-01 -2.3515291273e-01
      vertex 6.3906859695e-02 1.7137549774e-01 -2.3779476878e-01
      vertex 3.9360113644e-02 1.4533249262e-01 -2.5947880076e-01
    endloop
  endfacet
  facet normal 3.134218e-01 7.599989e-01 -5.693580e-01
    outer loop
      vertex 9.2705098312e-02 2.4270509831e-01 -1.5000000000e-01
      vertex 1.1152441034e-01 2.1213203436e-01 -1.8045028650e-01
      vertex 7.1125897605e-02 2.2759569005e-01 -1.8204754478e-01
    endloop
  endfacet
  facet normal 3.717435e-01 6.491008e-01 -6.636828e-01
    outer loop
      vertex 1.2759762125e-01 1.7633557569e-01 -2.0645728807e-01
      vertex 8.8801377773e-02 1.9422356816e-01 -2.1069295402e-01
      vertex 1.1152441034e-01 2.1213203436e-01 -1.8045028650e-01
    endloop
  endfacet
  facet normal 2.392192e-01 7.022584e-01 -6.705276e-01
    outer loop
      vertex 4.8186610692e-02 2.0813414327e-01 -2.1061393343e-01
      vertex 7.1125897605e-02 2.2759569005e-01 -1.8204754478e-01
      vertex 8.8801377773e-02 1.9422356816e-01 -2.1069295402e-01
    endloop
  endfacet
  facet normal 2.962101e-01 7.075762e-01 -6.415571e-01
    outer loop
      vertex 1.1152441034e-01 2.1213203436e-01 -1.8045028650e-01
      vertex 8.8801377773e-02 1.9422356816e-01 -2.1069295402e-01
      vertex 7.1125897605e-02 2.2759569005e-01 -1.8204754478e-01
    endloop
  endfacet
  facet normal 4.576217e-01 3.824786e-01 -8.026783e-01
    outer loop
      vertex 1.5000000000e-01 9.2705098312e-02 -2.4270509831e-01
      vertex 1.1508411981e-01 1.1251157024e-01 -2.5317344239e-01
      vertex 1.4052895526e-01 1.3619714992e-01 -2.2738062601e-01
    endloop
  endfacet
  facet normal 3.374572e-01 4.450681e-01 -8.294800e-01
    outer loop
      vertex 7.7967573902e-02 1.3016656937e-01 -2.5880054412e-01
      vertex 1.0384590444e-01 1.5483648602e-01 -2.3503550951e-01
      vertex 1.1508411981e-01 1.1251157024e-01 -2.5317344239e-01
    endloop
  endfacet
  facet normal 4.202079e-01 5.222192e-01 -7.421000e-01
    outer loop
      vertex 1.2759762125e-01 1.7633557569e-01 -2.0645728807e-01
      vertex 1.4052895526e-01 1.3619714992e-01 -2.2738062601e-01
      vertex 1.0384590444e-01 1.5483648602e-01 -2.3503550951e-01
    endloop
  endfacet
  facet normal 3.951751e-01 4.484825e-01 -8.016858e-01
    outer loop
      vertex 1.1508411981e-01 1.1251157024e-01 -2.5317344239e-01
      vertex 1.0384590444e-01 1.5483648602e-01 -2.3503550951e-01
      vertex 1.4052895526e-01 1.3619714992e-01 -2.2738062601e-01
    endloop
  endfacet
  facet normal 2.173281e-01 6.387266e-01 -7.381036e-01
    outer loop
      vertex 4.8186610692e-02 2.0813414327e-01 -2.1061393343e-01
      vertex 8.8801377773e-02 1.9422356816e-01 -2.1069295402e-01
      vertex 6.3906859695e-02 1.7137549774e-01 -2.3779476878e-01
    endloop
  endfacet
  facet normal 3.498255e-01 5.855635e-01 -7.312575e-01
    outer loop
      vertex 1.2759762125e-01 1.7633557569e-01 -2.0645728807e-01
      vertex 1.0384590444e-01 1.5483648602e-01 -2.3503550951e-01
      vertex 8.8801377773e-02 1.9422356816e-01 -2.1069295402e-01
    endloop
  endfacet
  facet normal 2.670988e-01 5.084250e-01 -8.186344e-01
    outer loop
      vertex 7.7967573902e-02 1.3016656937e-01 -2.5880054412e-01
      vertex 6.3906859695e-02 1.7137549774e-01 -2.3779476878e-01
      vertex 1.0384590444e-01 1.5483648602e-01 -2.3503550951e-01
    endloop
  endfacet
  facet normal 2.931085e-01 5.811538e-01 -7.591756e-01
    outer loop
      vertex 8.8801377773e-02 1.9422356816e-01 -2.1069295402e-01
      vertex 1.0384590444e-01 1.5483648602e-01 -2.3503550951e-01
      vertex 6.3906859695e-02 1.7137549774e-01 -2.3779476878e-01
    endloop
  endfacet
  facet normal 5.462496e-01 8.336794e-01 -8.117845e-02
    outer loop
      vertex 1.5771933364e-01 2.5519524251e-01 0.0000000000e+00
      vertex 1.8469260626e-01 2.3515291273e-01 -2.4325888033e-02
      vertex 1.4533249262e-01 2.5947880076e-01 -3.9360113644e-02
    endloop
  endfacet
  facet normal 6.304608e-01 7.592464e-01 -1.614436e-01
    outer loop
      vertex 2.0813414327e-01 2.1061393343e-01 -4.8186610692e-02
      vertex 1.7137549774e-01 2.3779476878e-01 -6.3906859695e-02
      vertex 1.8469260626e-01 2.3515291273e-01 -2.4325888033e-02
    endloop
  endfacet
  facet normal 5.001420e-01 8.397879e-01 -2.112210e-01
    outer loop
      vertex 1.3016656937e-01 2.5880054412e-01 -7.7967573902e-02
      vertex 1.4533249262e-01 2.5947880076e-01 -3.9360113644e-02
      vertex 1.7137549774e-01 2.3779476878e-01 -6.3906859695e-02
    endloop
  endfacet
  facet normal 5.572841e-01 8.196344e-01 -1.327925e-01
    outer loop
      vertex 1.8469260626e-01 2.3515291273e-01 -2.4325888033e-02
      vertex 1.7137549774e-01 2.3779476878e-01 -6.3906859695e-02
      vertex 1.4533249262e-01 2.5947880076e-01 -3.9360113644e-02
    endloop
  endfacet
  facet normal 7.599989e-01 5.693580e-01 -3.134218e-01
    outer loop
      vertex 2.4270509831e-01 1.5000000000e-01 -9.2705098312e-02
      vertex 2.1213203436e-01 1.8045028650e-01 -1.1152441034e-01
      vertex 2.2759569005e-01 1.8204754478e-01 -7.1125897605e-02
    endloop
  endfacet
  facet normal 6.491008e-01 6.636828e-01 -3.717435e-01
    outer loop
      vertex 1.7633557569e-01 2.0645728807e-01 -1.2759762125e-01
      vertex 1.9422356816e-01 2.1069295402e-01 -8.8801377773e-02
      vertex 2.1213203436e-01 1.8045028650e-01 -1.1152441034e-01
    endloop
  endfacet
  facet normal 7.022584e-01 6.705276e-01 -2.392192e-01
    outer loop
      vertex 2.0813414327e-01 2.1061393343e-01 -4.8186610692e-02
      vertex 2.2759569005e-01 1.8204754478e-01 -7.1125897605e-02
      vertex 1.9422356816e-01 2.1069295402e-01 -8.8801377773e-02
    endloop
  endfacet
  facet normal 7.075762e-01 6.415571e-01 -2.962101e-01
    outer loop
      vertex 2.1213203436e-01 1.8045028650e-01 -1.1152441034e-01
      vertex 1.9422356816e-01 2.1069295402e-01 -8.8801377773e-02
      vertex 2.2759569005e-01 1.8204754478e-01 -7.1125897605e-02
    endloop
  endfacet
  facet normal 3.824786e-01 8.026783e-01 -4.576217e-01
    outer loop
      vertex 9.2705098312e-02 2.4270509831e-01 -1.5000000000e-01
      vertex 1.1251157024e-01 2.5317344239e-01 -1.1508411981e-01
      vertex 1.3619714992e-01 2.2738062601e-01 -1.4052895526e-01
    endloop
  endfacet
  facet normal 4.450681e-01 8.294800e-01 -3.374572e-01
    outer loop
      vertex 1.3016656937e-01 2.5880054412e-01 -7.7967573902e-02
      vertex 1.5483648602e-01 2.3503550951e-01 -1.0384590444e-01
      vertex 1.1251157024e-01 2.5317344239e-01 -1.1508411981e-01
    endloop
  endfacet
  facet normal 5.222192e-01 7.421000e-01 -4.202079e-01
    outer loop
      vertex 1.7633557569e-01 2.0645728807e-01 -1.2759762125e-01
      vertex 1.3619714992e-01 2.2738062601e-01 -1.4052895526e-01
      vertex 1.5483648602e-01 2.3503550951e-01 -1.0384590444e-01
    endloop
  endfacet
  facet normal 4.484825e-01 8.016858e-01 -3.951751e-01
    outer loop
      vertex 1.1251157024e-01 2.5317344239e-01 -1.1508411981e-01
      vertex 1.5483648602e-01 2.3503550951e-01 -1.0384590444e-01
      vertex 1.3619714992e-01 2.2738062601e-01 -1.4052895526e-01
    endloop
  endfacet
  facet normal 6.387266e-01 7.381036e-01 -2.173281e-01
    outer loop
      vertex 2.0813414327e-01 2.1061393343e-01 -4.8186610692e-02
      vertex 1.9422356816e-01 2.1069295402e-01 -8.8801377773e-02
      vertex 1.7137549774e-01 2.3779476878e-01 -6.3906859695e-02
    endloop
  endfacet
  facet normal 5.855635e-01 7.312575e-01 -3.498255e-01
    outer loop
      vertex 1.7633557569e-01 2.0645728807e-01 -1.2759762125e-01
      vertex 1.5483648602e-01 2.3503550951e-01 -1.0384590444e-01
      vertex 1.9422356816e-01 2.1069295402e-01 -8.8801377773e-02
    endloop
  endfacet
  facet normal 5.084250e-01 8.186344e-01 -2.670988e-01
    outer loop
      vertex 1.3016656937e-01 2.5880054412e-01 -7.7967573902e-02
      vertex 1.7137549774e-01 2.3779476878e-01 -6.3906859695e-02
      vertex 1.5483648602e-01 2.3503550951e-01 -1.0384590444e-01
    endloop
  endfacet
  facet normal 5.811538e-01 7.591756e-01 -2.931085e-01
    outer loop
      vertex 1.9422356816e-01 2.1069295402e-01 -8.8801377773e-02
      vertex 1.5483648602e-01 2.3503550951e-01 -1.0384590444e-01
      vertex 1.7137549774e-01 2.3779476878e-01 -6.3906859695e-02
    endloop
  endfacet
  facet normal 8.336794e-01 8.117845e-02 -5.462496e-01
    outer loop
      vertex 2.5519524251e-01 0.0000000000e+00 -1.5771933364e-01
      vertex 2.3515291273e-01 2.4325888033e-02 -1.8469260626e-01
      vertex 2.5947880076e-01 3.9360113644e-02 -1.4533249262e-01
    endloop
  endfacet
  facet normal 7.592464e-01 1.614436e-01 -6.304608e-01
    outer loop
      vertex 2.1061393343e-01 4.8186610692e-02 -2.0813414327e-01
      vertex 2.3779476878e-01 6.3906859695e-02 -1.7137549774e-01
      vertex 2.3515291273e-01 2.4325888033e-02 -1.8469260626e-01
    endloop
  endfacet
  facet normal 8.397879e-01 2.112210e-01 -5.001420e-01
    outer loop
      vertex 2.5880054412e-01 7.7967573902e-02 -1.3016656937e-01
      vertex 2.5947880076e-01 3.9360113644e-02 -1.4533249262e-01
      vertex 2.3779476878e-01 6.3906859695e-02 -1.7137549774e-01
    endloop
  endfacet
  facet normal 8.196344e-01 1.327925e-01 -5.572841e-01
    outer loop
      vertex 2.3515291273e-01 2.4325888033e-02 -1.8469260626e-01
      vertex 2.3779476878e-01 6.3906859695e-02 -1.7137549774e-01
      vertex 2.5947880076e-01 3.9360113644e-02 -1.4533249262e-01
    endloop
  endfacet
  facet normal 5.693580e-01 3.134218e-01 -7.599989e-01
    outer loop
      vertex 1.5000000000e-01 9.2705098312e-02 -2.4270509831e-01
      vertex 1.8045028650e-01 1.1152441034e-01 -2.1213203436e-01
      vertex 1.8204754478e-01 7.1125897605e-02 -2.2759569005e-01
    endloop
  endfacet
  facet normal 6.636828e-01 3.717435e-01 -6.491008e-01
    outer loop
      vertex 2.0645728807e-01 1.2759762125e-01 -1.7633557569e-01
      vertex 2.1069295402e-01 8.8801377773e-02 -1.9422356816e-01
      vertex 1.8045028650e-01 1.1152441034e-01 -2.1213203436e-01
    endloop
  endfacet
  facet normal 6.705276e-01 2.392192e-01 -7.022584e-01
    outer loop
      vertex 2.1061393343e-01 4.8186610692e-02 -2.0813414327e-01
      vertex 1.8204754478e-01 7.1125897605e-02 -2.2759569005e-01
      vertex 2.1069295402e-01 8.8801377773e-02 -1.9422356816e-01
    endloop
  endfacet
  facet normal 6.415571e-01 2.962101e-01 -7.075762e-01
    outer loop
      vertex 1.8045028650e-01 1.1152441034e-01 -2.1213203436e-01
      vertex 2.1069295402e-01 8.8801377773e-02 -1.9422356816e-01
      vertex 1.8204754478e-01 7.1125897605e-02 -2.2759569005e-01
    endloop
  endfacet
  facet normal 8.026783e-01 4.576217e-01 -3.824786e-01
    outer loop
      vertex 2.4270509831e-01 1.5000000000e-01 -9.2705098312e-02
      vertex 2.5317344239e-01 1.1508411981e-01 -1.1251157024e-01
      vertex 2.2738062601e-01 1.4052895526e-01 -1.3619714992e-01
    endloop
  endfacet
  facet normal 8.294800e-01 3.374572e-01 -4.450681e-01
    outer loop
      vertex 2.5880054412e-01 7.7967573902e-02 -1.3016656937e-01
      vertex 2.3503550951e-01 1.0384590444e-01 -1.5483648602e-01
      vertex 2.5317344239e-01 1.1508411981e-01 -1.1251157024e-01
    endloop
  endfacet
  facet normal 7.421000e-01 4.202079e-01 -5.222192e-01
    outer loop
      vertex 2.0645728807e-01 1.2759762125e-01 -1.7633557569e-01
      vertex 2.2738062601e-01 1.4052895526e-01 -1.3619714992e-01
      vertex 2.3503550951e-01 1.0384590444e-01 -1.5483648602e-01
    endloop
  endfacet
  facet normal 8.016858e-01 3.951751e-01 -4.484825e-01
    outer loop
      vertex 2.5317344239e-01 1.1508411981e-01 -1.1251157024e-01
      vertex 2.3503550951e-01 1.0384590444e-01 -1.5483648602e-01
      vertex 2.2738062601e-01 1.4052895526e-01 -1.3619714992e-01
    endloop
  endfacet
  facet normal 7.381036e-01 2.173281e-01 -6.387266e-01
    outer loop
      vertex 2.1061393343e-01 4.8186610692e-02 -2.0813414327e-01
      vertex 2.1069295402e-01 8.8801377773e-02 -1.9422356816e-01
      vertex 2.3779476878e-01 6.3906859695e-02 -1.7137549774e-01
    endloop
  endfacet
  facet normal 7.312575e-01 3.498255e-01 -5.855635e-01
    outer loop
      vertex 2.0645728807e-01 1.2759762125e-01 -1.7633557569e-01
      vertex 2.3503550951e-01 1.0384590444e-01 -1.5483648602e-01
      vertex 2.1069295402e-01 8.8801377773e-02 -1.9422356816e-01
    endloop
  endfacet
  facet normal 8.186344e-01 2.670988e-01 -5.084250e-01
    outer loop
      vertex 2.5880054412e-01 7.7967573902e-02 -1.3016656937e-01
      vertex 2.3779476878e-01 6.3906859695e-02 -1.7137549774e-01
      vertex 2.3503550951e-01 1.0384590444e-01 -1.5483648602e-01
    endloop
  endfacet
  facet normal 7.591756e-01 2.931085e-01 -5.811538e-01
    outer loop
      vertex 2.1069295402e-01 8.8801377773e-02 -1.9422356816e-01
      vertex 2.3503550951e-01 1.0384590444e-01 -1.5483648602e-01
      vertex 2.3779476878e-01 6.3906859695e-02 -1.7137549774e-01
    endloop
  endfacet
  facet normal 3.822343e-01 7.595136e-01 -5.263422e-01
    outer loop
      vertex 9.2705098312e-02 2.4270509831e-01 -1.5000000000e-01
      vertex 1.3619714992e-01 2.2738062601e-01 -1.4052895526e-01
      vertex 1.1152441034e-01 2.1213203436e-01 -1.8045028650e-01
    endloop
  endfacet
  facet normal 5.218865e-01 6.990111e-01 -4.888946e-01
    outer loop
      vertex 1.7633557569e-01 2.0645728807e-01 -1.2759762125e-01
      vertex 1.5401263237e-01 1.9397333754e-01 -1.6927626353e-01
      vertex 1.3619714992e-01 2.2738062601e-01 -1.4052895526e-01
    endloop
  endfacet
  facet normal 4.404610e-01 6.486873e-01 -6.206439e-01
    outer loop
      vertex 1.2759762125e-01 1.7633557569e-01 -2.0645728807e-01
      vertex 1.1152441034e-01 2.1213203436e-01 -1.8045028650e-01
      vertex 1.5401263237e-01 1.9397333754e-01 -1.6927626353e-01
    endloop
  endfacet
  facet normal 4.465169e-01 7.084426e-01 -5.465636e-01
    outer loop
      vertex 1.3619714992e-01 2.2738062601e-01 -1.4052895526e-01
      vertex 1.5401263237e-01 1.9397333754e-01 -1.6927626353e-01
      vertex 1.1152441034e-01 2.1213203436e-01 -1.8045028650e-01
    endloop
  endfacet
  facet normal 7.595136e-01 5.263422e-01 -3.822343e-01
    outer loop
      vertex 2.4270509831e-01 1.5000000000e-01 -9.2705098312e-02
      vertex 2.2738062601e-01 1.4052895526e-01 -1.3619714992e-01
      vertex 2.1213203436e-01 1.8045028650e-01 -1.1152441034e-01
    endloop
  endfacet
  facet normal 6.990111e-01 4.888946e-01 -5.218865e-01
    outer loop
      vertex 2.0645728807e-01 1.2759762125e-01 -1.7633557569e-01
      vertex 1.9397333754e-01 1.6927626353e-01 -1.5401263237e-01
      vertex 2.2738062601e-01 1.4052895526e-01 -1.3619714992e-01
    endloop
  endfacet
  facet normal 6.486873e-01 6.206439e-01 -4.404610e-01
    outer loop
      vertex 1.7633557569e-01 2.0645728807e-01 -1.2759762125e-01
      vertex 2.1213203436e-01 1.8045028650e-01 -1.1152441034e-01
      vertex 1.9397333754e-01 1.6927626353e-01 -1.5401263237e-01
    endloop
  endfacet
  facet normal 7.084426e-01 5.465636e-01 -4.465169e-01
    outer loop
      vertex 2.2738062601e-01 1.4052895526e-01 -1.3619714992e-01
      vertex 1.9397333754e-01 1.6927626353e-01 -1.5401263237e-01
      vertex 2.1213203436e-01 1.8045028650e-01 -1.1152441034e-01
    endloop
  endfacet
  facet normal 5.263422e-01 3.822343e-01 -7.595136e-01
    outer loop
      vertex 1.5000000000e-01 9.2705098312e-02 -2.4270509831e-01
      vertex 1.4052895526e-01 1.3619714992e-01 -2.2738062601e-01
      vertex 1.8045028650e-01 1.1152441034e-01 -2.1213203436e-01
    endloop
  endfacet
  facet normal 4.888946e-01 5.218865e-01 -6.990111e-01
    outer loop
      vertex 1.2759762125e-01 1.7633557569e-01 -2.0645728807e-01
      vertex 1.6927626353e-01 1.5401263237e-01 -1.9397333754e-01
      vertex 1.4052895526e-01 1.3619714992e-01 -2.2738062601e-01
    endloop
  endfacet
  facet normal 6.206439e-01 4.404610e-01 -6.486873e-01
    outer loop
      vertex 2.0645728807e-01 1.2759762125e-01 -1.7633557569e-01
      vertex 1.8045028650e-01 1.1152441034e-01 -2.1213203436e-01
      vertex 1.6927626353e-01 1.5401263237e-01 -1.9397333754e-01
    endloop
  endfacet
  facet normal 5.465636e-01 4.465169e-01 -7.084426e-01
    outer loop
      vertex 1.4052895526e-01 1.3619714992e-01 -2.2738062601e-01
      vertex 1.6927626353e-01 1.5401263237e-01 -1.9397333754e-01
      vertex 1.8045028650e-01 1.1152441034e-01 -2.1213203436e-01
    endloop
  endfacet
  facet normal 5.851588e-01 6.354715e-01 -5.037511e-01
    outer loop
      vertex 1.7633557569e-01 2.0645728807e-01 -1.2759762125e-01
      vertex 1.9397333754e-01 1.6927626353e-01 -1.5401263237e-01
      vertex 1.5401263237e-01 1.9397333754e-01 -1.6927626353e-01
    endloop
  endfacet
  facet normal 6.354715e-01 5.037511e-01 -5.851588e-01
    outer loop
      vertex 2.0645728807e-01 1.2759762125e-01 -1.7633557569e-01
      vertex 1.6927626353e-01 1.5401263237e-01 -1.9397333754e-01
      vertex 1.9397333754e-01 1.6927626353e-01 -1.5401263237e-01
    endloop
  endfacet
  facet normal 5.037511e-01 5.851588e-01 -6.354715e-01
    outer loop
      vertex 1.2759762125e-01 1.7633557569e-01 -2.0645728807e-01
      vertex 1.5401263237e-01 1.9397333754e-01 -1.6927626353e-01
      vertex 1.6927626353e-01 1.5401263237e-01 -1.9397333754e-01
    endloop
  endfacet
  facet normal 5.773503e-01 5.773503e-01 -5.773503e-01
    outer loop
      vertex 1.9397333754e-01 1.6927626353e-01 -1.5401263237e-01
      vertex 1.6927626353e-01 1.5401263237e-01 -1.9397333754e-01
      vertex 1.5401263237e-01 1.9397333754e-01 -1.6927626353e-01
    endloop
  endfacet
  facet normal 5.462496e-01 -8.336794e-01 8.117845e-02
    outer loop
      vertex 1.5771933364e-01 -2.5519524251e-01 0.0000000000e+00
      vertex 1.8469260626e-01 -2.3515291273e-01 2.4325888033e-02
      vertex 1.4533249262e-01 -2.5947880076e-01 3.9360113644e-02
    endloop
  endfacet
  facet normal 6.304608e-01 -7.592464e-01 1.614436e-01
    outer loop
      vertex 2.0813414327e-01 -2.1061393343e-01 4.8186610692e-02
      vertex 1.7137549774e-01 -2.3779476878e-01 6.3906859695e-02
      vertex 1.8469260626e-01 -2.3515291273e-01 2.4325888033e-02
    endloop
  endfacet
  facet normal 5.001420e-01 -8.397879e-01 2.112210e-01
    outer loop
      vertex 1.3016656937e-01 -2.5880054412e-01 7.7967573902e-02
      vertex 1.4533249262e-01 -2.5947880076e-01 3.9360113644e-02
      vertex 1.7137549774e-01 -2.3779476878e-01 6.3906859695e-02
    endloop
  endfacet
  facet normal 5.572841e-01 -8.196344e-01 1.327925e-01
    outer loop
      vertex 1.8469260626e-01 -2.3515291273e-01 2.4325888033e-02
      vertex 1.7137549774e-01 -2.3779476878e-01 6.3906859695e-02
      vertex 1.4533249262e-01 -2.5947880076e-01 3.9360113644e-02
    endloop
  endfacet
  facet normal 7.599989e-01 -5.693580e-01 3.134218e-01
    outer loop
      vertex 2.4270509831e-01 -1.5000000000e-01 9.2705098312e-02
      vertex 2.1213203436e-01 -1.8045028650e-01 1.1152441034e-01
      vertex 2.2759569005e-01 -1.8204754478e-01 7.1125897605e-02
    endloop
  endfacet
  facet normal 6.491008e-01 -6.636828e-01 3.717435e-01
    outer loop
      vertex 1.7633557569e-01 -2.0645728807e-01 1.2759762125e-01
      vertex 1.9422356816e-01 -2.1069295402e-01 8.8801377773e-02
      vertex 2.1213203436e-01 -1.8045028650e-01 1.1152441034e-01
    endloop
  endfacet
  facet normal 7.022584e-01 -6.705276e-01 2.392192e-01
    outer loop
      vertex 2.0813414327e-01 -2.1061393343e-01 4.8186610692e-02
      vertex 2.2759569005e-01 -1.8204754478e-01 7.1125897605e-02
      vertex 1.9422356816e-01 -2.1069295402e-01 8.8801377773e-02
    endloop
  endfacet
  facet normal 7.075762e-01 -6.415571e-01 2.962101e-01
    outer loop
      vertex 2.1213203436e-01 -1.8045028650e-01 1.1152441034e-01
      vertex 1.9422356816e-01 -2.1069295402e-01 8.8801377773e-02
      vertex 2.2759569005e-01 -1.8204754478e-01 7.1125897605e-02
    endloop
  endfacet
  facet normal 3.824786e-01 -8.026783e-01 4.576217e-01
    outer loop
      vertex 9.2705098312e-02 -2.4270509831e-01 1.5000000000e-01
      vertex 1.1251157024e-01 -2.5317344239e-01 1.1508411981e-01
      vertex 1.3619714992e-01 -2.2738062601e-01 1.4052895526e-01
    endloop
  endfacet
  facet normal 4.450681e-01 -8.294800e-01 3.374572e-01
    outer loop
      vertex 1.3016656937e-01 -2.5880054412e-01 7.7967573902e-02
      vertex 1.5483648602e-01 -2.3503550951e-01 1.0384590444e-01
      vertex 1.1251157024e-01 -2.5317344239e-01 1.1508411981e-01
    endloop
  endfacet
  facet normal 5.222192e-01 -7.421000e-01 4.202079e-01
    outer loop
      vertex 1.7633557569e-01 -2.0645728807e-01 1.2759762125e-01
      vertex 1.3619714992e-01 -2.2738062601e-01 1.4052895526e-01
      vertex 1.5483648602e-01 -2.3503550951e-01 1.0384590444e-01
    endloop
  endfacet
  facet normal 4.484825e-01 -8.016858e-01 3.951751e-01
    outer loop
      vertex 1.1251157024e-01 -2.5317344239e-01 1.1508411981e-01
      vertex 1.5483648602e-01 -2.3503550951e-01 1.0384590444e-01
      vertex 1.3619714992e-01 -2.2738062601e-01 1.4052895526e-01
    endloop
  endfacet
  facet normal 6.387266e-01 -7.381036e-01 2.173281e-01
    outer loop
      vertex 2.0813414327e-01 -2.1061393343e-01 4.8186610692e-02
      vertex 1.9422356816e-01 -2.1069295402e-01 8.8801377773e-02
      vertex 1.7137549774e-01 -2.3779476878e-01 6.3906859695e-02
    endloop
  endfacet
  facet normal 5.855635e-01 -7.312575e-01 3.498255e-01
    outer loop
      vertex 1.7633557569e-01 -2.0645728807e-01 1.2759762125e-01
      vertex 1.5483648602e-01 -2.3503550951e-01 1.0384590444e-01
      vertex 1.9422356816e-01 -2.1069295402e-01 8.8801377773e-02
    endloop
  endfacet
  facet normal 5.084250e-01 -8.186344e-01 2.670988e-01
    outer loop
      vertex 1.3016656937e-01 -2.5880054412e-01 7.7967573902e-02
      vertex 1.7137549774e-01 -2.3779476878e-01 6.3906859695e-02
      vertex 1.5483648602e-01 -2.3503550951e-01 1.0384590444e-01
    endloop
  endfacet
  facet normal 5.811538e-01 -7.591756e-01 2.931085e-01
    outer loop
      vertex 1.9422356816e-01 -2.1069295402e-01 8.8801377773e-02
      vertex 1.5483648602e-01 -2.3503550951e-01 1.0384590444e-01
      vertex 1.7137549774e-01 -2.3779476878e-01 6.3906859695e-02
    endloop
  endfacet
  facet normal 8.336794e-01 -8.117845e-02 5.462496e-01
    outer loop
      vertex 2.5519524251e-01 0.0000000000e+00 1.5771933364e-01
      vertex 2.3515291273e-01 -2.4325888033e-02 1.8469260626e-01
      vertex 2.5947880076e-01 -3.9360113644e-02 1.4533249262e-01
    endloop
  endfacet
  facet normal 7.592464e-01 -1.614436e-01 6.304608e-01
    outer loop
      vertex 2.1061393343e-01 -4.8186610692e-02 2.0813414327e-01
      vertex 2.3779476878e-01 -6.3906859695e-02 1.7137549774e-01
      vertex 2.3515291273e-01 -2.4325888033e-02 1.8469260626e-01
    endloop
  endfacet
  facet normal 8.397879e-01 -2.112210e-01 5.001420e-01
    outer loop
      vertex 2.5880054412e-01 -7.7967573902e-02 1.3016656937e-01
      vertex 2.5947880076e-01 -3.9360113644e-02 1.4533249262e-01
      vertex 2.3779476878e-01 -6.3906859695e-02 1.7137549774e-01
    endloop
  endfacet
  facet normal 8.196344e-01 -1.327925e-01 5.572841e-01
    outer loop
      vertex 2.3515291273e-01 -2.4325888033e-02 1.8469260626e-01
      vertex 2.3779476878e-01 -6.3906859695e-02 1.7137549774e-01
      vertex 2.5947880076e-01 -3.9360113644e-02 1.4533249262e-01
    endloop
  endfacet
  facet normal 5.693580e-01 -3.134218e-01 7.599989e-01
    outer loop
      vertex 1.5000000000e-01 -9.2705098312e-02 2.4270509831e-01
      vertex 1.8045028650e-01 -1.1152441034e-01 2.1213203436e-01
      vertex 1.8204754478e-01 -7.1125897605e-02 2.2759569005e-01
    endloop
  endfacet
  facet normal 6.636828e-01 -3.717435e-01 6.491008e-01
    outer loop
      vertex 2.0645728807e-01 -1.2759762125e-01 1.7633557569e-01
      vertex 2.1069295402e-01 -8.8801377773e-02 1.9422356816e-01
      vertex 1.8045028650e-01 -1.1152441034e-01 2.1213203436e-01
    endloop
  endfacet
  facet normal 6.705276e-01 -2.392192e-01 7.022584e-01
    outer loop
      vertex 2.1061393343e-01 -4.8186610692e-02 2.0813414327e-01
      vertex 1.8204754478e-01 -7.1125897605e-02 2.2759569005e-01
      vertex 2.1069295402e-01 -8.8801377773e-02 1.9422356816e-01
    endloop
  endfacet
  facet normal 6.415571e-01 -2.962101e-01 7.075762e-01
    outer loop
      vertex 1.8045028650e-01 -1.1152441034e-01 2.1213203436e-01
      vertex 2.1069295402e-01 -8.8801377773e-02 1.9422356816e-01
      vertex 1.8204754478e-01 -7.1125897605e-02 2.2759569005e-01
    endloop
  endfacet
  facet normal 8.026783e-01 -4.576217e-01 3.824786e-01
    outer loop
      vertex 2.4270509831e-01 -1.5000000000e-01 9.2705098312e-02
      vertex 2.5317344239e-01 -1.1508411981e-01 1.1251157024e-01
      vertex 2.2738062601e-01 -1.4052895526e-01 1.3619714992e-01
    endloop
  endfacet
  facet normal 8.294800e-01 -3.374572e-01 4.450681e-01
    outer loop
      vertex 2.5880054412e-01 -7.7967573902e-02 1.3016656937e-01
      vertex 2.3503550951e-01 -1.0384590444e-01 1.5483648602e-01
      vertex 2.5317344239e-01 -1.1508411981e-01 1.1251157024e-01
    endloop
  endfacet
  facet normal 7.421000e-01 -4.202079e-01 5.222192e-01
    outer loop
      vertex 2.0645728807e-01 -1.2759762125e-01 1.7633557569e-01
      vertex 2.2738062601e-01 -1.4052895526e-01 1.3619714992e-01
      vertex 2.3503550951e-01 -1.0384590444e-01 1.5483648602e-01
    endloop
  endfacet
  facet normal 8.016858e-01 -3.951751e-01 4.484825e-01
    outer loop
      vertex 2.5317344239e-01 -1.1508411981e-01 1.1251157024e-01
      vertex 2.3503550951e-01 -1.0384590444e-01 1.5483648602e-01
      vertex 2.2738062601e-01 -1.4052895526e-01 1.3619714992e-01
    endloop
  endfacet
  facet normal 7.381036e-01 -2.173281e-01 6.387266e-01
    outer loop
      vertex 2.1061393343e-01 -4.8186610692e-02 2.0813414327e-01
      vertex 2.1069295402e-01 -8.8801377773e-02 1.9422356816e-01
      vertex 2.3779476878e-01 -6.3906859695e-02 1.7137549774e-01
    endloop
  endfacet
  facet normal 7.312575e-01 -3.498255e-01 5.855635e-01
    outer loop
      vertex 2.0645728807e-01 -1.2759762125e-01 1.7633557569e-01
      vertex 2.3503550951e-01 -1.0384590444e-01 1.5483648602e-01
      vertex 2.1069295402e-01 -8.8801377773e-02 1.9422356816e-01
    endloop
  endfacet
  facet normal 8.186344e-01 -2.670988e-01 5.084250e-01
    outer loop
      vertex 2.5880054412e-01 -7.7967573902e-02 1.3016656937e-01
      vertex 2.3779476878e-01 -6.3906859695e-02 1.7137549774e-01
      vertex 2.3503550951e-01 -1.0384590444e-01 1.5483648602e-01
    endloop
  endfacet
  facet normal 7.591756e-01 -2.931085e-01 5.811538e-01
    outer loop
      vertex 2.1069295402e-01 -8.8801377773e-02 1.9422356816e-01
      vertex 2.3503550951e-01 -1.0384590444e-01 1.5483648602e-01
      vertex 2.3779476878e-01 -6.3906859695e-02 1.7137549774e-01
    endloop
  endfacet
  facet normal 8.117845e-02 -5.462496e-01 8.336794e-01
    outer loop
      vertex 0.0000000000e+00 -1.5771933364e-01 2.5519524251e-01
      vertex 2.4325888033e-02 -1.8469260626e-01 2.3515291273e-01
      vertex 3.9360113644e-02 -1.4533249262e-01 2.5947880076e-01
    endloop
  endfacet
  facet normal 1.614436e-01 -6.304608e-01 7.592464e-01
    outer loop
      vertex 4.8186610692e-02 -2.0813414327e-01 2.1061393343e-01
      vertex 6.3906859695e-02 -1.7137549774e-01 2.3779476878e-01
      vertex 2.4325888033e-02 -1.8469260626e-01 2.3515291273e-01
    endloop
  endfacet
  facet normal 2.112210e-01 -5.001420e-01 8.397879e-01
    outer loop
      vertex 7.7967573902e-02 -1.3016656937e-01 2.5880054412e-01
      vertex 3.9360113644e-02 -1.4533249262e-01 2.5947880076e-01
      vertex 6.3906859695e-02 -1.7137549774e-01 2.3779476878e-01
    endloop
  endfacet
  facet normal 1.327925e-01 -5.572841e-01 8.196344e-01
    outer loop
      vertex 2.4325888033e-02 -1.8469260626e-01 2.3515291273e-01
      vertex 6.3906859695e-02 -1.7137549774e-01 2.3779476878e-01
      vertex 3.9360113644e-02 -1.4533249262e-01 2.5947880076e-01
    endloop
  endfacet
  facet normal 3.134218e-01 -7.599989e-01 5.693580e-01
    outer loop
      vertex 9.2705098312e-02 -2.4270509831e-01 1.5000000000e-01
      vertex 1.1152441034e-01 -2.1213203436e-01 1.8045028650e-01
      vertex 7.1125897605e-02 -2.2759569005e-01 1.8204754478e-01
    endloop
  endfacet
  facet normal 3.717435e-01 -6.491008e-01 6.636828e-01
    outer loop
      vertex 1.2759762125e-01 -1.7633557569e-01 2.0645728807e-01
      vertex 8.8801377773e-02 -1.9422356816e-01 2.1069295402e-01
      vertex 1.1152441034e-01 -2.1213203436e-01 1.8045028650e-01
    endloop
  endfacet
  facet normal 2.392192e-01 -7.022584e-01 6.705276e-01
    outer loop
      vertex 4.8186610692e-02 -2.0813414327e-01 2.1061393343e-01
      vertex 7.1125897605e-02 -2.2759569005e-01 1.8204754478e-01
      vertex 8.8801377773e-02 -1.9422356816e-01 2.1069295402e-01
    endloop
  endfacet
  facet normal 2.962101e-01 -7.075762e-01 6.415571e-01
    outer loop
      vertex 1.1152441034e-01 -2.1213203436e-01 1.8045028650e-01
      vertex 8.8801377773e-02 -1.9422356816e-01 2.1069295402e-01
      vertex 7.1125897605e-02 -2.2759569005e-01 1.8204754478e-01
    endloop
  endfacet
  facet normal 4.576217e-01 -3.824786e-01 8.026783e-01
    outer loop
      vertex 1.5000000000e-01 -9.2705098312e-02 2.4270509831e-01
      vertex 1.1508411981e-01 -1.1251157024e-01 2.5317344239e-01
      vertex 1.4052895526e-01 -1.3619714992e-01 2.2738062601e-01
    endloop
  endfacet
  facet normal 3.374572e-01 -4.450681e-01 8.294800e-01
    outer loop
      vertex 7.7967573902e-02 -1.3016656937e-01 2.5880054412e-01
      vertex 1.0384590444e-01 -1.5483648602e-01 2.3503550951e-01
      vertex 1.1508411981e-01 -1.1251157024e-01 2.5317344239e-01
    endloop
  endfacet
  facet normal 4.202079e-01 -5.222192e-01 7.421000e-01
    outer loop
      vertex 1.2759762125e-01 -1.7633557569e-01 2.0645728807e-01
      vertex 1.4052895526e-01 -1.3619714992e-01 2.2738062601e-01
      vertex 1.0384590444e-01 -1.5483648602e-01 2.3503550951e-01
    endloop
  endfacet
  facet normal 3.951751e-01 -4.484825e-01 8.016858e-01
    outer loop
      vertex 1.1508411981e-01 -1.1251157024e-01 2.5317344239e-01
      vertex 1.0384590444e-01 -1.5483648602e-01 2.3503550951e-01
      vertex 1.4052895526e-01 -1.3619714992e-01 2.2738062601e-01
    endloop
  endfacet
  facet normal 2.173281e-01 -6.387266e-01 7.381036e-01
    outer loop
      vertex 4.8186610692e-02 -2.0813414327e-01 2.1061393343e-01
      vertex 8.8801377773e-02 -1.9422356816e-01 2.1069295402e-01
      vertex 6.3906859695e-02 -1.7137549774e-01 2.3779476878e-01
    endloop
  endfacet
  facet normal 3.498255e-01 -5.855635e-01 7.312575e-01
    outer loop
      vertex 1.2759762125e-01 -1.7633557569e-01 2.0645728807e-01
      vertex 1.0384590444e-01 -1.5483648602e-01 2.3503550951e-01
      vertex 8.8801377773e-02 -1.9422356816e-01 2.1069295402e-01
    endloop
  endfacet
  facet normal 2.670988e-01 -5.084250e-01 8.186344e-01
    outer loop
      vertex 7.7967573902e-02 -1.3016656937e-01 2.5880054412e-01
      vertex 6.3906859695e-02 -1.7137549774e-01 2.3779476878e-01
      vertex 1.0384590444e-01 -1.5483648602e-01 2.3503550951e-01
    endloop
  endfacet
  facet normal 2.931085e-01 -5.811538e-01 7.591756e-01
    outer loop
      vertex 8.8801377773e-02 -1.9422356816e-01 2.1069295402e-01
      vertex 1.0384590444e-01 -1.5483648602e-01 2.3503550951e-01
      vertex 6.3906859695e-02 -1.7137549774e-01 2.3779476878e-01
    endloop
  endfacet
  facet normal 7.595136e-01 -5.263422e-01 3.822343e-01
    outer loop
      vertex 2.4270509831e-01 -1.5000000000e-01 9.2705098312e-02
      vertex 2.2738062601e-01 -1.4052895526e-01 1.3619714992e-01
      vertex 2.1213203436e-01 -1.8045028650e-01 1.1152441034e-01
    endloop
  endfacet
  facet normal 6.990111e-01 -4.888946e-01 5.218865e-01
    outer loop
      vertex 2.0645728807e-01 -1.2759762125e-01 1.7633557569e-01
      vertex 1.9397333754e-01 -1.6927626353e-01 1.5401263237e-01
      vertex 2.2738062601e-01 -1.4052895526e-01 1.3619714992e-01
    endloop
  endfacet
  facet normal 6.486873e-01 -6.206439e-01 4.404610e-01
    outer loop
      vertex 1.7633557569e-01 -2.0645728807e-01 1.2759762125e-01
      vertex 2.1213203436e-01 -1.8045028650e-01 1.1152441034e-01
      vertex 1.9397333754e-01 -1.6927626353e-01 1.5401263237e-01
    endloop
  endfacet
  facet normal 7.084426e-01 -5.465636e-01 4.465169e-01
    outer loop
      vertex 2.2738062601e-01 -1.4052895526e-01 1.3619714992e-01
      vertex 1.9397333754e-01 -1.6927626353e-01 1.5401263237e-01
      vertex 2.1213203436e-01 -1.8045028650e-01 1.1152441034e-01
    endloop
  endfacet
  facet normal 5.263422e-01 -3.822343e-01 7.595136e-01
    outer loop
      vertex 1.5000000000e-01 -9.2705098312e-02 2.4270509831e-01
      vertex 1.4052895526e-01 -1.3619714992e-01 2.2738062601e-01
      vertex 1.8045028650e-01 -1.1152441034e-01 2.1213203436e-01
    endloop
  endfacet
  facet normal 4.888946e-01 -5.218865e-01 6.990111e-01
    outer loop
      vertex 1.2759762125e-01 -1.7633557569e-01 2.0645728807e-01
      vertex 1.6927626353e-01 -1.5401263237e-01 1.9397333754e-01
      vertex 1.4052895526e-01 -1.3619714992e-01 2.2738062601e-01
    endloop
  endfacet
  facet normal 6.206439e-01 -4.404610e-01 6.486873e-01
    outer loop
      vertex 2.0645728807e-01 -1.2759762125e-01 1.7633557569e-01
      vertex 1.8045028650e-01 -1.1152441034e-01 2.1213203436e-01
      vertex 1.6927626353e-01 -1.5401263237e-01 1.9397333754e-01
    endloop
  endfacet
  facet normal 5.465636e-01 -4.465169e-01 7.084426e-01
    outer loop
      vertex 1.4052895526e-01 -1.3619714992e-01 2.2738062601e-01
      vertex 1.6927626353e-01 -1.5401263237e-01 1.9397333754e-01
      vertex 1.8045028650e-01 -1.1152441034e-01 2.1213203436e-01
    endloop
  endfacet
  facet normal 3.822343e-01 -7.595136e-01 5.263422e-01
    outer loop
      vertex 9.2705098312e-02 -2.4270509831e-01 1.5000000000e-01
      vertex 1.3619714992e-01 -2.2738062601e-01 1.4052895526e-01
      vertex 1.1152441034e-01 -2.1213203436e-01 1.8045028650e-01
    endloop
  endfacet
  facet normal 5.218865e-01 -6.990111e-01 4.888946e-01
    outer loop
      vertex 1.7633557569e-01 -2.0645728807e-01 1.2759762125e-01
      vertex 1.5401263237e-01 -1.9397333754e-01 1.6927626353e-01
      vertex 1.3619714992e-01 -2.2738062601e-01 1.4052895526e-01
    endloop
  endfacet
  facet normal 4.404610e-01 -6.486873e-01 6.206439e-01
    outer loop
      vertex 1.2759762125e-01 -1.7633557569e-01 2.0645728807e-01
      vertex 1.1152441034e-01 -2.1213203436e-01 1.8045028650e-01
      vertex 1.5401263237e-01 -1.9397333754e-01 1.6927626353e-01
    endloop
  endfacet
  facet normal 4.465169e-01 -7.084426e-01 5.465636e-01
    outer loop
      vertex 1.3619714992e-01 -2.2738062601e-01 1.4052895526e-01
      vertex 1.5401263237e-01 -1.9397333754e-01 1.6927626353e-01
      vertex 1.1152441034e-01 -2.1213203436e-01 1.8045028650e-01
    endloop
  endfacet
  facet normal 6.354715e-01 -5.037511e-01 5.851588e-01
    outer loop
      vertex 2.0645728807e-01 -1.2759762125e-01 1.7633557569e-01
      vertex 1.6927626353e-01 -1.5401263237e-01 1.9397333754e-01
      vertex 1.9397333754e-01 -1.6927626353e-01 1.5401263237e-01
    endloop
  endfacet
  facet normal 5.037511e-01 -5.851588e-01 6.354715e-01
    outer loop
      vertex 1.2759762125e-01 -1.7633557569e-01 2.0645728807e-01
      vertex 1.5401263237e-01 -1.9397333754e-01 1.6927626353e-01
      vertex 1.6927626353e-01 -1.5401263237e-01 1.9397333754e-01
    endloop
  endfacet
  facet normal 5.851588e-01 -6.354715e-01 5.037511e-01
    outer loop
      vertex 1.7633557569e-01 -2.0645728807e-01 1.2759762125e-01
      vertex 1.9397333754e-01 -1.6927626353e-01 1.5401263237e-01
      vertex 1.5401263237e-01 -1.9397333754e-01 1.6927626353e-01
    endloop
  endfacet
  facet normal 5.773503e-01 -5.773503e-01 5.773503e-01
    outer loop
      vertex 1.6927626353e-01 -1.5401263237e-01 1.9397333754e-01
      vertex 1.5401263237e-01 -1.9397333754e-01 1.6927626353e-01
      vertex 1.9397333754e-01 -1.6927626353e-01 1.5401263237e-01
    endloop
  endfacet
  facet normal 4.650712e-01 -8.838505e-01 5.017104e-02
    outer loop
      vertex 1.5771933364e-01 -2.5519524251e-01 0.0000000000e+00
      vertex 1.4533249262e-01 -2.5947880076e-01 3.9360113644e-02
      vertex 1.2100660459e-01 -2.7451302637e-01 0.0000000000e+00
    endloop
  endfacet
  facet normal 4.192398e-01 -8.897882e-01 1.803191e-01
    outer loop
      vertex 1.3016656937e-01 -2.5880054412e-01 7.7967573902e-02
      vertex 1.0746863805e-01 -2.7729138018e-01 3.9496611406e-02
      vertex 1.4533249262e-01 -2.5947880076e-01 3.9360113644e-02
    endloop
  endfacet
  facet normal 3.386983e-01 -9.395655e-01 5.000027e-02
    outer loop
      vertex 8.1979958674e-02 -2.8858150734e-01 0.0000000000e+00
      vertex 1.2100660459e-01 -2.7451302637e-01 0.0000000000e+00
      vertex 1.0746863805e-01 -2.7729138018e-01 3.9496611406e-02
    endloop
  endfacet
  facet normal 4.244916e-01 -9.017047e-01 8.207030e-02
    outer loop
      vertex 1.4533249262e-01 -2.5947880076e-01 3.9360113644e-02
      vertex 1.0746863805e-01 -2.7729138018e-01 3.9496611406e-02
      vertex 1.2100660459e-01 -2.7451302637e-01 0.0000000000e+00
    endloop
  endfacet
  facet normal 3.023772e-01 -8.521837e-01 4.270257e-01
    outer loop
      vertex 9.2705098312e-02 -2.4270509831e-01 1.5000000000e-01
      vertex 7.1603079096e-02 -2.6730195726e-01 1.1585621568e-01
      vertex 1.1251157024e-01 -2.5317344239e-01 1.1508411981e-01
    endloop
  endfacet
  facet normal 2.288929e-01 -9.233856e-01 3.081672e-01
    outer loop
      vertex 4.8737954435e-02 -2.8531695489e-01 7.8859666818e-02
      vertex 9.0377663728e-02 -2.7487325256e-01 7.9224825198e-02
      vertex 7.1603079096e-02 -2.6730195726e-01 1.1585621568e-01
    endloop
  endfacet
  facet normal 3.648012e-01 -8.790876e-01 3.067980e-01
    outer loop
      vertex 1.3016656937e-01 -2.5880054412e-01 7.7967573902e-02
      vertex 1.1251157024e-01 -2.5317344239e-01 1.1508411981e-01
      vertex 9.0377663728e-02 -2.7487325256e-01 7.9224825198e-02
    endloop
  endfacet
  facet normal 3.124011e-01 -8.857887e-01 3.431966e-01
    outer loop
      vertex 7.1603079096e-02 -2.6730195726e-01 1.1585621568e-01
      vertex 9.0377663728e-02 -2.7487325256e-01 7.9224825198e-02
      vertex 1.1251157024e-01 -2.5317344239e-01 1.1508411981e-01
    endloop
  endfacet
  facet normal 6.905681e-02 -9.963836e-01 4.950537e-02
    outer loop
      vertex 0.0000000000e+00 -3.0000000000e-01 0.0000000000e+00
      vertex 4.1385672638e-02 -2.9713166459e-01 0.0000000000e+00
      vertex 2.4672739584e-02 -2.9630650218e-01 3.9921331242e-02
    endloop
  endfacet
  facet normal 2.058489e-01 -9.773256e-01 4.960764e-02
    outer loop
      vertex 8.1979958674e-02 -2.8858150734e-01 0.0000000000e+00
      vertex 6.6035108242e-02 -2.8991777922e-01 3.9837743048e-02
      vertex 4.1385672638e-02 -2.9713166459e-01 0.0000000000e+00
    endloop
  endfacet
  facet normal 1.504758e-01 -9.718501e-01 1.812856e-01
    outer loop
      vertex 4.8737954435e-02 -2.8531695489e-01 7.8859666818e-02
      vertex 2.4672739584e-02 -2.9630650218e-01 3.9921331242e-02
      vertex 6.6035108242e-02 -2.8991777922e-01 3.9837743048e-02
    endloop
  endfacet
  facet normal 1.522724e-01 -9.847537e-01 8.410292e-02
    outer loop
      vertex 4.1385672638e-02 -2.9713166459e-01 0.0000000000e+00
      vertex 6.6035108242e-02 -2.8991777922e-01 3.9837743048e-02
      vertex 2.4672739584e-02 -2.9630650218e-01 3.9921331242e-02
    endloop
  endfacet
  facet normal 3.716277e-01 -9.031797e-01 2.148469e-01
    outer loop
      vertex 1.3016656937e-01 -2.5880054412e-01 7.7967573902e-02
      vertex 9.0377663728e-02 -2.7487325256e-01 7.9224825198e-02
      vertex 1.0746863805e-01 -2.7729138018e-01 3.9496611406e-02
    endloop
  endfacet
  facet normal 2.357379e-01 -9.474616e-01 2.162041e-01
    outer loop
      vertex 4.8737954435e-02 -2.8531695489e-01 7.8859666818e-02
      vertex 6.6035108242e-02 -2.8991777922e-01 3.9837743048e-02
      vertex 9.0377663728e-02 -2.7487325256e-01 7.9224825198e-02
    endloop
  endfacet
  facet normal 2.910970e-01 -9.529505e-01 8.454536e-02
    outer loop
      vertex 8.1979958674e-02 -2.8858150734e-01 0.0000000000e+00
      vertex 1.0746863805e-01 -2.7729138018e-01 3.9496611406e-02
      vertex 6.6035108242e-02 -2.8991777922e-01 3.9837743048e-02
    endloop
  endfacet
  facet normal 2.880454e-01 -9.403266e-01 1.811510e-01
    outer loop
      vertex 9.0377663728e-02 -2.7487325256e-01 7.9224825198e-02
      vertex 6.6035108242e-02 -2.8991777922e-01 3.9837743048e-02
      vertex 1.0746863805e-01 -2.7729138018e-01 3.9496611406e-02
    endloop
  endfacet
  facet normal 0.000000e+00 -5.964207e-01 8.026720e-01
    outer loop
      vertex 0.0000000000e+00 -1.5771933364e-01 2.5519524251e-01
      vertex -2.4325888033e-02 -1.8469260626e-01 2.3515291273e-01
      vertex 2.4325888033e-02 -1.8469260626e-01 2.3515291273e-01
    endloop
  endfacet
  facet normal -8.054149e-02 -6.804611e-01 7.283445e-01
    outer loop
      vertex -4.8186610692e-02 -2.0813414327e-01 2.1061393343e-01
      vertex 0.0000000000e+00 -2.1087210915e-01 2.1338452049e-01
      vertex -2.4325888033e-02 -1.8469260626e-01 2.3515291273e-01
    endloop
  endfacet
  facet normal 8.054149e-02 -6.804611e-01 7.283445e-01
    outer loop
      vertex 4.8186610692e-02 -2.0813414327e-01 2.1061393343e-01
      vertex 2.4325888033e-02 -1.8469260626e-01 2.3515291273e-01
      vertex 0.0000000000e+00 -2.1087210915e-01 2.1338452049e-01
    endloop
  endfacet
  facet normal 0.000000e+00 -6.393544e-01 7.689122e-01
    outer loop
      vertex -2.4325888033e-02 -1.8469260626e-01 2.3515291273e-01
      vertex 0.0000000000e+00 -2.1087210915e-01 2.1338452049e-01
      vertex 2.4325888033e-02 -1.8469260626e-01 2.3515291273e-01
    endloop
  endfacet
  facet normal -2.333204e-01 -8.095043e-01 5.387620e-01
    outer loop
      vertex -9.2705098312e-02 -2.4270509831e-01 1.5000000000e-01
      vertex -4.6930339512e-02 -2.5205336560e-01 1.5577754692e-01
      vertex -7.1125897605e-02 -2.2759569005e-01 1.8204754478e-01
    endloop
  endfacet
  facet normal -7.841715e-02 -8.303865e-01 5.516422e-01
    outer loop
      vertex 0.0000000000e+00 -2.5519524251e-01 1.5771933364e-01
      vertex -2.4342555486e-02 -2.3406131121e-01 1.8607187478e-01
      vertex -4.6930339512e-02 -2.5205336560e-01 1.5577754692e-01
    endloop
  endfacet
  facet normal -1.589524e-01 -7.518660e-01 6.398684e-01
    outer loop
      vertex -4.8186610692e-02 -2.0813414327e-01 2.1061393343e-01
      vertex -7.1125897605e-02 -2.2759569005e-01 1.8204754478e-01
      vertex -2.4342555486e-02 -2.3406131121e-01 1.8607187478e-01
    endloop
  endfacet
  facet normal -1.601287e-01 -7.916792e-01 5.895786e-01
    outer loop
      vertex -4.6930339512e-02 -2.5205336560e-01 1.5577754692e-01
      vertex -2.4342555486e-02 -2.3406131121e-01 1.8607187478e-01
      vertex -7.1125897605e-02 -2.2759569005e-01 1.8204754478e-01
    endloop
  endfacet
  facet normal 2.333204e-01 -8.095043e-01 5.387620e-01
    outer loop
      vertex 9.2705098312e-02 -2.4270509831e-01 1.5000000000e-01
      vertex 7.1125897605e-02 -2.2759569005e-01 1.8204754478e-01
      vertex 4.6930339512e-02 -2.5205336560e-01 1.5577754692e-01
    endloop
  endfacet
  facet normal 1.589524e-01 -7.518660e-01 6.398684e-01
    outer loop
      vertex 4.8186610692e-02 -2.0813414327e-01 2.1061393343e-01
      vertex 2.4342555486e-02 -2.3406131121e-01 1.8607187478e-01
      vertex 7.1125897605e-02 -2.2759569005e-01 1.8204754478e-01
    endloop
  endfacet
  facet normal 7.841715e-02 -8.303865e-01 5.516422e-01
    outer loop
      vertex 0.0000000000e+00 -2.5519524251e-01 1.5771933364e-01
      vertex 4.6930339512e-02 -2.5205336560e-01 1.5577754692e-01
      vertex 2.4342555486e-02 -2.3406131121e-01 1.8607187478e-01
    endloop
  endfacet
  facet normal 1.601287e-01 -7.916792e-01 5.895786e-01
    outer loop
      vertex 7.1125897605e-02 -2.2759569005e-01 1.8204754478e-01
      vertex 2.4342555486e-02 -2.3406131121e-01 1.8607187478e-01
      vertex 4.6930339512e-02 -2.5205336560e-01 1.5577754692e-01
    endloop
  endfacet
  facet normal -8.053079e-02 -7.232719e-01 6.858517e-01
    outer loop
      vertex -4.8186610692e-02 -2.0813414327e-01 2.1061393343e-01
      vertex -2.4342555486e-02 -2.3406131121e-01 1.8607187478e-01
      vertex 0.0000000000e+00 -2.1087210915e-01 2.1338452049e-01
    endloop
  endfacet
  facet normal 0.000000e+00 -8.017675e-01 5.976360e-01
    outer loop
      vertex 0.0000000000e+00 -2.5519524251e-01 1.5771933364e-01
      vertex 2.4342555486e-02 -2.3406131121e-01 1.8607187478e-01
      vertex -2.4342555486e-02 -2.3406131121e-01 1.8607187478e-01
    endloop
  endfacet
  facet normal 8.053079e-02 -7.232719e-01 6.858517e-01
    outer loop
      vertex 4.8186610692e-02 -2.0813414327e-01 2.1061393343e-01
      vertex 0.0000000000e+00 -2.1087210915e-01 2.1338452049e-01
      vertex 2.4342555486e-02 -2.3406131121e-01 1.8607187478e-01
    endloop
  endfacet
  facet normal 0.000000e+00 -7.623048e-01 6.472182e-01
    outer loop
      vertex -2.4342555486e-02 -2.3406131121e-01 1.8607187478e-01
      vertex 2.4342555486e-02 -2.3406131121e-01 1.8607187478e-01
      vertex 0.0000000000e+00 -2.1087210915e-01 2.1338452049e-01
    endloop
  endfacet
  facet normal -4.650712e-01 -8.838505e-01 5.017104e-02
    outer loop
      vertex -1.5771933364e-01 -2.5519524251e-01 0.0000000000e+00
      vertex -1.2100660459e-01 -2.7451302637e-01 0.0000000000e+00
      vertex -1.4533249262e-01 -2.5947880076e-01 3.9360113644e-02
    endloop
  endfacet
  facet normal -3.386983e-01 -9.395655e-01 5.000027e-02
    outer loop
      vertex -8.1979958674e-02 -2.8858150734e-01 0.0000000000e+00
      vertex -1.0746863805e-01 -2.7729138018e-01 3.9496611406e-02
      vertex -1.2100660459e-01 -2.7451302637e-01 0.0000000000e+00
    endloop
  endfacet
  facet normal -4.192398e-01 -8.897882e-01 1.803191e-01
    outer loop
      vertex -1.3016656937e-01 -2.5880054412e-01 7.7967573902e-02
      vertex -1.4533249262e-01 -2.5947880076e-01 3.9360113644e-02
      vertex -1.0746863805e-01 -2.7729138018e-01 3.9496611406e-02
    endloop
  endfacet
  facet normal -4.244916e-01 -9.017047e-01 8.207030e-02
    outer loop
      vertex -1.2100660459e-01 -2.7451302637e-01 0.0000000000e+00
      vertex -1.0746863805e-01 -2.7729138018e-01 3.9496611406e-02
      vertex -1.4533249262e-01 -2.5947880076e-01 3.9360113644e-02
    endloop
  endfacet
  facet normal -6.905681e-02 -9.963836e-01 4.950537e-02
    outer loop
      vertex 0.0000000000e+00 -3.0000000000e-01 0.0000000000e+00
      vertex -2.4672739584e-02 -2.9630650218e-01 3.9921331242e-02
      vertex -4.1385672638e-02 -2.9713166459e-01 0.0000000000e+00
    endloop
  endfacet
  facet normal -1.504758e-01 -9.718501e-01 1.812856e-01
    outer loop
      vertex -4.8737954435e-02 -2.8531695489e-01 7.8859666818e-02
      vertex -6.6035108242e-02 -2.8991777922e-01 3.9837743048e-02
      vertex -2.4672739584e-02 -2.9630650218e-01 3.9921331242e-02
    endloop
  endfacet
  facet normal -2.058489e-01 -9.773256e-01 4.960764e-02
    outer loop
      vertex -8.1979958674e-02 -2.8858150734e-01 0.0000000000e+00
      vertex -4.1385672638e-02 -2.9713166459e-01 0.0000000000e+00
      vertex -6.6035108242e-02 -2.8991777922e-01 3.9837743048e-02
    endloop
  endfacet
  facet normal -1.522724e-01 -9.847537e-01 8.410292e-02
    outer loop
      vertex -2.4672739584e-02 -2.9630650218e-01 3.9921331242e-02
      vertex -6.6035108242e-02 -2.8991777922e-01 3.9837743048e-02
      vertex -4.1385672638e-02 -2.9713166459e-01 0.0000000000e+00
    endloop
  endfacet
  facet normal -3.023772e-01 -8.521837e-01 4.270257e-01
    outer loop
      vertex -9.2705098312e-02 -2.4270509831e-01 1.5000000000e-01
      vertex -1.1251157024e-01 -2.5317344239e-01 1.1508411981e-01
      vertex -7.1603079096e-02 -2.6730195726e-01 1.1585621568e-01
    endloop
  endfacet
  facet normal -3.648012e-01 -8.790876e-01 3.067980e-01
    outer loop
      vertex -1.3016656937e-01 -2.5880054412e-01 7.7967573902e-02
      vertex -9.0377663728e-02 -2.7487325256e-01 7.9224825198e-02
      vertex -1.1251157024e-01 -2.5317344239e-01 1.1508411981e-01
    endloop
  endfacet
  facet normal -2.288929e-01 -9.233856e-01 3.081672e-01
    outer loop
      vertex -4.8737954435e-02 -2.8531695489e-01 7.8859666818e-02
      vertex -7.1603079096e-02 -2.6730195726e-01 1.1585621568e-01
      vertex -9.0377663728e-02 -2.7487325256e-01 7.9224825198e-02
    endloop
  endfacet
  facet normal -3.124011e-01 -8.857887e-01 3.431966e-01
    outer loop
      vertex -1.1251157024e-01 -2.5317344239e-01 1.1508411981e-01
      vertex -9.0377663728e-02 -2.7487325256e-01 7.9224825198e-02
      vertex -7.1603079096e-02 -2.6730195726e-01 1.1585621568e-01
    endloop
  endfacet
  facet normal -2.910970e-01 -9.529505e-01 8.454536e-02
    outer loop
      vertex -8.1979958674e-02 -2.8858150734e-01 0.0000000000e+00
      vertex -6.6035108242e-02 -2.8991777922e-01 3.9837743048e-02
      vertex -1.0746863805e-01 -2.7729138018e-01 3.9496611406e-02
    endloop
  endfacet
  facet normal -2.357379e-01 -9.474616e-01 2.162041e-01
    outer loop
      vertex -4.8737954435e-02 -2.8531695489e-01 7.8859666818e-02
      vertex -9.0377663728e-02 -2.7487325256e-01 7.9224825198e-02
      vertex -6.6035108242e-02 -2.8991777922e-01 3.9837743048e-02
    endloop
  endfacet
  facet normal -3.716277e-01 -9.031797e-01 2.148469e-01
    outer loop
      vertex -1.3016656937e-01 -2.5880054412e-01 7.7967573902e-02
      vertex -1.0746863805e-01 -2.7729138018e-01 3.9496611406e-02
      vertex -9.0377663728e-02 -2.7487325256e-01 7.9224825198e-02
    endloop
  endfacet
  facet normal -2.880454e-01 -9.403266e-01 1.811510e-01
    outer loop
      vertex -6.6035108242e-02 -2.8991777922e-01 3.9837743048e-02
      vertex -9.0377663728e-02 -2.7487325256e-01 7.9224825198e-02
      vertex -1.0746863805e-01 -2.7729138018e-01 3.9496611406e-02
    endloop
  endfacet
  facet normal 2.331714e-01 -8.516395e-01 4.694052e-01
    outer loop
      vertex 9.2705098312e-02 -2.4270509831e-01 1.5000000000e-01
      vertex 4.6930339512e-02 -2.5205336560e-01 1.5577754692e-01
      vertex 7.1603079096e-02 -2.6730195726e-01 1.1585621568e-01
    endloop
  endfacet
  facet normal 7.836719e-02 -8.724736e-01 4.823363e-01
    outer loop
      vertex 0.0000000000e+00 -2.5519524251e-01 1.5771933364e-01
      vertex 2.4697074010e-02 -2.7389474788e-01 1.1988211551e-01
      vertex 4.6930339512e-02 -2.5205336560e-01 1.5577754692e-01
    endloop
  endfacet
  facet normal 1.597927e-01 -9.227974e-01 3.505871e-01
    outer loop
      vertex 4.8737954435e-02 -2.8531695489e-01 7.8859666818e-02
      vertex 7.1603079096e-02 -2.6730195726e-01 1.1585621568e-01
      vertex 2.4697074010e-02 -2.7389474788e-01 1.1988211551e-01
    endloop
  endfacet
  facet normal 1.618790e-01 -8.843585e-01 4.378416e-01
    outer loop
      vertex 4.6930339512e-02 -2.5205336560e-01 1.5577754692e-01
      vertex 2.4697074010e-02 -2.7389474788e-01 1.1988211551e-01
      vertex 7.1603079096e-02 -2.6730195726e-01 1.1585621568e-01
    endloop
  endfacet
  facet normal -2.331714e-01 -8.516395e-01 4.694052e-01
    outer loop
      vertex -9.2705098312e-02 -2.4270509831e-01 1.5000000000e-01
      vertex -7.1603079096e-02 -2.6730195726e-01 1.1585621568e-01
      vertex -4.6930339512e-02 -2.5205336560e-01 1.5577754692e-01
    endloop
  endfacet
  facet normal -1.597927e-01 -9.227974e-01 3.505871e-01
    outer loop
      vertex -4.8737954435e-02 -2.8531695489e-01 7.8859666818e-02
      vertex -2.4697074010e-02 -2.7389474788e-01 1.1988211551e-01
      vertex -7.1603079096e-02 -2.6730195726e-01 1.1585621568e-01
    endloop
  endfacet
  facet normal -7.836719e-02 -8.724736e-01 4.823363e-01
    outer loop
      vertex 0.0000000000e+00 -2.5519524251e-01 1.5771933364e-01
      vertex -4.6930339512e-02 -2.5205336560e-01 1.5577754692e-01
      vertex -2.4697074010e-02 -2.7389474788e-01 1.1988211551e-01
    endloop
  endfacet
  facet normal -1.618790e-01 -8.843585e-01 4.378416e-01
    outer loop
      vertex -7.1603079096e-02 -2.6730195726e-01 1.1585621568e-01
      vertex -2.4697074010e-02 -2.7389474788e-01 1.1988211551e-01
      vertex -4.6930339512e-02 -2.5205336560e-01 1.5577754692e-01
    endloop
  endfacet
  facet normal 0.000000e+00 -9.957474e-01 9.212595e-02
    outer loop
      vertex 0.0000000000e+00 -3.0000000000e-01 0.0000000000e+00
      vertex 2.4672739584e-02 -2.9630650218e-01 3.9921331242e-02
      vertex -2.4672739584e-02 -2.9630650218e-01 3.9921331242e-02
    endloop
  endfacet
  facet normal 8.142553e-02 -9.712310e-01 2.237863e-01
    outer loop
      vertex 4.8737954435e-02 -2.8531695489e-01 7.8859666818e-02
      vertex 0.0000000000e+00 -2.8915837904e-01 7.9921410340e-02
      vertex 2.4672739584e-02 -2.9630650218e-01 3.9921331242e-02
    endloop
  endfacet
  facet normal -8.142553e-02 -9.712310e-01 2.237863e-01
    outer loop
      vertex -4.8737954435e-02 -2.8531695489e-01 7.8859666818e-02
      vertex -2.4672739584e-02 -2.9630650218e-01 3.9921331242e-02
      vertex 0.0000000000e+00 -2.8915837904e-01 7.9921410340e-02
    endloop
  endfacet
  facet normal 0.000000e+00 -9.844052e-01 1.759159e-01
    outer loop
      vertex 2.4672739584e-02 -2.9630650218e-01 3.9921331242e-02
      vertex 0.0000000000e+00 -2.8915837904e-01 7.9921410340e-02
      vertex -2.4672739584e-02 -2.9630650218e-01 3.9921331242e-02
    endloop
  endfacet
  facet normal 0.000000e+00 -8.964941e-01 4.430557e-01
    outer loop
      vertex 0.0000000000e+00 -2.5519524251e-01 1.5771933364e-01
      vertex -2.4697074010e-02 -2.7389474788e-01 1.1988211551e-01
      vertex 2.4697074010e-02 -2.7389474788e-01 1.1988211551e-01
    endloop
  endfacet
  facet normal -8.140770e-02 -9.468068e-01 3.113353e-01
    outer loop
      vertex -4.8737954435e-02 -2.8531695489e-01 7.8859666818e-02
      vertex 0.0000000000e+00 -2.8915837904e-01 7.9921410340e-02
      vertex -2.4697074010e-02 -2.7389474788e-01 1.1988211551e-01
    endloop
  endfacet
  facet normal 8.140770e-02 -9.468068e-01 3.113353e-01
    outer loop
      vertex 4.8737954435e-02 -2.8531695489e-01 7.8859666818e-02
      vertex 2.4697074010e-02 -2.7389474788e-01 1.1988211551e-01
      vertex 0.0000000000e+00 -2.8915837904e-01 7.9921410340e-02
    endloop
  endfacet
  facet normal 0.000000e+00 -9.341724e-01 3.568221e-01
    outer loop
      vertex -2.4697074010e-02 -2.7389474788e-01 1.1988211551e-01
      vertex 0.0000000000e+00 -2.8915837904e-01 7.9921410340e-02
      vertex 2.4697074010e-02 -2.7389474788e-01 1.1988211551e-01
    endloop
  endfacet
  facet normal 4.650712e-01 -8.838505e-01 -5.017104e-02
    outer loop
      vertex 1.5771933364e-01 -2.5519524251e-01 0.0000000000e+00
      vertex 1.2100660459e-01 -2.7451302637e-01 0.0000000000e+00
      vertex 1.4533249262e-01 -2.5947880076e-01 -3.9360113644e-02
    endloop
  endfacet
  facet normal 3.386983e-01 -9.395655e-01 -5.000027e-02
    outer loop
      vertex 8.1979958674e-02 -2.8858150734e-01 0.0000000000e+00
      vertex 1.0746863805e-01 -2.7729138018e-01 -3.9496611406e-02
      vertex 1.2100660459e-01 -2.7451302637e-01 0.0000000000e+00
    endloop
  endfacet
  facet normal 4.192398e-01 -8.897882e-01 -1.803191e-01
    outer loop
      vertex 1.3016656937e-01 -2.5880054412e-01 -7.7967573902e-02
      vertex 1.4533249262e-01 -2.5947880076e-01 -3.9360113644e-02
      vertex 1.0746863805e-01 -2.7729138018e-01 -3.9496611406e-02
    endloop
  endfacet
  facet normal 4.244916e-01 -9.017047e-01 -8.207030e-02
    outer loop
      vertex 1.2100660459e-01 -2.7451302637e-01 0.0000000000e+00
      vertex 1.0746863805e-01 -2.7729138018e-01 -3.9496611406e-02
      vertex 1.4533249262e-01 -2.5947880076e-01 -3.9360113644e-02
    endloop
  endfacet
  facet normal 6.905681e-02 -9.963836e-01 -4.950537e-02
    outer loop
      vertex 0.0000000000e+00 -3.0000000000e-01 0.0000000000e+00
      vertex 2.4672739584e-02 -2.9630650218e-01 -3.9921331242e-02
      vertex 4.1385672638e-02 -2.9713166459e-01 0.0000000000e+00
    endloop
  endfacet
  facet normal 1.504758e-01 -9.718501e-01 -1.812856e-01
    outer loop
      vertex 4.8737954435e-02 -2.8531695489e-01 -7.8859666818e-02
      vertex 6.6035108242e-02 -2.8991777922e-01 -3.9837743048e-02
      vertex 2.4672739584e-02 -2.9630650218e-01 -3.9921331242e-02
    endloop
  endfacet
  facet normal 2.058489e-01 -9.773256e-01 -4.960764e-02
    outer loop
      vertex 8.1979958674e-02 -2.8858150734e-01 0.0000000000e+00
      vertex 4.1385672638e-02 -2.9713166459e-01 0.0000000000e+00
      vertex 6.6035108242e-02 -2.8991777922e-01 -3.9837743048e-02
    endloop
  endfacet
  facet normal 1.522724e-01 -9.847537e-01 -8.410292e-02
    outer loop
      vertex 2.4672739584e-02 -2.9630650218e-01 -3.9921331242e-02
      vertex 6.6035108242e-02 -2.8991777922e-01 -3.9837743048e-02
      vertex 4.1385672638e-02 -2.9713166459e-01 0.0000000000e+00
    endloop
  endfacet
  facet normal 3.023772e-01 -8.521837e-01 -4.270257e-01
    outer loop
      vertex 9.2705098312e-02 -2.4270509831e-01 -1.5000000000e-01
      vertex 1.1251157024e-01 -2.5317344239e-01 -1.1508411981e-01
      vertex 7.1603079096e-02 -2.6730195726e-01 -1.1585621568e-01
    endloop
  endfacet
  facet normal 3.648012e-01 -8.790876e-01 -3.067980e-01
    outer loop
      vertex 1.3016656937e-01 -2.5880054412e-01 -7.7967573902e-02
      vertex 9.0377663728e-02 -2.7487325256e-01 -7.9224825198e-02
      vertex 1.1251157024e-01 -2.5317344239e-01 -1.1508411981e-01
    endloop
  endfacet
  facet normal 2.288929e-01 -9.233856e-01 -3.081672e-01
    outer loop
      vertex 4.8737954435e-02 -2.8531695489e-01 -7.8859666818e-02
      vertex 7.1603079096e-02 -2.6730195726e-01 -1.1585621568e-01
      vertex 9.0377663728e-02 -2.7487325256e-01 -7.9224825198e-02
    endloop
  endfacet
  facet normal 3.124011e-01 -8.857887e-01 -3.431966e-01
    outer loop
      vertex 1.1251157024e-01 -2.5317344239e-01 -1.1508411981e-01
      vertex 9.0377663728e-02 -2.7487325256e-01 -7.9224825198e-02
      vertex 7.1603079096e-02 -2.6730195726e-01 -1.1585621568e-01
    endloop
  endfacet
  facet normal 2.910970e-01 -9.529505e-01 -8.454536e-02
    outer loop
      vertex 8.1979958674e-02 -2.8858150734e-01 0.0000000000e+00
      vertex 6.6035108242e-02 -2.8991777922e-01 -3.9837743048e-02
      vertex 1.0746863805e-01 -2.7729138018e-01 -3.9496611406e-02
    endloop
  endfacet
  facet normal 2.357379e-01 -9.474616e-01 -2.162041e-01
    outer loop
      vertex 4.8737954435e-02 -2.8531695489e-01 -7.8859666818e-02
      vertex 9.0377663728e-02 -2.7487325256e-01 -7.9224825198e-02
      vertex 6.6035108242e-02 -2.8991777922e-01 -3.9837743048e-02
    endloop
  endfacet
  facet normal 3.716277e-01 -9.031797e-01 -2.148469e-01
    outer loop
      vertex 1.3016656937e-01 -2.5880054412e-01 -7.7967573902e-02
      vertex 1.0746863805e-01 -2.7729138018e-01 -3.9496611406e-02
      vertex 9.0377663728e-02 -2.7487325256e-01 -7.9224825198e-02
    endloop
  endfacet
  facet normal 2.880454e-01 -9.403266e-01 -1.811510e-01
    outer loop
      vertex 6.6035108242e-02 -2.8991777922e-01 -3.9837743048e-02
      vertex 9.0377663728e-02 -2.7487325256e-01 -7.9224825198e-02
      vertex 1.0746863805e-01 -2.7729138018e-01 -3.9496611406e-02
    endloop
  endfacet
  facet normal -4.650712e-01 -8.838505e-01 -5.017104e-02
    outer loop
      vertex -1.5771933364e-01 -2.5519524251e-01 0.0000000000e+00
      vertex -1.4533249262e-01 -2.5947880076e-01 -3.9360113644e-02
      vertex -1.2100660459e-01 -2.7451302637e-01 0.0000000000e+00
    endloop
  endfacet
  facet normal -4.192398e-01 -8.897882e-01 -1.803191e-01
    outer loop
      vertex -1.3016656937e-01 -2.5880054412e-01 -7.7967573902e-02
      vertex -1.0746863805e-01 -2.7729138018e-01 -3.9496611406e-02
      vertex -1.4533249262e-01 -2.5947880076e-01 -3.9360113644e-02
    endloop
  endfacet
  facet normal -3.386983e-01 -9.395655e-01 -5.000027e-02
    outer loop
      vertex -8.1979958674e-02 -2.8858150734e-01 0.0000000000e+00
      vertex -1.2100660459e-01 -2.7451302637e-01 0.0000000000e+00
      vertex -1.0746863805e-01 -2.7729138018e-01 -3.9496611406e-02
    endloop
  endfacet
  facet normal -4.244916e-01 -9.017047e-01 -8.207030e-02
    outer loop
      vertex -1.4533249262e-01 -2.5947880076e-01 -3.9360113644e-02
      vertex -1.0746863805e-01 -2.7729138018e-01 -3.9496611406e-02
      vertex -1.2100660459e-01 -2.7451302637e-01 0.0000000000e+00
    endloop
  endfacet
  facet normal -3.023772e-01 -8.521837e-01 -4.270257e-01
    outer loop
      vertex -9.2705098312e-02 -2.4270509831e-01 -1.5000000000e-01
      vertex -7.1603079096e-02 -2.6730195726e-01 -1.1585621568e-01
      vertex -1.1251157024e-01 -2.5317344239e-01 -1.1508411981e-01
    endloop
  endfacet
  facet normal -2.288929e-01 -9.233856e-01 -3.081672e-01
    outer loop
      vertex -4.8737954435e-02 -2.8531695489e-01 -7.8859666818e-02
      vertex -9.0377663728e-02 -2.7487325256e-01 -7.9224825198e-02
      vertex -7.1603079096e-02 -2.6730195726e-01 -1.1585621568e-01
    endloop
  endfacet
  facet normal -3.648012e-01 -8.790876e-01 -3.067980e-01
    outer loop
      vertex -1.3016656937e-01 -2.5880054412e-01 -7.7967573902e-02
      vertex -1.1251157024e-01 -2.5317344239e-01 -1.1508411981e-01
      vertex -9.0377663728e-02 -2.7487325256e-01 -7.9224825198e-02
    endloop
  endfacet
  facet normal -3.124011e-01 -8.857887e-01 -3.431966e-01
    outer loop
      vertex -7.1603079096e-02 -2.6730195726e-01 -1.1585621568e-01
      vertex -9.0377663728e-02 -2.7487325256e-01 -7.9224825198e-02
      vertex -1.1251157024e-01 -2.5317344239e-01 -1.1508411981e-01
    endloop
  endfacet
  facet normal -6.905681e-02 -9.963836e-01 -4.950537e-02
    outer loop
      vertex 0.0000000000e+00 -3.0000000000e-01 0.0000000000e+00
      vertex -4.1385672638e-02 -2.9713166459e-01 0.0000000000e+00
      vertex -2.4672739584e-02 -2.9630650218e-01 -3.9921331242e-02
    endloop
  endfacet
  facet normal -2.058489e-01 -9.773256e-01 -4.960764e-02
    outer loop
      vertex -8.1979958674e-02 -2.8858150734e-01 0.0000000000e+00
      vertex -6.6035108242e-02 -2.8991777922e-01 -3.9837743048e-02
      vertex -4.1385672638e-02 -2.9713166459e-01 0.0000000000e+00
    endloop
  endfacet
  facet normal -1.504758e-01 -9.718501e-01 -1.812856e-01
    outer loop
      vertex -4.8737954435e-02 -2.8531695489e-01 -7.8859666818e-02
      vertex -2.4672739584e-02 -2.9630650218e-01 -3.9921331242e-02
      vertex -6.6035108242e-02 -2.8991777922e-01 -3.9837743048e-02
    endloop
  endfacet
  facet normal -1.522724e-01 -9.847537e-01 -8.410292e-02
    outer loop
      vertex -4.1385672638e-02 -2.9713166459e-01 0.0000000000e+00
      vertex -6.6035108242e-02 -2.8991777922e-01 -3.9837743048e-02
      vertex -2.4672739584e-02 -2.9630650218e-01 -3.9921331242e-02
    endloop
  endfacet
  facet normal -3.716277e-01 -9.031797e-01 -2.148469e-01
    outer loop
      vertex -1.3016656937e-01 -2.5880054412e-01 -7.7967573902e-02
      vertex -9.0377663728e-02 -2.7487325256e-01 -7.9224825198e-02
      vertex -1.0746863805e-01 -2.7729138018e-01 -3.9496611406e-02
    endloop
  endfacet
  facet normal -2.357379e-01 -9.474616e-01 -2.162041e-01
    outer loop
      vertex -4.8737954435e-02 -2.8531695489e-01 -7.8859666818e-02
      vertex -6.6035108242e-02 -2.8991777922e-01 -3.9837743048e-02
      vertex -9.0377663728e-02 -2.7487325256e-01 -7.9224825198e-02
    endloop
  endfacet
  facet normal -2.910970e-01 -9.529505e-01 -8.454536e-02
    outer loop
      vertex -8.1979958674e-02 -2.8858150734e-01 0.0000000000e+00
      vertex -1.0746863805e-01 -2.7729138018e-01 -3.9496611406e-02
      vertex -6.6035108242e-02 -2.8991777922e-01 -3.9837743048e-02
    endloop
  endfacet
  facet normal -2.880454e-01 -9.403266e-01 -1.811510e-01
    outer loop
      vertex -9.0377663728e-02 -2.7487325256e-01 -7.9224825198e-02
      vertex -6.6035108242e-02 -2.8991777922e-01 -3.9837743048e-02
      vertex -1.0746863805e-01 -2.7729138018e-01 -3.9496611406e-02
    endloop
  endfacet
  facet normal 0.000000e+00 -5.964207e-01 -8.026720e-01
    outer loop
      vertex 0.0000000000e+00 -1.5771933364e-01 -2.5519524251e-01
      vertex 2.4325888033e-02 -1.8469260626e-01 -2.3515291273e-01
      vertex -2.4325888033e-02 -1.8469260626e-01 -2.3515291273e-01
    endloop
  endfacet
  facet normal 8.054149e-02 -6.804611e-01 -7.283445e-01
    outer loop
      vertex 4.8186610692e-02 -2.0813414327e-01 -2.1061393343e-01
      vertex 0.0000000000e+00 -2.1087210915e-01 -2.1338452049e-01
      vertex 2.4325888033e-02 -1.8469260626e-01 -2.3515291273e-01
    endloop
  endfacet
  facet normal -8.054149e-02 -6.804611e-01 -7.283445e-01
    outer loop
      vertex -4.8186610692e-02 -2.0813414327e-01 -2.1061393343e-01
      vertex -2.4325888033e-02 -1.8469260626e-01 -2.3515291273e-01
      vertex 0.0000000000e+00 -2.1087210915e-01 -2.1338452049e-01
    endloop
  endfacet
  facet normal -0.000000e+00 -6.393544e-01 -7.689122e-01
    outer loop
      vertex 2.4325888033e-02 -1.8469260626e-01 -2.3515291273e-01
      vertex 0.0000000000e+00 -2.1087210915e-01 -2.1338452049e-01
      vertex -2.4325888033e-02 -1.8469260626e-01 -2.3515291273e-01
    endloop
  endfacet
  facet normal 2.333204e-01 -8.095043e-01 -5.387620e-01
    outer loop
      vertex 9.2705098312e-02 -2.4270509831e-01 -1.5000000000e-01
      vertex 4.6930339512e-02 -2.5205336560e-01 -1.5577754692e-01
      vertex 7.1125897605e-02 -2.2759569005e-01 -1.8204754478e-01
    endloop
  endfacet
  facet normal 7.841715e-02 -8.303865e-01 -5.516422e-01
    outer loop
      vertex 0.0000000000e+00 -2.5519524251e-01 -1.5771933364e-01
      vertex 2.4342555486e-02 -2.3406131121e-01 -1.8607187478e-01
      vertex 4.6930339512e-02 -2.5205336560e-01 -1.5577754692e-01
    endloop
  endfacet
  facet normal 1.589524e-01 -7.518660e-01 -6.398684e-01
    outer loop
      vertex 4.8186610692e-02 -2.0813414327e-01 -2.1061393343e-01
      vertex 7.1125897605e-02 -2.2759569005e-01 -1.8204754478e-01
      vertex 2.4342555486e-02 -2.3406131121e-01 -1.8607187478e-01
    endloop
  endfacet
  facet normal 1.601287e-01 -7.916792e-01 -5.895786e-01
    outer loop
      vertex 4.6930339512e-02 -2.5205336560e-01 -1.5577754692e-01
      vertex 2.4342555486e-02 -2.3406131121e-01 -1.8607187478e-01
      vertex 7.1125897605e-02 -2.2759569005e-01 -1.8204754478e-01
    endloop
  endfacet
  facet normal -2.333204e-01 -8.095043e-01 -5.387620e-01
    outer loop
      vertex -9.2705098312e-02 -2.4270509831e-01 -1.5000000000e-01
      vertex -7.1125897605e-02 -2.2759569005e-01 -1.8204754478e-01
      vertex -4.6930339512e-02 -2.5205336560e-01 -1.5577754692e-01
    endloop
  endfacet
  facet normal -1.589524e-01 -7.518660e-01 -6.398684e-01
    outer loop
      vertex -4.8186610692e-02 -2.0813414327e-01 -2.1061393343e-01
      vertex -2.4342555486e-02 -2.3406131121e-01 -1.8607187478e-01
      vertex -7.1125897605e-02 -2.2759569005e-01 -1.8204754478e-01
    endloop
  endfacet
  facet normal -7.841715e-02 -8.303865e-01 -5.516422e-01
    outer loop
      vertex 0.0000000000e+00 -2.5519524251e-01 -1.5771933364e-01
      vertex -4.6930339512e-02 -2.5205336560e-01 -1.5577754692e-01
      vertex -2.4342555486e-02 -2.3406131121e-01 -1.8607187478e-01
    endloop
  endfacet
  facet normal -1.601287e-01 -7.916792e-01 -5.895786e-01
    outer loop
      vertex -7.1125897605e-02 -2.2759569005e-01 -1.8204754478e-01
      vertex -2.4342555486e-02 -2.3406131121e-01 -1.8607187478e-01
      vertex -4.6930339512e-02 -2.5205336560e-01 -1.5577754692e-01
    endloop
  endfacet
  facet normal 8.053079e-02 -7.232719e-01 -6.858517e-01
    outer loop
      vertex 4.8186610692e-02 -2.0813414327e-01 -2.1061393343e-01
      vertex 2.4342555486e-02 -2.3406131121e-01 -1.8607187478e-01
      vertex 0.0000000000e+00 -2.1087210915e-01 -2.1338452049e-01
    endloop
  endfacet
  facet normal 0.000000e+00 -8.017675e-01 -5.976360e-01
    outer loop
      vertex 0.0000000000e+00 -2.5519524251e-01 -1.5771933364e-01
      vertex -2.4342555486e-02 -2.3406131121e-01 -1.8607187478e-01
      vertex 2.4342555486e-02 -2.3406131121e-01 -1.8607187478e-01
    endloop
  endfacet
  facet normal -8.053079e-02 -7.232719e-01 -6.858517e-01
    outer loop
      vertex -4.8186610692e-02 -2.0813414327e-01 -2.1061393343e-01
      vertex 0.0000000000e+00 -2.1087210915e-01 -2.1338452049e-01
      vertex -2.4342555486e-02 -2.3406131121e-01 -1.8607187478e-01
    endloop
  endfacet
  facet normal -0.000000e+00 -7.623048e-01 -6.472182e-01
    outer loop
      vertex 2.4342555486e-02 -2.3406131121e-01 -1.8607187478e-01
      vertex -2.4342555486e-02 -2.3406131121e-01 -1.8607187478e-01
      vertex 0.0000000000e+00 -2.1087210915e-01 -2.1338452049e-01
    endloop
  endfacet
  facet normal 0.000000e+00 -9.957474e-01 -9.212595e-02
    outer loop
      vertex 0.0000000000e+00 -3.0000000000e-01 0.0000000000e+00
      vertex -2.4672739584e-02 -2.9630650218e-01 -3.9921331242e-02
      vertex 2.4672739584e-02 -2.9630650218e-01 -3.9921331242e-02
    endloop
  endfacet
  facet normal -8.142553e-02 -9.712310e-01 -2.237863e-01
    outer loop
      vertex -4.8737954435e-02 -2.8531695489e-01 -7.8859666818e-02
      vertex 0.0000000000e+00 -2.8915837904e-01 -7.9921410340e-02
      vertex -2.4672739584e-02 -2.9630650218e-01 -3.9921331242e-02
    endloop
  endfacet
  facet normal 8.142553e-02 -9.712310e-01 -2.237863e-01
    outer loop
      vertex 4.8737954435e-02 -2.8531695489e-01 -7.8859666818e-02
      vertex 2.4672739584e-02 -2.9630650218e-01 -3.9921331242e-02
      vertex 0.0000000000e+00 -2.8915837904e-01 -7.9921410340e-02
    endloop
  endfacet
  facet normal 0.000000e+00 -9.844052e-01 -1.759159e-01
    outer loop
      vertex -2.4672739584e-02 -2.9630650218e-01 -3.9921331242e-02
      vertex 0.0000000000e+00 -2.8915837904e-01 -7.9921410340e-02
      vertex 2.4672739584e-02 -2.9630650218e-01 -3.9921331242e-02
    endloop
  endfacet
  facet normal -2.331714e-01 -8.516395e-01 -4.694052e-01
    outer loop
      vertex -9.2705098312e-02 -2.4270509831e-01 -1.5000000000e-01
      vertex -4.6930339512e-02 -2.5205336560e-01 -1.5577754692e-01
      vertex -7.1603079096e-02 -2.6730195726e-01 -1.1585621568e-01
    endloop
  endfacet
  facet normal -7.836719e-02 -8.724736e-01 -4.823363e-01
    outer loop
      vertex 0.0000000000e+00 -2.5519524251e-01 -1.5771933364e-01
      vertex -2.4697074010e-02 -2.7389474788e-01 -1.1988211551e-01
      vertex -4.6930339512e-02 -2.5205336560e-01 -1.5577754692e-01
    endloop
  endfacet
  facet normal -1.597927e-01 -9.227974e-01 -3.505871e-01
    outer loop
      vertex -4.8737954435e-02 -2.8531695489e-01 -7.8859666818e-02
      vertex -7.1603079096e-02 -2.6730195726e-01 -1.1585621568e-01
      vertex -2.4697074010e-02 -2.7389474788e-01 -1.1988211551e-01
    endloop
  endfacet
  facet normal -1.618790e-01 -8.843585e-01 -4.378416e-01
    outer loop
      vertex -4.6930339512e-02 -2.5205336560e-01 -1.5577754692e-01
      vertex -2.4697074010e-02 -2.7389474788e-01 -1.1988211551e-01
      vertex -7.1603079096e-02 -2.6730195726e-01 -1.1585621568e-01
    endloop
  endfacet
  facet normal 2.331714e-01 -8.516395e-01 -4.694052e-01
    outer loop
      vertex 9.2705098312e-02 -2.4270509831e-01 -1.5000000000e-01
      vertex 7.1603079096e-02 -2.6730195726e-01 -1.1585621568e-01
      vertex 4.6930339512e-02 -2.5205336560e-01 -1.5577754692e-01
    endloop
  endfacet
  facet normal 1.597927e-01 -9.227974e-01 -3.505871e-01
    outer loop
      vertex 4.8737954435e-02 -2.8531695489e-01 -7.8859666818e-02
      vertex 2.4697074010e-02 -2.7389474788e-01 -1.1988211551e-01
      vertex 7.1603079096e-02 -2.6730195726e-01 -1.1585621568e-01
    endloop
  endfacet
  facet normal 7.836719e-02 -8.724736e-01 -4.823363e-01
    outer loop
      vertex 0.0000000000e+00 -2.5519524251e-01 -1.5771933364e-01
      vertex 4.6930339512e-02 -2.5205336560e-01 -1.5577754692e-01
      vertex 2.4697074010e-02 -2.7389474788e-01 -1.1988211551e-01
    endloop
  endfacet
  facet normal 1.618790e-01 -8.843585e-01 -4.378416e-01
    outer loop
      vertex 7.1603079096e-02 -2.6730195726e-01 -1.1585621568e-01
      vertex 2.4697074010e-02 -2.7389474788e-01 -1.1988211551e-01
      vertex 4.6930339512e-02 -2.5205336560e-01 -1.5577754692e-01
    endloop
  endfacet
  facet normal -8.140770e-02 -9.468068e-01 -3.113353e-01
    outer loop
      vertex -4.8737954435e-02 -2.8531695489e-01 -7.8859666818e-02
      vertex -2.4697074010e-02 -2.7389474788e-01 -1.1988211551e-01
      vertex 0.0000000000e+00 -2.8915837904e-01 -7.9921410340e-02
    endloop
  endfacet
  facet normal 0.000000e+00 -8.964941e-01 -4.430557e-01
    outer loop
      vertex 0.0000000000e+00 -2.5519524251e-01 -1.5771933364e-01
      vertex 2.4697074010e-02 -2.7389474788e-01 -1.1988211551e-01
      vertex -2.4697074010e-02 -2.7389474788e-01 -1.1988211551e-01
    endloop
  endfacet
  facet normal 8.140770e-02 -9.468068e-01 -3.113353e-01
    outer loop
      vertex 4.8737954435e-02 -2.8531695489e-01 -7.8859666818e-02
      vertex 0.0000000000e+00 -2.8915837904e-01 -7.9921410340e-02
      vertex 2.4697074010e-02 -2.7389474788e-01 -1.1988211551e-01
    endloop
  endfacet
  facet normal 0.000000e+00 -9.341724e-01 -3.568221e-01
    outer loop
      vertex -2.4697074010e-02 -2.7389474788e-01 -1.1988211551e-01
      vertex 2.4697074010e-02 -2.7389474788e-01 -1.1988211551e-01
      vertex 0.0000000000e+00 -2.8915837904e-01 -7.9921410340e-02
    endloop
  endfacet
  facet normal 5.462496e-01 -8.336794e-01 -8.117845e-02
    outer loop
      vertex 1.5771933364e-01 -2.5519524251e-01 0.0000000000e+00
      vertex 1.4533249262e-01 -2.5947880076e-01 -3.9360113644e-02
      vertex 1.8469260626e-01 -2.3515291273e-01 -2.4325888033e-02
    endloop
  endfacet
  facet normal 5.001420e-01 -8.397879e-01 -2.112210e-01
    outer loop
      vertex 1.3016656937e-01 -2.5880054412e-01 -7.7967573902e-02
      vertex 1.7137549774e-01 -2.3779476878e-01 -6.3906859695e-02
      vertex 1.4533249262e-01 -2.5947880076e-01 -3.9360113644e-02
    endloop
  endfacet
  facet normal 6.304608e-01 -7.592464e-01 -1.614436e-01
    outer loop
      vertex 2.0813414327e-01 -2.1061393343e-01 -4.8186610692e-02
      vertex 1.8469260626e-01 -2.3515291273e-01 -2.4325888033e-02
      vertex 1.7137549774e-01 -2.3779476878e-01 -6.3906859695e-02
    endloop
  endfacet
  facet normal 5.572841e-01 -8.196344e-01 -1.327925e-01
    outer loop
      vertex 1.4533249262e-01 -2.5947880076e-01 -3.9360113644e-02
      vertex 1.7137549774e-01 -2.3779476878e-01 -6.3906859695e-02
      vertex 1.8469260626e-01 -2.3515291273e-01 -2.4325888033e-02
    endloop
  endfacet
  facet normal 3.824786e-01 -8.026783e-01 -4.576217e-01
    outer loop
      vertex 9.2705098312e-02 -2.4270509831e-01 -1.5000000000e-01
      vertex 1.3619714992e-01 -2.2738062601e-01 -1.4052895526e-01
      vertex 1.1251157024e-01 -2.5317344239e-01 -1.1508411981e-01
    endloop
  endfacet
  facet normal 5.222192e-01 -7.421000e-01 -4.202079e-01
    outer loop
      vertex 1.7633557569e-01 -2.0645728807e-01 -1.2759762125e-01
      vertex 1.5483648602e-01 -2.3503550951e-01 -1.0384590444e-01
      vertex 1.3619714992e-01 -2.2738062601e-01 -1.4052895526e-01
    endloop
  endfacet
  facet normal 4.450681e-01 -8.294800e-01 -3.374572e-01
    outer loop
      vertex 1.3016656937e-01 -2.5880054412e-01 -7.7967573902e-02
      vertex 1.1251157024e-01 -2.5317344239e-01 -1.1508411981e-01
      vertex 1.5483648602e-01 -2.3503550951e-01 -1.0384590444e-01
    endloop
  endfacet
  facet normal 4.484825e-01 -8.016858e-01 -3.951751e-01
    outer loop
      vertex 1.3619714992e-01 -2.2738062601e-01 -1.4052895526e-01
      vertex 1.5483648602e-01 -2.3503550951e-01 -1.0384590444e-01
      vertex 1.1251157024e-01 -2.5317344239e-01 -1.1508411981e-01
    endloop
  endfacet
  facet normal 7.599989e-01 -5.693580e-01 -3.134218e-01
    outer loop
      vertex 2.4270509831e-01 -1.5000000000e-01 -9.2705098312e-02
      vertex 2.2759569005e-01 -1.8204754478e-01 -7.1125897605e-02
      vertex 2.1213203436e-01 -1.8045028650e-01 -1.1152441034e-01
    endloop
  endfacet
  facet normal 7.022584e-01 -6.705276e-01 -2.392192e-01
    outer loop
      vertex 2.0813414327e-01 -2.1061393343e-01 -4.8186610692e-02
      vertex 1.9422356816e-01 -2.1069295402e-01 -8.8801377773e-02
      vertex 2.2759569005e-01 -1.8204754478e-01 -7.1125897605e-02
    endloop
  endfacet
  facet normal 6.491008e-01 -6.636828e-01 -3.717435e-01
    outer loop
      vertex 1.7633557569e-01 -2.0645728807e-01 -1.2759762125e-01
      vertex 2.1213203436e-01 -1.8045028650e-01 -1.1152441034e-01
      vertex 1.9422356816e-01 -2.1069295402e-01 -8.8801377773e-02
    endloop
  endfacet
  facet normal 7.075762e-01 -6.415571e-01 -2.962101e-01
    outer loop
      vertex 2.2759569005e-01 -1.8204754478e-01 -7.1125897605e-02
      vertex 1.9422356816e-01 -2.1069295402e-01 -8.8801377773e-02
      vertex 2.1213203436e-01 -1.8045028650e-01 -1.1152441034e-01
    endloop
  endfacet
  facet normal 5.084250e-01 -8.186344e-01 -2.670988e-01
    outer loop
      vertex 1.3016656937e-01 -2.5880054412e-01 -7.7967573902e-02
      vertex 1.5483648602e-01 -2.3503550951e-01 -1.0384590444e-01
      vertex 1.7137549774e-01 -2.3779476878e-01 -6.3906859695e-02
    endloop
  endfacet
  facet normal 5.855635e-01 -7.312575e-01 -3.498255e-01
    outer loop
      vertex 1.7633557569e-01 -2.0645728807e-01 -1.2759762125e-01
      vertex 1.9422356816e-01 -2.1069295402e-01 -8.8801377773e-02
      vertex 1.5483648602e-01 -2.3503550951e-01 -1.0384590444e-01
    endloop
  endfacet
  facet normal 6.387266e-01 -7.381036e-01 -2.173281e-01
    outer loop
      vertex 2.0813414327e-01 -2.1061393343e-01 -4.8186610692e-02
      vertex 1.7137549774e-01 -2.3779476878e-01 -6.3906859695e-02
      vertex 1.9422356816e-01 -2.1069295402e-01 -8.8801377773e-02
    endloop
  endfacet
  facet normal 5.811538e-01 -7.591756e-01 -2.931085e-01
    outer loop
      vertex 1.5483648602e-01 -2.3503550951e-01 -1.0384590444e-01
      vertex 1.9422356816e-01 -2.1069295402e-01 -8.8801377773e-02
      vertex 1.7137549774e-01 -2.3779476878e-01 -6.3906859695e-02
    endloop
  endfacet
  facet normal 8.117845e-02 -5.462496e-01 -8.336794e-01
    outer loop
      vertex 0.0000000000e+00 -1.5771933364e-01 -2.5519524251e-01
      vertex 3.9360113644e-02 -1.4533249262e-01 -2.5947880076e-01
      vertex 2.4325888033e-02 -1.8469260626e-01 -2.3515291273e-01
    endloop
  endfacet
  facet normal 2.112210e-01 -5.001420e-01 -8.397879e-01
    outer loop
      vertex 7.7967573902e-02 -1.3016656937e-01 -2.5880054412e-01
      vertex 6.3906859695e-02 -1.7137549774e-01 -2.3779476878e-01
      vertex 3.9360113644e-02 -1.4533249262e-01 -2.5947880076e-01
    endloop
  endfacet
  facet normal 1.614436e-01 -6.304608e-01 -7.592464e-01
    outer loop
      vertex 4.8186610692e-02 -2.0813414327e-01 -2.1061393343e-01
      vertex 2.4325888033e-02 -1.8469260626e-01 -2.3515291273e-01
      vertex 6.3906859695e-02 -1.7137549774e-01 -2.3779476878e-01
    endloop
  endfacet
  facet normal 1.327925e-01 -5.572841e-01 -8.196344e-01
    outer loop
      vertex 3.9360113644e-02 -1.4533249262e-01 -2.5947880076e-01
      vertex 6.3906859695e-02 -1.7137549774e-01 -2.3779476878e-01
      vertex 2.4325888033e-02 -1.8469260626e-01 -2.3515291273e-01
    endloop
  endfacet
  facet normal 4.576217e-01 -3.824786e-01 -8.026783e-01
    outer loop
      vertex 1.5000000000e-01 -9.2705098312e-02 -2.4270509831e-01
      vertex 1.4052895526e-01 -1.3619714992e-01 -2.2738062601e-01
      vertex 1.1508411981e-01 -1.1251157024e-01 -2.5317344239e-01
    endloop
  endfacet
  facet normal 4.202079e-01 -5.222192e-01 -7.421000e-01
    outer loop
      vertex 1.2759762125e-01 -1.7633557569e-01 -2.0645728807e-01
      vertex 1.0384590444e-01 -1.5483648602e-01 -2.3503550951e-01
      vertex 1.4052895526e-01 -1.3619714992e-01 -2.2738062601e-01
    endloop
  endfacet
  facet normal 3.374572e-01 -4.450681e-01 -8.294800e-01
    outer loop
      vertex 7.7967573902e-02 -1.3016656937e-01 -2.5880054412e-01
      vertex 1.1508411981e-01 -1.1251157024e-01 -2.5317344239e-01
      vertex 1.0384590444e-01 -1.5483648602e-01 -2.3503550951e-01
    endloop
  endfacet
  facet normal 3.951751e-01 -4.484825e-01 -8.016858e-01
    outer loop
      vertex 1.4052895526e-01 -1.3619714992e-01 -2.2738062601e-01
      vertex 1.0384590444e-01 -1.5483648602e-01 -2.3503550951e-01
      vertex 1.1508411981e-01 -1.1251157024e-01 -2.5317344239e-01
    endloop
  endfacet
  facet normal 3.134218e-01 -7.599989e-01 -5.693580e-01
    outer loop
      vertex 9.2705098312e-02 -2.4270509831e-01 -1.5000000000e-01
      vertex 7.1125897605e-02 -2.2759569005e-01 -1.8204754478e-01
      vertex 1.1152441034e-01 -2.1213203436e-01 -1.8045028650e-01
    endloop
  endfacet
  facet normal 2.392192e-01 -7.022584e-01 -6.705276e-01
    outer loop
      vertex 4.8186610692e-02 -2.0813414327e-01 -2.1061393343e-01
      vertex 8.8801377773e-02 -1.9422356816e-01 -2.1069295402e-01
      vertex 7.1125897605e-02 -2.2759569005e-01 -1.8204754478e-01
    endloop
  endfacet
  facet normal 3.717435e-01 -6.491008e-01 -6.636828e-01
    outer loop
      vertex 1.2759762125e-01 -1.7633557569e-01 -2.0645728807e-01
      vertex 1.1152441034e-01 -2.1213203436e-01 -1.8045028650e-01
      vertex 8.8801377773e-02 -1.9422356816e-01 -2.1069295402e-01
    endloop
  endfacet
  facet normal 2.962101e-01 -7.075762e-01 -6.415571e-01
    outer loop
      vertex 7.1125897605e-02 -2.2759569005e-01 -1.8204754478e-01
      vertex 8.8801377773e-02 -1.9422356816e-01 -2.1069295402e-01
      vertex 1.1152441034e-01 -2.1213203436e-01 -1.8045028650e-01
    endloop
  endfacet
  facet normal 2.670988e-01 -5.084250e-01 -8.186344e-01
    outer loop
      vertex 7.7967573902e-02 -1.3016656937e-01 -2.5880054412e-01
      vertex 1.0384590444e-01 -1.5483648602e-01 -2.3503550951e-01
      vertex 6.3906859695e-02 -1.7137549774e-01 -2.3779476878e-01
    endloop
  endfacet
  facet normal 3.498255e-01 -5.855635e-01 -7.312575e-01
    outer loop
      vertex 1.2759762125e-01 -1.7633557569e-01 -2.0645728807e-01
      vertex 8.8801377773e-02 -1.9422356816e-01 -2.1069295402e-01
      vertex 1.0384590444e-01 -1.5483648602e-01 -2.3503550951e-01
    endloop
  endfacet
  facet normal 2.173281e-01 -6.387266e-01 -7.381036e-01
    outer loop
      vertex 4.8186610692e-02 -2.0813414327e-01 -2.1061393343e-01
      vertex 6.3906859695e-02 -1.7137549774e-01 -2.3779476878e-01
      vertex 8.8801377773e-02 -1.9422356816e-01 -2.1069295402e-01
    endloop
  endfacet
  facet normal 2.931085e-01 -5.811538e-01 -7.591756e-01
    outer loop
      vertex 1.0384590444e-01 -1.5483648602e-01 -2.3503550951e-01
      vertex 8.8801377773e-02 -1.9422356816e-01 -2.1069295402e-01
      vertex 6.3906859695e-02 -1.7137549774e-01 -2.3779476878e-01
    endloop
  endfacet
  facet normal 8.336794e-01 -8.117845e-02 -5.462496e-01
    outer loop
      vertex 2.5519524251e-01 0.0000000000e+00 -1.5771933364e-01
      vertex 2.5947880076e-01 -3.9360113644e-02 -1.4533249262e-01
      vertex 2.3515291273e-01 -2.4325888033e-02 -1.8469260626e-01
    endloop
  endfacet
  facet normal 8.397879e-01 -2.112210e-01 -5.001420e-01
    outer loop
      vertex 2.5880054412e-01 -7.7967573902e-02 -1.3016656937e-01
      vertex 2.3779476878e-01 -6.3906859695e-02 -1.7137549774e-01
      vertex 2.5947880076e-01 -3.9360113644e-02 -1.4533249262e-01
    endloop
  endfacet
  facet normal 7.592464e-01 -1.614436e-01 -6.304608e-01
    outer loop
      vertex 2.1061393343e-01 -4.8186610692e-02 -2.0813414327e-01
      vertex 2.3515291273e-01 -2.4325888033e-02 -1.8469260626e-01
      vertex 2.3779476878e-01 -6.3906859695e-02 -1.7137549774e-01
    endloop
  endfacet
  facet normal 8.196344e-01 -1.327925e-01 -5.572841e-01
    outer loop
      vertex 2.5947880076e-01 -3.9360113644e-02 -1.4533249262e-01
      vertex 2.3779476878e-01 -6.3906859695e-02 -1.7137549774e-01
      vertex 2.3515291273e-01 -2.4325888033e-02 -1.8469260626e-01
    endloop
  endfacet
  facet normal 8.026783e-01 -4.576217e-01 -3.824786e-01
    outer loop
      vertex 2.4270509831e-01 -1.5000000000e-01 -9.2705098312e-02
      vertex 2.2738062601e-01 -1.4052895526e-01 -1.3619714992e-01
      vertex 2.5317344239e-01 -1.1508411981e-01 -1.1251157024e-01
    endloop
  endfacet
  facet normal 7.421000e-01 -4.202079e-01 -5.222192e-01
    outer loop
      vertex 2.0645728807e-01 -1.2759762125e-01 -1.7633557569e-01
      vertex 2.3503550951e-01 -1.0384590444e-01 -1.5483648602e-01
      vertex 2.2738062601e-01 -1.4052895526e-01 -1.3619714992e-01
    endloop
  endfacet
  facet normal 8.294800e-01 -3.374572e-01 -4.450681e-01
    outer loop
      vertex 2.5880054412e-01 -7.7967573902e-02 -1.3016656937e-01
      vertex 2.5317344239e-01 -1.1508411981e-01 -1.1251157024e-01
      vertex 2.3503550951e-01 -1.0384590444e-01 -1.5483648602e-01
    endloop
  endfacet
  facet normal 8.016858e-01 -3.951751e-01 -4.484825e-01
    outer loop
      vertex 2.2738062601e-01 -1.4052895526e-01 -1.3619714992e-01
      vertex 2.3503550951e-01 -1.0384590444e-01 -1.5483648602e-01
      vertex 2.5317344239e-01 -1.1508411981e-01 -1.1251157024e-01
    endloop
  endfacet
  facet normal 5.693580e-01 -3.134218e-01 -7.599989e-01
    outer loop
      vertex 1.5000000000e-01 -9.2705098312e-02 -2.4270509831e-01
      vertex 1.8204754478e-01 -7.1125897605e-02 -2.2759569005e-01
      vertex 1.8045028650e-01 -1.1152441034e-01 -2.1213203436e-01
    endloop
  endfacet
  facet normal 6.705276e-01 -2.392192e-01 -7.022584e-01
    outer loop
      vertex 2.1061393343e-01 -4.8186610692e-02 -2.0813414327e-01
      vertex 2.1069295402e-01 -8.8801377773e-02 -1.9422356816e-01
      vertex 1.8204754478e-01 -7.1125897605e-02 -2.2759569005e-01
    endloop
  endfacet
  facet normal 6.636828e-01 -3.717435e-01 -6.491008e-01
    outer loop
      vertex 2.0645728807e-01 -1.2759762125e-01 -1.7633557569e-01
      vertex 1.8045028650e-01 -1.1152441034e-01 -2.1213203436e-01
      vertex 2.1069295402e-01 -8.8801377773e-02 -1.9422356816e-01
    endloop
  endfacet
  facet normal 6.415571e-01 -2.962101e-01 -7.075762e-01
    outer loop
      vertex 1.8204754478e-01 -7.1125897605e-02 -2.2759569005e-01
      vertex 2.1069295402e-01 -8.8801377773e-02 -1.9422356816e-01
      vertex 1.8045028650e-01 -1.1152441034e-01 -2.1213203436e-01
    endloop
  endfacet
  facet normal 8.186344e-01 -2.670988e-01 -5.084250e-01
    outer loop
      vertex 2.5880054412e-01 -7.7967573902e-02 -1.3016656937e-01
      vertex 2.3503550951e-01 -1.0384590444e-01 -1.5483648602e-01
      vertex 2.3779476878e-01 -6.3906859695e-02 -1.7137549774e-01
    endloop
  endfacet
  facet normal 7.312575e-01 -3.498255e-01 -5.855635e-01
    outer loop
      vertex 2.0645728807e-01 -1.2759762125e-01 -1.7633557569e-01
      vertex 2.1069295402e-01 -8.8801377773e-02 -1.9422356816e-01
      vertex 2.3503550951e-01 -1.0384590444e-01 -1.5483648602e-01
    endloop
  endfacet
  facet normal 7.381036e-01 -2.173281e-01 -6.387266e-01
    outer loop
      vertex 2.1061393343e-01 -4.8186610692e-02 -2.0813414327e-01
      vertex 2.3779476878e-01 -6.3906859695e-02 -1.7137549774e-01
      vertex 2.1069295402e-01 -8.8801377773e-02 -1.9422356816e-01
    endloop
  endfacet
  facet normal 7.591756e-01 -2.931085e-01 -5.811538e-01
    outer loop
      vertex 2.3503550951e-01 -1.0384590444e-01 -1.5483648602e-01
      vertex 2.1069295402e-01 -8.8801377773e-02 -1.9422356816e-01
      vertex 2.3779476878e-01 -6.3906859695e-02 -1.7137549774e-01
    endloop
  endfacet
  facet normal 3.822343e-01 -7.595136e-01 -5.263422e-01
    outer loop
      vertex 9.2705098312e-02 -2.4270509831e-01 -1.5000000000e-01
      vertex 1.1152441034e-01 -2.1213203436e-01 -1.8045028650e-01
      vertex 1.3619714992e-01 -2.2738062601e-01 -1.4052895526e-01
    endloop
  endfacet
  facet normal 4.404610e-01 -6.486873e-01 -6.206439e-01
    outer loop
      vertex 1.2759762125e-01 -1.7633557569e-01 -2.0645728807e-01
      vertex 1.5401263237e-01 -1.9397333754e-01 -1.6927626353e-01
      vertex 1.1152441034e-01 -2.1213203436e-01 -1.8045028650e-01
    endloop
  endfacet
  facet normal 5.218865e-01 -6.990111e-01 -4.888946e-01
    outer loop
      vertex 1.7633557569e-01 -2.0645728807e-01 -1.2759762125e-01
      vertex 1.3619714992e-01 -2.2738062601e-01 -1.4052895526e-01
      vertex 1.5401263237e-01 -1.9397333754e-01 -1.6927626353e-01
    endloop
  endfacet
  facet normal 4.465169e-01 -7.084426e-01 -5.465636e-01
    outer loop
      vertex 1.1152441034e-01 -2.1213203436e-01 -1.8045028650e-01
      vertex 1.5401263237e-01 -1.9397333754e-01 -1.6927626353e-01
      vertex 1.3619714992e-01 -2.2738062601e-01 -1.4052895526e-01
    endloop
  endfacet
  facet normal 5.263422e-01 -3.822343e-01 -7.595136e-01
    outer loop
      vertex 1.5000000000e-01 -9.2705098312e-02 -2.4270509831e-01
      vertex 1.8045028650e-01 -1.1152441034e-01 -2.1213203436e-01
      vertex 1.4052895526e-01 -1.3619714992e-01 -2.2738062601e-01
    endloop
  endfacet
  facet normal 6.206439e-01 -4.404610e-01 -6.486873e-01
    outer loop
      vertex 2.0645728807e-01 -1.2759762125e-01 -1.7633557569e-01
      vertex 1.6927626353e-01 -1.5401263237e-01 -1.9397333754e-01
      vertex 1.8045028650e-01 -1.1152441034e-01 -2.1213203436e-01
    endloop
  endfacet
  facet normal 4.888946e-01 -5.218865e-01 -6.990111e-01
    outer loop
      vertex 1.2759762125e-01 -1.7633557569e-01 -2.0645728807e-01
      vertex 1.4052895526e-01 -1.3619714992e-01 -2.2738062601e-01
      vertex 1.6927626353e-01 -1.5401263237e-01 -1.9397333754e-01
    endloop
  endfacet
  facet normal 5.465636e-01 -4.465169e-01 -7.084426e-01
    outer loop
      vertex 1.8045028650e-01 -1.1152441034e-01 -2.1213203436e-01
      vertex 1.6927626353e-01 -1.5401263237e-01 -1.9397333754e-01
      vertex 1.4052895526e-01 -1.3619714992e-01 -2.2738062601e-01
    endloop
  endfacet
  facet normal 7.595136e-01 -5.263422e-01 -3.822343e-01
    outer loop
      vertex 2.4270509831e-01 -1.5000000000e-01 -9.2705098312e-02
      vertex 2.1213203436e-01 -1.8045028650e-01 -1.1152441034e-01
      vertex 2.2738062601e-01 -1.4052895526e-01 -1.3619714992e-01
    endloop
  endfacet
  facet normal 6.486873e-01 -6.206439e-01 -4.404610e-01
    outer loop
      vertex 1.7633557569e-01 -2.0645728807e-01 -1.2759762125e-01
      vertex 1.9397333754e-01 -1.6927626353e-01 -1.5401263237e-01
      vertex 2.1213203436e-01 -1.8045028650e-01 -1.1152441034e-01
    endloop
  endfacet
  facet normal 6.990111e-01 -4.888946e-01 -5.218865e-01
    outer loop
      vertex 2.0645728807e-01 -1.2759762125e-01 -1.7633557569e-01
      vertex 2.2738062601e-01 -1.4052895526e-01 -1.3619714992e-01
      vertex 1.9397333754e-01 -1.6927626353e-01 -1.5401263237e-01
    endloop
  endfacet
  facet normal 7.084426e-01 -5.465636e-01 -4.465169e-01
    outer loop
      vertex 2.1213203436e-01 -1.8045028650e-01 -1.1152441034e-01
      vertex 1.9397333754e-01 -1.6927626353e-01 -1.5401263237e-01
      vertex 2.2738062601e-01 -1.4052895526e-01 -1.3619714992e-01
    endloop
  endfacet
  facet normal 5.037511e-01 -5.851588e-01 -6.354715e-01
    outer loop
      vertex 1.2759762125e-01 -1.7633557569e-01 -2.0645728807e-01
      vertex 1.6927626353e-01 -1.5401263237e-01 -1.9397333754e-01
      vertex 1.5401263237e-01 -1.9397333754e-01 -1.6927626353e-01
    endloop
  endfacet
  facet normal 6.354715e-01 -5.037511e-01 -5.851588e-01
    outer loop
      vertex 2.0645728807e-01 -1.2759762125e-01 -1.7633557569e-01
      vertex 1.9397333754e-01 -1.6927626353e-01 -1.5401263237e-01
      vertex 1.6927626353e-01 -1.5401263237e-01 -1.9397333754e-01
    endloop
  endfacet
  facet normal 5.851588e-01 -6.354715e-01 -5.037511e-01
    outer loop
      vertex 1.7633557569e-01 -2.0645728807e-01 -1.2759762125e-01
      vertex 1.5401263237e-01 -1.9397333754e-01 -1.6927626353e-01
      vertex 1.9397333754e-01 -1.6927626353e-01 -1.5401263237e-01
    endloop
  endfacet
  facet normal 5.773503e-01 -5.773503e-01 -5.773503e-01
    outer loop
      vertex 1.6927626353e-01 -1.5401263237e-01 -1.9397333754e-01
      vertex 1.9397333754e-01 -1.6927626353e-01 -1.5401263237e-01
      vertex 1.5401263237e-01 -1.9397333754e-01 -1.6927626353e-01
    endloop
  endfacet
  facet normal 5.964207e-01 -8.026720e-01 0.000000e+00
    outer loop
      vertex 1.5771933364e-01 -2.5519524251e-01 0.0000000000e+00
      vertex 1.8469260626e-01 -2.3515291273e-01 -2.4325888033e-02
      vertex 1.8469260626e-01 -2.3515291273e-01 2.4325888033e-02
    endloop
  endfacet
  facet normal 6.804611e-01 -7.283445e-01 -8.054149e-02
    outer loop
      vertex 2.0813414327e-01 -2.1061393343e-01 -4.8186610692e-02
      vertex 2.1087210915e-01 -2.1338452049e-01 0.0000000000e+00
      vertex 1.8469260626e-01 -2.3515291273e-01 -2.4325888033e-02
    endloop
  endfacet
  facet normal 6.804611e-01 -7.283445e-01 8.054149e-02
    outer loop
      vertex 2.0813414327e-01 -2.1061393343e-01 4.8186610692e-02
      vertex 1.8469260626e-01 -2.3515291273e-01 2.4325888033e-02
      vertex 2.1087210915e-01 -2.1338452049e-01 0.0000000000e+00
    endloop
  endfacet
  facet normal 6.393544e-01 -7.689122e-01 0.000000e+00
    outer loop
      vertex 1.8469260626e-01 -2.3515291273e-01 -2.4325888033e-02
      vertex 2.1087210915e-01 -2.1338452049e-01 0.0000000000e+00
      vertex 1.8469260626e-01 -2.3515291273e-01 2.4325888033e-02
    endloop
  endfacet
  facet normal 8.095043e-01 -5.387620e-01 -2.333204e-01
    outer loop
      vertex 2.4270509831e-01 -1.5000000000e-01 -9.2705098312e-02
      vertex 2.5205336560e-01 -1.5577754692e-01 -4.6930339512e-02
      vertex 2.2759569005e-01 -1.8204754478e-01 -7.1125897605e-02
    endloop
  endfacet
  facet normal 8.303865e-01 -5.516422e-01 -7.841715e-02
    outer loop
      vertex 2.5519524251e-01 -1.5771933364e-01 0.0000000000e+00
      vertex 2.3406131121e-01 -1.8607187478e-01 -2.4342555486e-02
      vertex 2.5205336560e-01 -1.5577754692e-01 -4.6930339512e-02
    endloop
  endfacet
  facet normal 7.518660e-01 -6.398684e-01 -1.589524e-01
    outer loop
      vertex 2.0813414327e-01 -2.1061393343e-01 -4.8186610692e-02
      vertex 2.2759569005e-01 -1.8204754478e-01 -7.1125897605e-02
      vertex 2.3406131121e-01 -1.8607187478e-01 -2.4342555486e-02
    endloop
  endfacet
  facet normal 7.916792e-01 -5.895786e-01 -1.601287e-01
    outer loop
      vertex 2.5205336560e-01 -1.5577754692e-01 -4.6930339512e-02
      vertex 2.3406131121e-01 -1.8607187478e-01 -2.4342555486e-02
      vertex 2.2759569005e-01 -1.8204754478e-01 -7.1125897605e-02
    endloop
  endfacet
  facet normal 8.095043e-01 -5.387620e-01 2.333204e-01
    outer loop
      vertex 2.4270509831e-01 -1.5000000000e-01 9.2705098312e-02
      vertex 2.2759569005e-01 -1.8204754478e-01 7.1125897605e-02
      vertex 2.5205336560e-01 -1.5577754692e-01 4.6930339512e-02
    endloop
  endfacet
  facet normal 7.518660e-01 -6.398684e-01 1.589524e-01
    outer loop
      vertex 2.0813414327e-01 -2.1061393343e-01 4.8186610692e-02
      vertex 2.3406131121e-01 -1.8607187478e-01 2.4342555486e-02
      vertex 2.2759569005e-01 -1.8204754478e-01 7.1125897605e-02
    endloop
  endfacet
  facet normal 8.303865e-01 -5.516422e-01 7.841715e-02
    outer loop
      vertex 2.5519524251e-01 -1.5771933364e-01 0.0000000000e+00
      vertex 2.5205336560e-01 -1.5577754692e-01 4.6930339512e-02
      vertex 2.3406131121e-01 -1.8607187478e-01 2.4342555486e-02
    endloop
  endfacet
  facet normal 7.916792e-01 -5.895786e-01 1.601287e-01
    outer loop
      vertex 2.2759569005e-01 -1.8204754478e-01 7.1125897605e-02
      vertex 2.3406131121e-01 -1.8607187478e-01 2.4342555486e-02
      vertex 2.5205336560e-01 -1.5577754692e-01 4.6930339512e-02
    endloop
  endfacet
  facet normal 7.232719e-01 -6.858517e-01 -8.053079e-02
    outer loop
      vertex 2.0813414327e-01 -2.1061393343e-01 -4.8186610692e-02
      vertex 2.3406131121e-01 -1.8607187478e-01 -2.4342555486e-02
      vertex 2.1087210915e-01 -2.1338452049e-01 0.0000000000e+00
    endloop
  endfacet
  facet normal 8.017675e-01 -5.976360e-01 0.000000e+00
    outer loop
      vertex 2.5519524251e-01 -1.5771933364e-01 0.0000000000e+00
      vertex 2.3406131121e-01 -1.8607187478e-01 2.4342555486e-02
      vertex 2.3406131121e-01 -1.8607187478e-01 -2.4342555486e-02
    endloop
  endfacet
  facet normal 7.232719e-01 -6.858517e-01 8.053079e-02
    outer loop
      vertex 2.0813414327e-01 -2.1061393343e-01 4.8186610692e-02
      vertex 2.1087210915e-01 -2.1338452049e-01 0.0000000000e+00
      vertex 2.3406131121e-01 -1.8607187478e-01 2.4342555486e-02
    endloop
  endfacet
  facet normal 7.623048e-01 -6.472182e-01 0.000000e+00
    outer loop
      vertex 2.3406131121e-01 -1.8607187478e-01 -2.4342555486e-02
      vertex 2.3406131121e-01 -1.8607187478e-01 2.4342555486e-02
      vertex 2.1087210915e-01 -2.1338452049e-01 0.0000000000e+00
    endloop
  endfacet
  facet normal 8.838505e-01 -5.017104e-02 -4.650712e-01
    outer loop
      vertex 2.5519524251e-01 0.0000000000e+00 -1.5771933364e-01
      vertex 2.7451302637e-01 0.0000000000e+00 -1.2100660459e-01
      vertex 2.5947880076e-01 -3.9360113644e-02 -1.4533249262e-01
    endloop
  endfacet
  facet normal 9.395655e-01 -5.000027e-02 -3.386983e-01
    outer loop
      vertex 2.8858150734e-01 0.0000000000e+00 -8.1979958674e-02
      vertex 2.7729138018e-01 -3.9496611406e-02 -1.0746863805e-01
      vertex 2.7451302637e-01 0.0000000000e+00 -1.2100660459e-01
    endloop
  endfacet
  facet normal 8.897882e-01 -1.803191e-01 -4.192398e-01
    outer loop
      vertex 2.5880054412e-01 -7.7967573902e-02 -1.3016656937e-01
      vertex 2.5947880076e-01 -3.9360113644e-02 -1.4533249262e-01
      vertex 2.7729138018e-01 -3.9496611406e-02 -1.0746863805e-01
    endloop
  endfacet
  facet normal 9.017047e-01 -8.207030e-02 -4.244916e-01
    outer loop
      vertex 2.7451302637e-01 0.0000000000e+00 -1.2100660459e-01
      vertex 2.7729138018e-01 -3.9496611406e-02 -1.0746863805e-01
      vertex 2.5947880076e-01 -3.9360113644e-02 -1.4533249262e-01
    endloop
  endfacet
  facet normal 9.963836e-01 -4.950537e-02 -6.905681e-02
    outer loop
      vertex 3.0000000000e-01 0.0000000000e+00 0.0000000000e+00
      vertex 2.9630650218e-01 -3.9921331242e-02 -2.4672739584e-02
      vertex 2.9713166459e-01 0.0000000000e+00 -4.1385672638e-02
    endloop
  endfacet
  facet normal 9.718501e-01 -1.812856e-01 -1.504758e-01
    outer loop
      vertex 2.8531695489e-01 -7.8859666818e-02 -4.8737954435e-02
      vertex 2.8991777922e-01 -3.9837743048e-02 -6.6035108242e-02
      vertex 2.9630650218e-01 -3.9921331242e-02 -2.4672739584e-02
    endloop
  endfacet
  facet normal 9.773256e-01 -4.960764e-02 -2.058489e-01
    outer loop
      vertex 2.8858150734e-01 0.0000000000e+00 -8.1979958674e-02
      vertex 2.9713166459e-01 0.0000000000e+00 -4.1385672638e-02
      vertex 2.8991777922e-01 -3.9837743048e-02 -6.6035108242e-02
    endloop
  endfacet
  facet normal 9.847537e-01 -8.410292e-02 -1.522724e-01
    outer loop
      vertex 2.9630650218e-01 -3.9921331242e-02 -2.4672739584e-02
      vertex 2.8991777922e-01 -3.9837743048e-02 -6.6035108242e-02
      vertex 2.9713166459e-01 0.0000000000e+00 -4.1385672638e-02
    endloop
  endfacet
  facet normal 8.521837e-01 -4.270257e-01 -3.023772e-01
    outer loop
      vertex 2.4270509831e-01 -1.5000000000e-01 -9.2705098312e-02
      vertex 2.5317344239e-01 -1.1508411981e-01 -1.1251157024e-01
      vertex 2.6730195726e-01 -1.1585621568e-01 -7.1603079096e-02
    endloop
  endfacet
  facet normal 8.790876e-01 -3.067980e-01 -3.648012e-01
    outer loop
      vertex 2.5880054412e-01 -7.7967573902e-02 -1.3016656937e-01
      vertex 2.7487325256e-01 -7.9224825198e-02 -9.0377663728e-02
      vertex 2.5317344239e-01 -1.1508411981e-01 -1.1251157024e-01
    endloop
  endfacet
  facet normal 9.233856e-01 -3.081672e-01 -2.288929e-01
    outer loop
      vertex 2.8531695489e-01 -7.8859666818e-02 -4.8737954435e-02
      vertex 2.6730195726e-01 -1.1585621568e-01 -7.1603079096e-02
      vertex 2.7487325256e-01 -7.9224825198e-02 -9.0377663728e-02
    endloop
  endfacet
  facet normal 8.857887e-01 -3.431966e-01 -3.124011e-01
    outer loop
      vertex 2.5317344239e-01 -1.1508411981e-01 -1.1251157024e-01
      vertex 2.7487325256e-01 -7.9224825198e-02 -9.0377663728e-02
      vertex 2.6730195726e-01 -1.1585621568e-01 -7.1603079096e-02
    endloop
  endfacet
  facet normal 9.529505e-01 -8.454536e-02 -2.910970e-01
    outer loop
      vertex 2.8858150734e-01 0.0000000000e+00 -8.1979958674e-02
      vertex 2.8991777922e-01 -3.9837743048e-02 -6.6035108242e-02
      vertex 2.7729138018e-01 -3.9496611406e-02 -1.0746863805e-01
    endloop
  endfacet
  facet normal 9.474616e-01 -2.162041e-01 -2.357379e-01
    outer loop
      vertex 2.8531695489e-01 -7.8859666818e-02 -4.8737954435e-02
      vertex 2.7487325256e-01 -7.9224825198e-02 -9.0377663728e-02
      vertex 2.8991777922e-01 -3.9837743048e-02 -6.6035108242e-02
    endloop
  endfacet
  facet normal 9.031797e-01 -2.148469e-01 -3.716277e-01
    outer loop
      vertex 2.5880054412e-01 -7.7967573902e-02 -1.3016656937e-01
      vertex 2.7729138018e-01 -3.9496611406e-02 -1.0746863805e-01
      vertex 2.7487325256e-01 -7.9224825198e-02 -9.0377663728e-02
    endloop
  endfacet
  facet normal 9.403266e-01 -1.811510e-01 -2.880454e-01
    outer loop
      vertex 2.8991777922e-01 -3.9837743048e-02 -6.6035108242e-02
      vertex 2.7487325256e-01 -7.9224825198e-02 -9.0377663728e-02
      vertex 2.7729138018e-01 -3.9496611406e-02 -1.0746863805e-01
    endloop
  endfacet
  facet normal 8.838505e-01 -5.017104e-02 4.650712e-01
    outer loop
      vertex 2.5519524251e-01 0.0000000000e+00 1.5771933364e-01
      vertex 2.5947880076e-01 -3.9360113644e-02 1.4533249262e-01
      vertex 2.7451302637e-01 0.0000000000e+00 1.2100660459e-01
    endloop
  endfacet
  facet normal 8.897882e-01 -1.803191e-01 4.192398e-01
    outer loop
      vertex 2.5880054412e-01 -7.7967573902e-02 1.3016656937e-01
      vertex 2.7729138018e-01 -3.9496611406e-02 1.0746863805e-01
      vertex 2.5947880076e-01 -3.9360113644e-02 1.4533249262e-01
    endloop
  endfacet
  facet normal 9.395655e-01 -5.000027e-02 3.386983e-01
    outer loop
      vertex 2.8858150734e-01 0.0000000000e+00 8.1979958674e-02
      vertex 2.7451302637e-01 0.0000000000e+00 1.2100660459e-01
      vertex 2.7729138018e-01 -3.9496611406e-02 1.0746863805e-01
    endloop
  endfacet
  facet normal 9.017047e-01 -8.207030e-02 4.244916e-01
    outer loop
      vertex 2.5947880076e-01 -3.9360113644e-02 1.4533249262e-01
      vertex 2.7729138018e-01 -3.9496611406e-02 1.0746863805e-01
      vertex 2.7451302637e-01 0.0000000000e+00 1.2100660459e-01
    endloop
  endfacet
  facet normal 8.521837e-01 -4.270257e-01 3.023772e-01
    outer loop
      vertex 2.4270509831e-01 -1.5000000000e-01 9.2705098312e-02
      vertex 2.6730195726e-01 -1.1585621568e-01 7.1603079096e-02
      vertex 2.5317344239e-01 -1.1508411981e-01 1.1251157024e-01
    endloop
  endfacet
  facet normal 9.233856e-01 -3.081672e-01 2.288929e-01
    outer loop
      vertex 2.8531695489e-01 -7.8859666818e-02 4.8737954435e-02
      vertex 2.7487325256e-01 -7.9224825198e-02 9.0377663728e-02
      vertex 2.6730195726e-01 -1.1585621568e-01 7.1603079096e-02
    endloop
  endfacet
  facet normal 8.790876e-01 -3.067980e-01 3.648012e-01
    outer loop
      vertex 2.5880054412e-01 -7.7967573902e-02 1.3016656937e-01
      vertex 2.5317344239e-01 -1.1508411981e-01 1.1251157024e-01
      vertex 2.7487325256e-01 -7.9224825198e-02 9.0377663728e-02
    endloop
  endfacet
  facet normal 8.857887e-01 -3.431966e-01 3.124011e-01
    outer loop
      vertex 2.6730195726e-01 -1.1585621568e-01 7.1603079096e-02
      vertex 2.7487325256e-01 -7.9224825198e-02 9.0377663728e-02
      vertex 2.5317344239e-01 -1.1508411981e-01 1.1251157024e-01
    endloop
  endfacet
  facet normal 9.963836e-01 -4.950537e-02 6.905681e-02
    outer loop
      vertex 3.0000000000e-01 0.0000000000e+00 0.0000000000e+00
      vertex 2.9713166459e-01 0.0000000000e+00 4.1385672638e-02
      vertex 2.9630650218e-01 -3.9921331242e-02 2.4672739584e-02
    endloop
  endfacet
  facet normal 9.773256e-01 -4.960764e-02 2.058489e-01
    outer loop
      vertex 2.8858150734e-01 0.0000000000e+00 8.1979958674e-02
      vertex 2.8991777922e-01 -3.9837743048e-02 6.6035108242e-02
      vertex 2.9713166459e-01 0.0000000000e+00 4.1385672638e-02
    endloop
  endfacet
  facet normal 9.718501e-01 -1.812856e-01 1.504758e-01
    outer loop
      vertex 2.8531695489e-01 -7.8859666818e-02 4.8737954435e-02
      vertex 2.9630650218e-01 -3.9921331242e-02 2.4672739584e-02
      vertex 2.8991777922e-01 -3.9837743048e-02 6.6035108242e-02
    endloop
  endfacet
  facet normal 9.847537e-01 -8.410292e-02 1.522724e-01
    outer loop
      vertex 2.9713166459e-01 0.0000000000e+00 4.1385672638e-02
      vertex 2.8991777922e-01 -3.9837743048e-02 6.6035108242e-02
      vertex 2.9630650218e-01 -3.9921331242e-02 2.4672739584e-02
    endloop
  endfacet
  facet normal 9.031797e-01 -2.148469e-01 3.716277e-01
    outer loop
      vertex 2.5880054412e-01 -7.7967573902e-02 1.3016656937e-01
      vertex 2.7487325256e-01 -7.9224825198e-02 9.0377663728e-02
      vertex 2.7729138018e-01 -3.9496611406e-02 1.0746863805e-01
    endloop
  endfacet
  facet normal 9.474616e-01 -2.162041e-01 2.357379e-01
    outer loop
      vertex 2.8531695489e-01 -7.8859666818e-02 4.8737954435e-02
      vertex 2.8991777922e-01 -3.9837743048e-02 6.6035108242e-02
      vertex 2.7487325256e-01 -7.9224825198e-02 9.0377663728e-02
    endloop
  endfacet
  facet normal 9.529505e-01 -8.454536e-02 2.910970e-01
    outer loop
      vertex 2.8858150734e-01 0.0000000000e+00 8.1979958674e-02
      vertex 2.7729138018e-01 -3.9496611406e-02 1.0746863805e-01
      vertex 2.8991777922e-01 -3.9837743048e-02 6.6035108242e-02
    endloop
  endfacet
  facet normal 9.403266e-01 -1.811510e-01 2.880454e-01
    outer loop
      vertex 2.7487325256e-01 -7.9224825198e-02 9.0377663728e-02
      vertex 2.8991777922e-01 -3.9837743048e-02 6.6035108242e-02
      vertex 2.7729138018e-01 -3.9496611406e-02 1.0746863805e-01
    endloop
  endfacet
  facet normal 8.516395e-01 -4.694052e-01 -2.331714e-01
    outer loop
      vertex 2.4270509831e-01 -1.5000000000e-01 -9.2705098312e-02
      vertex 2.6730195726e-01 -1.1585621568e-01 -7.1603079096e-02
      vertex 2.5205336560e-01 -1.5577754692e-01 -4.6930339512e-02
    endloop
  endfacet
  facet normal 9.227974e-01 -3.505871e-01 -1.597927e-01
    outer loop
      vertex 2.8531695489e-01 -7.8859666818e-02 -4.8737954435e-02
      vertex 2.7389474788e-01 -1.1988211551e-01 -2.4697074010e-02
      vertex 2.6730195726e-01 -1.1585621568e-01 -7.1603079096e-02
    endloop
  endfacet
  facet normal 8.724736e-01 -4.823363e-01 -7.836719e-02
    outer loop
      vertex 2.5519524251e-01 -1.5771933364e-01 0.0000000000e+00
      vertex 2.5205336560e-01 -1.5577754692e-01 -4.6930339512e-02
      vertex 2.7389474788e-01 -1.1988211551e-01 -2.4697074010e-02
    endloop
  endfacet
  facet normal 8.843585e-01 -4.378416e-01 -1.618790e-01
    outer loop
      vertex 2.6730195726e-01 -1.1585621568e-01 -7.1603079096e-02
      vertex 2.7389474788e-01 -1.1988211551e-01 -2.4697074010e-02
      vertex 2.5205336560e-01 -1.5577754692e-01 -4.6930339512e-02
    endloop
  endfacet
  facet normal 9.957474e-01 -9.212595e-02 0.000000e+00
    outer loop
      vertex 3.0000000000e-01 0.0000000000e+00 0.0000000000e+00
      vertex 2.9630650218e-01 -3.9921331242e-02 2.4672739584e-02
      vertex 2.9630650218e-01 -3.9921331242e-02 -2.4672739584e-02
    endloop
  endfacet
  facet normal 9.712310e-01 -2.237863e-01 8.142553e-02
    outer loop
      vertex 2.8531695489e-01 -7.8859666818e-02 4.8737954435e-02
      vertex 2.8915837904e-01 -7.9921410340e-02 0.0000000000e+00
      vertex 2.9630650218e-01 -3.9921331242e-02 2.4672739584e-02
    endloop
  endfacet
  facet normal 9.712310e-01 -2.237863e-01 -8.142553e-02
    outer loop
      vertex 2.8531695489e-01 -7.8859666818e-02 -4.8737954435e-02
      vertex 2.9630650218e-01 -3.9921331242e-02 -2.4672739584e-02
      vertex 2.8915837904e-01 -7.9921410340e-02 0.0000000000e+00
    endloop
  endfacet
  facet normal 9.844052e-01 -1.759159e-01 0.000000e+00
    outer loop
      vertex 2.9630650218e-01 -3.9921331242e-02 2.4672739584e-02
      vertex 2.8915837904e-01 -7.9921410340e-02 0.0000000000e+00
      vertex 2.9630650218e-01 -3.9921331242e-02 -2.4672739584e-02
    endloop
  endfacet
  facet normal 8.516395e-01 -4.694052e-01 2.331714e-01
    outer loop
      vertex 2.4270509831e-01 -1.5000000000e-01 9.2705098312e-02
      vertex 2.5205336560e-01 -1.5577754692e-01 4.6930339512e-02
      vertex 2.6730195726e-01 -1.1585621568e-01 7.1603079096e-02
    endloop
  endfacet
  facet normal 8.724736e-01 -4.823363e-01 7.836719e-02
    outer loop
      vertex 2.5519524251e-01 -1.5771933364e-01 0.0000000000e+00
      vertex 2.7389474788e-01 -1.1988211551e-01 2.4697074010e-02
      vertex 2.5205336560e-01 -1.5577754692e-01 4.6930339512e-02
    endloop
  endfacet
  facet normal 9.227974e-01 -3.505871e-01 1.597927e-01
    outer loop
      vertex 2.8531695489e-01 -7.8859666818e-02 4.8737954435e-02
      vertex 2.6730195726e-01 -1.1585621568e-01 7.1603079096e-02
      vertex 2.7389474788e-01 -1.1988211551e-01 2.4697074010e-02
    endloop
  endfacet
  facet normal 8.843585e-01 -4.378416e-01 1.618790e-01
    outer loop
      vertex 2.5205336560e-01 -1.5577754692e-01 4.6930339512e-02
      vertex 2.7389474788e-01 -1.1988211551e-01 2.4697074010e-02
      vertex 2.6730195726e-01 -1.1585621568e-01 7.1603079096e-02
    endloop
  endfacet
  facet normal 9.468068e-01 -3.113353e-01 -8.140770e-02
    outer loop
      vertex 2.8531695489e-01 -7.8859666818e-02 -4.8737954435e-02
      vertex 2.8915837904e-01 -7.9921410340e-02 0.0000000000e+00
      vertex 2.7389474788e-01 -1.1988211551e-01 -2.4697074010e-02
    endloop
  endfacet
  facet normal 9.468068e-01 -3.113353e-01 8.140770e-02
    outer loop
      vertex 2.8531695489e-01 -7.8859666818e-02 4.8737954435e-02
      vertex 2.7389474788e-01 -1.1988211551e-01 2.4697074010e-02
      vertex 2.8915837904e-01 -7.9921410340e-02 0.0000000000e+00
    endloop
  endfacet
  facet normal 8.964941e-01 -4.430557e-01 0.000000e+00
    outer loop
      vertex 2.5519524251e-01 -1.5771933364e-01 0.0000000000e+00
      vertex 2.7389474788e-01 -1.1988211551e-01 -2.4697074010e-02
      vertex 2.7389474788e-01 -1.1988211551e-01 2.4697074010e-02
    endloop
  endfacet
  facet normal 9.341724e-01 -3.568221e-01 0.000000e+00
    outer loop
      vertex 2.8915837904e-01 -7.9921410340e-02 0.0000000000e+00
      vertex 2.7389474788e-01 -1.1988211551e-01 2.4697074010e-02
      vertex 2.7389474788e-01 -1.1988211551e-01 -2.4697074010e-02
    endloop
  endfacet
  facet normal 5.017104e-02 -4.650712e-01 8.838505e-01
    outer loop
      vertex 0.0000000000e+00 -1.5771933364e-01 2.5519524251e-01
      vertex 3.9360113644e-02 -1.4533249262e-01 2.5947880076e-01
      vertex 0.0000000000e+00 -1.2100660459e-01 2.7451302637e-01
    endloop
  endfacet
  facet normal 1.803191e-01 -4.192398e-01 8.897882e-01
    outer loop
      vertex 7.7967573902e-02 -1.3016656937e-01 2.5880054412e-01
      vertex 3.9496611406e-02 -1.0746863805e-01 2.7729138018e-01
      vertex 3.9360113644e-02 -1.4533249262e-01 2.5947880076e-01
    endloop
  endfacet
  facet normal 5.000027e-02 -3.386983e-01 9.395655e-01
    outer loop
      vertex 0.0000000000e+00 -8.1979958674e-02 2.8858150734e-01
      vertex 0.0000000000e+00 -1.2100660459e-01 2.7451302637e-01
      vertex 3.9496611406e-02 -1.0746863805e-01 2.7729138018e-01
    endloop
  endfacet
  facet normal 8.207030e-02 -4.244916e-01 9.017047e-01
    outer loop
      vertex 3.9360113644e-02 -1.4533249262e-01 2.5947880076e-01
      vertex 3.9496611406e-02 -1.0746863805e-01 2.7729138018e-01
      vertex 0.0000000000e+00 -1.2100660459e-01 2.7451302637e-01
    endloop
  endfacet
  facet normal 4.270257e-01 -3.023772e-01 8.521837e-01
    outer loop
      vertex 1.5000000000e-01 -9.2705098312e-02 2.4270509831e-01
      vertex 1.1585621568e-01 -7.1603079096e-02 2.6730195726e-01
      vertex 1.1508411981e-01 -1.1251157024e-01 2.5317344239e-01
    endloop
  endfacet
  facet normal 3.081672e-01 -2.288929e-01 9.233856e-01
    outer loop
      vertex 7.8859666818e-02 -4.8737954435e-02 2.8531695489e-01
      vertex 7.9224825198e-02 -9.0377663728e-02 2.7487325256e-01
      vertex 1.1585621568e-01 -7.1603079096e-02 2.6730195726e-01
    endloop
  endfacet
  facet normal 3.067980e-01 -3.648012e-01 8.790876e-01
    outer loop
      vertex 7.7967573902e-02 -1.3016656937e-01 2.5880054412e-01
      vertex 1.1508411981e-01 -1.1251157024e-01 2.5317344239e-01
      vertex 7.9224825198e-02 -9.0377663728e-02 2.7487325256e-01
    endloop
  endfacet
  facet normal 3.431966e-01 -3.124011e-01 8.857887e-01
    outer loop
      vertex 1.1585621568e-01 -7.1603079096e-02 2.6730195726e-01
      vertex 7.9224825198e-02 -9.0377663728e-02 2.7487325256e-01
      vertex 1.1508411981e-01 -1.1251157024e-01 2.5317344239e-01
    endloop
  endfacet
  facet normal 4.950537e-02 -6.905681e-02 9.963836e-01
    outer loop
      vertex 0.0000000000e+00 0.0000000000e+00 3.0000000000e-01
      vertex 0.0000000000e+00 -4.1385672638e-02 2.9713166459e-01
      vertex 3.9921331242e-02 -2.4672739584e-02 2.9630650218e-01
    endloop
  endfacet
  facet normal 4.960764e-02 -2.058489e-01 9.773256e-01
    outer loop
      vertex 0.0000000000e+00 -8.1979958674e-02 2.8858150734e-01
      vertex 3.9837743048e-02 -6.6035108242e-02 2.8991777922e-01
      vertex 0.0000000000e+00 -4.1385672638e-02 2.9713166459e-01
    endloop
  endfacet
  facet normal 1.812856e-01 -1.504758e-01 9.718501e-01
    outer loop
      vertex 7.8859666818e-02 -4.8737954435e-02 2.8531695489e-01
      vertex 3.9921331242e-02 -2.4672739584e-02 2.9630650218e-01
      vertex 3.9837743048e-02 -6.6035108242e-02 2.8991777922e-01
    endloop
  endfacet
  facet normal 8.410292e-02 -1.522724e-01 9.847537e-01
    outer loop
      vertex 0.0000000000e+00 -4.1385672638e-02 2.9713166459e-01
      vertex 3.9837743048e-02 -6.6035108242e-02 2.8991777922e-01
      vertex 3.9921331242e-02 -2.4672739584e-02 2.9630650218e-01
    endloop
  endfacet
  facet normal 2.148469e-01 -3.716277e-01 9.031797e-01
    outer loop
      vertex 7.7967573902e-02 -1.3016656937e-01 2.5880054412e-01
      vertex 7.9224825198e-02 -9.0377663728e-02 2.7487325256e-01
      vertex 3.9496611406e-02 -1.0746863805e-01 2.7729138018e-01
    endloop
  endfacet
  facet normal 2.162041e-01 -2.357379e-01 9.474616e-01
    outer loop
      vertex 7.8859666818e-02 -4.8737954435e-02 2.8531695489e-01
      vertex 3.9837743048e-02 -6.6035108242e-02 2.8991777922e-01
      vertex 7.9224825198e-02 -9.0377663728e-02 2.7487325256e-01
    endloop
  endfacet
  facet normal 8.454536e-02 -2.910970e-01 9.529505e-01
    outer loop
      vertex 0.0000000000e+00 -8.1979958674e-02 2.8858150734e-01
      vertex 3.9496611406e-02 -1.0746863805e-01 2.7729138018e-01
      vertex 3.9837743048e-02 -6.6035108242e-02 2.8991777922e-01
    endloop
  endfacet
  facet normal 1.811510e-01 -2.880454e-01 9.403266e-01
    outer loop
      vertex 7.9224825198e-02 -9.0377663728e-02 2.7487325256e-01
      vertex 3.9837743048e-02 -6.6035108242e-02 2.8991777922e-01
      vertex 3.9496611406e-02 -1.0746863805e-01 2.7729138018e-01
    endloop
  endfacet
  facet normal 8.026720e-01 0.000000e+00 5.964207e-01
    outer loop
      vertex 2.5519524251e-01 0.0000000000e+00 1.5771933364e-01
      vertex 2.3515291273e-01 2.4325888033e-02 1.8469260626e-01
      vertex 2.3515291273e-01 -2.4325888033e-02 1.8469260626e-01
    endloop
  endfacet
  facet normal 7.283445e-01 8.054149e-02 6.804611e-01
    outer loop
      vertex 2.1061393343e-01 4.8186610692e-02 2.0813414327e-01
      vertex 2.1338452049e-01 0.0000000000e+00 2.1087210915e-01
      vertex 2.3515291273e-01 2.4325888033e-02 1.8469260626e-01
    endloop
  endfacet
  facet normal 7.283445e-01 -8.054149e-02 6.804611e-01
    outer loop
      vertex 2.1061393343e-01 -4.8186610692e-02 2.0813414327e-01
      vertex 2.3515291273e-01 -2.4325888033e-02 1.8469260626e-01
      vertex 2.1338452049e-01 0.0000000000e+00 2.1087210915e-01
    endloop
  endfacet
  facet normal 7.689122e-01 0.000000e+00 6.393544e-01
    outer loop
      vertex 2.3515291273e-01 2.4325888033e-02 1.8469260626e-01
      vertex 2.1338452049e-01 0.0000000000e+00 2.1087210915e-01
      vertex 2.3515291273e-01 -2.4325888033e-02 1.8469260626e-01
    endloop
  endfacet
  facet normal 5.387620e-01 2.333204e-01 8.095043e-01
    outer loop
      vertex 1.5000000000e-01 9.2705098312e-02 2.4270509831e-01
      vertex 1.5577754692e-01 4.6930339512e-02 2.5205336560e-01
      vertex 1.8204754478e-01 7.1125897605e-02 2.2759569005e-01
    endloop
  endfacet
  facet normal 5.516422e-01 7.841715e-02 8.303865e-01
    outer loop
      vertex 1.5771933364e-01 0.0000000000e+00 2.5519524251e-01
      vertex 1.8607187478e-01 2.4342555486e-02 2.3406131121e-01
      vertex 1.5577754692e-01 4.6930339512e-02 2.5205336560e-01
    endloop
  endfacet
  facet normal 6.398684e-01 1.589524e-01 7.518660e-01
    outer loop
      vertex 2.1061393343e-01 4.8186610692e-02 2.0813414327e-01
      vertex 1.8204754478e-01 7.1125897605e-02 2.2759569005e-01
      vertex 1.8607187478e-01 2.4342555486e-02 2.3406131121e-01
    endloop
  endfacet
  facet normal 5.895786e-01 1.601287e-01 7.916792e-01
    outer loop
      vertex 1.5577754692e-01 4.6930339512e-02 2.5205336560e-01
      vertex 1.8607187478e-01 2.4342555486e-02 2.3406131121e-01
      vertex 1.8204754478e-01 7.1125897605e-02 2.2759569005e-01
    endloop
  endfacet
  facet normal 5.387620e-01 -2.333204e-01 8.095043e-01
    outer loop
      vertex 1.5000000000e-01 -9.2705098312e-02 2.4270509831e-01
      vertex 1.8204754478e-01 -7.1125897605e-02 2.2759569005e-01
      vertex 1.5577754692e-01 -4.6930339512e-02 2.5205336560e-01
    endloop
  endfacet
  facet normal 6.398684e-01 -1.589524e-01 7.518660e-01
    outer loop
      vertex 2.1061393343e-01 -4.8186610692e-02 2.0813414327e-01
      vertex 1.8607187478e-01 -2.4342555486e-02 2.3406131121e-01
      vertex 1.8204754478e-01 -7.1125897605e-02 2.2759569005e-01
    endloop
  endfacet
  facet normal 5.516422e-01 -7.841715e-02 8.303865e-01
    outer loop
      vertex 1.5771933364e-01 0.0000000000e+00 2.5519524251e-01
      vertex 1.5577754692e-01 -4.6930339512e-02 2.5205336560e-01
      vertex 1.8607187478e-01 -2.4342555486e-02 2.3406131121e-01
    endloop
  endfacet
  facet normal 5.895786e-01 -1.601287e-01 7.916792e-01
    outer loop
      vertex 1.8204754478e-01 -7.1125897605e-02 2.2759569005e-01
      vertex 1.8607187478e-01 -2.4342555486e-02 2.3406131121e-01
      vertex 1.5577754692e-01 -4.6930339512e-02 2.5205336560e-01
    endloop
  endfacet
  facet normal 6.858517e-01 8.053079e-02 7.232719e-01
    outer loop
      vertex 2.1061393343e-01 4.8186610692e-02 2.0813414327e-01
      vertex 1.8607187478e-01 2.4342555486e-02 2.3406131121e-01
      vertex 2.1338452049e-01 0.0000000000e+00 2.1087210915e-01
    endloop
  endfacet
  facet normal 5.976360e-01 0.000000e+00 8.017675e-01
    outer loop
      vertex 1.5771933364e-01 0.0000000000e+00 2.5519524251e-01
      vertex 1.8607187478e-01 -2.4342555486e-02 2.3406131121e-01
      vertex 1.8607187478e-01 2.4342555486e-02 2.3406131121e-01
    endloop
  endfacet
  facet normal 6.858517e-01 -8.053079e-02 7.232719e-01
    outer loop
      vertex 2.1061393343e-01 -4.8186610692e-02 2.0813414327e-01
      vertex 2.1338452049e-01 0.0000000000e+00 2.1087210915e-01
      vertex 1.8607187478e-01 -2.4342555486e-02 2.3406131121e-01
    endloop
  endfacet
  facet normal 6.472182e-01 0.000000e+00 7.623048e-01
    outer loop
      vertex 1.8607187478e-01 2.4342555486e-02 2.3406131121e-01
      vertex 1.8607187478e-01 -2.4342555486e-02 2.3406131121e-01
      vertex 2.1338452049e-01 0.0000000000e+00 2.1087210915e-01
    endloop
  endfacet
  facet normal 5.017104e-02 4.650712e-01 8.838505e-01
    outer loop
      vertex 0.0000000000e+00 1.5771933364e-01 2.5519524251e-01
      vertex 0.0000000000e+00 1.2100660459e-01 2.7451302637e-01
      vertex 3.9360113644e-02 1.4533249262e-01 2.5947880076e-01
    endloop
  endfacet
  facet normal 5.000027e-02 3.386983e-01 9.395655e-01
    outer loop
      vertex 0.0000000000e+00 8.1979958674e-02 2.8858150734e-01
      vertex 3.9496611406e-02 1.0746863805e-01 2.7729138018e-01
      vertex 0.0000000000e+00 1.2100660459e-01 2.7451302637e-01
    endloop
  endfacet
  facet normal 1.803191e-01 4.192398e-01 8.897882e-01
    outer loop
      vertex 7.7967573902e-02 1.3016656937e-01 2.5880054412e-01
      vertex 3.9360113644e-02 1.4533249262e-01 2.5947880076e-01
      vertex 3.9496611406e-02 1.0746863805e-01 2.7729138018e-01
    endloop
  endfacet
  facet normal 8.207030e-02 4.244916e-01 9.017047e-01
    outer loop
      vertex 0.0000000000e+00 1.2100660459e-01 2.7451302637e-01
      vertex 3.9496611406e-02 1.0746863805e-01 2.7729138018e-01
      vertex 3.9360113644e-02 1.4533249262e-01 2.5947880076e-01
    endloop
  endfacet
  facet normal 4.950537e-02 6.905681e-02 9.963836e-01
    outer loop
      vertex 0.0000000000e+00 0.0000000000e+00 3.0000000000e-01
      vertex 3.9921331242e-02 2.4672739584e-02 2.9630650218e-01
      vertex 0.0000000000e+00 4.1385672638e-02 2.9713166459e-01
    endloop
  endfacet
  facet normal 1.812856e-01 1.504758e-01 9.718501e-01
    outer loop
      vertex 7.8859666818e-02 4.8737954435e-02 2.8531695489e-01
      vertex 3.9837743048e-02 6.6035108242e-02 2.8991777922e-01
      vertex 3.9921331242e-02 2.4672739584e-02 2.9630650218e-01
    endloop
  endfacet
  facet normal 4.960764e-02 2.058489e-01 9.773256e-01
    outer loop
      vertex 0.0000000000e+00 8.1979958674e-02 2.8858150734e-01
      vertex 0.0000000000e+00 4.1385672638e-02 2.9713166459e-01
      vertex 3.9837743048e-02 6.6035108242e-02 2.8991777922e-01
    endloop
  endfacet
  facet normal 8.410292e-02 1.522724e-01 9.847537e-01
    outer loop
      vertex 3.9921331242e-02 2.4672739584e-02 2.9630650218e-01
      vertex 3.9837743048e-02 6.6035108242e-02 2.8991777922e-01
      vertex 0.0000000000e+00 4.1385672638e-02 2.9713166459e-01
    endloop
  endfacet
  facet normal 4.270257e-01 3.023772e-01 8.521837e-01
    outer loop
      vertex 1.5000000000e-01 9.2705098312e-02 2.4270509831e-01
      vertex 1.1508411981e-01 1.1251157024e-01 2.5317344239e-01
      vertex 1.1585621568e-01 7.1603079096e-02 2.6730195726e-01
    endloop
  endfacet
  facet normal 3.067980e-01 3.648012e-01 8.790876e-01
    outer loop
      vertex 7.7967573902e-02 1.3016656937e-01 2.5880054412e-01
      vertex 7.9224825198e-02 9.0377663728e-02 2.7487325256e-01
      vertex 1.1508411981e-01 1.1251157024e-01 2.5317344239e-01
    endloop
  endfacet
  facet normal 3.081672e-01 2.288929e-01 9.233856e-01
    outer loop
      vertex 7.8859666818e-02 4.8737954435e-02 2.8531695489e-01
      vertex 1.1585621568e-01 7.1603079096e-02 2.6730195726e-01
      vertex 7.9224825198e-02 9.0377663728e-02 2.7487325256e-01
    endloop
  endfacet
  facet normal 3.431966e-01 3.124011e-01 8.857887e-01
    outer loop
      vertex 1.1508411981e-01 1.1251157024e-01 2.5317344239e-01
      vertex 7.9224825198e-02 9.0377663728e-02 2.7487325256e-01
      vertex 1.1585621568e-01 7.1603079096e-02 2.6730195726e-01
    endloop
  endfacet
  facet normal 8.454536e-02 2.910970e-01 9.529505e-01
    outer loop
      vertex 0.0000000000e+00 8.1979958674e-02 2.8858150734e-01
      vertex 3.9837743048e-02 6.6035108242e-02 2.8991777922e-01
      vertex 3.9496611406e-02 1.0746863805e-01 2.7729138018e-01
    endloop
  endfacet
  facet normal 2.162041e-01 2.357379e-01 9.474616e-01
    outer loop
      vertex 7.8859666818e-02 4.8737954435e-02 2.8531695489e-01
      vertex 7.9224825198e-02 9.0377663728e-02 2.7487325256e-01
      vertex 3.9837743048e-02 6.6035108242e-02 2.8991777922e-01
    endloop
  endfacet
  facet normal 2.148469e-01 3.716277e-01 9.031797e-01
    outer loop
      vertex 7.7967573902e-02 1.3016656937e-01 2.5880054412e-01
      vertex 3.9496611406e-02 1.0746863805e-01 2.7729138018e-01
      vertex 7.9224825198e-02 9.0377663728e-02 2.7487325256e-01
    endloop
  endfacet
  facet normal 1.811510e-01 2.880454e-01 9.403266e-01
    outer loop
      vertex 3.9837743048e-02 6.6035108242e-02 2.8991777922e-01
      vertex 7.9224825198e-02 9.0377663728e-02 2.7487325256e-01
      vertex 3.9496611406e-02 1.0746863805e-01 2.7729138018e-01
    endloop
  endfacet
  facet normal 4.694052e-01 -2.331714e-01 8.516395e-01
    outer loop
      vertex 1.5000000000e-01 -9.2705098312e-02 2.4270509831e-01
      vertex 1.5577754692e-01 -4.6930339512e-02 2.5205336560e-01
      vertex 1.1585621568e-01 -7.1603079096e-02 2.6730195726e-01
    endloop
  endfacet
  facet normal 4.823363e-01 -7.836719e-02 8.724736e-01
    outer loop
      vertex 1.5771933364e-01 0.0000000000e+00 2.5519524251e-01
      vertex 1.1988211551e-01 -2.4697074010e-02 2.7389474788e-01
      vertex 1.5577754692e-01 -4.6930339512e-02 2.5205336560e-01
    endloop
  endfacet
  facet normal 3.505871e-01 -1.597927e-01 9.227974e-01
    outer loop
      vertex 7.8859666818e-02 -4.8737954435e-02 2.8531695489e-01
      vertex 1.1585621568e-01 -7.1603079096e-02 2.6730195726e-01
      vertex 1.1988211551e-01 -2.4697074010e-02 2.7389474788e-01
    endloop
  endfacet
  facet normal 4.378416e-01 -1.618790e-01 8.843585e-01
    outer loop
      vertex 1.5577754692e-01 -4.6930339512e-02 2.5205336560e-01
      vertex 1.1988211551e-01 -2.4697074010e-02 2.7389474788e-01
      vertex 1.1585621568e-01 -7.1603079096e-02 2.6730195726e-01
    endloop
  endfacet
  facet normal 4.694052e-01 2.331714e-01 8.516395e-01
    outer loop
      vertex 1.5000000000e-01 9.2705098312e-02 2.4270509831e-01
      vertex 1.1585621568e-01 7.1603079096e-02 2.6730195726e-01
      vertex 1.5577754692e-01 4.6930339512e-02 2.5205336560e-01
    endloop
  endfacet
  facet normal 3.505871e-01 1.597927e-01 9.227974e-01
    outer loop
      vertex 7.8859666818e-02 4.8737954435e-02 2.8531695489e-01
      vertex 1.1988211551e-01 2.4697074010e-02 2.7389474788e-01
      vertex 1.1585621568e-01 7.1603079096e-02 2.6730195726e-01
    endloop
  endfacet
  facet normal 4.823363e-01 7.836719e-02 8.724736e-01
    outer loop
      vertex 1.5771933364e-01 0.0000000000e+00 2.5519524251e-01
      vertex 1.5577754692e-01 4.6930339512e-02 2.5205336560e-01
      vertex 1.1988211551e-01 2.4697074010e-02 2.7389474788e-01
    endloop
  endfacet
  facet normal 4.378416e-01 1.618790e-01 8.843585e-01
    outer loop
      vertex 1.1585621568e-01 7.1603079096e-02 2.6730195726e-01
      vertex 1.1988211551e-01 2.4697074010e-02 2.7389474788e-01
      vertex 1.5577754692e-01 4.6930339512e-02 2.5205336560e-01
    endloop
  endfacet
  facet normal 9.212595e-02 0.000000e+00 9.957474e-01
    outer loop
      vertex 0.0000000000e+00 0.0000000000e+00 3.0000000000e-01
      vertex 3.9921331242e-02 -2.4672739584e-02 2.9630650218e-01
      vertex 3.9921331242e-02 2.4672739584e-02 2.9630650218e-01
    endloop
  endfacet
  facet normal 2.237863e-01 -8.142553e-02 9.712310e-01
    outer loop
      vertex 7.8859666818e-02 -4.8737954435e-02 2.8531695489e-01
      vertex 7.9921410340e-02 0.0000000000e+00 2.8915837904e-01
      vertex 3.9921331242e-02 -2.4672739584e-02 2.9630650218e-01
    endloop
  endfacet
  facet normal 2.237863e-01 8.142553e-02 9.712310e-01
    outer loop
      vertex 7.8859666818e-02 4.8737954435e-02 2.8531695489e-01
      vertex 3.9921331242e-02 2.4672739584e-02 2.9630650218e-01
      vertex 7.9921410340e-02 0.0000000000e+00 2.8915837904e-01
    endloop
  endfacet
  facet normal 1.759159e-01 -0.000000e+00 9.844052e-01
    outer loop
      vertex 3.9921331242e-02 -2.4672739584e-02 2.9630650218e-01
      vertex 7.9921410340e-02 0.0000000000e+00 2.8915837904e-01
      vertex 3.9921331242e-02 2.4672739584e-02 2.9630650218e-01
    endloop
  endfacet
  facet normal 4.430557e-01 0.000000e+00 8.964941e-01
    outer loop
      vertex 1.5771933364e-01 0.0000000000e+00 2.5519524251e-01
      vertex 1.1988211551e-01 2.4697074010e-02 2.7389474788e-01
      vertex 1.1988211551e-01 -2.4697074010e-02 2.7389474788e-01
    endloop
  endfacet
  facet normal 3.113353e-01 8.140770e-02 9.468068e-01
    outer loop
      vertex 7.8859666818e-02 4.8737954435e-02 2.8531695489e-01
      vertex 7.9921410340e-02 0.0000000000e+00 2.8915837904e-01
      vertex 1.1988211551e-01 2.4697074010e-02 2.7389474788e-01
    endloop
  endfacet
  facet normal 3.113353e-01 -8.140770e-02 9.468068e-01
    outer loop
      vertex 7.8859666818e-02 -4.8737954435e-02 2.8531695489e-01
      vertex 1.1988211551e-01 -2.4697074010e-02 2.7389474788e-01
      vertex 7.9921410340e-02 0.0000000000e+00 2.8915837904e-01
    endloop
  endfacet
  facet normal 3.568221e-01 0.000000e+00 9.341724e-01
    outer loop
      vertex 1.1988211551e-01 2.4697074010e-02 2.7389474788e-01
      vertex 7.9921410340e-02 0.0000000000e+00 2.8915837904e-01
      vertex 1.1988211551e-01 -2.4697074010e-02 2.7389474788e-01
    endloop
  endfacet
  facet normal -5.462496e-01 -8.336794e-01 8.117845e-02
    outer loop
      vertex -1.5771933364e-01 -2.5519524251e-01 0.0000000000e+00
      vertex -1.4533249262e-01 -2.5947880076e-01 3.9360113644e-02
      vertex -1.8469260626e-01 -2.3515291273e-01 2.4325888033e-02
    endloop
  endfacet
  facet normal -5.001420e-01 -8.397879e-01 2.112210e-01
    outer loop
      vertex -1.3016656937e-01 -2.5880054412e-01 7.7967573902e-02
      vertex -1.7137549774e-01 -2.3779476878e-01 6.3906859695e-02
      vertex -1.4533249262e-01 -2.5947880076e-01 3.9360113644e-02
    endloop
  endfacet
  facet normal -6.304608e-01 -7.592464e-01 1.614436e-01
    outer loop
      vertex -2.0813414327e-01 -2.1061393343e-01 4.8186610692e-02
      vertex -1.8469260626e-01 -2.3515291273e-01 2.4325888033e-02
      vertex -1.7137549774e-01 -2.3779476878e-01 6.3906859695e-02
    endloop
  endfacet
  facet normal -5.572841e-01 -8.196344e-01 1.327925e-01
    outer loop
      vertex -1.4533249262e-01 -2.5947880076e-01 3.9360113644e-02
      vertex -1.7137549774e-01 -2.3779476878e-01 6.3906859695e-02
      vertex -1.8469260626e-01 -2.3515291273e-01 2.4325888033e-02
    endloop
  endfacet
  facet normal -3.824786e-01 -8.026783e-01 4.576217e-01
    outer loop
      vertex -9.2705098312e-02 -2.4270509831e-01 1.5000000000e-01
      vertex -1.3619714992e-01 -2.2738062601e-01 1.4052895526e-01
      vertex -1.1251157024e-01 -2.5317344239e-01 1.1508411981e-01
    endloop
  endfacet
  facet normal -5.222192e-01 -7.421000e-01 4.202079e-01
    outer loop
      vertex -1.7633557569e-01 -2.0645728807e-01 1.2759762125e-01
      vertex -1.5483648602e-01 -2.3503550951e-01 1.0384590444e-01
      vertex -1.3619714992e-01 -2.2738062601e-01 1.4052895526e-01
    endloop
  endfacet
  facet normal -4.450681e-01 -8.294800e-01 3.374572e-01
    outer loop
      vertex -1.3016656937e-01 -2.5880054412e-01 7.7967573902e-02
      vertex -1.1251157024e-01 -2.5317344239e-01 1.1508411981e-01
      vertex -1.5483648602e-01 -2.3503550951e-01 1.0384590444e-01
    endloop
  endfacet
  facet normal -4.484825e-01 -8.016858e-01 3.951751e-01
    outer loop
      vertex -1.3619714992e-01 -2.2738062601e-01 1.4052895526e-01
      vertex -1.5483648602e-01 -2.3503550951e-01 1.0384590444e-01
      vertex -1.1251157024e-01 -2.5317344239e-01 1.1508411981e-01
    endloop
  endfacet
  facet normal -7.599989e-01 -5.693580e-01 3.134218e-01
    outer loop
      vertex -2.4270509831e-01 -1.5000000000e-01 9.2705098312e-02
      vertex -2.2759569005e-01 -1.8204754478e-01 7.1125897605e-02
      vertex -2.1213203436e-01 -1.8045028650e-01 1.1152441034e-01
    endloop
  endfacet
  facet normal -7.022584e-01 -6.705276e-01 2.392192e-01
    outer loop
      vertex -2.0813414327e-01 -2.1061393343e-01 4.8186610692e-02
      vertex -1.9422356816e-01 -2.1069295402e-01 8.8801377773e-02
      vertex -2.2759569005e-01 -1.8204754478e-01 7.1125897605e-02
    endloop
  endfacet
  facet normal -6.491008e-01 -6.636828e-01 3.717435e-01
    outer loop
      vertex -1.7633557569e-01 -2.0645728807e-01 1.2759762125e-01
      vertex -2.1213203436e-01 -1.8045028650e-01 1.1152441034e-01
      vertex -1.9422356816e-01 -2.1069295402e-01 8.8801377773e-02
    endloop
  endfacet
  facet normal -7.075762e-01 -6.415571e-01 2.962101e-01
    outer loop
      vertex -2.2759569005e-01 -1.8204754478e-01 7.1125897605e-02
      vertex -1.9422356816e-01 -2.1069295402e-01 8.8801377773e-02
      vertex -2.1213203436e-01 -1.8045028650e-01 1.1152441034e-01
    endloop
  endfacet
  facet normal -5.084250e-01 -8.186344e-01 2.670988e-01
    outer loop
      vertex -1.3016656937e-01 -2.5880054412e-01 7.7967573902e-02
      vertex -1.5483648602e-01 -2.3503550951e-01 1.0384590444e-01
      vertex -1.7137549774e-01 -2.3779476878e-01 6.3906859695e-02
    endloop
  endfacet
  facet normal -5.855635e-01 -7.312575e-01 3.498255e-01
    outer loop
      vertex -1.7633557569e-01 -2.0645728807e-01 1.2759762125e-01
      vertex -1.9422356816e-01 -2.1069295402e-01 8.8801377773e-02
      vertex -1.5483648602e-01 -2.3503550951e-01 1.0384590444e-01
    endloop
  endfacet
  facet normal -6.387266e-01 -7.381036e-01 2.173281e-01
    outer loop
      vertex -2.0813414327e-01 -2.1061393343e-01 4.8186610692e-02
      vertex -1.7137549774e-01 -2.3779476878e-01 6.3906859695e-02
      vertex -1.9422356816e-01 -2.1069295402e-01 8.8801377773e-02
    endloop
  endfacet
  facet normal -5.811538e-01 -7.591756e-01 2.931085e-01
    outer loop
      vertex -1.5483648602e-01 -2.3503550951e-01 1.0384590444e-01
      vertex -1.9422356816e-01 -2.1069295402e-01 8.8801377773e-02
      vertex -1.7137549774e-01 -2.3779476878e-01 6.3906859695e-02
    endloop
  endfacet
  facet normal -8.117845e-02 -5.462496e-01 8.336794e-01
    outer loop
      vertex 0.0000000000e+00 -1.5771933364e-01 2.5519524251e-01
      vertex -3.9360113644e-02 -1.4533249262e-01 2.5947880076e-01
      vertex -2.4325888033e-02 -1.8469260626e-01 2.3515291273e-01
    endloop
  endfacet
  facet normal -2.112210e-01 -5.001420e-01 8.397879e-01
    outer loop
      vertex -7.7967573902e-02 -1.3016656937e-01 2.5880054412e-01
      vertex -6.3906859695e-02 -1.7137549774e-01 2.3779476878e-01
      vertex -3.9360113644e-02 -1.4533249262e-01 2.5947880076e-01
    endloop
  endfacet
  facet normal -1.614436e-01 -6.304608e-01 7.592464e-01
    outer loop
      vertex -4.8186610692e-02 -2.0813414327e-01 2.1061393343e-01
      vertex -2.4325888033e-02 -1.8469260626e-01 2.3515291273e-01
      vertex -6.3906859695e-02 -1.7137549774e-01 2.3779476878e-01
    endloop
  endfacet
  facet normal -1.327925e-01 -5.572841e-01 8.196344e-01
    outer loop
      vertex -3.9360113644e-02 -1.4533249262e-01 2.5947880076e-01
      vertex -6.3906859695e-02 -1.7137549774e-01 2.3779476878e-01
      vertex -2.4325888033e-02 -1.8469260626e-01 2.3515291273e-01
    endloop
  endfacet
  facet normal -4.576217e-01 -3.824786e-01 8.026783e-01
    outer loop
      vertex -1.5000000000e-01 -9.2705098312e-02 2.4270509831e-01
      vertex -1.4052895526e-01 -1.3619714992e-01 2.2738062601e-01
      vertex -1.1508411981e-01 -1.1251157024e-01 2.5317344239e-01
    endloop
  endfacet
  facet normal -4.202079e-01 -5.222192e-01 7.421000e-01
    outer loop
      vertex -1.2759762125e-01 -1.7633557569e-01 2.0645728807e-01
      vertex -1.0384590444e-01 -1.5483648602e-01 2.3503550951e-01
      vertex -1.4052895526e-01 -1.3619714992e-01 2.2738062601e-01
    endloop
  endfacet
  facet normal -3.374572e-01 -4.450681e-01 8.294800e-01
    outer loop
      vertex -7.7967573902e-02 -1.3016656937e-01 2.5880054412e-01
      vertex -1.1508411981e-01 -1.1251157024e-01 2.5317344239e-01
      vertex -1.0384590444e-01 -1.5483648602e-01 2.3503550951e-01
    endloop
  endfacet
  facet normal -3.951751e-01 -4.484825e-01 8.016858e-01
    outer loop
      vertex -1.4052895526e-01 -1.3619714992e-01 2.2738062601e-01
      vertex -1.0384590444e-01 -1.5483648602e-01 2.3503550951e-01
      vertex -1.1508411981e-01 -1.1251157024e-01 2.5317344239e-01
    endloop
  endfacet
  facet normal -3.134218e-01 -7.599989e-01 5.693580e-01
    outer loop
      vertex -9.2705098312e-02 -2.4270509831e-01 1.5000000000e-01
      vertex -7.1125897605e-02 -2.2759569005e-01 1.8204754478e-01
      vertex -1.1152441034e-01 -2.1213203436e-01 1.8045028650e-01
    endloop
  endfacet
  facet normal -2.392192e-01 -7.022584e-01 6.705276e-01
    outer loop
      vertex -4.8186610692e-02 -2.0813414327e-01 2.1061393343e-01
      vertex -8.8801377773e-02 -1.9422356816e-01 2.1069295402e-01
      vertex -7.1125897605e-02 -2.2759569005e-01 1.8204754478e-01
    endloop
  endfacet
  facet normal -3.717435e-01 -6.491008e-01 6.636828e-01
    outer loop
      vertex -1.2759762125e-01 -1.7633557569e-01 2.0645728807e-01
      vertex -1.1152441034e-01 -2.1213203436e-01 1.8045028650e-01
      vertex -8.8801377773e-02 -1.9422356816e-01 2.1069295402e-01
    endloop
  endfacet
  facet normal -2.962101e-01 -7.075762e-01 6.415571e-01
    outer loop
      vertex -7.1125897605e-02 -2.2759569005e-01 1.8204754478e-01
      vertex -8.8801377773e-02 -1.9422356816e-01 2.1069295402e-01
      vertex -1.1152441034e-01 -2.1213203436e-01 1.8045028650e-01
    endloop
  endfacet
  facet normal -2.670988e-01 -5.084250e-01 8.186344e-01
    outer loop
      vertex -7.7967573902e-02 -1.3016656937e-01 2.5880054412e-01
      vertex -1.0384590444e-01 -1.5483648602e-01 2.3503550951e-01
      vertex -6.3906859695e-02 -1.7137549774e-01 2.3779476878e-01
    endloop
  endfacet
  facet normal -3.498255e-01 -5.855635e-01 7.312575e-01
    outer loop
      vertex -1.2759762125e-01 -1.7633557569e-01 2.0645728807e-01
      vertex -8.8801377773e-02 -1.9422356816e-01 2.1069295402e-01
      vertex -1.0384590444e-01 -1.5483648602e-01 2.3503550951e-01
    endloop
  endfacet
  facet normal -2.173281e-01 -6.387266e-01 7.381036e-01
    outer loop
      vertex -4.8186610692e-02 -2.0813414327e-01 2.1061393343e-01
      vertex -6.3906859695e-02 -1.7137549774e-01 2.3779476878e-01
      vertex -8.8801377773e-02 -1.9422356816e-01 2.1069295402e-01
    endloop
  endfacet
  facet normal -2.931085e-01 -5.811538e-01 7.591756e-01
    outer loop
      vertex -1.0384590444e-01 -1.5483648602e-01 2.3503550951e-01
      vertex -8.8801377773e-02 -1.9422356816e-01 2.1069295402e-01
      vertex -6.3906859695e-02 -1.7137549774e-01 2.3779476878e-01
    endloop
  endfacet
  facet normal -8.336794e-01 -8.117845e-02 5.462496e-01
    outer loop
      vertex -2.5519524251e-01 0.0000000000e+00 1.5771933364e-01
      vertex -2.5947880076e-01 -3.9360113644e-02 1.4533249262e-01
      vertex -2.3515291273e-01 -2.4325888033e-02 1.8469260626e-01
    endloop
  endfacet
  facet normal -8.397879e-01 -2.112210e-01 5.001420e-01
    outer loop
      vertex -2.5880054412e-01 -7.7967573902e-02 1.3016656937e-01
      vertex -2.3779476878e-01 -6.3906859695e-02 1.7137549774e-01
      vertex -2.5947880076e-01 -3.9360113644e-02 1.4533249262e-01
    endloop
  endfacet
  facet normal -7.592464e-01 -1.614436e-01 6.304608e-01
    outer loop
      vertex -2.1061393343e-01 -4.8186610692e-02 2.0813414327e-01
      vertex -2.3515291273e-01 -2.4325888033e-02 1.8469260626e-01
      vertex -2.3779476878e-01 -6.3906859695e-02 1.7137549774e-01
    endloop
  endfacet
  facet normal -8.196344e-01 -1.327925e-01 5.572841e-01
    outer loop
      vertex -2.5947880076e-01 -3.9360113644e-02 1.4533249262e-01
      vertex -2.3779476878e-01 -6.3906859695e-02 1.7137549774e-01
      vertex -2.3515291273e-01 -2.4325888033e-02 1.8469260626e-01
    endloop
  endfacet
  facet normal -8.026783e-01 -4.576217e-01 3.824786e-01
    outer loop
      vertex -2.4270509831e-01 -1.5000000000e-01 9.2705098312e-02
      vertex -2.2738062601e-01 -1.4052895526e-01 1.3619714992e-01
      vertex -2.5317344239e-01 -1.1508411981e-01 1.1251157024e-01
    endloop
  endfacet
  facet normal -7.421000e-01 -4.202079e-01 5.222192e-01
    outer loop
      vertex -2.0645728807e-01 -1.2759762125e-01 1.7633557569e-01
      vertex -2.3503550951e-01 -1.0384590444e-01 1.5483648602e-01
      vertex -2.2738062601e-01 -1.4052895526e-01 1.3619714992e-01
    endloop
  endfacet
  facet normal -8.294800e-01 -3.374572e-01 4.450681e-01
    outer loop
      vertex -2.5880054412e-01 -7.7967573902e-02 1.3016656937e-01
      vertex -2.5317344239e-01 -1.1508411981e-01 1.1251157024e-01
      vertex -2.3503550951e-01 -1.0384590444e-01 1.5483648602e-01
    endloop
  endfacet
  facet normal -8.016858e-01 -3.951751e-01 4.484825e-01
    outer loop
      vertex -2.2738062601e-01 -1.4052895526e-01 1.3619714992e-01
      vertex -2.3503550951e-01 -1.0384590444e-01 1.5483648602e-01
      vertex -2.5317344239e-01 -1.1508411981e-01 1.1251157024e-01
    endloop
  endfacet
  facet normal -5.693580e-01 -3.134218e-01 7.599989e-01
    outer loop
      vertex -1.5000000000e-01 -9.2705098312e-02 2.4270509831e-01
      vertex -1.8204754478e-01 -7.1125897605e-02 2.2759569005e-01
      vertex -1.8045028650e-01 -1.1152441034e-01 2.1213203436e-01
    endloop
  endfacet
  facet normal -6.705276e-01 -2.392192e-01 7.022584e-01
    outer loop
      vertex -2.1061393343e-01 -4.8186610692e-02 2.0813414327e-01
      vertex -2.1069295402e-01 -8.8801377773e-02 1.9422356816e-01
      vertex -1.8204754478e-01 -7.1125897605e-02 2.2759569005e-01
    endloop
  endfacet
  facet normal -6.636828e-01 -3.717435e-01 6.491008e-01
    outer loop
      vertex -2.0645728807e-01 -1.2759762125e-01 1.7633557569e-01
      vertex -1.8045028650e-01 -1.1152441034e-01 2.1213203436e-01
      vertex -2.1069295402e-01 -8.8801377773e-02 1.9422356816e-01
    endloop
  endfacet
  facet normal -6.415571e-01 -2.962101e-01 7.075762e-01
    outer loop
      vertex -1.8204754478e-01 -7.1125897605e-02 2.2759569005e-01
      vertex -2.1069295402e-01 -8.8801377773e-02 1.9422356816e-01
      vertex -1.8045028650e-01 -1.1152441034e-01 2.1213203436e-01
    endloop
  endfacet
  facet normal -8.186344e-01 -2.670988e-01 5.084250e-01
    outer loop
      vertex -2.5880054412e-01 -7.7967573902e-02 1.3016656937e-01
      vertex -2.3503550951e-01 -1.0384590444e-01 1.5483648602e-01
      vertex -2.3779476878e-01 -6.3906859695e-02 1.7137549774e-01
    endloop
  endfacet
  facet normal -7.312575e-01 -3.498255e-01 5.855635e-01
    outer loop
      vertex -2.0645728807e-01 -1.2759762125e-01 1.7633557569e-01
      vertex -2.1069295402e-01 -8.8801377773e-02 1.9422356816e-01
      vertex -2.3503550951e-01 -1.0384590444e-01 1.5483648602e-01
    endloop
  endfacet
  facet normal -7.381036e-01 -2.173281e-01 6.387266e-01
    outer loop
      vertex -2.1061393343e-01 -4.8186610692e-02 2.0813414327e-01
      vertex -2.3779476878e-01 -6.3906859695e-02 1.7137549774e-01
      vertex -2.1069295402e-01 -8.8801377773e-02 1.9422356816e-01
    endloop
  endfacet
  facet normal -7.591756e-01 -2.931085e-01 5.811538e-01
    outer loop
      vertex -2.3503550951e-01 -1.0384590444e-01 1.5483648602e-01
      vertex -2.1069295402e-01 -8.8801377773e-02 1.9422356816e-01
      vertex -2.3779476878e-01 -6.3906859695e-02 1.7137549774e-01
    endloop
  endfacet
  facet normal -3.822343e-01 -7.595136e-01 5.263422e-01
    outer loop
      vertex -9.2705098312e-02 -2.4270509831e-01 1.5000000000e-01
      vertex -1.1152441034e-01 -2.1213203436e-01 1.8045028650e-01
      vertex -1.3619714992e-01 -2.2738062601e-01 1.4052895526e-01
    endloop
  endfacet
  facet normal -4.404610e-01 -6.486873e-01 6.206439e-01
    outer loop
      vertex -1.2759762125e-01 -1.7633557569e-01 2.0645728807e-01
      vertex -1.5401263237e-01 -1.9397333754e-01 1.6927626353e-01
      vertex -1.1152441034e-01 -2.1213203436e-01 1.8045028650e-01
    endloop
  endfacet
  facet normal -5.218865e-01 -6.990111e-01 4.888946e-01
    outer loop
      vertex -1.7633557569e-01 -2.0645728807e-01 1.2759762125e-01
      vertex -1.3619714992e-01 -2.2738062601e-01 1.4052895526e-01
      vertex -1.5401263237e-01 -1.9397333754e-01 1.6927626353e-01
    endloop
  endfacet
  facet normal -4.465169e-01 -7.084426e-01 5.465636e-01
    outer loop
      vertex -1.1152441034e-01 -2.1213203436e-01 1.8045028650e-01
      vertex -1.5401263237e-01 -1.9397333754e-01 1.6927626353e-01
      vertex -1.3619714992e-01 -2.2738062601e-01 1.4052895526e-01
    endloop
  endfacet
  facet normal -5.263422e-01 -3.822343e-01 7.595136e-01
    outer loop
      vertex -1.5000000000e-01 -9.2705098312e-02 2.4270509831e-01
      vertex -1.8045028650e-01 -1.1152441034e-01 2.1213203436e-01
      vertex -1.4052895526e-01 -1.3619714992e-01 2.2738062601e-01
    endloop
  endfacet
  facet normal -6.206439e-01 -4.404610e-01 6.486873e-01
    outer loop
      vertex -2.0645728807e-01 -1.2759762125e-01 1.7633557569e-01
      vertex -1.6927626353e-01 -1.5401263237e-01 1.9397333754e-01
      vertex -1.8045028650e-01 -1.1152441034e-01 2.1213203436e-01
    endloop
  endfacet
  facet normal -4.888946e-01 -5.218865e-01 6.990111e-01
    outer loop
      vertex -1.2759762125e-01 -1.7633557569e-01 2.0645728807e-01
      vertex -1.4052895526e-01 -1.3619714992e-01 2.2738062601e-01
      vertex -1.6927626353e-01 -1.5401263237e-01 1.9397333754e-01
    endloop
  endfacet
  facet normal -5.465636e-01 -4.465169e-01 7.084426e-01
    outer loop
      vertex -1.8045028650e-01 -1.1152441034e-01 2.1213203436e-01
      vertex -1.6927626353e-01 -1.5401263237e-01 1.9397333754e-01
      vertex -1.4052895526e-01 -1.3619714992e-01 2.2738062601e-01
    endloop
  endfacet
  facet normal -7.595136e-01 -5.263422e-01 3.822343e-01
    outer loop
      vertex -2.4270509831e-01 -1.5000000000e-01 9.2705098312e-02
      vertex -2.1213203436e-01 -1.8045028650e-01 1.1152441034e-01
      vertex -2.2738062601e-01 -1.4052895526e-01 1.3619714992e-01
    endloop
  endfacet
  facet normal -6.486873e-01 -6.206439e-01 4.404610e-01
    outer loop
      vertex -1.7633557569e-01 -2.0645728807e-01 1.2759762125e-01
      vertex -1.9397333754e-01 -1.6927626353e-01 1.5401263237e-01
      vertex -2.1213203436e-01 -1.8045028650e-01 1.1152441034e-01
    endloop
  endfacet
  facet normal -6.990111e-01 -4.888946e-01 5.218865e-01
    outer loop
      vertex -2.0645728807e-01 -1.2759762125e-01 1.7633557569e-01
      vertex -2.2738062601e-01 -1.4052895526e-01 1.3619714992e-01
      vertex -1.9397333754e-01 -1.6927626353e-01 1.5401263237e-01
    endloop
  endfacet
  facet normal -7.084426e-01 -5.465636e-01 4.465169e-01
    outer loop
      vertex -2.1213203436e-01 -1.8045028650e-01 1.1152441034e-01
      vertex -1.9397333754e-01 -1.6927626353e-01 1.5401263237e-01
      vertex -2.2738062601e-01 -1.4052895526e-01 1.3619714992e-01
    endloop
  endfacet
  facet normal -5.037511e-01 -5.851588e-01 6.354715e-01
    outer loop
      vertex -1.2759762125e-01 -1.7633557569e-01 2.0645728807e-01
      vertex -1.6927626353e-01 -1.5401263237e-01 1.9397333754e-01
      vertex -1.5401263237e-01 -1.9397333754e-01 1.6927626353e-01
    endloop
  endfacet
  facet normal -6.354715e-01 -5.037511e-01 5.851588e-01
    outer loop
      vertex -2.0645728807e-01 -1.2759762125e-01 1.7633557569e-01
      vertex -1.9397333754e-01 -1.6927626353e-01 1.5401263237e-01
      vertex -1.6927626353e-01 -1.5401263237e-01 1.9397333754e-01
    endloop
  endfacet
  facet normal -5.851588e-01 -6.354715e-01 5.037511e-01
    outer loop
      vertex -1.7633557569e-01 -2.0645728807e-01 1.2759762125e-01
      vertex -1.5401263237e-01 -1.9397333754e-01 1.6927626353e-01
      vertex -1.9397333754e-01 -1.6927626353e-01 1.5401263237e-01
    endloop
  endfacet
  facet normal -5.773503e-01 -5.773503e-01 5.773503e-01
    outer loop
      vertex -1.6927626353e-01 -1.5401263237e-01 1.9397333754e-01
      vertex -1.9397333754e-01 -1.6927626353e-01 1.5401263237e-01
      vertex -1.5401263237e-01 -1.9397333754e-01 1.6927626353e-01
    endloop
  endfacet
  facet normal -8.117845e-02 -5.462496e-01 -8.336794e-01
    outer loop
      vertex 0.0000000000e+00 -1.5771933364e-01 -2.5519524251e-01
      vertex -2.4325888033e-02 -1.8469260626e-01 -2.3515291273e-01
      vertex -3.9360113644e-02 -1.4533249262e-01 -2.5947880076e-01
    endloop
  endfacet
  facet normal -1.614436e-01 -6.304608e-01 -7.592464e-01
    outer loop
      vertex -4.8186610692e-02 -2.0813414327e-01 -2.1061393343e-01
      vertex -6.3906859695e-02 -1.7137549774e-01 -2.3779476878e-01
      vertex -2.4325888033e-02 -1.8469260626e-01 -2.3515291273e-01
    endloop
  endfacet
  facet normal -2.112210e-01 -5.001420e-01 -8.397879e-01
    outer loop
      vertex -7.7967573902e-02 -1.3016656937e-01 -2.5880054412e-01
      vertex -3.9360113644e-02 -1.4533249262e-01 -2.5947880076e-01
      vertex -6.3906859695e-02 -1.7137549774e-01 -2.3779476878e-01
    endloop
  endfacet
  facet normal -1.327925e-01 -5.572841e-01 -8.196344e-01
    outer loop
      vertex -2.4325888033e-02 -1.8469260626e-01 -2.3515291273e-01
      vertex -6.3906859695e-02 -1.7137549774e-01 -2.3779476878e-01
      vertex -3.9360113644e-02 -1.4533249262e-01 -2.5947880076e-01
    endloop
  endfacet
  facet normal -3.134218e-01 -7.599989e-01 -5.693580e-01
    outer loop
      vertex -9.2705098312e-02 -2.4270509831e-01 -1.5000000000e-01
      vertex -1.1152441034e-01 -2.1213203436e-01 -1.8045028650e-01
      vertex -7.1125897605e-02 -2.2759569005e-01 -1.8204754478e-01
    endloop
  endfacet
  facet normal -3.717435e-01 -6.491008e-01 -6.636828e-01
    outer loop
      vertex -1.2759762125e-01 -1.7633557569e-01 -2.0645728807e-01
      vertex -8.8801377773e-02 -1.9422356816e-01 -2.1069295402e-01
      vertex -1.1152441034e-01 -2.1213203436e-01 -1.8045028650e-01
    endloop
  endfacet
  facet normal -2.392192e-01 -7.022584e-01 -6.705276e-01
    outer loop
      vertex -4.8186610692e-02 -2.0813414327e-01 -2.1061393343e-01
      vertex -7.1125897605e-02 -2.2759569005e-01 -1.8204754478e-01
      vertex -8.8801377773e-02 -1.9422356816e-01 -2.1069295402e-01
    endloop
  endfacet
  facet normal -2.962101e-01 -7.075762e-01 -6.415571e-01
    outer loop
      vertex -1.1152441034e-01 -2.1213203436e-01 -1.8045028650e-01
      vertex -8.8801377773e-02 -1.9422356816e-01 -2.1069295402e-01
      vertex -7.1125897605e-02 -2.2759569005e-01 -1.8204754478e-01
    endloop
  endfacet
  facet normal -4.576217e-01 -3.824786e-01 -8.026783e-01
    outer loop
      vertex -1.5000000000e-01 -9.2705098312e-02 -2.4270509831e-01
      vertex -1.1508411981e-01 -1.1251157024e-01 -2.5317344239e-01
      vertex -1.4052895526e-01 -1.3619714992e-01 -2.2738062601e-01
    endloop
  endfacet
  facet normal -3.374572e-01 -4.450681e-01 -8.294800e-01
    outer loop
      vertex -7.7967573902e-02 -1.3016656937e-01 -2.5880054412e-01
      vertex -1.0384590444e-01 -1.5483648602e-01 -2.3503550951e-01
      vertex -1.1508411981e-01 -1.1251157024e-01 -2.5317344239e-01
    endloop
  endfacet
  facet normal -4.202079e-01 -5.222192e-01 -7.421000e-01
    outer loop
      vertex -1.2759762125e-01 -1.7633557569e-01 -2.0645728807e-01
      vertex -1.4052895526e-01 -1.3619714992e-01 -2.2738062601e-01
      vertex -1.0384590444e-01 -1.5483648602e-01 -2.3503550951e-01
    endloop
  endfacet
  facet normal -3.951751e-01 -4.484825e-01 -8.016858e-01
    outer loop
      vertex -1.1508411981e-01 -1.1251157024e-01 -2.5317344239e-01
      vertex -1.0384590444e-01 -1.5483648602e-01 -2.3503550951e-01
      vertex -1.4052895526e-01 -1.3619714992e-01 -2.2738062601e-01
    endloop
  endfacet
  facet normal -2.173281e-01 -6.387266e-01 -7.381036e-01
    outer loop
      vertex -4.8186610692e-02 -2.0813414327e-01 -2.1061393343e-01
      vertex -8.8801377773e-02 -1.9422356816e-01 -2.1069295402e-01
      vertex -6.3906859695e-02 -1.7137549774e-01 -2.3779476878e-01
    endloop
  endfacet
  facet normal -3.498255e-01 -5.855635e-01 -7.312575e-01
    outer loop
      vertex -1.2759762125e-01 -1.7633557569e-01 -2.0645728807e-01
      vertex -1.0384590444e-01 -1.5483648602e-01 -2.3503550951e-01
      vertex -8.8801377773e-02 -1.9422356816e-01 -2.1069295402e-01
    endloop
  endfacet
  facet normal -2.670988e-01 -5.084250e-01 -8.186344e-01
    outer loop
      vertex -7.7967573902e-02 -1.3016656937e-01 -2.5880054412e-01
      vertex -6.3906859695e-02 -1.7137549774e-01 -2.3779476878e-01
      vertex -1.0384590444e-01 -1.5483648602e-01 -2.3503550951e-01
    endloop
  endfacet
  facet normal -2.931085e-01 -5.811538e-01 -7.591756e-01
    outer loop
      vertex -8.8801377773e-02 -1.9422356816e-01 -2.1069295402e-01
      vertex -1.0384590444e-01 -1.5483648602e-01 -2.3503550951e-01
      vertex -6.3906859695e-02 -1.7137549774e-01 -2.3779476878e-01
    endloop
  endfacet
  facet normal -5.462496e-01 -8.336794e-01 -8.117845e-02
    outer loop
      vertex -1.5771933364e-01 -2.5519524251e-01 0.0000000000e+00
      vertex -1.8469260626e-01 -2.3515291273e-01 -2.4325888033e-02
      vertex -1.4533249262e-01 -2.5947880076e-01 -3.9360113644e-02
    endloop
  endfacet
  facet normal -6.304608e-01 -7.592464e-01 -1.614436e-01
    outer loop
      vertex -2.0813414327e-01 -2.1061393343e-01 -4.8186610692e-02
      vertex -1.7137549774e-01 -2.3779476878e-01 -6.3906859695e-02
      vertex -1.8469260626e-01 -2.3515291273e-01 -2.4325888033e-02
    endloop
  endfacet
  facet normal -5.001420e-01 -8.397879e-01 -2.112210e-01
    outer loop
      vertex -1.3016656937e-01 -2.5880054412e-01 -7.7967573902e-02
      vertex -1.4533249262e-01 -2.5947880076e-01 -3.9360113644e-02
      vertex -1.7137549774e-01 -2.3779476878e-01 -6.3906859695e-02
    endloop
  endfacet
  facet normal -5.572841e-01 -8.196344e-01 -1.327925e-01
    outer loop
      vertex -1.8469260626e-01 -2.3515291273e-01 -2.4325888033e-02
      vertex -1.7137549774e-01 -2.3779476878e-01 -6.3906859695e-02
      vertex -1.4533249262e-01 -2.5947880076e-01 -3.9360113644e-02
    endloop
  endfacet
  facet normal -7.599989e-01 -5.693580e-01 -3.134218e-01
    outer loop
      vertex -2.4270509831e-01 -1.5000000000e-01 -9.2705098312e-02
      vertex -2.1213203436e-01 -1.8045028650e-01 -1.1152441034e-01
      vertex -2.2759569005e-01 -1.8204754478e-01 -7.1125897605e-02
    endloop
  endfacet
  facet normal -6.491008e-01 -6.636828e-01 -3.717435e-01
    outer loop
      vertex -1.7633557569e-01 -2.0645728807e-01 -1.2759762125e-01
      vertex -1.9422356816e-01 -2.1069295402e-01 -8.8801377773e-02
      vertex -2.1213203436e-01 -1.8045028650e-01 -1.1152441034e-01
    endloop
  endfacet
  facet normal -7.022584e-01 -6.705276e-01 -2.392192e-01
    outer loop
      vertex -2.0813414327e-01 -2.1061393343e-01 -4.8186610692e-02
      vertex -2.2759569005e-01 -1.8204754478e-01 -7.1125897605e-02
      vertex -1.9422356816e-01 -2.1069295402e-01 -8.8801377773e-02
    endloop
  endfacet
  facet normal -7.075762e-01 -6.415571e-01 -2.962101e-01
    outer loop
      vertex -2.1213203436e-01 -1.8045028650e-01 -1.1152441034e-01
      vertex -1.9422356816e-01 -2.1069295402e-01 -8.8801377773e-02
      vertex -2.2759569005e-01 -1.8204754478e-01 -7.1125897605e-02
    endloop
  endfacet
  facet normal -3.824786e-01 -8.026783e-01 -4.576217e-01
    outer loop
      vertex -9.2705098312e-02 -2.4270509831e-01 -1.5000000000e-01
      vertex -1.1251157024e-01 -2.5317344239e-01 -1.1508411981e-01
      vertex -1.3619714992e-01 -2.2738062601e-01 -1.4052895526e-01
    endloop
  endfacet
  facet normal -4.450681e-01 -8.294800e-01 -3.374572e-01
    outer loop
      vertex -1.3016656937e-01 -2.5880054412e-01 -7.7967573902e-02
      vertex -1.5483648602e-01 -2.3503550951e-01 -1.0384590444e-01
      vertex -1.1251157024e-01 -2.5317344239e-01 -1.1508411981e-01
    endloop
  endfacet
  facet normal -5.222192e-01 -7.421000e-01 -4.202079e-01
    outer loop
      vertex -1.7633557569e-01 -2.0645728807e-01 -1.2759762125e-01
      vertex -1.3619714992e-01 -2.2738062601e-01 -1.4052895526e-01
      vertex -1.5483648602e-01 -2.3503550951e-01 -1.0384590444e-01
    endloop
  endfacet
  facet normal -4.484825e-01 -8.016858e-01 -3.951751e-01
    outer loop
      vertex -1.1251157024e-01 -2.5317344239e-01 -1.1508411981e-01
      vertex -1.5483648602e-01 -2.3503550951e-01 -1.0384590444e-01
      vertex -1.3619714992e-01 -2.2738062601e-01 -1.4052895526e-01
    endloop
  endfacet
  facet normal -6.387266e-01 -7.381036e-01 -2.173281e-01
    outer loop
      vertex -2.0813414327e-01 -2.1061393343e-01 -4.8186610692e-02
      vertex -1.9422356816e-01 -2.1069295402e-01 -8.8801377773e-02
      vertex -1.7137549774e-01 -2.3779476878e-01 -6.3906859695e-02
    endloop
  endfacet
  facet normal -5.855635e-01 -7.312575e-01 -3.498255e-01
    outer loop
      vertex -1.7633557569e-01 -2.0645728807e-01 -1.2759762125e-01
      vertex -1.5483648602e-01 -2.3503550951e-01 -1.0384590444e-01
      vertex -1.9422356816e-01 -2.1069295402e-01 -8.8801377773e-02
    endloop
  endfacet
  facet normal -5.084250e-01 -8.186344e-01 -2.670988e-01
    outer loop
      vertex -1.3016656937e-01 -2.5880054412e-01 -7.7967573902e-02
      vertex -1.7137549774e-01 -2.3779476878e-01 -6.3906859695e-02
      vertex -1.5483648602e-01 -2.3503550951e-01 -1.0384590444e-01
    endloop
  endfacet
  facet normal -5.811538e-01 -7.591756e-01 -2.931085e-01
    outer loop
      vertex -1.9422356816e-01 -2.1069295402e-01 -8.8801377773e-02
      vertex -1.5483648602e-01 -2.3503550951e-01 -1.0384590444e-01
      vertex -1.7137549774e-01 -2.3779476878e-01 -6.3906859695e-02
    endloop
  endfacet
  facet normal -8.336794e-01 -8.117845e-02 -5.462496e-01
    outer loop
      vertex -2.5519524251e-01 0.0000000000e+00 -1.5771933364e-01
      vertex -2.3515291273e-01 -2.4325888033e-02 -1.8469260626e-01
      vertex -2.5947880076e-01 -3.9360113644e-02 -1.4533249262e-01
    endloop
  endfacet
  facet normal -7.592464e-01 -1.614436e-01 -6.304608e-01
    outer loop
      vertex -2.1061393343e-01 -4.8186610692e-02 -2.0813414327e-01
      vertex -2.3779476878e-01 -6.3906859695e-02 -1.7137549774e-01
      vertex -2.3515291273e-01 -2.4325888033e-02 -1.8469260626e-01
    endloop
  endfacet
  facet normal -8.397879e-01 -2.112210e-01 -5.001420e-01
    outer loop
      vertex -2.5880054412e-01 -7.7967573902e-02 -1.3016656937e-01
      vertex -2.5947880076e-01 -3.9360113644e-02 -1.4533249262e-01
      vertex -2.3779476878e-01 -6.3906859695e-02 -1.7137549774e-01
    endloop
  endfacet
  facet normal -8.196344e-01 -1.327925e-01 -5.572841e-01
    outer loop
      vertex -2.3515291273e-01 -2.4325888033e-02 -1.8469260626e-01
      vertex -2.3779476878e-01 -6.3906859695e-02 -1.7137549774e-01
      vertex -2.5947880076e-01 -3.9360113644e-02 -1.4533249262e-01
    endloop
  endfacet
  facet normal -5.693580e-01 -3.134218e-01 -7.599989e-01
    outer loop
      vertex -1.5000000000e-01 -9.2705098312e-02 -2.4270509831e-01
      vertex -1.8045028650e-01 -1.1152441034e-01 -2.1213203436e-01
      vertex -1.8204754478e-01 -7.1125897605e-02 -2.2759569005e-01
    endloop
  endfacet
  facet normal -6.636828e-01 -3.717435e-01 -6.491008e-01
    outer loop
      vertex -2.0645728807e-01 -1.2759762125e-01 -1.7633557569e-01
      vertex -2.1069295402e-01 -8.8801377773e-02 -1.9422356816e-01
      vertex -1.8045028650e-01 -1.1152441034e-01 -2.1213203436e-01
    endloop
  endfacet
  facet normal -6.705276e-01 -2.392192e-01 -7.022584e-01
    outer loop
      vertex -2.1061393343e-01 -4.8186610692e-02 -2.0813414327e-01
      vertex -1.8204754478e-01 -7.1125897605e-02 -2.2759569005e-01
      vertex -2.1069295402e-01 -8.8801377773e-02 -1.9422356816e-01
    endloop
  endfacet
  facet normal -6.415571e-01 -2.962101e-01 -7.075762e-01
    outer loop
      vertex -1.8045028650e-01 -1.1152441034e-01 -2.1213203436e-01
      vertex -2.1069295402e-01 -8.8801377773e-02 -1.9422356816e-01
      vertex -1.8204754478e-01 -7.1125897605e-02 -2.2759569005e-01
    endloop
  endfacet
  facet normal -8.026783e-01 -4.576217e-01 -3.824786e-01
    outer loop
      vertex -2.4270509831e-01 -1.5000000000e-01 -9.2705098312e-02
      vertex -2.5317344239e-01 -1.1508411981e-01 -1.1251157024e-01
      vertex -2.2738062601e-01 -1.4052895526e-01 -1.3619714992e-01
    endloop
  endfacet
  facet normal -8.294800e-01 -3.374572e-01 -4.450681e-01
    outer loop
      vertex -2.5880054412e-01 -7.7967573902e-02 -1.3016656937e-01
      vertex -2.3503550951e-01 -1.0384590444e-01 -1.5483648602e-01
      vertex -2.5317344239e-01 -1.1508411981e-01 -1.1251157024e-01
    endloop
  endfacet
  facet normal -7.421000e-01 -4.202079e-01 -5.222192e-01
    outer loop
      vertex -2.0645728807e-01 -1.2759762125e-01 -1.7633557569e-01
      vertex -2.2738062601e-01 -1.4052895526e-01 -1.3619714992e-01
      vertex -2.3503550951e-01 -1.0384590444e-01 -1.5483648602e-01
    endloop
  endfacet
  facet normal -8.016858e-01 -3.951751e-01 -4.484825e-01
    outer loop
      vertex -2.5317344239e-01 -1.1508411981e-01 -1.1251157024e-01
      vertex -2.3503550951e-01 -1.0384590444e-01 -1.5483648602e-01
      vertex -2.2738062601e-01 -1.4052895526e-01 -1.3619714992e-01
    endloop
  endfacet
  facet normal -7.381036e-01 -2.173281e-01 -6.387266e-01
    outer loop
      vertex -2.1061393343e-01 -4.8186610692e-02 -2.0813414327e-01
      vertex -2.1069295402e-01 -8.8801377773e-02 -1.9422356816e-01
      vertex -2.3779476878e-01 -6.3906859695e-02 -1.7137549774e-01
    endloop
  endfacet
  facet normal -7.312575e-01 -3.498255e-01 -5.855635e-01
    outer loop
      vertex -2.0645728807e-01 -1.2759762125e-01 -1.7633557569e-01
      vertex -2.3503550951e-01 -1.0384590444e-01 -1.5483648602e-01
      vertex -2.1069295402e-01 -8.8801377773e-02 -1.9422356816e-01
    endloop
  endfacet
  facet normal -8.186344e-01 -2.670988e-01 -5.084250e-01
    outer loop
      vertex -2.5880054412e-01 -7.7967573902e-02 -1.3016656937e-01
      vertex -2.3779476878e-01 -6.3906859695e-02 -1.7137549774e-01
      vertex -2.3503550951e-01 -1.0384590444e-01 -1.5483648602e-01
    endloop
  endfacet
  facet normal -7.591756e-01 -2.931085e-01 -5.811538e-01
    outer loop
      vertex -2.1069295402e-01 -8.8801377773e-02 -1.9422356816e-01
      vertex -2.3503550951e-01 -1.0384590444e-01 -1.5483648602e-01
      vertex -2.3779476878e-01 -6.3906859695e-02 -1.7137549774e-01
    endloop
  endfacet
  facet normal -3.822343e-01 -7.595136e-01 -5.263422e-01
    outer loop
      vertex -9.2705098312e-02 -2.4270509831e-01 -1.5000000000e-01
      vertex -1.3619714992e-01 -2.2738062601e-01 -1.4052895526e-01
      vertex -1.1152441034e-01 -2.1213203436e-01 -1.8045028650e-01
    endloop
  endfacet
  facet normal -5.218865e-01 -6.990111e-01 -4.888946e-01
    outer loop
      vertex -1.7633557569e-01 -2.0645728807e-01 -1.2759762125e-01
      vertex -1.5401263237e-01 -1.9397333754e-01 -1.6927626353e-01
      vertex -1.3619714992e-01 -2.2738062601e-01 -1.4052895526e-01
    endloop
  endfacet
  facet normal -4.404610e-01 -6.486873e-01 -6.206439e-01
    outer loop
      vertex -1.2759762125e-01 -1.7633557569e-01 -2.0645728807e-01
      vertex -1.1152441034e-01 -2.1213203436e-01 -1.8045028650e-01
      vertex -1.5401263237e-01 -1.9397333754e-01 -1.6927626353e-01
    endloop
  endfacet
  facet normal -4.465169e-01 -7.084426e-01 -5.465636e-01
    outer loop
      vertex -1.3619714992e-01 -2.2738062601e-01 -1.4052895526e-01
      vertex -1.5401263237e-01 -1.9397333754e-01 -1.6927626353e-01
      vertex -1.1152441034e-01 -2.1213203436e-01 -1.8045028650e-01
    endloop
  endfacet
  facet normal -7.595136e-01 -5.263422e-01 -3.822343e-01
    outer loop
      vertex -2.4270509831e-01 -1.5000000000e-01 -9.2705098312e-02
      vertex -2.2738062601e-01 -1.4052895526e-01 -1.3619714992e-01
      vertex -2.1213203436e-01 -1.8045028650e-01 -1.1152441034e-01
    endloop
  endfacet
  facet normal -6.990111e-01 -4.888946e-01 -5.218865e-01
    outer loop
      vertex -2.0645728807e-01 -1.2759762125e-01 -1.7633557569e-01
      vertex -1.9397333754e-01 -1.6927626353e-01 -1.5401263237e-01
      vertex -2.2738062601e-01 -1.4052895526e-01 -1.3619714992e-01
    endloop
  endfacet
  facet normal -6.486873e-01 -6.206439e-01 -4.404610e-01
    outer loop
      vertex -1.7633557569e-01 -2.0645728807e-01 -1.2759762125e-01
      vertex -2.1213203436e-01 -1.8045028650e-01 -1.1152441034e-01
      vertex -1.9397333754e-01 -1.6927626353e-01 -1.5401263237e-01
    endloop
  endfacet
  facet normal -7.084426e-01 -5.465636e-01 -4.465169e-01
    outer loop
      vertex -2.2738062601e-01 -1.4052895526e-01 -1.3619714992e-01
      vertex -1.9397333754e-01 -1.6927626353e-01 -1.5401263237e-01
      vertex -2.1213203436e-01 -1.8045028650e-01 -1.1152441034e-01
    endloop
  endfacet
  facet normal -5.263422e-01 -3.822343e-01 -7.595136e-01
    outer loop
      vertex -1.5000000000e-01 -9.2705098312e-02 -2.4270509831e-01
      vertex -1.4052895526e-01 -1.3619714992e-01 -2.2738062601e-01
      vertex -1.8045028650e-01 -1.1152441034e-01 -2.1213203436e-01
    endloop
  endfacet
  facet normal -4.888946e-01 -5.218865e-01 -6.990111e-01
    outer loop
      vertex -1.2759762125e-01 -1.7633557569e-01 -2.0645728807e-01
      vertex -1.6927626353e-01 -1.5401263237e-01 -1.9397333754e-01
      vertex -1.4052895526e-01 -1.3619714992e-01 -2.2738062601e-01
    endloop
  endfacet
  facet normal -6.206439e-01 -4.404610e-01 -6.486873e-01
    outer loop
      vertex -2.0645728807e-01 -1.2759762125e-01 -1.7633557569e-01
      vertex -1.8045028650e-01 -1.1152441034e-01 -2.1213203436e-01
      vertex -1.6927626353e-01 -1.5401263237e-01 -1.9397333754e-01
    endloop
  endfacet
  facet normal -5.465636e-01 -4.465169e-01 -7.084426e-01
    outer loop
      vertex -1.4052895526e-01 -1.3619714992e-01 -2.2738062601e-01
      vertex -1.6927626353e-01 -1.5401263237e-01 -1.9397333754e-01
      vertex -1.8045028650e-01 -1.1152441034e-01 -2.1213203436e-01
    endloop
  endfacet
  facet normal -5.851588e-01 -6.354715e-01 -5.037511e-01
    outer loop
      vertex -1.7633557569e-01 -2.0645728807e-01 -1.2759762125e-01
      vertex -1.9397333754e-01 -1.6927626353e-01 -1.5401263237e-01
      vertex -1.5401263237e-01 -1.9397333754e-01 -1.6927626353e-01
    endloop
  endfacet
  facet normal -6.354715e-01 -5.037511e-01 -5.851588e-01
    outer loop
      vertex -2.0645728807e-01 -1.2759762125e-01 -1.7633557569e-01
      vertex -1.6927626353e-01 -1.5401263237e-01 -1.9397333754e-01
      vertex -1.9397333754e-01 -1.6927626353e-01 -1.5401263237e-01
    endloop
  endfacet
  facet normal -5.037511e-01 -5.851588e-01 -6.354715e-01
    outer loop
      vertex -1.2759762125e-01 -1.7633557569e-01 -2.0645728807e-01
      vertex -1.5401263237e-01 -1.9397333754e-01 -1.6927626353e-01
      vertex -1.6927626353e-01 -1.5401263237e-01 -1.9397333754e-01
    endloop
  endfacet
  facet normal -5.773503e-01 -5.773503e-01 -5.773503e-01
    outer loop
      vertex -1.9397333754e-01 -1.6927626353e-01 -1.5401263237e-01
      vertex -1.6927626353e-01 -1.5401263237e-01 -1.9397333754e-01
      vertex -1.5401263237e-01 -1.9397333754e-01 -1.6927626353e-01
    endloop
  endfacet
  facet normal 8.026720e-01 0.000000e+00 -5.964207e-01
    outer loop
      vertex 2.5519524251e-01 0.0000000000e+00 -1.5771933364e-01
      vertex 2.3515291273e-01 -2.4325888033e-02 -1.8469260626e-01
      vertex 2.3515291273e-01 2.4325888033e-02 -1.8469260626e-01
    endloop
  endfacet
  facet normal 7.283445e-01 -8.054149e-02 -6.804611e-01
    outer loop
      vertex 2.1061393343e-01 -4.8186610692e-02 -2.0813414327e-01
      vertex 2.1338452049e-01 0.0000000000e+00 -2.1087210915e-01
      vertex 2.3515291273e-01 -2.4325888033e-02 -1.8469260626e-01
    endloop
  endfacet
  facet normal 7.283445e-01 8.054149e-02 -6.804611e-01
    outer loop
      vertex 2.1061393343e-01 4.8186610692e-02 -2.0813414327e-01
      vertex 2.3515291273e-01 2.4325888033e-02 -1.8469260626e-01
      vertex 2.1338452049e-01 0.0000000000e+00 -2.1087210915e-01
    endloop
  endfacet
  facet normal 7.689122e-01 0.000000e+00 -6.393544e-01
    outer loop
      vertex 2.3515291273e-01 -2.4325888033e-02 -1.8469260626e-01
      vertex 2.1338452049e-01 0.0000000000e+00 -2.1087210915e-01
      vertex 2.3515291273e-01 2.4325888033e-02 -1.8469260626e-01
    endloop
  endfacet
  facet normal 5.387620e-01 -2.333204e-01 -8.095043e-01
    outer loop
      vertex 1.5000000000e-01 -9.2705098312e-02 -2.4270509831e-01
      vertex 1.5577754692e-01 -4.6930339512e-02 -2.5205336560e-01
      vertex 1.8204754478e-01 -7.1125897605e-02 -2.2759569005e-01
    endloop
  endfacet
  facet normal 5.516422e-01 -7.841715e-02 -8.303865e-01
    outer loop
      vertex 1.5771933364e-01 0.0000000000e+00 -2.5519524251e-01
      vertex 1.8607187478e-01 -2.4342555486e-02 -2.3406131121e-01
      vertex 1.5577754692e-01 -4.6930339512e-02 -2.5205336560e-01
    endloop
  endfacet
  facet normal 6.398684e-01 -1.589524e-01 -7.518660e-01
    outer loop
      vertex 2.1061393343e-01 -4.8186610692e-02 -2.0813414327e-01
      vertex 1.8204754478e-01 -7.1125897605e-02 -2.2759569005e-01
      vertex 1.8607187478e-01 -2.4342555486e-02 -2.3406131121e-01
    endloop
  endfacet
  facet normal 5.895786e-01 -1.601287e-01 -7.916792e-01
    outer loop
      vertex 1.5577754692e-01 -4.6930339512e-02 -2.5205336560e-01
      vertex 1.8607187478e-01 -2.4342555486e-02 -2.3406131121e-01
      vertex 1.8204754478e-01 -7.1125897605e-02 -2.2759569005e-01
    endloop
  endfacet
  facet normal 5.387620e-01 2.333204e-01 -8.095043e-01
    outer loop
      vertex 1.5000000000e-01 9.2705098312e-02 -2.4270509831e-01
      vertex 1.8204754478e-01 7.1125897605e-02 -2.2759569005e-01
      vertex 1.5577754692e-01 4.6930339512e-02 -2.5205336560e-01
    endloop
  endfacet
  facet normal 6.398684e-01 1.589524e-01 -7.518660e-01
    outer loop
      vertex 2.1061393343e-01 4.8186610692e-02 -2.0813414327e-01
      vertex 1.8607187478e-01 2.4342555486e-02 -2.3406131121e-01
      vertex 1.8204754478e-01 7.1125897605e-02 -2.2759569005e-01
    endloop
  endfacet
  facet normal 5.516422e-01 7.841715e-02 -8.303865e-01
    outer loop
      vertex 1.5771933364e-01 0.0000000000e+00 -2.5519524251e-01
      vertex 1.5577754692e-01 4.6930339512e-02 -2.5205336560e-01
      vertex 1.8607187478e-01 2.4342555486e-02 -2.3406131121e-01
    endloop
  endfacet
  facet normal 5.895786e-01 1.601287e-01 -7.916792e-01
    outer loop
      vertex 1.8204754478e-01 7.1125897605e-02 -2.2759569005e-01
      vertex 1.8607187478e-01 2.4342555486e-02 -2.3406131121e-01
      vertex 1.5577754692e-01 4.6930339512e-02 -2.5205336560e-01
    endloop
  endfacet
  facet normal 6.858517e-01 -8.053079e-02 -7.232719e-01
    outer loop
      vertex 2.1061393343e-01 -4.8186610692e-02 -2.0813414327e-01
      vertex 1.8607187478e-01 -2.4342555486e-02 -2.3406131121e-01
      vertex 2.1338452049e-01 0.0000000000e+00 -2.1087210915e-01
    endloop
  endfacet
  facet normal 5.976360e-01 0.000000e+00 -8.017675e-01
    outer loop
      vertex 1.5771933364e-01 0.0000000000e+00 -2.5519524251e-01
      vertex 1.8607187478e-01 2.4342555486e-02 -2.3406131121e-01
      vertex 1.8607187478e-01 -2.4342555486e-02 -2.3406131121e-01
    endloop
  endfacet
  facet normal 6.858517e-01 8.053079e-02 -7.232719e-01
    outer loop
      vertex 2.1061393343e-01 4.8186610692e-02 -2.0813414327e-01
      vertex 2.1338452049e-01 0.0000000000e+00 -2.1087210915e-01
      vertex 1.8607187478e-01 2.4342555486e-02 -2.3406131121e-01
    endloop
  endfacet
  facet normal 6.472182e-01 0.000000e+00 -7.623048e-01
    outer loop
      vertex 1.8607187478e-01 -2.4342555486e-02 -2.3406131121e-01
      vertex 1.8607187478e-01 2.4342555486e-02 -2.3406131121e-01
      vertex 2.1338452049e-01 0.0000000000e+00 -2.1087210915e-01
    endloop
  endfacet
  facet normal 5.017104e-02 -4.650712e-01 -8.838505e-01
    outer loop
      vertex 0.0000000000e+00 -1.5771933364e-01 -2.5519524251e-01
      vertex 0.0000000000e+00 -1.2100660459e-01 -2.7451302637e-01
      vertex 3.9360113644e-02 -1.4533249262e-01 -2.5947880076e-01
    endloop
  endfacet
  facet normal 5.000027e-02 -3.386983e-01 -9.395655e-01
    outer loop
      vertex 0.0000000000e+00 -8.1979958674e-02 -2.8858150734e-01
      vertex 3.9496611406e-02 -1.0746863805e-01 -2.7729138018e-01
      vertex 0.0000000000e+00 -1.2100660459e-01 -2.7451302637e-01
    endloop
  endfacet
  facet normal 1.803191e-01 -4.192398e-01 -8.897882e-01
    outer loop
      vertex 7.7967573902e-02 -1.3016656937e-01 -2.5880054412e-01
      vertex 3.9360113644e-02 -1.4533249262e-01 -2.5947880076e-01
      vertex 3.9496611406e-02 -1.0746863805e-01 -2.7729138018e-01
    endloop
  endfacet
  facet normal 8.207030e-02 -4.244916e-01 -9.017047e-01
    outer loop
      vertex 0.0000000000e+00 -1.2100660459e-01 -2.7451302637e-01
      vertex 3.9496611406e-02 -1.0746863805e-01 -2.7729138018e-01
      vertex 3.9360113644e-02 -1.4533249262e-01 -2.5947880076e-01
    endloop
  endfacet
  facet normal 4.950537e-02 -6.905681e-02 -9.963836e-01
    outer loop
      vertex 0.0000000000e+00 0.0000000000e+00 -3.0000000000e-01
      vertex 3.9921331242e-02 -2.4672739584e-02 -2.9630650218e-01
      vertex 0.0000000000e+00 -4.1385672638e-02 -2.9713166459e-01
    endloop
  endfacet
  facet normal 1.812856e-01 -1.504758e-01 -9.718501e-01
    outer loop
      vertex 7.8859666818e-02 -4.8737954435e-02 -2.8531695489e-01
      vertex 3.9837743048e-02 -6.6035108242e-02 -2.8991777922e-01
      vertex 3.9921331242e-02 -2.4672739584e-02 -2.9630650218e-01
    endloop
  endfacet
  facet normal 4.960764e-02 -2.058489e-01 -9.773256e-01
    outer loop
      vertex 0.0000000000e+00 -8.1979958674e-02 -2.8858150734e-01
      vertex 0.0000000000e+00 -4.1385672638e-02 -2.9713166459e-01
      vertex 3.9837743048e-02 -6.6035108242e-02 -2.8991777922e-01
    endloop
  endfacet
  facet normal 8.410292e-02 -1.522724e-01 -9.847537e-01
    outer loop
      vertex 3.9921331242e-02 -2.4672739584e-02 -2.9630650218e-01
      vertex 3.9837743048e-02 -6.6035108242e-02 -2.8991777922e-01
      vertex 0.0000000000e+00 -4.1385672638e-02 -2.9713166459e-01
    endloop
  endfacet
  facet normal 4.270257e-01 -3.023772e-01 -8.521837e-01
    outer loop
      vertex 1.5000000000e-01 -9.2705098312e-02 -2.4270509831e-01
      vertex 1.1508411981e-01 -1.1251157024e-01 -2.5317344239e-01
      vertex 1.1585621568e-01 -7.1603079096e-02 -2.6730195726e-01
    endloop
  endfacet
  facet normal 3.067980e-01 -3.648012e-01 -8.790876e-01
    outer loop
      vertex 7.7967573902e-02 -1.3016656937e-01 -2.5880054412e-01
      vertex 7.9224825198e-02 -9.0377663728e-02 -2.7487325256e-01
      vertex 1.1508411981e-01 -1.1251157024e-01 -2.5317344239e-01
    endloop
  endfacet
  facet normal 3.081672e-01 -2.288929e-01 -9.233856e-01
    outer loop
      vertex 7.8859666818e-02 -4.8737954435e-02 -2.8531695489e-01
      vertex 1.1585621568e-01 -7.1603079096e-02 -2.6730195726e-01
      vertex 7.9224825198e-02 -9.0377663728e-02 -2.7487325256e-01
    endloop
  endfacet
  facet normal 3.431966e-01 -3.124011e-01 -8.857887e-01
    outer loop
      vertex 1.1508411981e-01 -1.1251157024e-01 -2.5317344239e-01
      vertex 7.9224825198e-02 -9.0377663728e-02 -2.7487325256e-01
      vertex 1.1585621568e-01 -7.1603079096e-02 -2.6730195726e-01
    endloop
  endfacet
  facet normal 8.454536e-02 -2.910970e-01 -9.529505e-01
    outer loop
      vertex 0.0000000000e+00 -8.1979958674e-02 -2.8858150734e-01
      vertex 3.9837743048e-02 -6.6035108242e-02 -2.8991777922e-01
      vertex 3.9496611406e-02 -1.0746863805e-01 -2.7729138018e-01
    endloop
  endfacet
  facet normal 2.162041e-01 -2.357379e-01 -9.474616e-01
    outer loop
      vertex 7.8859666818e-02 -4.8737954435e-02 -2.8531695489e-01
      vertex 7.9224825198e-02 -9.0377663728e-02 -2.7487325256e-01
      vertex 3.9837743048e-02 -6.6035108242e-02 -2.8991777922e-01
    endloop
  endfacet
  facet normal 2.148469e-01 -3.716277e-01 -9.031797e-01
    outer loop
      vertex 7.7967573902e-02 -1.3016656937e-01 -2.5880054412e-01
      vertex 3.9496611406e-02 -1.0746863805e-01 -2.7729138018e-01
      vertex 7.9224825198e-02 -9.0377663728e-02 -2.7487325256e-01
    endloop
  endfacet
  facet normal 1.811510e-01 -2.880454e-01 -9.403266e-01
    outer loop
      vertex 3.9837743048e-02 -6.6035108242e-02 -2.8991777922e-01
      vertex 7.9224825198e-02 -9.0377663728e-02 -2.7487325256e-01
      vertex 3.9496611406e-02 -1.0746863805e-01 -2.7729138018e-01
    endloop
  endfacet
  facet normal 5.017104e-02 4.650712e-01 -8.838505e-01
    outer loop
      vertex 0.0000000000e+00 1.5771933364e-01 -2.5519524251e-01
      vertex 3.9360113644e-02 1.4533249262e-01 -2.5947880076e-01
      vertex 0.0000000000e+00 1.2100660459e-01 -2.7451302637e-01
    endloop
  endfacet
  facet normal 1.803191e-01 4.192398e-01 -8.897882e-01
    outer loop
      vertex 7.7967573902e-02 1.3016656937e-01 -2.5880054412e-01
      vertex 3.9496611406e-02 1.0746863805e-01 -2.7729138018e-01
      vertex 3.9360113644e-02 1.4533249262e-01 -2.5947880076e-01
    endloop
  endfacet
  facet normal 5.000027e-02 3.386983e-01 -9.395655e-01
    outer loop
      vertex 0.0000000000e+00 8.1979958674e-02 -2.8858150734e-01
      vertex 0.0000000000e+00 1.2100660459e-01 -2.7451302637e-01
      vertex 3.9496611406e-02 1.0746863805e-01 -2.7729138018e-01
    endloop
  endfacet
  facet normal 8.207030e-02 4.244916e-01 -9.017047e-01
    outer loop
      vertex 3.9360113644e-02 1.4533249262e-01 -2.5947880076e-01
      vertex 3.9496611406e-02 1.0746863805e-01 -2.7729138018e-01
      vertex 0.0000000000e+00 1.2100660459e-01 -2.7451302637e-01
    endloop
  endfacet
  facet normal 4.270257e-01 3.023772e-01 -8.521837e-01
    outer loop
      vertex 1.5000000000e-01 9.2705098312e-02 -2.4270509831e-01
      vertex 1.1585621568e-01 7.1603079096e-02 -2.6730195726e-01
      vertex 1.1508411981e-01 1.1251157024e-01 -2.5317344239e-01
    endloop
  endfacet
  facet normal 3.081672e-01 2.288929e-01 -9.233856e-01
    outer loop
      vertex 7.8859666818e-02 4.8737954435e-02 -2.8531695489e-01
      vertex 7.9224825198e-02 9.0377663728e-02 -2.7487325256e-01
      vertex 1.1585621568e-01 7.1603079096e-02 -2.6730195726e-01
    endloop
  endfacet
  facet normal 3.067980e-01 3.648012e-01 -8.790876e-01
    outer loop
      vertex 7.7967573902e-02 1.3016656937e-01 -2.5880054412e-01
      vertex 1.1508411981e-01 1.1251157024e-01 -2.5317344239e-01
      vertex 7.9224825198e-02 9.0377663728e-02 -2.7487325256e-01
    endloop
  endfacet
  facet normal 3.431966e-01 3.124011e-01 -8.857887e-01
    outer loop
      vertex 1.1585621568e-01 7.1603079096e-02 -2.6730195726e-01
      vertex 7.9224825198e-02 9.0377663728e-02 -2.7487325256e-01
      vertex 1.1508411981e-01 1.1251157024e-01 -2.5317344239e-01
    endloop
  endfacet
  facet normal 4.950537e-02 6.905681e-02 -9.963836e-01
    outer loop
      vertex 0.0000000000e+00 0.0000000000e+00 -3.0000000000e-01
      vertex 0.0000000000e+00 4.1385672638e-02 -2.9713166459e-01
      vertex 3.9921331242e-02 2.4672739584e-02 -2.9630650218e-01
    endloop
  endfacet
  facet normal 4.960764e-02 2.058489e-01 -9.773256e-01
    outer loop
      vertex 0.0000000000e+00 8.1979958674e-02 -2.8858150734e-01
      vertex 3.9837743048e-02 6.6035108242e-02 -2.8991777922e-01
      vertex 0.0000000000e+00 4.1385672638e-02 -2.9713166459e-01
    endloop
  endfacet
  facet normal 1.812856e-01 1.504758e-01 -9.718501e-01
    outer loop
      vertex 7.8859666818e-02 4.8737954435e-02 -2.8531695489e-01
      vertex 3.9921331242e-02 2.4672739584e-02 -2.9630650218e-01
      vertex 3.9837743048e-02 6.6035108242e-02 -2.8991777922e-01
    endloop
  endfacet
  facet normal 8.410292e-02 1.522724e-01 -9.847537e-01
    outer loop
      vertex 0.0000000000e+00 4.1385672638e-02 -2.9713166459e-01
      vertex 3.9837743048e-02 6.6035108242e-02 -2.8991777922e-01
      vertex 3.9921331242e-02 2.4672739584e-02 -2.9630650218e-01
    endloop
  endfacet
  facet normal 2.148469e-01 3.716277e-01 -9.031797e-01
    outer loop
      vertex 7.7967573902e-02 1.3016656937e-01 -2.5880054412e-01
      vertex 7.9224825198e-02 9.0377663728e-02 -2.7487325256e-01
      vertex 3.9496611406e-02 1.0746863805e-01 -2.7729138018e-01
    endloop
  endfacet
  facet normal 2.162041e-01 2.357379e-01 -9.474616e-01
    outer loop
      vertex 7.8859666818e-02 4.8737954435e-02 -2.8531695489e-01
      vertex 3.9837743048e-02 6.6035108242e-02 -2.8991777922e-01
      vertex 7.9224825198e-02 9.0377663728e-02 -2.7487325256e-01
    endloop
  endfacet
  facet normal 8.454536e-02 2.910970e-01 -9.529505e-01
    outer loop
      vertex 0.0000000000e+00 8.1979958674e-02 -2.8858150734e-01
      vertex 3.9496611406e-02 1.0746863805e-01 -2.7729138018e-01
      vertex 3.9837743048e-02 6.6035108242e-02 -2.8991777922e-01
    endloop
  endfacet
  facet normal 1.811510e-01 2.880454e-01 -9.403266e-01
    outer loop
      vertex 7.9224825198e-02 9.0377663728e-02 -2.7487325256e-01
      vertex 3.9837743048e-02 6.6035108242e-02 -2.8991777922e-01
      vertex 3.9496611406e-02 1.0746863805e-01 -2.7729138018e-01
    endloop
  endfacet
  facet normal 4.694052e-01 -2.331714e-01 -8.516395e-01
    outer loop
      vertex 1.5000000000e-01 -9.2705098312e-02 -2.4270509831e-01
      vertex 1.1585621568e-01 -7.1603079096e-02 -2.6730195726e-01
      vertex 1.5577754692e-01 -4.6930339512e-02 -2.5205336560e-01
    endloop
  endfacet
  facet normal 3.505871e-01 -1.597927e-01 -9.227974e-01
    outer loop
      vertex 7.8859666818e-02 -4.8737954435e-02 -2.8531695489e-01
      vertex 1.1988211551e-01 -2.4697074010e-02 -2.7389474788e-01
      vertex 1.1585621568e-01 -7.1603079096e-02 -2.6730195726e-01
    endloop
  endfacet
  facet normal 4.823363e-01 -7.836719e-02 -8.724736e-01
    outer loop
      vertex 1.5771933364e-01 0.0000000000e+00 -2.5519524251e-01
      vertex 1.5577754692e-01 -4.6930339512e-02 -2.5205336560e-01
      vertex 1.1988211551e-01 -2.4697074010e-02 -2.7389474788e-01
    endloop
  endfacet
  facet normal 4.378416e-01 -1.618790e-01 -8.843585e-01
    outer loop
      vertex 1.1585621568e-01 -7.1603079096e-02 -2.6730195726e-01
      vertex 1.1988211551e-01 -2.4697074010e-02 -2.7389474788e-01
      vertex 1.5577754692e-01 -4.6930339512e-02 -2.5205336560e-01
    endloop
  endfacet
  facet normal 9.212595e-02 0.000000e+00 -9.957474e-01
    outer loop
      vertex 0.0000000000e+00 0.0000000000e+00 -3.0000000000e-01
      vertex 3.9921331242e-02 2.4672739584e-02 -2.9630650218e-01
      vertex 3.9921331242e-02 -2.4672739584e-02 -2.9630650218e-01
    endloop
  endfacet
  facet normal 2.237863e-01 8.142553e-02 -9.712310e-01
    outer loop
      vertex 7.8859666818e-02 4.8737954435e-02 -2.8531695489e-01
      vertex 7.9921410340e-02 0.0000000000e+00 -2.8915837904e-01
      vertex 3.9921331242e-02 2.4672739584e-02 -2.9630650218e-01
    endloop
  endfacet
  facet normal 2.237863e-01 -8.142553e-02 -9.712310e-01
    outer loop
      vertex 7.8859666818e-02 -4.8737954435e-02 -2.8531695489e-01
      vertex 3.9921331242e-02 -2.4672739584e-02 -2.9630650218e-01
      vertex 7.9921410340e-02 0.0000000000e+00 -2.8915837904e-01
    endloop
  endfacet
  facet normal 1.759159e-01 0.000000e+00 -9.844052e-01
    outer loop
      vertex 3.9921331242e-02 2.4672739584e-02 -2.9630650218e-01
      vertex 7.9921410340e-02 0.0000000000e+00 -2.8915837904e-01
      vertex 3.9921331242e-02 -2.4672739584e-02 -2.9630650218e-01
    endloop
  endfacet
  facet normal 4.694052e-01 2.331714e-01 -8.516395e-01
    outer loop
      vertex 1.5000000000e-01 9.2705098312e-02 -2.4270509831e-01
      vertex 1.5577754692e-01 4.6930339512e-02 -2.5205336560e-01
      vertex 1.1585621568e-01 7.1603079096e-02 -2.6730195726e-01
    endloop
  endfacet
  facet normal 4.823363e-01 7.836719e-02 -8.724736e-01
    outer loop
      vertex 1.5771933364e-01 0.0000000000e+00 -2.5519524251e-01
      vertex 1.1988211551e-01 2.4697074010e-02 -2.7389474788e-01
      vertex 1.5577754692e-01 4.6930339512e-02 -2.5205336560e-01
    endloop
  endfacet
  facet normal 3.505871e-01 1.597927e-01 -9.227974e-01
    outer loop
      vertex 7.8859666818e-02 4.8737954435e-02 -2.8531695489e-01
      vertex 1.1585621568e-01 7.1603079096e-02 -2.6730195726e-01
      vertex 1.1988211551e-01 2.4697074010e-02 -2.7389474788e-01
    endloop
  endfacet
  facet normal 4.378416e-01 1.618790e-01 -8.843585e-01
    outer loop
      vertex 1.5577754692e-01 4.6930339512e-02 -2.5205336560e-01
      vertex 1.1988211551e-01 2.4697074010e-02 -2.7389474788e-01
      vertex 1.1585621568e-01 7.1603079096e-02 -2.6730195726e-01
    endloop
  endfacet
  facet normal 3.113353e-01 -8.140770e-02 -9.468068e-01
    outer loop
      vertex 7.8859666818e-02 -4.8737954435e-02 -2.8531695489e-01
      vertex 7.9921410340e-02 0.0000000000e+00 -2.8915837904e-01
      vertex 1.1988211551e-01 -2.4697074010e-02 -2.7389474788e-01
    endloop
  endfacet
  facet normal 3.113353e-01 8.140770e-02 -9.468068e-01
    outer loop
      vertex 7.8859666818e-02 4.8737954435e-02 -2.8531695489e-01
      vertex 1.1988211551e-01 2.4697074010e-02 -2.7389474788e-01
      vertex 7.9921410340e-02 0.0000000000e+00 -2.8915837904e-01
    endloop
  endfacet
  facet normal 4.430557e-01 0.000000e+00 -8.964941e-01
    outer loop
      vertex 1.5771933364e-01 0.0000000000e+00 -2.5519524251e-01
      vertex 1.1988211551e-01 -2.4697074010e-02 -2.7389474788e-01
      vertex 1.1988211551e-01 2.4697074010e-02 -2.7389474788e-01
    endloop
  endfacet
  facet normal 3.568221e-01 0.000000e+00 -9.341724e-01
    outer loop
      vertex 7.9921410340e-02 0.0000000000e+00 -2.8915837904e-01
      vertex 1.1988211551e-01 2.4697074010e-02 -2.7389474788e-01
      vertex 1.1988211551e-01 -2.4697074010e-02 -2.7389474788e-01
    endloop
  endfacet
  facet normal 8.838505e-01 5.017104e-02 4.650712e-01
    outer loop
      vertex 2.5519524251e-01 0.0000000000e+00 1.5771933364e-01
      vertex 2.7451302637e-01 0.0000000000e+00 1.2100660459e-01
      vertex 2.5947880076e-01 3.9360113644e-02 1.4533249262e-01
    endloop
  endfacet
  facet normal 9.395655e-01 5.000027e-02 3.386983e-01
    outer loop
      vertex 2.8858150734e-01 0.0000000000e+00 8.1979958674e-02
      vertex 2.7729138018e-01 3.9496611406e-02 1.0746863805e-01
      vertex 2.7451302637e-01 0.0000000000e+00 1.2100660459e-01
    endloop
  endfacet
  facet normal 8.897882e-01 1.803191e-01 4.192398e-01
    outer loop
      vertex 2.5880054412e-01 7.7967573902e-02 1.3016656937e-01
      vertex 2.5947880076e-01 3.9360113644e-02 1.4533249262e-01
      vertex 2.7729138018e-01 3.9496611406e-02 1.0746863805e-01
    endloop
  endfacet
  facet normal 9.017047e-01 8.207030e-02 4.244916e-01
    outer loop
      vertex 2.7451302637e-01 0.0000000000e+00 1.2100660459e-01
      vertex 2.7729138018e-01 3.9496611406e-02 1.0746863805e-01
      vertex 2.5947880076e-01 3.9360113644e-02 1.4533249262e-01
    endloop
  endfacet
  facet normal 9.963836e-01 4.950537e-02 6.905681e-02
    outer loop
      vertex 3.0000000000e-01 0.0000000000e+00 0.0000000000e+00
      vertex 2.9630650218e-01 3.9921331242e-02 2.4672739584e-02
      vertex 2.9713166459e-01 0.0000000000e+00 4.1385672638e-02
    endloop
  endfacet
  facet normal 9.718501e-01 1.812856e-01 1.504758e-01
    outer loop
      vertex 2.8531695489e-01 7.8859666818e-02 4.8737954435e-02
      vertex 2.8991777922e-01 3.9837743048e-02 6.6035108242e-02
      vertex 2.9630650218e-01 3.9921331242e-02 2.4672739584e-02
    endloop
  endfacet
  facet normal 9.773256e-01 4.960764e-02 2.058489e-01
    outer loop
      vertex 2.8858150734e-01 0.0000000000e+00 8.1979958674e-02
      vertex 2.9713166459e-01 0.0000000000e+00 4.1385672638e-02
      vertex 2.8991777922e-01 3.9837743048e-02 6.6035108242e-02
    endloop
  endfacet
  facet normal 9.847537e-01 8.410292e-02 1.522724e-01
    outer loop
      vertex 2.9630650218e-01 3.9921331242e-02 2.4672739584e-02
      vertex 2.8991777922e-01 3.9837743048e-02 6.6035108242e-02
      vertex 2.9713166459e-01 0.0000000000e+00 4.1385672638e-02
    endloop
  endfacet
  facet normal 8.521837e-01 4.270257e-01 3.023772e-01
    outer loop
      vertex 2.4270509831e-01 1.5000000000e-01 9.2705098312e-02
      vertex 2.5317344239e-01 1.1508411981e-01 1.1251157024e-01
      vertex 2.6730195726e-01 1.1585621568e-01 7.1603079096e-02
    endloop
  endfacet
  facet normal 8.790876e-01 3.067980e-01 3.648012e-01
    outer loop
      vertex 2.5880054412e-01 7.7967573902e-02 1.3016656937e-01
      vertex 2.7487325256e-01 7.9224825198e-02 9.0377663728e-02
      vertex 2.5317344239e-01 1.1508411981e-01 1.1251157024e-01
    endloop
  endfacet
  facet normal 9.233856e-01 3.081672e-01 2.288929e-01
    outer loop
      vertex 2.8531695489e-01 7.8859666818e-02 4.8737954435e-02
      vertex 2.6730195726e-01 1.1585621568e-01 7.1603079096e-02
      vertex 2.7487325256e-01 7.9224825198e-02 9.0377663728e-02
    endloop
  endfacet
  facet normal 8.857887e-01 3.431966e-01 3.124011e-01
    outer loop
      vertex 2.5317344239e-01 1.1508411981e-01 1.1251157024e-01
      vertex 2.7487325256e-01 7.9224825198e-02 9.0377663728e-02
      vertex 2.6730195726e-01 1.1585621568e-01 7.1603079096e-02
    endloop
  endfacet
  facet normal 9.529505e-01 8.454536e-02 2.910970e-01
    outer loop
      vertex 2.8858150734e-01 0.0000000000e+00 8.1979958674e-02
      vertex 2.8991777922e-01 3.9837743048e-02 6.6035108242e-02
      vertex 2.7729138018e-01 3.9496611406e-02 1.0746863805e-01
    endloop
  endfacet
  facet normal 9.474616e-01 2.162041e-01 2.357379e-01
    outer loop
      vertex 2.8531695489e-01 7.8859666818e-02 4.8737954435e-02
      vertex 2.7487325256e-01 7.9224825198e-02 9.0377663728e-02
      vertex 2.8991777922e-01 3.9837743048e-02 6.6035108242e-02
    endloop
  endfacet
  facet normal 9.031797e-01 2.148469e-01 3.716277e-01
    outer loop
      vertex 2.5880054412e-01 7.7967573902e-02 1.3016656937e-01
      vertex 2.7729138018e-01 3.9496611406e-02 1.0746863805e-01
      vertex 2.7487325256e-01 7.9224825198e-02 9.0377663728e-02
    endloop
  endfacet
  facet normal 9.403266e-01 1.811510e-01 2.880454e-01
    outer loop
      vertex 2.8991777922e-01 3.9837743048e-02 6.6035108242e-02
      vertex 2.7487325256e-01 7.9224825198e-02 9.0377663728e-02
      vertex 2.7729138018e-01 3.9496611406e-02 1.0746863805e-01
    endloop
  endfacet
  facet normal 8.838505e-01 5.017104e-02 -4.650712e-01
    outer loop
      vertex 2.5519524251e-01 0.0000000000e+00 -1.5771933364e-01
      vertex 2.5947880076e-01 3.9360113644e-02 -1.4533249262e-01
      vertex 2.7451302637e-01 0.0000000000e+00 -1.2100660459e-01
    endloop
  endfacet
  facet normal 8.897882e-01 1.803191e-01 -4.192398e-01
    outer loop
      vertex 2.5880054412e-01 7.7967573902e-02 -1.3016656937e-01
      vertex 2.7729138018e-01 3.9496611406e-02 -1.0746863805e-01
      vertex 2.5947880076e-01 3.9360113644e-02 -1.4533249262e-01
    endloop
  endfacet
  facet normal 9.395655e-01 5.000027e-02 -3.386983e-01
    outer loop
      vertex 2.8858150734e-01 0.0000000000e+00 -8.1979958674e-02
      vertex 2.7451302637e-01 0.0000000000e+00 -1.2100660459e-01
      vertex 2.7729138018e-01 3.9496611406e-02 -1.0746863805e-01
    endloop
  endfacet
  facet normal 9.017047e-01 8.207030e-02 -4.244916e-01
    outer loop
      vertex 2.5947880076e-01 3.9360113644e-02 -1.4533249262e-01
      vertex 2.7729138018e-01 3.9496611406e-02 -1.0746863805e-01
      vertex 2.7451302637e-01 0.0000000000e+00 -1.2100660459e-01
    endloop
  endfacet
  facet normal 8.521837e-01 4.270257e-01 -3.023772e-01
    outer loop
      vertex 2.4270509831e-01 1.5000000000e-01 -9.2705098312e-02
      vertex 2.6730195726e-01 1.1585621568e-01 -7.1603079096e-02
      vertex 2.5317344239e-01 1.1508411981e-01 -1.1251157024e-01
    endloop
  endfacet
  facet normal 9.233856e-01 3.081672e-01 -2.288929e-01
    outer loop
      vertex 2.8531695489e-01 7.8859666818e-02 -4.8737954435e-02
      vertex 2.7487325256e-01 7.9224825198e-02 -9.0377663728e-02
      vertex 2.6730195726e-01 1.1585621568e-01 -7.1603079096e-02
    endloop
  endfacet
  facet normal 8.790876e-01 3.067980e-01 -3.648012e-01
    outer loop
      vertex 2.5880054412e-01 7.7967573902e-02 -1.3016656937e-01
      vertex 2.5317344239e-01 1.1508411981e-01 -1.1251157024e-01
      vertex 2.7487325256e-01 7.9224825198e-02 -9.0377663728e-02
    endloop
  endfacet
  facet normal 8.857887e-01 3.431966e-01 -3.124011e-01
    outer loop
      vertex 2.6730195726e-01 1.1585621568e-01 -7.1603079096e-02
      vertex 2.7487325256e-01 7.9224825198e-02 -9.0377663728e-02
      vertex 2.5317344239e-01 1.1508411981e-01 -1.1251157024e-01
    endloop
  endfacet
  facet normal 9.963836e-01 4.950537e-02 -6.905681e-02
    outer loop
      vertex 3.0000000000e-01 0.0000000000e+00 0.0000000000e+00
      vertex 2.9713166459e-01 0.0000000000e+00 -4.1385672638e-02
      vertex 2.9630650218e-01 3.9921331242e-02 -2.4672739584e-02
    endloop
  endfacet
  facet normal 9.773256e-01 4.960764e-02 -2.058489e-01
    outer loop
      vertex 2.8858150734e-01 0.0000000000e+00 -8.1979958674e-02
      vertex 2.8991777922e-01 3.9837743048e-02 -6.6035108242e-02
      vertex 2.9713166459e-01 0.0000000000e+00 -4.1385672638e-02
    endloop
  endfacet
  facet normal 9.718501e-01 1.812856e-01 -1.504758e-01
    outer loop
      vertex 2.8531695489e-01 7.8859666818e-02 -4.8737954435e-02
      vertex 2.9630650218e-01 3.9921331242e-02 -2.4672739584e-02
      vertex 2.8991777922e-01 3.9837743048e-02 -6.6035108242e-02
    endloop
  endfacet
  facet normal 9.847537e-01 8.410292e-02 -1.522724e-01
    outer loop
      vertex 2.9713166459e-01 0.0000000000e+00 -4.1385672638e-02
      vertex 2.8991777922e-01 3.9837743048e-02 -6.6035108242e-02
      vertex 2.9630650218e-01 3.9921331242e-02 -2.4672739584e-02
    endloop
  endfacet
  facet normal 9.031797e-01 2.148469e-01 -3.716277e-01
    outer loop
      vertex 2.5880054412e-01 7.7967573902e-02 -1.3016656937e-01
      vertex 2.7487325256e-01 7.9224825198e-02 -9.0377663728e-02
      vertex 2.7729138018e-01 3.9496611406e-02 -1.0746863805e-01
    endloop
  endfacet
  facet normal 9.474616e-01 2.162041e-01 -2.357379e-01
    outer loop
      vertex 2.8531695489e-01 7.8859666818e-02 -4.8737954435e-02
      vertex 2.8991777922e-01 3.9837743048e-02 -6.6035108242e-02
      vertex 2.7487325256e-01 7.9224825198e-02 -9.0377663728e-02
    endloop
  endfacet
  facet normal 9.529505e-01 8.454536e-02 -2.910970e-01
    outer loop
      vertex 2.8858150734e-01 0.0000000000e+00 -8.1979958674e-02
      vertex 2.7729138018e-01 3.9496611406e-02 -1.0746863805e-01
      vertex 2.8991777922e-01 3.9837743048e-02 -6.6035108242e-02
    endloop
  endfacet
  facet normal 9.403266e-01 1.811510e-01 -2.880454e-01
    outer loop
      vertex 2.7487325256e-01 7.9224825198e-02 -9.0377663728e-02
      vertex 2.8991777922e-01 3.9837743048e-02 -6.6035108242e-02
      vertex 2.7729138018e-01 3.9496611406e-02 -1.0746863805e-01
    endloop
  endfacet
  facet normal 5.964207e-01 8.026720e-01 0.000000e+00
    outer loop
      vertex 1.5771933364e-01 2.5519524251e-01 0.0000000000e+00
      vertex 1.8469260626e-01 2.3515291273e-01 2.4325888033e-02
      vertex 1.8469260626e-01 2.3515291273e-01 -2.4325888033e-02
    endloop
  endfacet
  facet normal 6.804611e-01 7.283445e-01 8.054149e-02
    outer loop
      vertex 2.0813414327e-01 2.1061393343e-01 4.8186610692e-02
      vertex 2.1087210915e-01 2.1338452049e-01 0.0000000000e+00
      vertex 1.8469260626e-01 2.3515291273e-01 2.4325888033e-02
    endloop
  endfacet
  facet normal 6.804611e-01 7.283445e-01 -8.054149e-02
    outer loop
      vertex 2.0813414327e-01 2.1061393343e-01 -4.8186610692e-02
      vertex 1.8469260626e-01 2.3515291273e-01 -2.4325888033e-02
      vertex 2.1087210915e-01 2.1338452049e-01 0.0000000000e+00
    endloop
  endfacet
  facet normal 6.393544e-01 7.689122e-01 0.000000e+00
    outer loop
      vertex 1.8469260626e-01 2.3515291273e-01 2.4325888033e-02
      vertex 2.1087210915e-01 2.1338452049e-01 0.0000000000e+00
      vertex 1.8469260626e-01 2.3515291273e-01 -2.4325888033e-02
    endloop
  endfacet
  facet normal 8.095043e-01 5.387620e-01 2.333204e-01
    outer loop
      vertex 2.4270509831e-01 1.5000000000e-01 9.2705098312e-02
      vertex 2.5205336560e-01 1.5577754692e-01 4.6930339512e-02
      vertex 2.2759569005e-01 1.8204754478e-01 7.1125897605e-02
    endloop
  endfacet
  facet normal 8.303865e-01 5.516422e-01 7.841715e-02
    outer loop
      vertex 2.5519524251e-01 1.5771933364e-01 0.0000000000e+00
      vertex 2.3406131121e-01 1.8607187478e-01 2.4342555486e-02
      vertex 2.5205336560e-01 1.5577754692e-01 4.6930339512e-02
    endloop
  endfacet
  facet normal 7.518660e-01 6.398684e-01 1.589524e-01
    outer loop
      vertex 2.0813414327e-01 2.1061393343e-01 4.8186610692e-02
      vertex 2.2759569005e-01 1.8204754478e-01 7.1125897605e-02
      vertex 2.3406131121e-01 1.8607187478e-01 2.4342555486e-02
    endloop
  endfacet
  facet normal 7.916792e-01 5.895786e-01 1.601287e-01
    outer loop
      vertex 2.5205336560e-01 1.5577754692e-01 4.6930339512e-02
      vertex 2.3406131121e-01 1.8607187478e-01 2.4342555486e-02
      vertex 2.2759569005e-01 1.8204754478e-01 7.1125897605e-02
    endloop
  endfacet
  facet normal 8.095043e-01 5.387620e-01 -2.333204e-01
    outer loop
      vertex 2.4270509831e-01 1.5000000000e-01 -9.2705098312e-02
      vertex 2.2759569005e-01 1.8204754478e-01 -7.1125897605e-02
      vertex 2.5205336560e-01 1.5577754692e-01 -4.6930339512e-02
    endloop
  endfacet
  facet normal 7.518660e-01 6.398684e-01 -1.589524e-01
    outer loop
      vertex 2.0813414327e-01 2.1061393343e-01 -4.8186610692e-02
      vertex 2.3406131121e-01 1.8607187478e-01 -2.4342555486e-02
      vertex 2.2759569005e-01 1.8204754478e-01 -7.1125897605e-02
    endloop
  endfacet
  facet normal 8.303865e-01 5.516422e-01 -7.841715e-02
    outer loop
      vertex 2.5519524251e-01 1.5771933364e-01 0.0000000000e+00
      vertex 2.5205336560e-01 1.5577754692e-01 -4.6930339512e-02
      vertex 2.3406131121e-01 1.8607187478e-01 -2.4342555486e-02
    endloop
  endfacet
  facet normal 7.916792e-01 5.895786e-01 -1.601287e-01
    outer loop
      vertex 2.2759569005e-01 1.8204754478e-01 -7.1125897605e-02
      vertex 2.3406131121e-01 1.8607187478e-01 -2.4342555486e-02
      vertex 2.5205336560e-01 1.5577754692e-01 -4.6930339512e-02
    endloop
  endfacet
  facet normal 7.232719e-01 6.858517e-01 8.053079e-02
    outer loop
      vertex 2.0813414327e-01 2.1061393343e-01 4.8186610692e-02
      vertex 2.3406131121e-01 1.8607187478e-01 2.4342555486e-02
      vertex 2.1087210915e-01 2.1338452049e-01 0.0000000000e+00
    endloop
  endfacet
  facet normal 8.017675e-01 5.976360e-01 0.000000e+00
    outer loop
      vertex 2.5519524251e-01 1.5771933364e-01 0.0000000000e+00
      vertex 2.3406131121e-01 1.8607187478e-01 -2.4342555486e-02
      vertex 2.3406131121e-01 1.8607187478e-01 2.4342555486e-02
    endloop
  endfacet
  facet normal 7.232719e-01 6.858517e-01 -8.053079e-02
    outer loop
      vertex 2.0813414327e-01 2.1061393343e-01 -4.8186610692e-02
      vertex 2.1087210915e-01 2.1338452049e-01 0.0000000000e+00
      vertex 2.3406131121e-01 1.8607187478e-01 -2.4342555486e-02
    endloop
  endfacet
  facet normal 7.623048e-01 6.472182e-01 0.000000e+00
    outer loop
      vertex 2.3406131121e-01 1.8607187478e-01 2.4342555486e-02
      vertex 2.3406131121e-01 1.8607187478e-01 -2.4342555486e-02
      vertex 2.1087210915e-01 2.1338452049e-01 0.0000000000e+00
    endloop
  endfacet
  facet normal 9.957474e-01 9.212595e-02 0.000000e+00
    outer loop
      vertex 3.0000000000e-01 0.0000000000e+00 0.0000000000e+00
      vertex 2.9630650218e-01 3.9921331242e-02 -2.4672739584e-02
      vertex 2.9630650218e-01 3.9921331242e-02 2.4672739584e-02
    endloop
  endfacet
  facet normal 9.712310e-01 2.237863e-01 -8.142553e-02
    outer loop
      vertex 2.8531695489e-01 7.8859666818e-02 -4.8737954435e-02
      vertex 2.8915837904e-01 7.9921410340e-02 0.0000000000e+00
      vertex 2.9630650218e-01 3.9921331242e-02 -2.4672739584e-02
    endloop
  endfacet
  facet normal 9.712310e-01 2.237863e-01 8.142553e-02
    outer loop
      vertex 2.8531695489e-01 7.8859666818e-02 4.8737954435e-02
      vertex 2.9630650218e-01 3.9921331242e-02 2.4672739584e-02
      vertex 2.8915837904e-01 7.9921410340e-02 0.0000000000e+00
    endloop
  endfacet
  facet normal 9.844052e-01 1.759159e-01 -0.000000e+00
    outer loop
      vertex 2.9630650218e-01 3.9921331242e-02 -2.4672739584e-02
      vertex 2.8915837904e-01 7.9921410340e-02 0.0000000000e+00
      vertex 2.9630650218e-01 3.9921331242e-02 2.4672739584e-02
    endloop
  endfacet
  facet normal 8.516395e-01 4.694052e-01 -2.331714e-01
    outer loop
      vertex 2.4270509831e-01 1.5000000000e-01 -9.2705098312e-02
      vertex 2.5205336560e-01 1.5577754692e-01 -4.6930339512e-02
      vertex 2.6730195726e-01 1.1585621568e-01 -7.1603079096e-02
    endloop
  endfacet
  facet normal 8.724736e-01 4.823363e-01 -7.836719e-02
    outer loop
      vertex 2.5519524251e-01 1.5771933364e-01 0.0000000000e+00
      vertex 2.7389474788e-01 1.1988211551e-01 -2.4697074010e-02
      vertex 2.5205336560e-01 1.5577754692e-01 -4.6930339512e-02
    endloop
  endfacet
  facet normal 9.227974e-01 3.505871e-01 -1.597927e-01
    outer loop
      vertex 2.8531695489e-01 7.8859666818e-02 -4.8737954435e-02
      vertex 2.6730195726e-01 1.1585621568e-01 -7.1603079096e-02
      vertex 2.7389474788e-01 1.1988211551e-01 -2.4697074010e-02
    endloop
  endfacet
  facet normal 8.843585e-01 4.378416e-01 -1.618790e-01
    outer loop
      vertex 2.5205336560e-01 1.5577754692e-01 -4.6930339512e-02
      vertex 2.7389474788e-01 1.1988211551e-01 -2.4697074010e-02
      vertex 2.6730195726e-01 1.1585621568e-01 -7.1603079096e-02
    endloop
  endfacet
  facet normal 8.516395e-01 4.694052e-01 2.331714e-01
    outer loop
      vertex 2.4270509831e-01 1.5000000000e-01 9.2705098312e-02
      vertex 2.6730195726e-01 1.1585621568e-01 7.1603079096e-02
      vertex 2.5205336560e-01 1.5577754692e-01 4.6930339512e-02
    endloop
  endfacet
  facet normal 9.227974e-01 3.505871e-01 1.597927e-01
    outer loop
      vertex 2.8531695489e-01 7.8859666818e-02 4.8737954435e-02
      vertex 2.7389474788e-01 1.1988211551e-01 2.4697074010e-02
      vertex 2.6730195726e-01 1.1585621568e-01 7.1603079096e-02
    endloop
  endfacet
  facet normal 8.724736e-01 4.823363e-01 7.836719e-02
    outer loop
      vertex 2.5519524251e-01 1.5771933364e-01 0.0000000000e+00
      vertex 2.5205336560e-01 1.5577754692e-01 4.6930339512e-02
      vertex 2.7389474788e-01 1.1988211551e-01 2.4697074010e-02
    endloop
  endfacet
  facet normal 8.843585e-01 4.378416e-01 1.618790e-01
    outer loop
      vertex 2.6730195726e-01 1.1585621568e-01 7.1603079096e-02
      vertex 2.7389474788e-01 1.1988211551e-01 2.4697074010e-02
      vertex 2.5205336560e-01 1.5577754692e-01 4.6930339512e-02
    endloop
  endfacet
  facet normal 9.468068e-01 3.113353e-01 -8.140770e-02
    outer loop
      vertex 2.8531695489e-01 7.8859666818e-02 -4.8737954435e-02
      vertex 2.7389474788e-01 1.1988211551e-01 -2.4697074010e-02
      vertex 2.8915837904e-01 7.9921410340e-02 0.0000000000e+00
    endloop
  endfacet
  facet normal 8.964941e-01 4.430557e-01 0.000000e+00
    outer loop
      vertex 2.5519524251e-01 1.5771933364e-01 0.0000000000e+00
      vertex 2.7389474788e-01 1.1988211551e-01 2.4697074010e-02
      vertex 2.7389474788e-01 1.1988211551e-01 -2.4697074010e-02
    endloop
  endfacet
  facet normal 9.468068e-01 3.113353e-01 8.140770e-02
    outer loop
      vertex 2.8531695489e-01 7.8859666818e-02 4.8737954435e-02
      vertex 2.8915837904e-01 7.9921410340e-02 0.0000000000e+00
      vertex 2.7389474788e-01 1.1988211551e-01 2.4697074010e-02
    endloop
  endfacet
  facet normal 9.341724e-01 3.568221e-01 -0.000000e+00
    outer loop
      vertex 2.7389474788e-01 1.1988211551e-01 -2.4697074010e-02
      vertex 2.7389474788e-01 1.1988211551e-01 2.4697074010e-02
      vertex 2.8915837904e-01 7.9921410340e-02 0.0000000000e+00
    endloop
  endfacet
endsolid sphere_at
