solid sphere_at
  facet normal -5.462496e-01 8.336794e-01 8.117845e-02
    outer loop
      vertex 6.3691226655e-01 6.0207809700e-01 5.0000000000e-01
      vertex 6.2612295750e-01 5.9406116509e-01 5.0973035521e-01
      vertex 6.4186700295e-01 6.0379152030e-01 5.1574404546e-01
    endloop
  endfacet
  facet normal -6.304608e-01 7.592464e-01 1.614436e-01
    outer loop
      vertex 6.1674634269e-01 5.8424557337e-01 5.1927464428e-01
      vertex 6.3144980090e-01 5.9511790751e-01 5.2556274388e-01
      vertex 6.2612295750e-01 5.9406116509e-01 5.0973035521e-01
    endloop
  endfacet
  facet normal -5.001420e-01 8.397879e-01 2.112210e-01
    outer loop
      vertex 6.4793337225e-01 6.0352021765e-01 5.3118702956e-01
      vertex 6.4186700295e-01 6.0379152030e-01 5.1574404546e-01
      vertex 6.3144980090e-01 5.9511790751e-01 5.2556274388e-01
    endloop
  endfacet
  facet normal -5.572841e-01 8.196344e-01 1.327925e-01
    outer loop
      vertex 6.2612295750e-01 5.9406116509e-01 5.0973035521e-01
      vertex 6.3144980090e-01 5.9511790751e-01 5.2556274388e-01
      vertex 6.4186700295e-01 6.0379152030e-01 5.1574404546e-01
    endloop
  endfacet
  facet normal -7.599989e-01 5.693580e-01 3.134218e-01
    outer loop
      vertex 6.0291796068e-01 5.6000000000e-01 5.3708203932e-01
      vertex 6.1514718626e-01 5.7218011460e-01 5.4460976414e-01
      vertex 6.0896172398e-01 5.7281901791e-01 5.2845035904e-01
    endloop
  endfacet
  facet normal -6.491008e-01 6.636828e-01 3.717435e-01
    outer loop
      vertex 6.2946576972e-01 5.8258291523e-01 5.5103904850e-01
      vertex 6.2231057273e-01 5.8427718161e-01 5.3552055111e-01
      vertex 6.1514718626e-01 5.7218011460e-01 5.4460976414e-01
    endloop
  endfacet
  facet normal -7.022584e-01 6.705276e-01 2.392192e-01
    outer loop
      vertex 6.1674634269e-01 5.8424557337e-01 5.1927464428e-01
      vertex 6.0896172398e-01 5.7281901791e-01 5.2845035904e-01
      vertex 6.2231057273e-01 5.8427718161e-01 5.3552055111e-01
    endloop
  endfacet
  facet normal -7.075762e-01 6.415571e-01 2.962101e-01
    outer loop
      vertex 6.1514718626e-01 5.7218011460e-01 5.4460976414e-01
      vertex 6.2231057273e-01 5.8427718161e-01 5.3552055111e-01
      vertex 6.0896172398e-01 5.7281901791e-01 5.2845035904e-01
    endloop
  endfacet
  facet normal -3.824786e-01 8.026783e-01 4.576217e-01
    outer loop
      vertex 6.6291796068e-01 5.9708203932e-01 5.6000000000e-01
      vertex 6.5499537190e-01 6.0126937695e-01 5.4603364792e-01
      vertex 6.4552114003e-01 5.9095225041e-01 5.5621158210e-01
    endloop
  endfacet
  facet normal -4.450681e-01 8.294800e-01 3.374572e-01
    outer loop
      vertex 6.4793337225e-01 6.0352021765e-01 5.3118702956e-01
      vertex 6.3806540559e-01 5.9401420380e-01 5.4153836177e-01
      vertex 6.5499537190e-01 6.0126937695e-01 5.4603364792e-01
    endloop
  endfacet
  facet normal -5.222192e-01 7.421000e-01 4.202079e-01
    outer loop
      vertex 6.2946576972e-01 5.8258291523e-01 5.5103904850e-01
      vertex 6.4552114003e-01 5.9095225041e-01 5.5621158210e-01
      vertex 6.3806540559e-01 5.9401420380e-01 5.4153836177e-01
    endloop
  endfacet
  facet normal -4.484825e-01 8.016858e-01 3.951751e-01
    outer loop
      vertex 6.5499537190e-01 6.0126937695e-01 5.4603364792e-01
      vertex 6.3806540559e-01 5.9401420380e-01 5.4153836177e-01
      vertex 6.4552114003e-01 5.9095225041e-01 5.5621158210e-01
    endloop
  endfacet
  facet normal -6.387266e-01 7.381036e-01 2.173281e-01
    outer loop
      vertex 6.1674634269e-01 5.8424557337e-01 5.1927464428e-01
      vertex 6.2231057273e-01 5.8427718161e-01 5.3552055111e-01
      vertex 6.3144980090e-01 5.9511790751e-01 5.2556274388e-01
    endloop
  endfacet
  facet normal -5.855635e-01 7.312575e-01 3.498255e-01
    outer loop
      vertex 6.2946576972e-01 5.8258291523e-01 5.5103904850e-01
      vertex 6.3806540559e-01 5.9401420380e-01 5.4153836177e-01
      vertex 6.2231057273e-01 5.8427718161e-01 5.3552055111e-01
    endloop
  endfacet
  facet normal -5.084250e-01 8.186344e-01 2.670988e-01
    outer loop
      vertex 6.4793337225e-01 6.0352021765e-01 5.3118702956e-01
      vertex 6.3144980090e-01 5.9511790751e-01 5.2556274388e-01
      vertex 6.3806540559e-01 5.9401420380e-01 5.4153836177e-01
    endloop
  endfacet
  facet normal -5.811538e-01 7.591756e-01 2.931085e-01
    outer loop
      vertex 6.2231057273e-01 5.8427718161e-01 5.3552055111e-01
      vertex 6.3806540559e-01 5.9401420380e-01 5.4153836177e-01
      vertex 6.3144980090e-01 5.9511790751e-01 5.2556274388e-01
    endloop
  endfacet
  facet normal -8.336794e-01 8.117845e-02 5.462496e-01
    outer loop
      vertex 5.9792190300e-01 5.0000000000e-01 5.6308773345e-01
      vertex 6.0593883491e-01 5.0973035521e-01 5.7387704250e-01
      vertex 5.9620847970e-01 5.1574404546e-01 5.5813299705e-01
    endloop
  endfacet
  facet normal -7.592464e-01 1.614436e-01 6.304608e-01
    outer loop
      vertex 6.1575442663e-01 5.1927464428e-01 5.8325365731e-01
      vertex 6.0488209249e-01 5.2556274388e-01 5.6855019910e-01
      vertex 6.0593883491e-01 5.0973035521e-01 5.7387704250e-01
    endloop
  endfacet
  facet normal -8.397879e-01 2.112210e-01 5.001420e-01
    outer loop
      vertex 5.9647978235e-01 5.3118702956e-01 5.5206662775e-01
      vertex 5.9620847970e-01 5.1574404546e-01 5.5813299705e-01
      vertex 6.0488209249e-01 5.2556274388e-01 5.6855019910e-01
    endloop
  endfacet
  facet normal -8.196344e-01 1.327925e-01 5.572841e-01
    outer loop
      vertex 6.0593883491e-01 5.0973035521e-01 5.7387704250e-01
      vertex 6.0488209249e-01 5.2556274388e-01 5.6855019910e-01
      vertex 5.9620847970e-01 5.1574404546e-01 5.5813299705e-01
    endloop
  endfacet
  facet normal -5.693580e-01 3.134218e-01 7.599989e-01
    outer loop
      vertex 6.4000000000e-01 5.3708203932e-01 5.9708203932e-01
      vertex 6.2781988540e-01 5.4460976414e-01 5.8485281374e-01
      vertex 6.2718098209e-01 5.2845035904e-01 5.9103827602e-01
    endloop
  endfacet
  facet normal -6.636828e-01 3.717435e-01 6.491008e-01
    outer loop
      vertex 6.1741708477e-01 5.5103904850e-01 5.7053423028e-01
      vertex 6.1572281839e-01 5.3552055111e-01 5.7768942727e-01
      vertex 6.2781988540e-01 5.4460976414e-01 5.8485281374e-01
    endloop
  endfacet
  facet normal -6.705276e-01 2.392192e-01 7.022584e-01
    outer loop
      vertex 6.1575442663e-01 5.1927464428e-01 5.8325365731e-01
      vertex 6.2718098209e-01 5.2845035904e-01 5.9103827602e-01
      vertex 6.1572281839e-01 5.3552055111e-01 5.7768942727e-01
    endloop
  endfacet
  facet normal -6.415571e-01 2.962101e-01 7.075762e-01
    outer loop
      vertex 6.2781988540e-01 5.4460976414e-01 5.8485281374e-01
      vertex 6.1572281839e-01 5.3552055111e-01 5.7768942727e-01
      vertex 6.2718098209e-01 5.2845035904e-01 5.9103827602e-01
    endloop
  endfacet
  facet normal -8.026783e-01 4.576217e-01 3.824786e-01
    outer loop
      vertex 6.0291796068e-01 5.6000000000e-01 5.3708203932e-01
      vertex 5.9873062305e-01 5.4603364792e-01 5.4500462810e-01
      vertex 6.0904774959e-01 5.5621158210e-01 5.5447885997e-01
    endloop
  endfacet
  facet normal -8.294800e-01 3.374572e-01 4.450681e-01
    outer loop
      vertex 5.9647978235e-01 5.3118702956e-01 5.5206662775e-01
      vertex 6.0598579620e-01 5.4153836177e-01 5.6193459441e-01
      vertex 5.9873062305e-01 5.4603364792e-01 5.4500462810e-01
    endloop
  endfacet
  facet normal -7.421000e-01 4.202079e-01 5.222192e-01
    outer loop
      vertex 6.1741708477e-01 5.5103904850e-01 5.7053423028e-01
      vertex 6.0904774959e-01 5.5621158210e-01 5.5447885997e-01
      vertex 6.0598579620e-01 5.4153836177e-01 5.6193459441e-01
    endloop
  endfacet
  facet normal -8.016858e-01 3.951751e-01 4.484825e-01
    outer loop
      vertex 5.9873062305e-01 5.4603364792e-01 5.4500462810e-01
      vertex 6.0598579620e-01 5.4153836177e-01 5.6193459441e-01
      vertex 6.0904774959e-01 5.5621158210e-01 5.5447885997e-01
    endloop
  endfacet
  facet normal -7.381036e-01 2.173281e-01 6.387266e-01
    outer loop
      vertex 6.1575442663e-01 5.1927464428e-01 5.8325365731e-01
      vertex 6.1572281839e-01 5.3552055111e-01 5.7768942727e-01
      vertex 6.0488209249e-01 5.2556274388e-01 5.6855019910e-01
    endloop
  endfacet
  facet normal -7.312575e-01 3.498255e-01 5.855635e-01
    outer loop
      vertex 6.1741708477e-01 5.5103904850e-01 5.7053423028e-01
      vertex 6.0598579620e-01 5.4153836177e-01 5.6193459441e-01
      vertex 6.1572281839e-01 5.3552055111e-01 5.7768942727e-01
    endloop
  endfacet
  facet normal -8.186344e-01 2.670988e-01 5.084250e-01
    outer loop
      vertex 5.9647978235e-01 5.3118702956e-01 5.5206662775e-01
      vertex 6.0488209249e-01 5.2556274388e-01 5.6855019910e-01
      vertex 6.0598579620e-01 5.4153836177e-01 5.6193459441e-01
    endloop
  endfacet
  facet normal -7.591756e-01 2.931085e-01 5.811538e-01
    outer loop
      vertex 6.1572281839e-01 5.3552055111e-01 5.7768942727e-01
      vertex 6.0598579620e-01 5.4153836177e-01 5.6193459441e-01
      vertex 6.0488209249e-01 5.2556274388e-01 5.6855019910e-01
    endloop
  endfacet
  facet normal -8.117845e-02 5.462496e-01 8.336794e-01
    outer loop
      vertex 7.0000000000e-01 5.6308773345e-01 6.0207809700e-01
      vertex 6.9026964479e-01 5.7387704250e-01 5.9406116509e-01
      vertex 6.8425595454e-01 5.5813299705e-01 6.0379152030e-01
    endloop
  endfacet
  facet normal -1.614436e-01 6.304608e-01 7.592464e-01
    outer loop
      vertex 6.8072535572e-01 5.8325365731e-01 5.8424557337e-01
      vertex 6.7443725612e-01 5.6855019910e-01 5.9511790751e-01
      vertex 6.9026964479e-01 5.7387704250e-01 5.9406116509e-01
    endloop
  endfacet
  facet normal -2.112210e-01 5.001420e-01 8.397879e-01
    outer loop
      vertex 6.6881297044e-01 5.5206662775e-01 6.0352021765e-01
      vertex 6.8425595454e-01 5.5813299705e-01 6.0379152030e-01
      vertex 6.7443725612e-01 5.6855019910e-01 5.9511790751e-01
    endloop
  endfacet
  facet normal -1.327925e-01 5.572841e-01 8.196344e-01
    outer loop
      vertex 6.9026964479e-01 5.7387704250e-01 5.9406116509e-01
      vertex 6.7443725612e-01 5.6855019910e-01 5.9511790751e-01
      vertex 6.8425595454e-01 5.5813299705e-01 6.0379152030e-01
    endloop
  endfacet
  facet normal -3.134218e-01 7.599989e-01 5.693580e-01
    outer loop
      vertex 6.6291796068e-01 5.9708203932e-01 5.6000000000e-01
      vertex 6.5539023586e-01 5.8485281374e-01 5.7218011460e-01
      vertex 6.7154964096e-01 5.9103827602e-01 5.7281901791e-01
    endloop
  endfacet
  facet normal -3.717435e-01 6.491008e-01 6.636828e-01
    outer loop
      vertex 6.4896095150e-01 5.7053423028e-01 5.8258291523e-01
      vertex 6.6447944889e-01 5.7768942727e-01 5.8427718161e-01
      vertex 6.5539023586e-01 5.8485281374e-01 5.7218011460e-01
    endloop
  endfacet
  facet normal -2.392192e-01 7.022584e-01 6.705276e-01
    outer loop
      vertex 6.8072535572e-01 5.8325365731e-01 5.8424557337e-01
      vertex 6.7154964096e-01 5.9103827602e-01 5.7281901791e-01
      vertex 6.6447944889e-01 5.7768942727e-01 5.8427718161e-01
    endloop
  endfacet
  facet normal -2.962101e-01 7.075762e-01 6.415571e-01
    outer loop
      vertex 6.5539023586e-01 5.8485281374e-01 5.7218011460e-01
      vertex 6.6447944889e-01 5.7768942727e-01 5.8427718161e-01
      vertex 6.7154964096e-01 5.9103827602e-01 5.7281901791e-01
    endloop
  endfacet
  facet normal -4.576217e-01 3.824786e-01 8.026783e-01
    outer loop
      vertex 6.4000000000e-01 5.3708203932e-01 5.9708203932e-01
      vertex 6.5396635208e-01 5.4500462810e-01 6.0126937695e-01
      vertex 6.4378841790e-01 5.5447885997e-01 5.9095225041e-01
    endloop
  endfacet
  facet normal -3.374572e-01 4.450681e-01 8.294800e-01
    outer loop
      vertex 6.6881297044e-01 5.5206662775e-01 6.0352021765e-01
      vertex 6.5846163823e-01 5.6193459441e-01 5.9401420380e-01
      vertex 6.5396635208e-01 5.4500462810e-01 6.0126937695e-01
    endloop
  endfacet
  facet normal -4.202079e-01 5.222192e-01 7.421000e-01
    outer loop
      vertex 6.4896095150e-01 5.7053423028e-01 5.8258291523e-01
      vertex 6.4378841790e-01 5.5447885997e-01 5.9095225041e-01
      vertex 6.5846163823e-01 5.6193459441e-01 5.9401420380e-01
    endloop
  endfacet
  facet normal -3.951751e-01 4.484825e-01 8.016858e-01
    outer loop
      vertex 6.5396635208e-01 5.4500462810e-01 6.0126937695e-01
      vertex 6.5846163823e-01 5.6193459441e-01 5.9401420380e-01
      vertex 6.4378841790e-01 5.5447885997e-01 5.9095225041e-01
    endloop
  endfacet
  facet normal -2.173281e-01 6.387266e-01 7.381036e-01
    outer loop
      vertex 6.8072535572e-01 5.8325365731e-01 5.8424557337e-01
      vertex 6.6447944889e-01 5.7768942727e-01 5.8427718161e-01
      vertex 6.7443725612e-01 5.6855019910e-01 5.9511790751e-01
    endloop
  endfacet
  facet normal -3.498255e-01 5.855635e-01 7.312575e-01
    outer loop
      vertex 6.4896095150e-01 5.7053423028e-01 5.8258291523e-01
      vertex 6.5846163823e-01 5.6193459441e-01 5.9401420380e-01
      vertex 6.6447944889e-01 5.7768942727e-01 5.8427718161e-01
    endloop
  endfacet
  facet normal -2.670988e-01 5.084250e-01 8.186344e-01
    outer loop
      vertex 6.6881297044e-01 5.5206662775e-01 6.0352021765e-01
      vertex 6.7443725612e-01 5.6855019910e-01 5.9511790751e-01
      vertex 6.5846163823e-01 5.6193459441e-01 5.9401420380e-01
    endloop
  endfacet
  facet normal -2.931085e-01 5.811538e-01 7.591756e-01
    outer loop
      vertex 6.6447944889e-01 5.7768942727e-01 5.8427718161e-01
      vertex 6.5846163823e-01 5.6193459441e-01 5.9401420380e-01
      vertex 6.7443725612e-01 5.6855019910e-01 5.9511790751e-01
    endloop
  endfacet
  facet normal -7.595136e-01 5.263422e-01 3.822343e-01
    outer loop
      vertex 6.0291796068e-01 5.6000000000e-01 5.3708203932e-01
      vertex 6.0904774959e-01 5.5621158210e-01 5.5447885997e-01
      vertex 6.1514718626e-01 5.7218011460e-01 5.4460976414e-01
    endloop
  endfacet
  facet normal -6.990111e-01 4.888946e-01 5.218865e-01
    outer loop
      vertex 6.1741708477e-01 5.5103904850e-01 5.7053423028e-01
      vertex 6.2241066498e-01 5.6771050541e-01 5.6160505295e-01
      vertex 6.0904774959e-01 5.5621158210e-01 5.5447885997e-01
    endloop
  endfacet
  facet normal -6.486873e-01 6.206439e-01 4.404610e-01
    outer loop
      vertex 6.2946576972e-01 5.8258291523e-01 5.5103904850e-01
      vertex 6.1514718626e-01 5.7218011460e-01 5.4460976414e-01
      vertex 6.2241066498e-01 5.6771050541e-01 5.6160505295e-01
    endloop
  endfacet
  facet normal -7.084426e-01 5.465636e-01 4.465169e-01
    outer loop
      vertex 6.0904774959e-01 5.5621158210e-01 5.5447885997e-01
      vertex 6.2241066498e-01 5.6771050541e-01 5.6160505295e-01
      vertex 6.1514718626e-01 5.7218011460e-01 5.4460976414e-01
    endloop
  endfacet
  facet normal -5.263422e-01 3.822343e-01 7.595136e-01
    outer loop
      vertex 6.4000000000e-01 5.3708203932e-01 5.9708203932e-01
      vertex 6.4378841790e-01 5.5447885997e-01 5.9095225041e-01
      vertex 6.2781988540e-01 5.4460976414e-01 5.8485281374e-01
    endloop
  endfacet
  facet normal -4.888946e-01 5.218865e-01 6.990111e-01
    outer loop
      vertex 6.4896095150e-01 5.7053423028e-01 5.8258291523e-01
      vertex 6.3228949459e-01 5.6160505295e-01 5.7758933502e-01
      vertex 6.4378841790e-01 5.5447885997e-01 5.9095225041e-01
    endloop
  endfacet
  facet normal -6.206439e-01 4.404610e-01 6.486873e-01
    outer loop
      vertex 6.1741708477e-01 5.5103904850e-01 5.7053423028e-01
      vertex 6.2781988540e-01 5.4460976414e-01 5.8485281374e-01
      vertex 6.3228949459e-01 5.6160505295e-01 5.7758933502e-01
    endloop
  endfacet
  facet normal -5.465636e-01 4.465169e-01 7.084426e-01
    outer loop
      vertex 6.4378841790e-01 5.5447885997e-01 5.9095225041e-01
      vertex 6.3228949459e-01 5.6160505295e-01 5.7758933502e-01
      vertex 6.2781988540e-01 5.4460976414e-01 5.8485281374e-01
    endloop
  endfacet
  facet normal -3.822343e-01 7.595136e-01 5.263422e-01
    outer loop
      vertex 6.6291796068e-01 5.9708203932e-01 5.6000000000e-01
      vertex 6.4552114003e-01 5.9095225041e-01 5.5621158210e-01
      vertex 6.5539023586e-01 5.8485281374e-01 5.7218011460e-01
    endloop
  endfacet
  facet normal -5.218865e-01 6.990111e-01 4.888946e-01
    outer loop
      vertex 6.2946576972e-01 5.8258291523e-01 5.5103904850e-01
      vertex 6.3839494705e-01 5.7758933502e-01 5.6771050541e-01
      vertex 6.4552114003e-01 5.9095225041e-01 5.5621158210e-01
    endloop
  endfacet
  facet normal -4.404610e-01 6.486873e-01 6.206439e-01
    outer loop
      vertex 6.4896095150e-01 5.7053423028e-01 5.8258291523e-01
      vertex 6.5539023586e-01 5.8485281374e-01 5.7218011460e-01
      vertex 6.3839494705e-01 5.7758933502e-01 5.6771050541e-01
    endloop
  endfacet
  facet normal -4.465169e-01 7.084426e-01 5.465636e-01
    outer loop
      vertex 6.4552114003e-01 5.9095225041e-01 5.5621158210e-01
      vertex 6.3839494705e-01 5.7758933502e-01 5.6771050541e-01
      vertex 6.5539023586e-01 5.8485281374e-01 5.7218011460e-01
    endloop
  endfacet
  facet normal -6.354715e-01 5.037511e-01 5.851588e-01
    outer loop
      vertex 6.1741708477e-01 5.5103904850e-01 5.7053423028e-01
      vertex 6.3228949459e-01 5.6160505295e-01 5.7758933502e-01
      vertex 6.2241066498e-01 5.6771050541e-01 5.6160505295e-01
    endloop
  endfacet
  facet normal -5.037511e-01 5.851588e-01 6.354715e-01
    outer loop
      vertex 6.4896095150e-01 5.7053423028e-01 5.8258291523e-01
      vertex 6.3839494705e-01 5.7758933502e-01 5.6771050541e-01
      vertex 6.3228949459e-01 5.6160505295e-01 5.7758933502e-01
    endloop
  endfacet
  facet normal -5.851588e-01 6.354715e-01 5.037511e-01
    outer loop
      vertex 6.2946576972e-01 5.8258291523e-01 5.5103904850e-01
      vertex 6.2241066498e-01 5.6771050541e-01 5.6160505295e-01
      vertex 6.3839494705e-01 5.7758933502e-01 5.6771050541e-01
    endloop
  endfacet
  facet normal -5.773503e-01 5.773503e-01 5.773503e-01
    outer loop
      vertex 6.3228949459e-01 5.6160505295e-01 5.7758933502e-01
      vertex 6.3839494705e-01 5.7758933502e-01 5.6771050541e-01
      vertex 6.2241066498e-01 5.6771050541e-01 5.6160505295e-01
    endloop
  endfacet
  facet normal -4.650712e-01 8.838505e-01 5.017104e-02
    outer loop
      vertex 6.3691226655e-01 6.0207809700e-01 5.0000000000e-01
      vertex 6.4186700295e-01 6.0379152030e-01 5.1574404546e-01
      vertex 6.5159735817e-01 6.0980521055e-01 5.0000000000e-01
    endloop
  endfacet
  facet normal -4.192398e-01 8.897882e-01 1.803191e-01
    outer loop
      vertex 6.4793337225e-01 6.0352021765e-01 5.3118702956e-01
      vertex 6.5701254478e-01 6.1091655207e-01 5.1579864456e-01
      vertex 6.4186700295e-01 6.0379152030e-01 5.1574404546e-01
    endloop
  endfacet
  facet normal -3.386983e-01 9.395655e-01 5.000027e-02
    outer loop
      vertex 6.6720801653e-01 6.1543260293e-01 5.0000000000e-01
      vertex 6.5159735817e-01 6.0980521055e-01 5.0000000000e-01
      vertex 6.5701254478e-01 6.1091655207e-01 5.1579864456e-01
    endloop
  endfacet
  facet normal -4.244916e-01 9.017047e-01 8.207030e-02
    outer loop
      vertex 6.4186700295e-01 6.0379152030e-01 5.1574404546e-01
      vertex 6.5701254478e-01 6.1091655207e-01 5.1579864456e-01
      vertex 6.5159735817e-01 6.0980521055e-01 5.0000000000e-01
    endloop
  endfacet
  facet normal -3.023772e-01 8.521837e-01 4.270257e-01
    outer loop
      vertex 6.6291796068e-01 5.9708203932e-01 5.6000000000e-01
      vertex 6.7135876836e-01 6.0692078290e-01 5.4634248627e-01
      vertex 6.5499537190e-01 6.0126937695e-01 5.4603364792e-01
    endloop
  endfacet
  facet normal -2.288929e-01 9.233856e-01 3.081672e-01
    outer loop
      vertex 6.8050481823e-01 6.1412678196e-01 5.3154386673e-01
      vertex 6.6384893451e-01 6.0994930102e-01 5.3168993008e-01
      vertex 6.7135876836e-01 6.0692078290e-01 5.4634248627e-01
    endloop
  endfacet
  facet normal -3.648012e-01 8.790876e-01 3.067980e-01
    outer loop
      vertex 6.4793337225e-01 6.0352021765e-01 5.3118702956e-01
      vertex 6.5499537190e-01 6.0126937695e-01 5.4603364792e-01
      vertex 6.6384893451e-01 6.0994930102e-01 5.3168993008e-01
    endloop
  endfacet
  facet normal -3.124011e-01 8.857887e-01 3.431966e-01
    outer loop
      vertex 6.7135876836e-01 6.0692078290e-01 5.4634248627e-01
      vertex 6.6384893451e-01 6.0994930102e-01 5.3168993008e-01
      vertex 6.5499537190e-01 6.0126937695e-01 5.4603364792e-01
    endloop
  endfacet
  facet normal -6.905681e-02 9.963836e-01 4.950537e-02
    outer loop
      vertex 7.0000000000e-01 6.2000000000e-01 5.0000000000e-01
      vertex 6.8344573094e-01 6.1885266583e-01 5.0000000000e-01
      vertex 6.9013090417e-01 6.1852260087e-01 5.1596853250e-01
    endloop
  endfacet
  facet normal -2.058489e-01 9.773256e-01 4.960764e-02
    outer loop
      vertex 6.6720801653e-01 6.1543260293e-01 5.0000000000e-01
      vertex 6.7358595670e-01 6.1596711169e-01 5.1593509722e-01
      vertex 6.8344573094e-01 6.1885266583e-01 5.0000000000e-01
    endloop
  endfacet
  facet normal -1.504758e-01 9.718501e-01 1.812856e-01
    outer loop
      vertex 6.8050481823e-01 6.1412678196e-01 5.3154386673e-01
      vertex 6.9013090417e-01 6.1852260087e-01 5.1596853250e-01
      vertex 6.7358595670e-01 6.1596711169e-01 5.1593509722e-01
    endloop
  endfacet
  facet normal -1.522724e-01 9.847537e-01 8.410292e-02
    outer loop
      vertex 6.8344573094e-01 6.1885266583e-01 5.0000000000e-01
      vertex 6.7358595670e-01 6.1596711169e-01 5.1593509722e-01
      vertex 6.9013090417e-01 6.1852260087e-01 5.1596853250e-01
    endloop
  endfacet
  facet normal -3.716277e-01 9.031797e-01 2.148469e-01
    outer loop
      vertex 6.4793337225e-01 6.0352021765e-01 5.3118702956e-01
      vertex 6.6384893451e-01 6.0994930102e-01 5.3168993008e-01
      vertex 6.5701254478e-01 6.1091655207e-01 5.1579864456e-01
    endloop
  endfacet
  facet normal -2.357379e-01 9.474616e-01 2.162041e-01
    outer loop
      vertex 6.8050481823e-01 6.1412678196e-01 5.3154386673e-01
      vertex 6.7358595670e-01 6.1596711169e-01 5.1593509722e-01
      vertex 6.6384893451e-01 6.0994930102e-01 5.3168993008e-01
    endloop
  endfacet
  facet normal -2.910970e-01 9.529505e-01 8.454536e-02
    outer loop
      vertex 6.6720801653e-01 6.1543260293e-01 5.0000000000e-01
      vertex 6.5701254478e-01 6.1091655207e-01 5.1579864456e-01
      vertex 6.7358595670e-01 6.1596711169e-01 5.1593509722e-01
    endloop
  endfacet
  facet normal -2.880454e-01 9.403266e-01 1.811510e-01
    outer loop
      vertex 6.6384893451e-01 6.0994930102e-01 5.3168993008e-01
      vertex 6.7358595670e-01 6.1596711169e-01 5.1593509722e-01
      vertex 6.5701254478e-01 6.1091655207e-01 5.1579864456e-01
    endloop
  endfacet
  facet normal 0.000000e+00 5.964207e-01 8.026720e-01
    outer loop
      vertex 7.0000000000e-01 5.6308773345e-01 6.0207809700e-01
      vertex 7.0973035521e-01 5.7387704250e-01 5.9406116509e-01
      vertex 6.9026964479e-01 5.7387704250e-01 5.9406116509e-01
    endloop
  endfacet
  facet normal 8.054149e-02 6.804611e-01 7.283445e-01
    outer loop
      vertex 7.1927464428e-01 5.8325365731e-01 5.8424557337e-01
      vertex 7.0000000000e-01 5.8434884366e-01 5.8535380820e-01
      vertex 7.0973035521e-01 5.7387704250e-01 5.9406116509e-01
    endloop
  endfacet
  facet normal -8.054149e-02 6.804611e-01 7.283445e-01
    outer loop
      vertex 6.8072535572e-01 5.8325365731e-01 5.8424557337e-01
      vertex 6.9026964479e-01 5.7387704250e-01 5.9406116509e-01
      vertex 7.0000000000e-01 5.8434884366e-01 5.8535380820e-01
    endloop
  endfacet
  facet normal 0.000000e+00 6.393544e-01 7.689122e-01
    outer loop
      vertex 7.0973035521e-01 5.7387704250e-01 5.9406116509e-01
      vertex 7.0000000000e-01 5.8434884366e-01 5.8535380820e-01
      vertex 6.9026964479e-01 5.7387704250e-01 5.9406116509e-01
    endloop
  endfacet
  facet normal 2.333204e-01 8.095043e-01 5.387620e-01
    outer loop
      vertex 7.3708203932e-01 5.9708203932e-01 5.6000000000e-01
      vertex 7.1877213580e-01 6.0082134624e-01 5.6231101877e-01
      vertex 7.2845035904e-01 5.9103827602e-01 5.7281901791e-01
    endloop
  endfacet
  facet normal 7.841715e-02 8.303865e-01 5.516422e-01
    outer loop
      vertex 7.0000000000e-01 6.0207809700e-01 5.6308773345e-01
      vertex 7.0973702219e-01 5.9362452449e-01 5.7442874991e-01
      vertex 7.1877213580e-01 6.0082134624e-01 5.6231101877e-01
    endloop
  endfacet
  facet normal 1.589524e-01 7.518660e-01 6.398684e-01
    outer loop
      vertex 7.1927464428e-01 5.8325365731e-01 5.8424557337e-01
      vertex 7.2845035904e-01 5.9103827602e-01 5.7281901791e-01
      vertex 7.0973702219e-01 5.9362452449e-01 5.7442874991e-01
    endloop
  endfacet
  facet normal 1.601287e-01 7.916792e-01 5.895786e-01
    outer loop
      vertex 7.1877213580e-01 6.0082134624e-01 5.6231101877e-01
      vertex 7.0973702219e-01 5.9362452449e-01 5.7442874991e-01
      vertex 7.2845035904e-01 5.9103827602e-01 5.7281901791e-01
    endloop
  endfacet
  facet normal -2.333204e-01 8.095043e-01 5.387620e-01
    outer loop
      vertex 6.6291796068e-01 5.9708203932e-01 5.6000000000e-01
      vertex 6.7154964096e-01 5.9103827602e-01 5.7281901791e-01
      vertex 6.8122786420e-01 6.0082134624e-01 5.6231101877e-01
    endloop
  endfacet
  facet normal -1.589524e-01 7.518660e-01 6.398684e-01
    outer loop
      vertex 6.8072535572e-01 5.8325365731e-01 5.8424557337e-01
      vertex 6.9026297781e-01 5.9362452449e-01 5.7442874991e-01
      vertex 6.7154964096e-01 5.9103827602e-01 5.7281901791e-01
    endloop
  endfacet
  facet normal -7.841715e-02 8.303865e-01 5.516422e-01
    outer loop
      vertex 7.0000000000e-01 6.0207809700e-01 5.6308773345e-01
      vertex 6.8122786420e-01 6.0082134624e-01 5.6231101877e-01
      vertex 6.9026297781e-01 5.9362452449e-01 5.7442874991e-01
    endloop
  endfacet
  facet normal -1.601287e-01 7.916792e-01 5.895786e-01
    outer loop
      vertex 6.7154964096e-01 5.9103827602e-01 5.7281901791e-01
      vertex 6.9026297781e-01 5.9362452449e-01 5.7442874991e-01
      vertex 6.8122786420e-01 6.0082134624e-01 5.6231101877e-01
    endloop
  endfacet
  facet normal 8.053079e-02 7.232719e-01 6.858517e-01
    outer loop
      vertex 7.1927464428e-01 5.8325365731e-01 5.8424557337e-01
      vertex 7.0973702219e-01 5.9362452449e-01 5.7442874991e-01
      vertex 7.0000000000e-01 5.8434884366e-01 5.8535380820e-01
    endloop
  endfacet
  facet normal 0.000000e+00 8.017675e-01 5.976360e-01
    outer loop
      vertex 7.0000000000e-01 6.0207809700e-01 5.6308773345e-01
      vertex 6.9026297781e-01 5.9362452449e-01 5.7442874991e-01
      vertex 7.0973702219e-01 5.9362452449e-01 5.7442874991e-01
    endloop
  endfacet
  facet normal -8.053079e-02 7.232719e-01 6.858517e-01
    outer loop
      vertex 6.8072535572e-01 5.8325365731e-01 5.8424557337e-01
      vertex 7.0000000000e-01 5.8434884366e-01 5.8535380820e-01
      vertex 6.9026297781e-01 5.9362452449e-01 5.7442874991e-01
    endloop
  endfacet
  facet normal 0.000000e+00 7.623048e-01 6.472182e-01
    outer loop
      vertex 7.0973702219e-01 5.9362452449e-01 5.7442874991e-01
      vertex 6.9026297781e-01 5.9362452449e-01 5.7442874991e-01
      vertex 7.0000000000e-01 5.8434884366e-01 5.8535380820e-01
    endloop
  endfacet
  facet normal 4.650712e-01 8.838505e-01 5.017104e-02
    outer loop
      vertex 7.6308773345e-01 6.0207809700e-01 5.0000000000e-01
      vertex 7.4840264183e-01 6.0980521055e-01 5.0000000000e-01
      vertex 7.5813299705e-01 6.0379152030e-01 5.1574404546e-01
    endloop
  endfacet
  facet normal 3.386983e-01 9.395655e-01 5.000027e-02
    outer loop
      vertex 7.3279198347e-01 6.1543260293e-01 5.0000000000e-01
      vertex 7.4298745522e-01 6.1091655207e-01 5.1579864456e-01
      vertex 7.4840264183e-01 6.0980521055e-01 5.0000000000e-01
    endloop
  endfacet
  facet normal 4.192398e-01 8.897882e-01 1.803191e-01
    outer loop
      vertex 7.5206662775e-01 6.0352021765e-01 5.3118702956e-01
      vertex 7.5813299705e-01 6.0379152030e-01 5.1574404546e-01
      vertex 7.4298745522e-01 6.1091655207e-01 5.1579864456e-01
    endloop
  endfacet
  facet normal 4.244916e-01 9.017047e-01 8.207030e-02
    outer loop
      vertex 7.4840264183e-01 6.0980521055e-01 5.0000000000e-01
      vertex 7.4298745522e-01 6.1091655207e-01 5.1579864456e-01
      vertex 7.5813299705e-01 6.0379152030e-01 5.1574404546e-01
    endloop
  endfacet
  facet normal 6.905681e-02 9.963836e-01 4.950537e-02
    outer loop
      vertex 7.0000000000e-01 6.2000000000e-01 5.0000000000e-01
      vertex 7.0986909583e-01 6.1852260087e-01 5.1596853250e-01
      vertex 7.1655426906e-01 6.1885266583e-01 5.0000000000e-01
    endloop
  endfacet
  facet normal 1.504758e-01 9.718501e-01 1.812856e-01
    outer loop
      vertex 7.1949518177e-01 6.1412678196e-01 5.3154386673e-01
      vertex 7.2641404330e-01 6.1596711169e-01 5.1593509722e-01
      vertex 7.0986909583e-01 6.1852260087e-01 5.1596853250e-01
    endloop
  endfacet
  facet normal 2.058489e-01 9.773256e-01 4.960764e-02
    outer loop
      vertex 7.3279198347e-01 6.1543260293e-01 5.0000000000e-01
      vertex 7.1655426906e-01 6.1885266583e-01 5.0000000000e-01
      vertex 7.2641404330e-01 6.1596711169e-01 5.1593509722e-01
    endloop
  endfacet
  facet normal 1.522724e-01 9.847537e-01 8.410292e-02
    outer loop
      vertex 7.0986909583e-01 6.1852260087e-01 5.1596853250e-01
      vertex 7.2641404330e-01 6.1596711169e-01 5.1593509722e-01
      vertex 7.1655426906e-01 6.1885266583e-01 5.0000000000e-01
    endloop
  endfacet
  facet normal 3.023772e-01 8.521837e-01 4.270257e-01
    outer loop
      vertex 7.3708203932e-01 5.9708203932e-01 5.6000000000e-01
      vertex 7.4500462810e-01 6.0126937695e-01 5.4603364792e-01
      vertex 7.2864123164e-01 6.0692078290e-01 5.4634248627e-01
    endloop
  endfacet
  facet normal 3.648012e-01 8.790876e-01 3.067980e-01
    outer loop
      vertex 7.5206662775e-01 6.0352021765e-01 5.3118702956e-01
      vertex 7.3615106549e-01 6.0994930102e-01 5.3168993008e-01
      vertex 7.4500462810e-01 6.0126937695e-01 5.4603364792e-01
    endloop
  endfacet
  facet normal 2.288929e-01 9.233856e-01 3.081672e-01
    outer loop
      vertex 7.1949518177e-01 6.1412678196e-01 5.3154386673e-01
      vertex 7.2864123164e-01 6.0692078290e-01 5.4634248627e-01
      vertex 7.3615106549e-01 6.0994930102e-01 5.3168993008e-01
    endloop
  endfacet
  facet normal 3.124011e-01 8.857887e-01 3.431966e-01
    outer loop
      vertex 7.4500462810e-01 6.0126937695e-01 5.4603364792e-01
      vertex 7.3615106549e-01 6.0994930102e-01 5.3168993008e-01
      vertex 7.2864123164e-01 6.0692078290e-01 5.4634248627e-01
    endloop
  endfacet
  facet normal 2.910970e-01 9.529505e-01 8.454536e-02
    outer loop
      vertex 7.3279198347e-01 6.1543260293e-01 5.0000000000e-01
      vertex 7.2641404330e-01 6.1596711169e-01 5.1593509722e-01
      vertex 7.4298745522e-01 6.1091655207e-01 5.1579864456e-01
    endloop
  endfacet
  facet normal 2.357379e-01 9.474616e-01 2.162041e-01
    outer loop
      vertex 7.1949518177e-01 6.1412678196e-01 5.3154386673e-01
      vertex 7.3615106549e-01 6.0994930102e-01 5.3168993008e-01
      vertex 7.2641404330e-01 6.1596711169e-01 5.1593509722e-01
    endloop
  endfacet
  facet normal 3.716277e-01 9.031797e-01 2.148469e-01
    outer loop
      vertex 7.5206662775e-01 6.0352021765e-01 5.3118702956e-01
      vertex 7.4298745522e-01 6.1091655207e-01 5.1579864456e-01
      vertex 7.3615106549e-01 6.0994930102e-01 5.3168993008e-01
    endloop
  endfacet
  facet normal 2.880454e-01 9.403266e-01 1.811510e-01
    outer loop
      vertex 7.2641404330e-01 6.1596711169e-01 5.1593509722e-01
      vertex 7.3615106549e-01 6.0994930102e-01 5.3168993008e-01
      vertex 7.4298745522e-01 6.1091655207e-01 5.1579864456e-01
    endloop
  endfacet
  facet normal -2.331714e-01 8.516395e-01 4.694052e-01
    outer loop
      vertex 6.6291796068e-01 5.9708203932e-01 5.6000000000e-01
      vertex 6.8122786420e-01 6.0082134624e-01 5.6231101877e-01
      vertex 6.7135876836e-01 6.0692078290e-01 5.4634248627e-01
    endloop
  endfacet
  facet normal -7.836719e-02 8.724736e-01 4.823363e-01
    outer loop
      vertex 7.0000000000e-01 6.0207809700e-01 5.6308773345e-01
      vertex 6.9012117040e-01 6.0955789915e-01 5.4795284620e-01
      vertex 6.8122786420e-01 6.0082134624e-01 5.6231101877e-01
    endloop
  endfacet
  facet normal -1.597927e-01 9.227974e-01 3.505871e-01
    outer loop
      vertex 6.8050481823e-01 6.1412678196e-01 5.3154386673e-01
      vertex 6.7135876836e-01 6.0692078290e-01 5.4634248627e-01
      vertex 6.9012117040e-01 6.0955789915e-01 5.4795284620e-01
    endloop
  endfacet
  facet normal -1.618790e-01 8.843585e-01 4.378416e-01
    outer loop
      vertex 6.8122786420e-01 6.0082134624e-01 5.6231101877e-01
      vertex 6.9012117040e-01 6.0955789915e-01 5.4795284620e-01
      vertex 6.7135876836e-01 6.0692078290e-01 5.4634248627e-01
    endloop
  endfacet
  facet normal 2.331714e-01 8.516395e-01 4.694052e-01
    outer loop
      vertex 7.3708203932e-01 5.9708203932e-01 5.6000000000e-01
      vertex 7.2864123164e-01 6.0692078290e-01 5.4634248627e-01
      vertex 7.1877213580e-01 6.0082134624e-01 5.6231101877e-01
    endloop
  endfacet
  facet normal 1.597927e-01 9.227974e-01 3.505871e-01
    outer loop
      vertex 7.1949518177e-01 6.1412678196e-01 5.3154386673e-01
      vertex 7.0987882960e-01 6.0955789915e-01 5.4795284620e-01
      vertex 7.2864123164e-01 6.0692078290e-01 5.4634248627e-01
    endloop
  endfacet
  facet normal 7.836719e-02 8.724736e-01 4.823363e-01
    outer loop
      vertex 7.0000000000e-01 6.0207809700e-01 5.6308773345e-01
      vertex 7.1877213580e-01 6.0082134624e-01 5.6231101877e-01
      vertex 7.0987882960e-01 6.0955789915e-01 5.4795284620e-01
    endloop
  endfacet
  facet normal 1.618790e-01 8.843585e-01 4.378416e-01
    outer loop
      vertex 7.2864123164e-01 6.0692078290e-01 5.4634248627e-01
      vertex 7.0987882960e-01 6.0955789915e-01 5.4795284620e-01
      vertex 7.1877213580e-01 6.0082134624e-01 5.6231101877e-01
    endloop
  endfacet
  facet normal 0.000000e+00 9.957474e-01 9.212595e-02
    outer loop
      vertex 7.0000000000e-01 6.2000000000e-01 5.0000000000e-01
      vertex 6.9013090417e-01 6.1852260087e-01 5.1596853250e-01
      vertex 7.0986909583e-01 6.1852260087e-01 5.1596853250e-01
    endloop
  endfacet
  facet normal -8.142553e-02 9.712310e-01 2.237863e-01
    outer loop
      vertex 6.8050481823e-01 6.1412678196e-01 5.3154386673e-01
      vertex 7.0000000000e-01 6.1566335162e-01 5.3196856414e-01
      vertex 6.9013090417e-01 6.1852260087e-01 5.1596853250e-01
    endloop
  endfacet
  facet normal 8.142553e-02 9.712310e-01 2.237863e-01
    outer loop
      vertex 7.1949518177e-01 6.1412678196e-01 5.3154386673e-01
      vertex 7.0986909583e-01 6.1852260087e-01 5.1596853250e-01
      vertex 7.0000000000e-01 6.1566335162e-01 5.3196856414e-01
    endloop
  endfacet
  facet normal -0.000000e+00 9.844052e-01 1.759159e-01
    outer loop
      vertex 6.9013090417e-01 6.1852260087e-01 5.1596853250e-01
      vertex 7.0000000000e-01 6.1566335162e-01 5.3196856414e-01
      vertex 7.0986909583e-01 6.1852260087e-01 5.1596853250e-01
    endloop
  endfacet
  facet normal 0.000000e+00 8.964941e-01 4.430557e-01
    outer loop
      vertex 7.0000000000e-01 6.0207809700e-01 5.6308773345e-01
      vertex 7.0987882960e-01 6.0955789915e-01 5.4795284620e-01
      vertex 6.9012117040e-01 6.0955789915e-01 5.4795284620e-01
    endloop
  endfacet
  facet normal 8.140770e-02 9.468068e-01 3.113353e-01
    outer loop
      vertex 7.1949518177e-01 6.1412678196e-01 5.3154386673e-01
      vertex 7.0000000000e-01 6.1566335162e-01 5.3196856414e-01
      vertex 7.0987882960e-01 6.0955789915e-01 5.4795284620e-01
    endloop
  endfacet
  facet normal -8.140770e-02 9.468068e-01 3.113353e-01
    outer loop
      vertex 6.8050481823e-01 6.1412678196e-01 5.3154386673e-01
      vertex 6.9012117040e-01 6.0955789915e-01 5.4795284620e-01
      vertex 7.0000000000e-01 6.1566335162e-01 5.3196856414e-01
    endloop
  endfacet
  facet normal 0.000000e+00 9.341724e-01 3.568221e-01
    outer loop
      vertex 7.0987882960e-01 6.0955789915e-01 5.4795284620e-01
      vertex 7.0000000000e-01 6.1566335162e-01 5.3196856414e-01
      vertex 6.9012117040e-01 6.0955789915e-01 5.4795284620e-01
    endloop
  endfacet
  facet normal -4.650712e-01 8.838505e-01 -5.017104e-02
    outer loop
      vertex 6.3691226655e-01 6.0207809700e-01 5.0000000000e-01
      vertex 6.5159735817e-01 6.0980521055e-01 5.0000000000e-01
      vertex 6.4186700295e-01 6.0379152030e-01 4.8425595454e-01
    endloop
  endfacet
  facet normal -3.386983e-01 9.395655e-01 -5.000027e-02
    outer loop
      vertex 6.6720801653e-01 6.1543260293e-01 5.0000000000e-01
      vertex 6.5701254478e-01 6.1091655207e-01 4.8420135544e-01
      vertex 6.5159735817e-01 6.0980521055e-01 5.0000000000e-01
    endloop
  endfacet
  facet normal -4.192398e-01 8.897882e-01 -1.803191e-01
    outer loop
      vertex 6.4793337225e-01 6.0352021765e-01 4.6881297044e-01
      vertex 6.4186700295e-01 6.0379152030e-01 4.8425595454e-01
      vertex 6.5701254478e-01 6.1091655207e-01 4.8420135544e-01
    endloop
  endfacet
  facet normal -4.244916e-01 9.017047e-01 -8.207030e-02
    outer loop
      vertex 6.5159735817e-01 6.0980521055e-01 5.0000000000e-01
      vertex 6.5701254478e-01 6.1091655207e-01 4.8420135544e-01
      vertex 6.4186700295e-01 6.0379152030e-01 4.8425595454e-01
    endloop
  endfacet
  facet normal -6.905681e-02 9.963836e-01 -4.950537e-02
    outer loop
      vertex 7.0000000000e-01 6.2000000000e-01 5.0000000000e-01
      vertex 6.9013090417e-01 6.1852260087e-01 4.8403146750e-01
      vertex 6.8344573094e-01 6.1885266583e-01 5.0000000000e-01
    endloop
  endfacet
  facet normal -1.504758e-01 9.718501e-01 -1.812856e-01
    outer loop
      vertex 6.8050481823e-01 6.1412678196e-01 4.6845613327e-01
      vertex 6.7358595670e-01 6.1596711169e-01 4.8406490278e-01
      vertex 6.9013090417e-01 6.1852260087e-01 4.8403146750e-01
    endloop
  endfacet
  facet normal -2.058489e-01 9.773256e-01 -4.960764e-02
    outer loop
      vertex 6.6720801653e-01 6.1543260293e-01 5.0000000000e-01
      vertex 6.8344573094e-01 6.1885266583e-01 5.0000000000e-01
      vertex 6.7358595670e-01 6.1596711169e-01 4.8406490278e-01
    endloop
  endfacet
  facet normal -1.522724e-01 9.847537e-01 -8.410292e-02
    outer loop
      vertex 6.9013090417e-01 6.1852260087e-01 4.8403146750e-01
      vertex 6.7358595670e-01 6.1596711169e-01 4.8406490278e-01
      vertex 6.8344573094e-01 6.1885266583e-01 5.0000000000e-01
    endloop
  endfacet
  facet normal -3.023772e-01 8.521837e-01 -4.270257e-01
    outer loop
      vertex 6.6291796068e-01 5.9708203932e-01 4.4000000000e-01
      vertex 6.5499537190e-01 6.0126937695e-01 4.5396635208e-01
      vertex 6.7135876836e-01 6.0692078290e-01 4.5365751373e-01
    endloop
  endfacet
  facet normal -3.648012e-01 8.790876e-01 -3.067980e-01
    outer loop
      vertex 6.4793337225e-01 6.0352021765e-01 4.6881297044e-01
      vertex 6.6384893451e-01 6.0994930102e-01 4.6831006992e-01
      vertex 6.5499537190e-01 6.0126937695e-01 4.5396635208e-01
    endloop
  endfacet
  facet normal -2.288929e-01 9.233856e-01 -3.081672e-01
    outer loop
      vertex 6.8050481823e-01 6.1412678196e-01 4.6845613327e-01
      vertex 6.7135876836e-01 6.0692078290e-01 4.5365751373e-01
      vertex 6.6384893451e-01 6.0994930102e-01 4.6831006992e-01
    endloop
  endfacet
  facet normal -3.124011e-01 8.857887e-01 -3.431966e-01
    outer loop
      vertex 6.5499537190e-01 6.0126937695e-01 4.5396635208e-01
      vertex 6.6384893451e-01 6.0994930102e-01 4.6831006992e-01
      vertex 6.7135876836e-01 6.0692078290e-01 4.5365751373e-01
    endloop
  endfacet
  facet normal -2.910970e-01 9.529505e-01 -8.454536e-02
    outer loop
      vertex 6.6720801653e-01 6.1543260293e-01 5.0000000000e-01
      vertex 6.7358595670e-01 6.1596711169e-01 4.8406490278e-01
      vertex 6.5701254478e-01 6.1091655207e-01 4.8420135544e-01
    endloop
  endfacet
  facet normal -2.357379e-01 9.474616e-01 -2.162041e-01
    outer loop
      vertex 6.8050481823e-01 6.1412678196e-01 4.6845613327e-01
      vertex 6.6384893451e-01 6.0994930102e-01 4.6831006992e-01
      vertex 6.7358595670e-01 6.1596711169e-01 4.8406490278e-01
    endloop
  endfacet
  facet normal -3.716277e-01 9.031797e-01 -2.148469e-01
    outer loop
      vertex 6.4793337225e-01 6.0352021765e-01 4.6881297044e-01
      vertex 6.5701254478e-01 6.1091655207e-01 4.8420135544e-01
      vertex 6.6384893451e-01 6.0994930102e-01 4.6831006992e-01
    endloop
  endfacet
  facet normal -2.880454e-01 9.403266e-01 -1.811510e-01
    outer loop
      vertex 6.7358595670e-01 6.1596711169e-01 4.8406490278e-01
      vertex 6.6384893451e-01 6.0994930102e-01 4.6831006992e-01
      vertex 6.5701254478e-01 6.1091655207e-01 4.8420135544e-01
    endloop
  endfacet
  facet normal 4.650712e-01 8.838505e-01 -5.017104e-02
    outer loop
      vertex 7.6308773345e-01 6.0207809700e-01 5.0000000000e-01
      vertex 7.5813299705e-01 6.0379152030e-01 4.8425595454e-01
      vertex 7.4840264183e-01 6.0980521055e-01 5.0000000000e-01
    endloop
  endfacet
  facet normal 4.192398e-01 8.897882e-01 -1.803191e-01
    outer loop
      vertex 7.5206662775e-01 6.0352021765e-01 4.6881297044e-01
      vertex 7.4298745522e-01 6.1091655207e-01 4.8420135544e-01
      vertex 7.5813299705e-01 6.0379152030e-01 4.8425595454e-01
    endloop
  endfacet
  facet normal 3.386983e-01 9.395655e-01 -5.000027e-02
    outer loop
      vertex 7.3279198347e-01 6.1543260293e-01 5.0000000000e-01
      vertex 7.4840264183e-01 6.0980521055e-01 5.0000000000e-01
      vertex 7.4298745522e-01 6.1091655207e-01 4.8420135544e-01
    endloop
  endfacet
  facet normal 4.244916e-01 9.017047e-01 -8.207030e-02
    outer loop
      vertex 7.5813299705e-01 6.0379152030e-01 4.8425595454e-01
      vertex 7.4298745522e-01 6.1091655207e-01 4.8420135544e-01
      vertex 7.4840264183e-01 6.0980521055e-01 5.0000000000e-01
    endloop
  endfacet
  facet normal 3.023772e-01 8.521837e-01 -4.270257e-01
    outer loop
      vertex 7.3708203932e-01 5.9708203932e-01 4.4000000000e-01
      vertex 7.2864123164e-01 6.0692078290e-01 4.5365751373e-01
      vertex 7.4500462810e-01 6.0126937695e-01 4.5396635208e-01
    endloop
  endfacet
  facet normal 2.288929e-01 9.233856e-01 -3.081672e-01
    outer loop
      vertex 7.1949518177e-01 6.1412678196e-01 4.6845613327e-01
      vertex 7.3615106549e-01 6.0994930102e-01 4.6831006992e-01
      vertex 7.2864123164e-01 6.0692078290e-01 4.5365751373e-01
    endloop
  endfacet
  facet normal 3.648012e-01 8.790876e-01 -3.067980e-01
    outer loop
      vertex 7.5206662775e-01 6.0352021765e-01 4.6881297044e-01
      vertex 7.4500462810e-01 6.0126937695e-01 4.5396635208e-01
      vertex 7.3615106549e-01 6.0994930102e-01 4.6831006992e-01
    endloop
  endfacet
  facet normal 3.124011e-01 8.857887e-01 -3.431966e-01
    outer loop
      vertex 7.2864123164e-01 6.0692078290e-01 4.5365751373e-01
      vertex 7.3615106549e-01 6.0994930102e-01 4.6831006992e-01
      vertex 7.4500462810e-01 6.0126937695e-01 4.5396635208e-01
    endloop
  endfacet
  facet normal 6.905681e-02 9.963836e-01 -4.950537e-02
    outer loop
      vertex 7.0000000000e-01 6.2000000000e-01 5.0000000000e-01
      vertex 7.1655426906e-01 6.1885266583e-01 5.0000000000e-01
      vertex 7.0986909583e-01 6.1852260087e-01 4.8403146750e-01
    endloop
  endfacet
  facet normal 2.058489e-01 9.773256e-01 -4.960764e-02
    outer loop
      vertex 7.3279198347e-01 6.1543260293e-01 5.0000000000e-01
      vertex 7.2641404330e-01 6.1596711169e-01 4.8406490278e-01
      vertex 7.1655426906e-01 6.1885266583e-01 5.0000000000e-01
    endloop
  endfacet
  facet normal 1.504758e-01 9.718501e-01 -1.812856e-01
    outer loop
      vertex 7.1949518177e-01 6.1412678196e-01 4.6845613327e-01
      vertex 7.0986909583e-01 6.1852260087e-01 4.8403146750e-01
      vertex 7.2641404330e-01 6.1596711169e-01 4.8406490278e-01
    endloop
  endfacet
  facet normal 1.522724e-01 9.847537e-01 -8.410292e-02
    outer loop
      vertex 7.1655426906e-01 6.1885266583e-01 5.0000000000e-01
      vertex 7.2641404330e-01 6.1596711169e-01 4.8406490278e-01
      vertex 7.0986909583e-01 6.1852260087e-01 4.8403146750e-01
    endloop
  endfacet
  facet normal 3.716277e-01 9.031797e-01 -2.148469e-01
    outer loop
      vertex 7.5206662775e-01 6.0352021765e-01 4.6881297044e-01
      vertex 7.3615106549e-01 6.0994930102e-01 4.6831006992e-01
      vertex 7.4298745522e-01 6.1091655207e-01 4.8420135544e-01
    endloop
  endfacet
  facet normal 2.357379e-01 9.474616e-01 -2.162041e-01
    outer loop
      vertex 7.1949518177e-01 6.1412678196e-01 4.6845613327e-01
      vertex 7.2641404330e-01 6.1596711169e-01 4.8406490278e-01
      vertex 7.3615106549e-01 6.0994930102e-01 4.6831006992e-01
    endloop
  endfacet
  facet normal 2.910970e-01 9.529505e-01 -8.454536e-02
    outer loop
      vertex 7.3279198347e-01 6.1543260293e-01 5.0000000000e-01
      vertex 7.4298745522e-01 6.1091655207e-01 4.8420135544e-01
      vertex 7.2641404330e-01 6.1596711169e-01 4.8406490278e-01
    endloop
  endfacet
  facet normal 2.880454e-01 9.403266e-01 -1.811510e-01
    outer loop
      vertex 7.3615106549e-01 6.0994930102e-01 4.6831006992e-01
      vertex 7.2641404330e-01 6.1596711169e-01 4.8406490278e-01
      vertex 7.4298745522e-01 6.1091655207e-01 4.8420135544e-01
    endloop
  endfacet
  facet normal 0.000000e+00 5.964207e-01 -8.026720e-01
    outer loop
      vertex 7.0000000000e-01 5.6308773345e-01 3.9792190300e-01
      vertex 6.9026964479e-01 5.7387704250e-01 4.0593883491e-01
      vertex 7.0973035521e-01 5.7387704250e-01 4.0593883491e-01
    endloop
  endfacet
  facet normal -8.054149e-02 6.804611e-01 -7.283445e-01
    outer loop
      vertex 6.8072535572e-01 5.8325365731e-01 4.1575442663e-01
      vertex 7.0000000000e-01 5.8434884366e-01 4.1464619180e-01
      vertex 6.9026964479e-01 5.7387704250e-01 4.0593883491e-01
    endloop
  endfacet
  facet normal 8.054149e-02 6.804611e-01 -7.283445e-01
    outer loop
      vertex 7.1927464428e-01 5.8325365731e-01 4.1575442663e-01
      vertex 7.0973035521e-01 5.7387704250e-01 4.0593883491e-01
      vertex 7.0000000000e-01 5.8434884366e-01 4.1464619180e-01
    endloop
  endfacet
  facet normal 0.000000e+00 6.393544e-01 -7.689122e-01
    outer loop
      vertex 6.9026964479e-01 5.7387704250e-01 4.0593883491e-01
      vertex 7.0000000000e-01 5.8434884366e-01 4.1464619180e-01
      vertex 7.0973035521e-01 5.7387704250e-01 4.0593883491e-01
    endloop
  endfacet
  facet normal -2.333204e-01 8.095043e-01 -5.387620e-01
    outer loop
      vertex 6.6291796068e-01 5.9708203932e-01 4.4000000000e-01
      vertex 6.8122786420e-01 6.0082134624e-01 4.3768898123e-01
      vertex 6.7154964096e-01 5.9103827602e-01 4.2718098209e-01
    endloop
  endfacet
  facet normal -7.841715e-02 8.303865e-01 -5.516422e-01
    outer loop
      vertex 7.0000000000e-01 6.0207809700e-01 4.3691226655e-01
      vertex 6.9026297781e-01 5.9362452449e-01 4.2557125009e-01
      vertex 6.8122786420e-01 6.0082134624e-01 4.3768898123e-01
    endloop
  endfacet
  facet normal -1.589524e-01 7.518660e-01 -6.398684e-01
    outer loop
      vertex 6.8072535572e-01 5.8325365731e-01 4.1575442663e-01
      vertex 6.7154964096e-01 5.9103827602e-01 4.2718098209e-01
      vertex 6.9026297781e-01 5.9362452449e-01 4.2557125009e-01
    endloop
  endfacet
  facet normal -1.601287e-01 7.916792e-01 -5.895786e-01
    outer loop
      vertex 6.8122786420e-01 6.0082134624e-01 4.3768898123e-01
      vertex 6.9026297781e-01 5.9362452449e-01 4.2557125009e-01
      vertex 6.7154964096e-01 5.9103827602e-01 4.2718098209e-01
    endloop
  endfacet
  facet normal 2.333204e-01 8.095043e-01 -5.387620e-01
    outer loop
      vertex 7.3708203932e-01 5.9708203932e-01 4.4000000000e-01
      vertex 7.2845035904e-01 5.9103827602e-01 4.2718098209e-01
      vertex 7.1877213580e-01 6.0082134624e-01 4.3768898123e-01
    endloop
  endfacet
  facet normal 1.589524e-01 7.518660e-01 -6.398684e-01
    outer loop
      vertex 7.1927464428e-01 5.8325365731e-01 4.1575442663e-01
      vertex 7.0973702219e-01 5.9362452449e-01 4.2557125009e-01
      vertex 7.2845035904e-01 5.9103827602e-01 4.2718098209e-01
    endloop
  endfacet
  facet normal 7.841715e-02 8.303865e-01 -5.516422e-01
    outer loop
      vertex 7.0000000000e-01 6.0207809700e-01 4.3691226655e-01
      vertex 7.1877213580e-01 6.0082134624e-01 4.3768898123e-01
      vertex 7.0973702219e-01 5.9362452449e-01 4.2557125009e-01
    endloop
  endfacet
  facet normal 1.601287e-01 7.916792e-01 -5.895786e-01
    outer loop
      vertex 7.2845035904e-01 5.9103827602e-01 4.2718098209e-01
      vertex 7.0973702219e-01 5.9362452449e-01 4.2557125009e-01
      vertex 7.1877213580e-01 6.0082134624e-01 4.3768898123e-01
    endloop
  endfacet
  facet normal -8.053079e-02 7.232719e-01 -6.858517e-01
    outer loop
      vertex 6.8072535572e-01 5.8325365731e-01 4.1575442663e-01
      vertex 6.9026297781e-01 5.9362452449e-01 4.2557125009e-01
      vertex 7.0000000000e-01 5.8434884366e-01 4.1464619180e-01
    endloop
  endfacet
  facet normal 0.000000e+00 8.017675e-01 -5.976360e-01
    outer loop
      vertex 7.0000000000e-01 6.0207809700e-01 4.3691226655e-01
      vertex 7.0973702219e-01 5.9362452449e-01 4.2557125009e-01
      vertex 6.9026297781e-01 5.9362452449e-01 4.2557125009e-01
    endloop
  endfacet
  facet normal 8.053079e-02 7.232719e-01 -6.858517e-01
    outer loop
      vertex 7.1927464428e-01 5.8325365731e-01 4.1575442663e-01
      vertex 7.0000000000e-01 5.8434884366e-01 4.1464619180e-01
      vertex 7.0973702219e-01 5.9362452449e-01 4.2557125009e-01
    endloop
  endfacet
  facet normal 0.000000e+00 7.623048e-01 -6.472182e-01
    outer loop
      vertex 6.9026297781e-01 5.9362452449e-01 4.2557125009e-01
      vertex 7.0973702219e-01 5.9362452449e-01 4.2557125009e-01
      vertex 7.0000000000e-01 5.8434884366e-01 4.1464619180e-01
    endloop
  endfacet
  facet normal 0.000000e+00 9.957474e-01 -9.212595e-02
    outer loop
      vertex 7.0000000000e-01 6.2000000000e-01 5.0000000000e-01
      vertex 7.0986909583e-01 6.1852260087e-01 4.8403146750e-01
      vertex 6.9013090417e-01 6.1852260087e-01 4.8403146750e-01
    endloop
  endfacet
  facet normal 8.142553e-02 9.712310e-01 -2.237863e-01
    outer loop
      vertex 7.1949518177e-01 6.1412678196e-01 4.6845613327e-01
      vertex 7.0000000000e-01 6.1566335162e-01 4.6803143586e-01
      vertex 7.0986909583e-01 6.1852260087e-01 4.8403146750e-01
    endloop
  endfacet
  facet normal -8.142553e-02 9.712310e-01 -2.237863e-01
    outer loop
      vertex 6.8050481823e-01 6.1412678196e-01 4.6845613327e-01
      vertex 6.9013090417e-01 6.1852260087e-01 4.8403146750e-01
      vertex 7.0000000000e-01 6.1566335162e-01 4.6803143586e-01
    endloop
  endfacet
  facet normal 0.000000e+00 9.844052e-01 -1.759159e-01
    outer loop
      vertex 7.0986909583e-01 6.1852260087e-01 4.8403146750e-01
      vertex 7.0000000000e-01 6.1566335162e-01 4.6803143586e-01
      vertex 6.9013090417e-01 6.1852260087e-01 4.8403146750e-01
    endloop
  endfacet
  facet normal 2.331714e-01 8.516395e-01 -4.694052e-01
    outer loop
      vertex 7.3708203932e-01 5.9708203932e-01 4.4000000000e-01
      vertex 7.1877213580e-01 6.0082134624e-01 4.3768898123e-01
      vertex 7.2864123164e-01 6.0692078290e-01 4.5365751373e-01
    endloop
  endfacet
  facet normal 7.836719e-02 8.724736e-01 -4.823363e-01
    outer loop
      vertex 7.0000000000e-01 6.0207809700e-01 4.3691226655e-01
      vertex 7.0987882960e-01 6.0955789915e-01 4.5204715380e-01
      vertex 7.1877213580e-01 6.0082134624e-01 4.3768898123e-01
    endloop
  endfacet
  facet normal 1.597927e-01 9.227974e-01 -3.505871e-01
    outer loop
      vertex 7.1949518177e-01 6.1412678196e-01 4.6845613327e-01
      vertex 7.2864123164e-01 6.0692078290e-01 4.5365751373e-01
      vertex 7.0987882960e-01 6.0955789915e-01 4.5204715380e-01
    endloop
  endfacet
  facet normal 1.618790e-01 8.843585e-01 -4.378416e-01
    outer loop
      vertex 7.1877213580e-01 6.0082134624e-01 4.3768898123e-01
      vertex 7.0987882960e-01 6.0955789915e-01 4.5204715380e-01
      vertex 7.2864123164e-01 6.0692078290e-01 4.5365751373e-01
    endloop
  endfacet
  facet normal -2.331714e-01 8.516395e-01 -4.694052e-01
    outer loop
      vertex 6.6291796068e-01 5.9708203932e-01 4.4000000000e-01
      vertex 6.7135876836e-01 6.0692078290e-01 4.5365751373e-01
      vertex 6.8122786420e-01 6.0082134624e-01 4.3768898123e-01
    endloop
  endfacet
  facet normal -1.597927e-01 9.227974e-01 -3.505871e-01
    outer loop
      vertex 6.8050481823e-01 6.1412678196e-01 4.6845613327e-01
      vertex 6.9012117040e-01 6.0955789915e-01 4.5204715380e-01
      vertex 6.7135876836e-01 6.0692078290e-01 4.5365751373e-01
    endloop
  endfacet
  facet normal -7.836719e-02 8.724736e-01 -4.823363e-01
    outer loop
      vertex 7.0000000000e-01 6.0207809700e-01 4.3691226655e-01
      vertex 6.8122786420e-01 6.0082134624e-01 4.3768898123e-01
      vertex 6.9012117040e-01 6.0955789915e-01 4.5204715380e-01
    endloop
  endfacet
  facet normal -1.618790e-01 8.843585e-01 -4.378416e-01
    outer loop
      vertex 6.7135876836e-01 6.0692078290e-01 4.5365751373e-01
      vertex 6.9012117040e-01 6.0955789915e-01 4.5204715380e-01
      vertex 6.8122786420e-01 6.0082134624e-01 4.3768898123e-01
    endloop
  endfacet
  facet normal 8.140770e-02 9.468068e-01 -3.113353e-01
    outer loop
      vertex 7.1949518177e-01 6.1412678196e-01 4.6845613327e-01
      vertex 7.0987882960e-01 6.0955789915e-01 4.5204715380e-01
      vertex 7.0000000000e-01 6.1566335162e-01 4.6803143586e-01
    endloop
  endfacet
  facet normal 0.000000e+00 8.964941e-01 -4.430557e-01
    outer loop
      vertex 7.0000000000e-01 6.0207809700e-01 4.3691226655e-01
      vertex 6.9012117040e-01 6.0955789915e-01 4.5204715380e-01
      vertex 7.0987882960e-01 6.0955789915e-01 4.5204715380e-01
    endloop
  endfacet
  facet normal -8.140770e-02 9.468068e-01 -3.113353e-01
    outer loop
      vertex 6.8050481823e-01 6.1412678196e-01 4.6845613327e-01
      vertex 7.0000000000e-01 6.1566335162e-01 4.6803143586e-01
      vertex 6.9012117040e-01 6.0955789915e-01 4.5204715380e-01
    endloop
  endfacet
  facet normal 0.000000e+00 9.341724e-01 -3.568221e-01
    outer loop
      vertex 7.0987882960e-01 6.0955789915e-01 4.5204715380e-01
      vertex 6.9012117040e-01 6.0955789915e-01 4.5204715380e-01
      vertex 7.0000000000e-01 6.1566335162e-01 4.6803143586e-01
    endloop
  endfacet
  facet normal -5.462496e-01 8.336794e-01 -8.117845e-02
    outer loop
      vertex 6.3691226655e-01 6.0207809700e-01 5.0000000000e-01
      vertex 6.4186700295e-01 6.0379152030e-01 4.8425595454e-01
      vertex 6.2612295750e-01 5.9406116509e-01 4.9026964479e-01
    endloop
  endfacet
  facet normal -5.001420e-01 8.397879e-01 -2.112210e-01
    outer loop
      vertex 6.4793337225e-01 6.0352021765e-01 4.6881297044e-01
      vertex 6.3144980090e-01 5.9511790751e-01 4.7443725612e-01
      vertex 6.4186700295e-01 6.0379152030e-01 4.8425595454e-01
    endloop
  endfacet
  facet normal -6.304608e-01 7.592464e-01 -1.614436e-01
    outer loop
      vertex 6.1674634269e-01 5.8424557337e-01 4.8072535572e-01
      vertex 6.2612295750e-01 5.9406116509e-01 4.9026964479e-01
      vertex 6.3144980090e-01 5.9511790751e-01 4.7443725612e-01
    endloop
  endfacet
  facet normal -5.572841e-01 8.196344e-01 -1.327925e-01
    outer loop
      vertex 6.4186700295e-01 6.0379152030e-01 4.8425595454e-01
      vertex 6.3144980090e-01 5.9511790751e-01 4.7443725612e-01
      vertex 6.2612295750e-01 5.9406116509e-01 4.9026964479e-01
    endloop
  endfacet
  facet normal -3.824786e-01 8.026783e-01 -4.576217e-01
    outer loop
      vertex 6.6291796068e-01 5.9708203932e-01 4.4000000000e-01
      vertex 6.4552114003e-01 5.9095225041e-01 4.4378841790e-01
      vertex 6.5499537190e-01 6.0126937695e-01 4.5396635208e-01
    endloop
  endfacet
  facet normal -5.222192e-01 7.421000e-01 -4.202079e-01
    outer loop
      vertex 6.2946576972e-01 5.8258291523e-01 4.4896095150e-01
      vertex 6.3806540559e-01 5.9401420380e-01 4.5846163823e-01
      vertex 6.4552114003e-01 5.9095225041e-01 4.4378841790e-01
    endloop
  endfacet
  facet normal -4.450681e-01 8.294800e-01 -3.374572e-01
    outer loop
      vertex 6.4793337225e-01 6.0352021765e-01 4.6881297044e-01
      vertex 6.5499537190e-01 6.0126937695e-01 4.5396635208e-01
      vertex 6.3806540559e-01 5.9401420380e-01 4.5846163823e-01
    endloop
  endfacet
  facet normal -4.484825e-01 8.016858e-01 -3.951751e-01
    outer loop
      vertex 6.4552114003e-01 5.9095225041e-01 4.4378841790e-01
      vertex 6.3806540559e-01 5.9401420380e-01 4.5846163823e-01
      vertex 6.5499537190e-01 6.0126937695e-01 4.5396635208e-01
    endloop
  endfacet
  facet normal -7.599989e-01 5.693580e-01 -3.134218e-01
    outer loop
      vertex 6.0291796068e-01 5.6000000000e-01 4.6291796068e-01
      vertex 6.0896172398e-01 5.7281901791e-01 4.7154964096e-01
      vertex 6.1514718626e-01 5.7218011460e-01 4.5539023586e-01
    endloop
  endfacet
  facet normal -7.022584e-01 6.705276e-01 -2.392192e-01
    outer loop
      vertex 6.1674634269e-01 5.8424557337e-01 4.8072535572e-01
      vertex 6.2231057273e-01 5.8427718161e-01 4.6447944889e-01
      vertex 6.0896172398e-01 5.7281901791e-01 4.7154964096e-01
    endloop
  endfacet
  facet normal -6.491008e-01 6.636828e-01 -3.717435e-01
    outer loop
      vertex 6.2946576972e-01 5.8258291523e-01 4.4896095150e-01
      vertex 6.1514718626e-01 5.7218011460e-01 4.5539023586e-01
      vertex 6.2231057273e-01 5.8427718161e-01 4.6447944889e-01
    endloop
  endfacet
  facet normal -7.075762e-01 6.415571e-01 -2.962101e-01
    outer loop
      vertex 6.0896172398e-01 5.7281901791e-01 4.7154964096e-01
      vertex 6.2231057273e-01 5.8427718161e-01 4.6447944889e-01
      vertex 6.1514718626e-01 5.7218011460e-01 4.5539023586e-01
    endloop
  endfacet
  facet normal -5.084250e-01 8.186344e-01 -2.670988e-01
    outer loop
      vertex 6.4793337225e-01 6.0352021765e-01 4.6881297044e-01
      vertex 6.3806540559e-01 5.9401420380e-01 4.5846163823e-01
      vertex 6.3144980090e-01 5.9511790751e-01 4.7443725612e-01
    endloop
  endfacet
  facet normal -5.855635e-01 7.312575e-01 -3.498255e-01
    outer loop
      vertex 6.2946576972e-01 5.8258291523e-01 4.4896095150e-01
      vertex 6.2231057273e-01 5.8427718161e-01 4.6447944889e-01
      vertex 6.3806540559e-01 5.9401420380e-01 4.5846163823e-01
    endloop
  endfacet
  facet normal -6.387266e-01 7.381036e-01 -2.173281e-01
    outer loop
      vertex 6.1674634269e-01 5.8424557337e-01 4.8072535572e-01
      vertex 6.3144980090e-01 5.9511790751e-01 4.7443725612e-01
      vertex 6.2231057273e-01 5.8427718161e-01 4.6447944889e-01
    endloop
  endfacet
  facet normal -5.811538e-01 7.591756e-01 -2.931085e-01
    outer loop
      vertex 6.3806540559e-01 5.9401420380e-01 4.5846163823e-01
      vertex 6.2231057273e-01 5.8427718161e-01 4.6447944889e-01
      vertex 6.3144980090e-01 5.9511790751e-01 4.7443725612e-01
    endloop
  endfacet
  facet normal -8.117845e-02 5.462496e-01 -8.336794e-01
    outer loop
      vertex 7.0000000000e-01 5.6308773345e-01 3.9792190300e-01
      vertex 6.8425595454e-01 5.5813299705e-01 3.9620847970e-01
      vertex 6.9026964479e-01 5.7387704250e-01 4.0593883491e-01
    endloop
  endfacet
  facet normal -2.112210e-01 5.001420e-01 -8.397879e-01
    outer loop
      vertex 6.6881297044e-01 5.5206662775e-01 3.9647978235e-01
      vertex 6.7443725612e-01 5.6855019910e-01 4.0488209249e-01
      vertex 6.8425595454e-01 5.5813299705e-01 3.9620847970e-01
    endloop
  endfacet
  facet normal -1.614436e-01 6.304608e-01 -7.592464e-01
    outer loop
      vertex 6.8072535572e-01 5.8325365731e-01 4.1575442663e-01
      vertex 6.9026964479e-01 5.7387704250e-01 4.0593883491e-01
      vertex 6.7443725612e-01 5.6855019910e-01 4.0488209249e-01
    endloop
  endfacet
  facet normal -1.327925e-01 5.572841e-01 -8.196344e-01
    outer loop
      vertex 6.8425595454e-01 5.5813299705e-01 3.9620847970e-01
      vertex 6.7443725612e-01 5.6855019910e-01 4.0488209249e-01
      vertex 6.9026964479e-01 5.7387704250e-01 4.0593883491e-01
    endloop
  endfacet
  facet normal -4.576217e-01 3.824786e-01 -8.026783e-01
    outer loop
      vertex 6.4000000000e-01 5.3708203932e-01 4.0291796068e-01
      vertex 6.4378841790e-01 5.5447885997e-01 4.0904774959e-01
      vertex 6.5396635208e-01 5.4500462810e-01 3.9873062305e-01
    endloop
  endfacet
  facet normal -4.202079e-01 5.222192e-01 -7.421000e-01
    outer loop
      vertex 6.4896095150e-01 5.7053423028e-01 4.1741708477e-01
      vertex 6.5846163823e-01 5.6193459441e-01 4.0598579620e-01
      vertex 6.4378841790e-01 5.5447885997e-01 4.0904774959e-01
    endloop
  endfacet
  facet normal -3.374572e-01 4.450681e-01 -8.294800e-01
    outer loop
      vertex 6.6881297044e-01 5.5206662775e-01 3.9647978235e-01
      vertex 6.5396635208e-01 5.4500462810e-01 3.9873062305e-01
      vertex 6.5846163823e-01 5.6193459441e-01 4.0598579620e-01
    endloop
  endfacet
  facet normal -3.951751e-01 4.484825e-01 -8.016858e-01
    outer loop
      vertex 6.4378841790e-01 5.5447885997e-01 4.0904774959e-01
      vertex 6.5846163823e-01 5.6193459441e-01 4.0598579620e-01
      vertex 6.5396635208e-01 5.4500462810e-01 3.9873062305e-01
    endloop
  endfacet
  facet normal -3.134218e-01 7.599989e-01 -5.693580e-01
    outer loop
      vertex 6.6291796068e-01 5.9708203932e-01 4.4000000000e-01
      vertex 6.7154964096e-01 5.9103827602e-01 4.2718098209e-01
      vertex 6.5539023586e-01 5.8485281374e-01 4.2781988540e-01
    endloop
  endfacet
  facet normal -2.392192e-01 7.022584e-01 -6.705276e-01
    outer loop
      vertex 6.8072535572e-01 5.8325365731e-01 4.1575442663e-01
      vertex 6.6447944889e-01 5.7768942727e-01 4.1572281839e-01
      vertex 6.7154964096e-01 5.9103827602e-01 4.2718098209e-01
    endloop
  endfacet
  facet normal -3.717435e-01 6.491008e-01 -6.636828e-01
    outer loop
      vertex 6.4896095150e-01 5.7053423028e-01 4.1741708477e-01
      vertex 6.5539023586e-01 5.8485281374e-01 4.2781988540e-01
      vertex 6.6447944889e-01 5.7768942727e-01 4.1572281839e-01
    endloop
  endfacet
  facet normal -2.962101e-01 7.075762e-01 -6.415571e-01
    outer loop
      vertex 6.7154964096e-01 5.9103827602e-01 4.2718098209e-01
      vertex 6.6447944889e-01 5.7768942727e-01 4.1572281839e-01
      vertex 6.5539023586e-01 5.8485281374e-01 4.2781988540e-01
    endloop
  endfacet
  facet normal -2.670988e-01 5.084250e-01 -8.186344e-01
    outer loop
      vertex 6.6881297044e-01 5.5206662775e-01 3.9647978235e-01
      vertex 6.5846163823e-01 5.6193459441e-01 4.0598579620e-01
      vertex 6.7443725612e-01 5.6855019910e-01 4.0488209249e-01
    endloop
  endfacet
  facet normal -3.498255e-01 5.855635e-01 -7.312575e-01
    outer loop
      vertex 6.4896095150e-01 5.7053423028e-01 4.1741708477e-01
      vertex 6.6447944889e-01 5.7768942727e-01 4.1572281839e-01
      vertex 6.5846163823e-01 5.6193459441e-01 4.0598579620e-01
    endloop
  endfacet
  facet normal -2.173281e-01 6.387266e-01 -7.381036e-01
    outer loop
      vertex 6.8072535572e-01 5.8325365731e-01 4.1575442663e-01
      vertex 6.7443725612e-01 5.6855019910e-01 4.0488209249e-01
      vertex 6.6447944889e-01 5.7768942727e-01 4.1572281839e-01
    endloop
  endfacet
  facet normal -2.931085e-01 5.811538e-01 -7.591756e-01
    outer loop
      vertex 6.5846163823e-01 5.6193459441e-01 4.0598579620e-01
      vertex 6.6447944889e-01 5.7768942727e-01 4.1572281839e-01
      vertex 6.7443725612e-01 5.6855019910e-01 4.0488209249e-01
    endloop
  endfacet
  facet normal -8.336794e-01 8.117845e-02 -5.462496e-01
    outer loop
      vertex 5.9792190300e-01 5.0000000000e-01 4.3691226655e-01
      vertex 5.9620847970e-01 5.1574404546e-01 4.4186700295e-01
      vertex 6.0593883491e-01 5.0973035521e-01 4.2612295750e-01
    endloop
  endfacet
  facet normal -8.397879e-01 2.112210e-01 -5.001420e-01
    outer loop
      vertex 5.9647978235e-01 5.3118702956e-01 4.4793337225e-01
      vertex 6.0488209249e-01 5.2556274388e-01 4.3144980090e-01
      vertex 5.9620847970e-01 5.1574404546e-01 4.4186700295e-01
    endloop
  endfacet
  facet normal -7.592464e-01 1.614436e-01 -6.304608e-01
    outer loop
      vertex 6.1575442663e-01 5.1927464428e-01 4.1674634269e-01
      vertex 6.0593883491e-01 5.0973035521e-01 4.2612295750e-01
      vertex 6.0488209249e-01 5.2556274388e-01 4.3144980090e-01
    endloop
  endfacet
  facet normal -8.196344e-01 1.327925e-01 -5.572841e-01
    outer loop
      vertex 5.9620847970e-01 5.1574404546e-01 4.4186700295e-01
      vertex 6.0488209249e-01 5.2556274388e-01 4.3144980090e-01
      vertex 6.0593883491e-01 5.0973035521e-01 4.2612295750e-01
    endloop
  endfacet
  facet normal -8.026783e-01 4.576217e-01 -3.824786e-01
    outer loop
      vertex 6.0291796068e-01 5.6000000000e-01 4.6291796068e-01
      vertex 6.0904774959e-01 5.5621158210e-01 4.4552114003e-01
      vertex 5.9873062305e-01 5.4603364792e-01 4.5499537190e-01
    endloop
  endfacet
  facet normal -7.421000e-01 4.202079e-01 -5.222192e-01
    outer loop
      vertex 6.1741708477e-01 5.5103904850e-01 4.2946576972e-01
      vertex 6.0598579620e-01 5.4153836177e-01 4.3806540559e-01
      vertex 6.0904774959e-01 5.5621158210e-01 4.4552114003e-01
    endloop
  endfacet
  facet normal -8.294800e-01 3.374572e-01 -4.450681e-01
    outer loop
      vertex 5.9647978235e-01 5.3118702956e-01 4.4793337225e-01
      vertex 5.9873062305e-01 5.4603364792e-01 4.5499537190e-01
      vertex 6.0598579620e-01 5.4153836177e-01 4.3806540559e-01
    endloop
  endfacet
  facet normal -8.016858e-01 3.951751e-01 -4.484825e-01
    outer loop
      vertex 6.0904774959e-01 5.5621158210e-01 4.4552114003e-01
      vertex 6.0598579620e-01 5.4153836177e-01 4.3806540559e-01
      vertex 5.9873062305e-01 5.4603364792e-01 4.5499537190e-01
    endloop
  endfacet
  facet normal -5.693580e-01 3.134218e-01 -7.599989e-01
    outer loop
      vertex 6.4000000000e-01 5.3708203932e-01 4.0291796068e-01
      vertex 6.2718098209e-01 5.2845035904e-01 4.0896172398e-01
      vertex 6.2781988540e-01 5.4460976414e-01 4.1514718626e-01
    endloop
  endfacet
  facet normal -6.705276e-01 2.392192e-01 -7.022584e-01
    outer loop
      vertex 6.1575442663e-01 5.1927464428e-01 4.1674634269e-01
      vertex 6.1572281839e-01 5.3552055111e-01 4.2231057273e-01
      vertex 6.2718098209e-01 5.2845035904e-01 4.0896172398e-01
    endloop
  endfacet
  facet normal -6.636828e-01 3.717435e-01 -6.491008e-01
    outer loop
      vertex 6.1741708477e-01 5.5103904850e-01 4.2946576972e-01
      vertex 6.2781988540e-01 5.4460976414e-01 4.1514718626e-01
      vertex 6.1572281839e-01 5.3552055111e-01 4.2231057273e-01
    endloop
  endfacet
  facet normal -6.415571e-01 2.962101e-01 -7.075762e-01
    outer loop
      vertex 6.2718098209e-01 5.2845035904e-01 4.0896172398e-01
      vertex 6.1572281839e-01 5.3552055111e-01 4.2231057273e-01
      vertex 6.2781988540e-01 5.4460976414e-01 4.1514718626e-01
    endloop
  endfacet
  facet normal -8.186344e-01 2.670988e-01 -5.084250e-01
    outer loop
      vertex 5.9647978235e-01 5.3118702956e-01 4.4793337225e-01
      vertex 6.0598579620e-01 5.4153836177e-01 4.3806540559e-01
      vertex 6.0488209249e-01 5.2556274388e-01 4.3144980090e-01
    endloop
  endfacet
  facet normal -7.312575e-01 3.498255e-01 -5.855635e-01
    outer loop
      vertex 6.1741708477e-01 5.5103904850e-01 4.2946576972e-01
      vertex 6.1572281839e-01 5.3552055111e-01 4.2231057273e-01
      vertex 6.0598579620e-01 5.4153836177e-01 4.3806540559e-01
    endloop
  endfacet
  facet normal -7.381036e-01 2.173281e-01 -6.387266e-01
    outer loop
      vertex 6.1575442663e-01 5.1927464428e-01 4.1674634269e-01
      vertex 6.0488209249e-01 5.2556274388e-01 4.3144980090e-01
      vertex 6.1572281839e-01 5.3552055111e-01 4.2231057273e-01
    endloop
  endfacet
  facet normal -7.591756e-01 2.931085e-01 -5.811538e-01
    outer loop
      vertex 6.0598579620e-01 5.4153836177e-01 4.3806540559e-01
      vertex 6.1572281839e-01 5.3552055111e-01 4.2231057273e-01
      vertex 6.0488209249e-01 5.2556274388e-01 4.3144980090e-01
    endloop
  endfacet
  facet normal -3.822343e-01 7.595136e-01 -5.263422e-01
    outer loop
      vertex 6.6291796068e-01 5.9708203932e-01 4.4000000000e-01
      vertex 6.5539023586e-01 5.8485281374e-01 4.2781988540e-01
      vertex 6.4552114003e-01 5.9095225041e-01 4.4378841790e-01
    endloop
  endfacet
  facet normal -4.404610e-01 6.486873e-01 -6.206439e-01
    outer loop
      vertex 6.4896095150e-01 5.7053423028e-01 4.1741708477e-01
      vertex 6.3839494705e-01 5.7758933502e-01 4.3228949459e-01
      vertex 6.5539023586e-01 5.8485281374e-01 4.2781988540e-01
    endloop
  endfacet
  facet normal -5.218865e-01 6.990111e-01 -4.888946e-01
    outer loop
      vertex 6.2946576972e-01 5.8258291523e-01 4.4896095150e-01
      vertex 6.4552114003e-01 5.9095225041e-01 4.4378841790e-01
      vertex 6.3839494705e-01 5.7758933502e-01 4.3228949459e-01
    endloop
  endfacet
  facet normal -4.465169e-01 7.084426e-01 -5.465636e-01
    outer loop
      vertex 6.5539023586e-01 5.8485281374e-01 4.2781988540e-01
      vertex 6.3839494705e-01 5.7758933502e-01 4.3228949459e-01
      vertex 6.4552114003e-01 5.9095225041e-01 4.4378841790e-01
    endloop
  endfacet
  facet normal -5.263422e-01 3.822343e-01 -7.595136e-01
    outer loop
      vertex 6.4000000000e-01 5.3708203932e-01 4.0291796068e-01
      vertex 6.2781988540e-01 5.4460976414e-01 4.1514718626e-01
      vertex 6.4378841790e-01 5.5447885997e-01 4.0904774959e-01
    endloop
  endfacet
  facet normal -6.206439e-01 4.404610e-01 -6.486873e-01
    outer loop
      vertex 6.1741708477e-01 5.5103904850e-01 4.2946576972e-01
      vertex 6.3228949459e-01 5.6160505295e-01 4.2241066498e-01
      vertex 6.2781988540e-01 5.4460976414e-01 4.1514718626e-01
    endloop
  endfacet
  facet normal -4.888946e-01 5.218865e-01 -6.990111e-01
    outer loop
      vertex 6.4896095150e-01 5.7053423028e-01 4.1741708477e-01
      vertex 6.4378841790e-01 5.5447885997e-01 4.0904774959e-01
      vertex 6.3228949459e-01 5.6160505295e-01 4.2241066498e-01
    endloop
  endfacet
  facet normal -5.465636e-01 4.465169e-01 -7.084426e-01
    outer loop
      vertex 6.2781988540e-01 5.4460976414e-01 4.1514718626e-01
      vertex 6.3228949459e-01 5.6160505295e-01 4.2241066498e-01
      vertex 6.4378841790e-01 5.5447885997e-01 4.0904774959e-01
    endloop
  endfacet
  facet normal -7.595136e-01 5.263422e-01 -3.822343e-01
    outer loop
      vertex 6.0291796068e-01 5.6000000000e-01 4.6291796068e-01
      vertex 6.1514718626e-01 5.7218011460e-01 4.5539023586e-01
      vertex 6.0904774959e-01 5.5621158210e-01 4.4552114003e-01
    endloop
  endfacet
  facet normal -6.486873e-01 6.206439e-01 -4.404610e-01
    outer loop
      vertex 6.2946576972e-01 5.8258291523e-01 4.4896095150e-01
      vertex 6.2241066498e-01 5.6771050541e-01 4.3839494705e-01
      vertex 6.1514718626e-01 5.7218011460e-01 4.5539023586e-01
    endloop
  endfacet
  facet normal -6.990111e-01 4.888946e-01 -5.218865e-01
    outer loop
      vertex 6.1741708477e-01 5.5103904850e-01 4.2946576972e-01
      vertex 6.0904774959e-01 5.5621158210e-01 4.4552114003e-01
      vertex 6.2241066498e-01 5.6771050541e-01 4.3839494705e-01
    endloop
  endfacet
  facet normal -7.084426e-01 5.465636e-01 -4.465169e-01
    outer loop
      vertex 6.1514718626e-01 5.7218011460e-01 4.5539023586e-01
      vertex 6.2241066498e-01 5.6771050541e-01 4.3839494705e-01
      vertex 6.0904774959e-01 5.5621158210e-01 4.4552114003e-01
    endloop
  endfacet
  facet normal -5.037511e-01 5.851588e-01 -6.354715e-01
    outer loop
      vertex 6.4896095150e-01 5.7053423028e-01 4.1741708477e-01
      vertex 6.3228949459e-01 5.6160505295e-01 4.2241066498e-01
      vertex 6.3839494705e-01 5.7758933502e-01 4.3228949459e-01
    endloop
  endfacet
  facet normal -6.354715e-01 5.037511e-01 -5.851588e-01
    outer loop
      vertex 6.1741708477e-01 5.5103904850e-01 4.2946576972e-01
      vertex 6.2241066498e-01 5.6771050541e-01 4.3839494705e-01
      vertex 6.3228949459e-01 5.6160505295e-01 4.2241066498e-01
    endloop
  endfacet
  facet normal -5.851588e-01 6.354715e-01 -5.037511e-01
    outer loop
      vertex 6.2946576972e-01 5.8258291523e-01 4.4896095150e-01
      vertex 6.3839494705e-01 5.7758933502e-01 4.3228949459e-01
      vertex 6.2241066498e-01 5.6771050541e-01 4.3839494705e-01
    endloop
  endfacet
  facet normal -5.773503e-01 5.773503e-01 -5.773503e-01
    outer loop
      vertex 6.3228949459e-01 5.6160505295e-01 4.2241066498e-01
      vertex 6.2241066498e-01 5.6771050541e-01 4.3839494705e-01
      vertex 6.3839494705e-01 5.7758933502e-01 4.3228949459e-01
    endloop
  endfacet
  facet normal -5.964207e-01 8.026720e-01 0.000000e+00
    outer loop
      vertex 6.3691226655e-01 6.0207809700e-01 5.0000000000e-01
      vertex 6.2612295750e-01 5.9406116509e-01 4.9026964479e-01
      vertex 6.2612295750e-01 5.9406116509e-01 5.0973035521e-01
    endloop
  endfacet
  facet normal -6.804611e-01 7.283445e-01 -8.054149e-02
    outer loop
      vertex 6.1674634269e-01 5.8424557337e-01 4.8072535572e-01
      vertex 6.1565115634e-01 5.8535380820e-01 5.0000000000e-01
      vertex 6.2612295750e-01 5.9406116509e-01 4.9026964479e-01
    endloop
  endfacet
  facet normal -6.804611e-01 7.283445e-01 8.054149e-02
    outer loop
      vertex 6.1674634269e-01 5.8424557337e-01 5.1927464428e-01
      vertex 6.2612295750e-01 5.9406116509e-01 5.0973035521e-01
      vertex 6.1565115634e-01 5.8535380820e-01 5.0000000000e-01
    endloop
  endfacet
  facet normal -6.393544e-01 7.689122e-01 0.000000e+00
    outer loop
      vertex 6.2612295750e-01 5.9406116509e-01 4.9026964479e-01
      vertex 6.1565115634e-01 5.8535380820e-01 5.0000000000e-01
      vertex 6.2612295750e-01 5.9406116509e-01 5.0973035521e-01
    endloop
  endfacet
  facet normal -8.095043e-01 5.387620e-01 -2.333204e-01
    outer loop
      vertex 6.0291796068e-01 5.6000000000e-01 4.6291796068e-01
      vertex 5.9917865376e-01 5.6231101877e-01 4.8122786420e-01
      vertex 6.0896172398e-01 5.7281901791e-01 4.7154964096e-01
    endloop
  endfacet
  facet normal -8.303865e-01 5.516422e-01 -7.841715e-02
    outer loop
      vertex 5.9792190300e-01 5.6308773345e-01 5.0000000000e-01
      vertex 6.0637547551e-01 5.7442874991e-01 4.9026297781e-01
      vertex 5.9917865376e-01 5.6231101877e-01 4.8122786420e-01
    endloop
  endfacet
  facet normal -7.518660e-01 6.398684e-01 -1.589524e-01
    outer loop
      vertex 6.1674634269e-01 5.8424557337e-01 4.8072535572e-01
      vertex 6.0896172398e-01 5.7281901791e-01 4.7154964096e-01
      vertex 6.0637547551e-01 5.7442874991e-01 4.9026297781e-01
    endloop
  endfacet
  facet normal -7.916792e-01 5.895786e-01 -1.601287e-01
    outer loop
      vertex 5.9917865376e-01 5.6231101877e-01 4.8122786420e-01
      vertex 6.0637547551e-01 5.7442874991e-01 4.9026297781e-01
      vertex 6.0896172398e-01 5.7281901791e-01 4.7154964096e-01
    endloop
  endfacet
  facet normal -8.095043e-01 5.387620e-01 2.333204e-01
    outer loop
      vertex 6.0291796068e-01 5.6000000000e-01 5.3708203932e-01
      vertex 6.0896172398e-01 5.7281901791e-01 5.2845035904e-01
      vertex 5.9917865376e-01 5.6231101877e-01 5.1877213580e-01
    endloop
  endfacet
  facet normal -7.518660e-01 6.398684e-01 1.589524e-01
    outer loop
      vertex 6.1674634269e-01 5.8424557337e-01 5.1927464428e-01
      vertex 6.0637547551e-01 5.7442874991e-01 5.0973702219e-01
      vertex 6.0896172398e-01 5.7281901791e-01 5.2845035904e-01
    endloop
  endfacet
  facet normal -8.303865e-01 5.516422e-01 7.841715e-02
    outer loop
      vertex 5.9792190300e-01 5.6308773345e-01 5.0000000000e-01
      vertex 5.9917865376e-01 5.6231101877e-01 5.1877213580e-01
      vertex 6.0637547551e-01 5.7442874991e-01 5.0973702219e-01
    endloop
  endfacet
  facet normal -7.916792e-01 5.895786e-01 1.601287e-01
    outer loop
      vertex 6.0896172398e-01 5.7281901791e-01 5.2845035904e-01
      vertex 6.0637547551e-01 5.7442874991e-01 5.0973702219e-01
      vertex 5.9917865376e-01 5.6231101877e-01 5.1877213580e-01
    endloop
  endfacet
  facet normal -7.232719e-01 6.858517e-01 -8.053079e-02
    outer loop
      vertex 6.1674634269e-01 5.8424557337e-01 4.8072535572e-01
      vertex 6.0637547551e-01 5.7442874991e-01 4.9026297781e-01
      vertex 6.1565115634e-01 5.8535380820e-01 5.0000000000e-01
    endloop
  endfacet
  facet normal -8.017675e-01 5.976360e-01 0.000000e+00
    outer loop
      vertex 5.9792190300e-01 5.6308773345e-01 5.0000000000e-01
      vertex 6.0637547551e-01 5.7442874991e-01 5.0973702219e-01
      vertex 6.0637547551e-01 5.7442874991e-01 4.9026297781e-01
    endloop
  endfacet
  facet normal -7.232719e-01 6.858517e-01 8.053079e-02
    outer loop
      vertex 6.1674634269e-01 5.8424557337e-01 5.1927464428e-01
      vertex 6.1565115634e-01 5.8535380820e-01 5.0000000000e-01
      vertex 6.0637547551e-01 5.7442874991e-01 5.0973702219e-01
    endloop
  endfacet
  facet normal -7.623048e-01 6.472182e-01 0.000000e+00
    outer loop
      vertex 6.0637547551e-01 5.7442874991e-01 4.9026297781e-01
      vertex 6.0637547551e-01 5.7442874991e-01 5.0973702219e-01
      vertex 6.1565115634e-01 5.8535380820e-01 5.0000000000e-01
    endloop
  endfacet
  facet normal -8.838505e-01 5.017104e-02 -4.650712e-01
    outer loop
      vertex 5.9792190300e-01 5.0000000000e-01 4.3691226655e-01
      vertex 5.9019478945e-01 5.0000000000e-01 4.5159735817e-01
      vertex 5.9620847970e-01 5.1574404546e-01 4.4186700295e-01
    endloop
  endfacet
  facet normal -9.395655e-01 5.000027e-02 -3.386983e-01
    outer loop
      vertex 5.8456739707e-01 5.0000000000e-01 4.6720801653e-01
      vertex 5.8908344793e-01 5.1579864456e-01 4.5701254478e-01
      vertex 5.9019478945e-01 5.0000000000e-01 4.5159735817e-01
    endloop
  endfacet
  facet normal -8.897882e-01 1.803191e-01 -4.192398e-01
    outer loop
      vertex 5.9647978235e-01 5.3118702956e-01 4.4793337225e-01
      vertex 5.9620847970e-01 5.1574404546e-01 4.4186700295e-01
      vertex 5.8908344793e-01 5.1579864456e-01 4.5701254478e-01
    endloop
  endfacet
  facet normal -9.017047e-01 8.207030e-02 -4.244916e-01
    outer loop
      vertex 5.9019478945e-01 5.0000000000e-01 4.5159735817e-01
      vertex 5.8908344793e-01 5.1579864456e-01 4.5701254478e-01
      vertex 5.9620847970e-01 5.1574404546e-01 4.4186700295e-01
    endloop
  endfacet
  facet normal -9.963836e-01 4.950537e-02 -6.905681e-02
    outer loop
      vertex 5.8000000000e-01 5.0000000000e-01 5.0000000000e-01
      vertex 5.8147739913e-01 5.1596853250e-01 4.9013090417e-01
      vertex 5.8114733417e-01 5.0000000000e-01 4.8344573094e-01
    endloop
  endfacet
  facet normal -9.718501e-01 1.812856e-01 -1.504758e-01
    outer loop
      vertex 5.8587321804e-01 5.3154386673e-01 4.8050481823e-01
      vertex 5.8403288831e-01 5.1593509722e-01 4.7358595670e-01
      vertex 5.8147739913e-01 5.1596853250e-01 4.9013090417e-01
    endloop
  endfacet
  facet normal -9.773256e-01 4.960764e-02 -2.058489e-01
    outer loop
      vertex 5.8456739707e-01 5.0000000000e-01 4.6720801653e-01
      vertex 5.8114733417e-01 5.0000000000e-01 4.8344573094e-01
      vertex 5.8403288831e-01 5.1593509722e-01 4.7358595670e-01
    endloop
  endfacet
  facet normal -9.847537e-01 8.410292e-02 -1.522724e-01
    outer loop
      vertex 5.8147739913e-01 5.1596853250e-01 4.9013090417e-01
      vertex 5.8403288831e-01 5.1593509722e-01 4.7358595670e-01
      vertex 5.8114733417e-01 5.0000000000e-01 4.8344573094e-01
    endloop
  endfacet
  facet normal -8.521837e-01 4.270257e-01 -3.023772e-01
    outer loop
      vertex 6.0291796068e-01 5.6000000000e-01 4.6291796068e-01
      vertex 5.9873062305e-01 5.4603364792e-01 4.5499537190e-01
      vertex 5.9307921710e-01 5.4634248627e-01 4.7135876836e-01
    endloop
  endfacet
  facet normal -8.790876e-01 3.067980e-01 -3.648012e-01
    outer loop
      vertex 5.9647978235e-01 5.3118702956e-01 4.4793337225e-01
      vertex 5.9005069898e-01 5.3168993008e-01 4.6384893451e-01
      vertex 5.9873062305e-01 5.4603364792e-01 4.5499537190e-01
    endloop
  endfacet
  facet normal -9.233856e-01 3.081672e-01 -2.288929e-01
    outer loop
      vertex 5.8587321804e-01 5.3154386673e-01 4.8050481823e-01
      vertex 5.9307921710e-01 5.4634248627e-01 4.7135876836e-01
      vertex 5.9005069898e-01 5.3168993008e-01 4.6384893451e-01
    endloop
  endfacet
  facet normal -8.857887e-01 3.431966e-01 -3.124011e-01
    outer loop
      vertex 5.9873062305e-01 5.4603364792e-01 4.5499537190e-01
      vertex 5.9005069898e-01 5.3168993008e-01 4.6384893451e-01
      vertex 5.9307921710e-01 5.4634248627e-01 4.7135876836e-01
    endloop
  endfacet
  facet normal -9.529505e-01 8.454536e-02 -2.910970e-01
    outer loop
      vertex 5.8456739707e-01 5.0000000000e-01 4.6720801653e-01
      vertex 5.8403288831e-01 5.1593509722e-01 4.7358595670e-01
      vertex 5.8908344793e-01 5.1579864456e-01 4.5701254478e-01
    endloop
  endfacet
  facet normal -9.474616e-01 2.162041e-01 -2.357379e-01
    outer loop
      vertex 5.8587321804e-01 5.3154386673e-01 4.8050481823e-01
      vertex 5.9005069898e-01 5.3168993008e-01 4.6384893451e-01
      vertex 5.8403288831e-01 5.1593509722e-01 4.7358595670e-01
    endloop
  endfacet
  facet normal -9.031797e-01 2.148469e-01 -3.716277e-01
    outer loop
      vertex 5.9647978235e-01 5.3118702956e-01 4.4793337225e-01
      vertex 5.8908344793e-01 5.1579864456e-01 4.5701254478e-01
      vertex 5.9005069898e-01 5.3168993008e-01 4.6384893451e-01
    endloop
  endfacet
  facet normal -9.403266e-01 1.811510e-01 -2.880454e-01
    outer loop
      vertex 5.8403288831e-01 5.1593509722e-01 4.7358595670e-01
      vertex 5.9005069898e-01 5.3168993008e-01 4.6384893451e-01
      vertex 5.8908344793e-01 5.1579864456e-01 4.5701254478e-01
    endloop
  endfacet
  facet normal -8.838505e-01 5.017104e-02 4.650712e-01
    outer loop
      vertex 5.9792190300e-01 5.0000000000e-01 5.6308773345e-01
      vertex 5.9620847970e-01 5.1574404546e-01 5.5813299705e-01
      vertex 5.9019478945e-01 5.0000000000e-01 5.4840264183e-01
    endloop
  endfacet
  facet normal -8.897882e-01 1.803191e-01 4.192398e-01
    outer loop
      vertex 5.9647978235e-01 5.3118702956e-01 5.5206662775e-01
      vertex 5.8908344793e-01 5.1579864456e-01 5.4298745522e-01
      vertex 5.9620847970e-01 5.1574404546e-01 5.5813299705e-01
    endloop
  endfacet
  facet normal -9.395655e-01 5.000027e-02 3.386983e-01
    outer loop
      vertex 5.8456739707e-01 5.0000000000e-01 5.3279198347e-01
      vertex 5.9019478945e-01 5.0000000000e-01 5.4840264183e-01
      vertex 5.8908344793e-01 5.1579864456e-01 5.4298745522e-01
    endloop
  endfacet
  facet normal -9.017047e-01 8.207030e-02 4.244916e-01
    outer loop
      vertex 5.9620847970e-01 5.1574404546e-01 5.5813299705e-01
      vertex 5.8908344793e-01 5.1579864456e-01 5.4298745522e-01
      vertex 5.9019478945e-01 5.0000000000e-01 5.4840264183e-01
    endloop
  endfacet
  facet normal -8.521837e-01 4.270257e-01 3.023772e-01
    outer loop
      vertex 6.0291796068e-01 5.6000000000e-01 5.3708203932e-01
      vertex 5.9307921710e-01 5.4634248627e-01 5.2864123164e-01
      vertex 5.9873062305e-01 5.4603364792e-01 5.4500462810e-01
    endloop
  endfacet
  facet normal -9.233856e-01 3.081672e-01 2.288929e-01
    outer loop
      vertex 5.8587321804e-01 5.3154386673e-01 5.1949518177e-01
      vertex 5.9005069898e-01 5.3168993008e-01 5.3615106549e-01
      vertex 5.9307921710e-01 5.4634248627e-01 5.2864123164e-01
    endloop
  endfacet
  facet normal -8.790876e-01 3.067980e-01 3.648012e-01
    outer loop
      vertex 5.9647978235e-01 5.3118702956e-01 5.5206662775e-01
      vertex 5.9873062305e-01 5.4603364792e-01 5.4500462810e-01
      vertex 5.9005069898e-01 5.3168993008e-01 5.3615106549e-01
    endloop
  endfacet
  facet normal -8.857887e-01 3.431966e-01 3.124011e-01
    outer loop
      vertex 5.9307921710e-01 5.4634248627e-01 5.2864123164e-01
      vertex 5.9005069898e-01 5.3168993008e-01 5.3615106549e-01
      vertex 5.9873062305e-01 5.4603364792e-01 5.4500462810e-01
    endloop
  endfacet
  facet normal -9.963836e-01 4.950537e-02 6.905681e-02
    outer loop
      vertex 5.8000000000e-01 5.0000000000e-01 5.0000000000e-01
      vertex 5.8114733417e-01 5.0000000000e-01 5.1655426906e-01
      vertex 5.8147739913e-01 5.1596853250e-01 5.0986909583e-01
    endloop
  endfacet
  facet normal -9.773256e-01 4.960764e-02 2.058489e-01
    outer loop
      vertex 5.8456739707e-01 5.0000000000e-01 5.3279198347e-01
      vertex 5.8403288831e-01 5.1593509722e-01 5.2641404330e-01
      vertex 5.8114733417e-01 5.0000000000e-01 5.1655426906e-01
    endloop
  endfacet
  facet normal -9.718501e-01 1.812856e-01 1.504758e-01
    outer loop
      vertex 5.8587321804e-01 5.3154386673e-01 5.1949518177e-01
      vertex 5.8147739913e-01 5.1596853250e-01 5.0986909583e-01
      vertex 5.8403288831e-01 5.1593509722e-01 5.2641404330e-01
    endloop
  endfacet
  facet normal -9.847537e-01 8.410292e-02 1.522724e-01
    outer loop
      vertex 5.8114733417e-01 5.0000000000e-01 5.1655426906e-01
      vertex 5.8403288831e-01 5.1593509722e-01 5.2641404330e-01
      vertex 5.8147739913e-01 5.1596853250e-01 5.0986909583e-01
    endloop
  endfacet
  facet normal -9.031797e-01 2.148469e-01 3.716277e-01
    outer loop
      vertex 5.9647978235e-01 5.3118702956e-01 5.5206662775e-01
      vertex 5.9005069898e-01 5.3168993008e-01 5.3615106549e-01
      vertex 5.8908344793e-01 5.1579864456e-01 5.4298745522e-01
    endloop
  endfacet
  facet normal -9.474616e-01 2.162041e-01 2.357379e-01
    outer loop
      vertex 5.8587321804e-01 5.3154386673e-01 5.1949518177e-01
      vertex 5.8403288831e-01 5.1593509722e-01 5.2641404330e-01
      vertex 5.9005069898e-01 5.3168993008e-01 5.3615106549e-01
    endloop
  endfacet
  facet normal -9.529505e-01 8.454536e-02 2.910970e-01
    outer loop
      vertex 5.8456739707e-01 5.0000000000e-01 5.3279198347e-01
      vertex 5.8908344793e-01 5.1579864456e-01 5.4298745522e-01
      vertex 5.8403288831e-01 5.1593509722e-01 5.2641404330e-01
    endloop
  endfacet
  facet normal -9.403266e-01 1.811510e-01 2.880454e-01
    outer loop
      vertex 5.9005069898e-01 5.3168993008e-01 5.3615106549e-01
      vertex 5.8403288831e-01 5.1593509722e-01 5.2641404330e-01
      vertex 5.8908344793e-01 5.1579864456e-01 5.4298745522e-01
    endloop
  endfacet
  facet normal -8.516395e-01 4.694052e-01 -2.331714e-01
    outer loop
      vertex 6.0291796068e-01 5.6000000000e-01 4.6291796068e-01
      vertex 5.9307921710e-01 5.4634248627e-01 4.7135876836e-01
      vertex 5.9917865376e-01 5.6231101877e-01 4.8122786420e-01
    endloop
  endfacet
  facet normal -9.227974e-01 3.505871e-01 -1.597927e-01
    outer loop
      vertex 5.8587321804e-01 5.3154386673e-01 4.8050481823e-01
      vertex 5.9044210085e-01 5.4795284620e-01 4.9012117040e-01
      vertex 5.9307921710e-01 5.4634248627e-01 4.7135876836e-01
    endloop
  endfacet
  facet normal -8.724736e-01 4.823363e-01 -7.836719e-02
    outer loop
      vertex 5.9792190300e-01 5.6308773345e-01 5.0000000000e-01
      vertex 5.9917865376e-01 5.6231101877e-01 4.8122786420e-01
      vertex 5.9044210085e-01 5.4795284620e-01 4.9012117040e-01
    endloop
  endfacet
  facet normal -8.843585e-01 4.378416e-01 -1.618790e-01
    outer loop
      vertex 5.9307921710e-01 5.4634248627e-01 4.7135876836e-01
      vertex 5.9044210085e-01 5.4795284620e-01 4.9012117040e-01
      vertex 5.9917865376e-01 5.6231101877e-01 4.8122786420e-01
    endloop
  endfacet
  facet normal -9.957474e-01 9.212595e-02 0.000000e+00
    outer loop
      vertex 5.8000000000e-01 5.0000000000e-01 5.0000000000e-01
      vertex 5.8147739913e-01 5.1596853250e-01 5.0986909583e-01
      vertex 5.8147739913e-01 5.1596853250e-01 4.9013090417e-01
    endloop
  endfacet
  facet normal -9.712310e-01 2.237863e-01 8.142553e-02
    outer loop
      vertex 5.8587321804e-01 5.3154386673e-01 5.1949518177e-01
      vertex 5.8433664838e-01 5.3196856414e-01 5.0000000000e-01
      vertex 5.8147739913e-01 5.1596853250e-01 5.0986909583e-01
    endloop
  endfacet
  facet normal -9.712310e-01 2.237863e-01 -8.142553e-02
    outer loop
      vertex 5.8587321804e-01 5.3154386673e-01 4.8050481823e-01
      vertex 5.8147739913e-01 5.1596853250e-01 4.9013090417e-01
      vertex 5.8433664838e-01 5.3196856414e-01 5.0000000000e-01
    endloop
  endfacet
  facet normal -9.844052e-01 1.759159e-01 0.000000e+00
    outer loop
      vertex 5.8147739913e-01 5.1596853250e-01 5.0986909583e-01
      vertex 5.8433664838e-01 5.3196856414e-01 5.0000000000e-01
      vertex 5.8147739913e-01 5.1596853250e-01 4.9013090417e-01
    endloop
  endfacet
  facet normal -8.516395e-01 4.694052e-01 2.331714e-01
    outer loop
      vertex 6.0291796068e-01 5.6000000000e-01 5.3708203932e-01
      vertex 5.9917865376e-01 5.6231101877e-01 5.1877213580e-01
      vertex 5.9307921710e-01 5.4634248627e-01 5.2864123164e-01
    endloop
  endfacet
  facet normal -8.724736e-01 4.823363e-01 7.836719e-02
    outer loop
      vertex 5.9792190300e-01 5.6308773345e-01 5.0000000000e-01
      vertex 5.9044210085e-01 5.4795284620e-01 5.0987882960e-01
      vertex 5.9917865376e-01 5.6231101877e-01 5.1877213580e-01
    endloop
  endfacet
  facet normal -9.227974e-01 3.505871e-01 1.597927e-01
    outer loop
      vertex 5.8587321804e-01 5.3154386673e-01 5.1949518177e-01
      vertex 5.9307921710e-01 5.4634248627e-01 5.2864123164e-01
      vertex 5.9044210085e-01 5.4795284620e-01 5.0987882960e-01
    endloop
  endfacet
  facet normal -8.843585e-01 4.378416e-01 1.618790e-01
    outer loop
      vertex 5.9917865376e-01 5.6231101877e-01 5.1877213580e-01
      vertex 5.9044210085e-01 5.4795284620e-01 5.0987882960e-01
      vertex 5.9307921710e-01 5.4634248627e-01 5.2864123164e-01
    endloop
  endfacet
  facet normal -9.468068e-01 3.113353e-01 -8.140770e-02
    outer loop
      vertex 5.8587321804e-01 5.3154386673e-01 4.8050481823e-01
      vertex 5.8433664838e-01 5.3196856414e-01 5.0000000000e-01
      vertex 5.9044210085e-01 5.4795284620e-01 4.9012117040e-01
    endloop
  endfacet
  facet normal -9.468068e-01 3.113353e-01 8.140770e-02
    outer loop
      vertex 5.8587321804e-01 5.3154386673e-01 5.1949518177e-01
      vertex 5.9044210085e-01 5.4795284620e-01 5.0987882960e-01
      vertex 5.8433664838e-01 5.3196856414e-01 5.0000000000e-01
    endloop
  endfacet
  facet normal -8.964941e-01 4.430557e-01 0.000000e+00
    outer loop
      vertex 5.9792190300e-01 5.6308773345e-01 5.0000000000e-01
      vertex 5.9044210085e-01 5.4795284620e-01 4.9012117040e-01
      vertex 5.9044210085e-01 5.4795284620e-01 5.0987882960e-01
    endloop
  endfacet
  facet normal -9.341724e-01 3.568221e-01 0.000000e+00
    outer loop
      vertex 5.8433664838e-01 5.3196856414e-01 5.0000000000e-01
      vertex 5.9044210085e-01 5.4795284620e-01 5.0987882960e-01
      vertex 5.9044210085e-01 5.4795284620e-01 4.9012117040e-01
    endloop
  endfacet
  facet normal 5.462496e-01 8.336794e-01 8.117845e-02
    outer loop
      vertex 7.6308773345e-01 6.0207809700e-01 5.0000000000e-01
      vertex 7.5813299705e-01 6.0379152030e-01 5.1574404546e-01
      vertex 7.7387704250e-01 5.9406116509e-01 5.0973035521e-01
    endloop
  endfacet
  facet normal 5.001420e-01 8.397879e-01 2.112210e-01
    outer loop
      vertex 7.5206662775e-01 6.0352021765e-01 5.3118702956e-01
      vertex 7.6855019910e-01 5.9511790751e-01 5.2556274388e-01
      vertex 7.5813299705e-01 6.0379152030e-01 5.1574404546e-01
    endloop
  endfacet
  facet normal 6.304608e-01 7.592464e-01 1.614436e-01
    outer loop
      vertex 7.8325365731e-01 5.8424557337e-01 5.1927464428e-01
      vertex 7.7387704250e-01 5.9406116509e-01 5.0973035521e-01
      vertex 7.6855019910e-01 5.9511790751e-01 5.2556274388e-01
    endloop
  endfacet
  facet normal 5.572841e-01 8.196344e-01 1.327925e-01
    outer loop
      vertex 7.5813299705e-01 6.0379152030e-01 5.1574404546e-01
      vertex 7.6855019910e-01 5.9511790751e-01 5.2556274388e-01
      vertex 7.7387704250e-01 5.9406116509e-01 5.0973035521e-01
    endloop
  endfacet
  facet normal 3.824786e-01 8.026783e-01 4.576217e-01
    outer loop
      vertex 7.3708203932e-01 5.9708203932e-01 5.6000000000e-01
      vertex 7.5447885997e-01 5.9095225041e-01 5.5621158210e-01
      vertex 7.4500462810e-01 6.0126937695e-01 5.4603364792e-01
    endloop
  endfacet
  facet normal 5.222192e-01 7.421000e-01 4.202079e-01
    outer loop
      vertex 7.7053423028e-01 5.8258291523e-01 5.5103904850e-01
      vertex 7.6193459441e-01 5.9401420380e-01 5.4153836177e-01
      vertex 7.5447885997e-01 5.9095225041e-01 5.5621158210e-01
    endloop
  endfacet
  facet normal 4.450681e-01 8.294800e-01 3.374572e-01
    outer loop
      vertex 7.5206662775e-01 6.0352021765e-01 5.3118702956e-01
      vertex 7.4500462810e-01 6.0126937695e-01 5.4603364792e-01
      vertex 7.6193459441e-01 5.9401420380e-01 5.4153836177e-01
    endloop
  endfacet
  facet normal 4.484825e-01 8.016858e-01 3.951751e-01
    outer loop
      vertex 7.5447885997e-01 5.9095225041e-01 5.5621158210e-01
      vertex 7.6193459441e-01 5.9401420380e-01 5.4153836177e-01
      vertex 7.4500462810e-01 6.0126937695e-01 5.4603364792e-01
    endloop
  endfacet
  facet normal 7.599989e-01 5.693580e-01 3.134218e-01
    outer loop
      vertex 7.9708203932e-01 5.6000000000e-01 5.3708203932e-01
      vertex 7.9103827602e-01 5.7281901791e-01 5.2845035904e-01
      vertex 7.8485281374e-01 5.7218011460e-01 5.4460976414e-01
    endloop
  endfacet
  facet normal 7.022584e-01 6.705276e-01 2.392192e-01
    outer loop
      vertex 7.8325365731e-01 5.8424557337e-01 5.1927464428e-01
      vertex 7.7768942727e-01 5.8427718161e-01 5.3552055111e-01
      vertex 7.9103827602e-01 5.7281901791e-01 5.2845035904e-01
    endloop
  endfacet
  facet normal 6.491008e-01 6.636828e-01 3.717435e-01
    outer loop
      vertex 7.7053423028e-01 5.8258291523e-01 5.5103904850e-01
      vertex 7.8485281374e-01 5.7218011460e-01 5.4460976414e-01
      vertex 7.7768942727e-01 5.8427718161e-01 5.3552055111e-01
    endloop
  endfacet
  facet normal 7.075762e-01 6.415571e-01 2.962101e-01
    outer loop
      vertex 7.9103827602e-01 5.7281901791e-01 5.2845035904e-01
      vertex 7.7768942727e-01 5.8427718161e-01 5.3552055111e-01
      vertex 7.8485281374e-01 5.7218011460e-01 5.4460976414e-01
    endloop
  endfacet
  facet normal 5.084250e-01 8.186344e-01 2.670988e-01
    outer loop
      vertex 7.5206662775e-01 6.0352021765e-01 5.3118702956e-01
      vertex 7.6193459441e-01 5.9401420380e-01 5.4153836177e-01
      vertex 7.6855019910e-01 5.9511790751e-01 5.2556274388e-01
    endloop
  endfacet
  facet normal 5.855635e-01 7.312575e-01 3.498255e-01
    outer loop
      vertex 7.7053423028e-01 5.8258291523e-01 5.5103904850e-01
      vertex 7.7768942727e-01 5.8427718161e-01 5.3552055111e-01
      vertex 7.6193459441e-01 5.9401420380e-01 5.4153836177e-01
    endloop
  endfacet
  facet normal 6.387266e-01 7.381036e-01 2.173281e-01
    outer loop
      vertex 7.8325365731e-01 5.8424557337e-01 5.1927464428e-01
      vertex 7.6855019910e-01 5.9511790751e-01 5.2556274388e-01
      vertex 7.7768942727e-01 5.8427718161e-01 5.3552055111e-01
    endloop
  endfacet
  facet normal 5.811538e-01 7.591756e-01 2.931085e-01
    outer loop
      vertex 7.6193459441e-01 5.9401420380e-01 5.4153836177e-01
      vertex 7.7768942727e-01 5.8427718161e-01 5.3552055111e-01
      vertex 7.6855019910e-01 5.9511790751e-01 5.2556274388e-01
    endloop
  endfacet
  facet normal 8.117845e-02 5.462496e-01 8.336794e-01
    outer loop
      vertex 7.0000000000e-01 5.6308773345e-01 6.0207809700e-01
      vertex 7.1574404546e-01 5.5813299705e-01 6.0379152030e-01
      vertex 7.0973035521e-01 5.7387704250e-01 5.9406116509e-01
    endloop
  endfacet
  facet normal 2.112210e-01 5.001420e-01 8.397879e-01
    outer loop
      vertex 7.3118702956e-01 5.5206662775e-01 6.0352021765e-01
      vertex 7.2556274388e-01 5.6855019910e-01 5.9511790751e-01
      vertex 7.1574404546e-01 5.5813299705e-01 6.0379152030e-01
    endloop
  endfacet
  facet normal 1.614436e-01 6.304608e-01 7.592464e-01
    outer loop
      vertex 7.1927464428e-01 5.8325365731e-01 5.8424557337e-01
      vertex 7.0973035521e-01 5.7387704250e-01 5.9406116509e-01
      vertex 7.2556274388e-01 5.6855019910e-01 5.9511790751e-01
    endloop
  endfacet
  facet normal 1.327925e-01 5.572841e-01 8.196344e-01
    outer loop
      vertex 7.1574404546e-01 5.5813299705e-01 6.0379152030e-01
      vertex 7.2556274388e-01 5.6855019910e-01 5.9511790751e-01
      vertex 7.0973035521e-01 5.7387704250e-01 5.9406116509e-01
    endloop
  endfacet
  facet normal 4.576217e-01 3.824786e-01 8.026783e-01
    outer loop
      vertex 7.6000000000e-01 5.3708203932e-01 5.9708203932e-01
      vertex 7.5621158210e-01 5.5447885997e-01 5.9095225041e-01
      vertex 7.4603364792e-01 5.4500462810e-01 6.0126937695e-01
    endloop
  endfacet
  facet normal 4.202079e-01 5.222192e-01 7.421000e-01
    outer loop
      vertex 7.5103904850e-01 5.7053423028e-01 5.8258291523e-01
      vertex 7.4153836177e-01 5.6193459441e-01 5.9401420380e-01
      vertex 7.5621158210e-01 5.5447885997e-01 5.9095225041e-01
    endloop
  endfacet
  facet normal 3.374572e-01 4.450681e-01 8.294800e-01
    outer loop
      vertex 7.3118702956e-01 5.5206662775e-01 6.0352021765e-01
      vertex 7.4603364792e-01 5.4500462810e-01 6.0126937695e-01
      vertex 7.4153836177e-01 5.6193459441e-01 5.9401420380e-01
    endloop
  endfacet
  facet normal 3.951751e-01 4.484825e-01 8.016858e-01
    outer loop
      vertex 7.5621158210e-01 5.5447885997e-01 5.9095225041e-01
      vertex 7.4153836177e-01 5.6193459441e-01 5.9401420380e-01
      vertex 7.4603364792e-01 5.4500462810e-01 6.0126937695e-01
    endloop
  endfacet
  facet normal 3.134218e-01 7.599989e-01 5.693580e-01
    outer loop
      vertex 7.3708203932e-01 5.9708203932e-01 5.6000000000e-01
      vertex 7.2845035904e-01 5.9103827602e-01 5.7281901791e-01
      vertex 7.4460976414e-01 5.8485281374e-01 5.7218011460e-01
    endloop
  endfacet
  facet normal 2.392192e-01 7.022584e-01 6.705276e-01
    outer loop
      vertex 7.1927464428e-01 5.8325365731e-01 5.8424557337e-01
      vertex 7.3552055111e-01 5.7768942727e-01 5.8427718161e-01
      vertex 7.2845035904e-01 5.9103827602e-01 5.7281901791e-01
    endloop
  endfacet
  facet normal 3.717435e-01 6.491008e-01 6.636828e-01
    outer loop
      vertex 7.5103904850e-01 5.7053423028e-01 5.8258291523e-01
      vertex 7.4460976414e-01 5.8485281374e-01 5.7218011460e-01
      vertex 7.3552055111e-01 5.7768942727e-01 5.8427718161e-01
    endloop
  endfacet
  facet normal 2.962101e-01 7.075762e-01 6.415571e-01
    outer loop
      vertex 7.2845035904e-01 5.9103827602e-01 5.7281901791e-01
      vertex 7.3552055111e-01 5.7768942727e-01 5.8427718161e-01
      vertex 7.4460976414e-01 5.8485281374e-01 5.7218011460e-01
    endloop
  endfacet
  facet normal 2.670988e-01 5.084250e-01 8.186344e-01
    outer loop
      vertex 7.3118702956e-01 5.5206662775e-01 6.0352021765e-01
      vertex 7.4153836177e-01 5.6193459441e-01 5.9401420380e-01
      vertex 7.2556274388e-01 5.6855019910e-01 5.9511790751e-01
    endloop
  endfacet
  facet normal 3.498255e-01 5.855635e-01 7.312575e-01
    outer loop
      vertex 7.5103904850e-01 5.7053423028e-01 5.8258291523e-01
      vertex 7.3552055111e-01 5.7768942727e-01 5.8427718161e-01
      vertex 7.4153836177e-01 5.6193459441e-01 5.9401420380e-01
    endloop
  endfacet
  facet normal 2.173281e-01 6.387266e-01 7.381036e-01
    outer loop
      vertex 7.1927464428e-01 5.8325365731e-01 5.8424557337e-01
      vertex 7.2556274388e-01 5.6855019910e-01 5.9511790751e-01
      vertex 7.3552055111e-01 5.7768942727e-01 5.8427718161e-01
    endloop
  endfacet
  facet normal 2.931085e-01 5.811538e-01 7.591756e-01
    outer loop
      vertex 7.4153836177e-01 5.6193459441e-01 5.9401420380e-01
      vertex 7.3552055111e-01 5.7768942727e-01 5.8427718161e-01
      vertex 7.2556274388e-01 5.6855019910e-01 5.9511790751e-01
    endloop
  endfacet
  facet normal 8.336794e-01 8.117845e-02 5.462496e-01
    outer loop
      vertex 8.0207809700e-01 5.0000000000e-01 5.6308773345e-01
      vertex 8.0379152030e-01 5.1574404546e-01 5.5813299705e-01
      vertex 7.9406116509e-01 5.0973035521e-01 5.7387704250e-01
    endloop
  endfacet
  facet normal 8.397879e-01 2.112210e-01 5.001420e-01
    outer loop
      vertex 8.0352021765e-01 5.3118702956e-01 5.5206662775e-01
      vertex 7.9511790751e-01 5.2556274388e-01 5.6855019910e-01
      vertex 8.0379152030e-01 5.1574404546e-01 5.5813299705e-01
    endloop
  endfacet
  facet normal 7.592464e-01 1.614436e-01 6.304608e-01
    outer loop
      vertex 7.8424557337e-01 5.1927464428e-01 5.8325365731e-01
      vertex 7.9406116509e-01 5.0973035521e-01 5.7387704250e-01
      vertex 7.9511790751e-01 5.2556274388e-01 5.6855019910e-01
    endloop
  endfacet
  facet normal 8.196344e-01 1.327925e-01 5.572841e-01
    outer loop
      vertex 8.0379152030e-01 5.1574404546e-01 5.5813299705e-01
      vertex 7.9511790751e-01 5.2556274388e-01 5.6855019910e-01
      vertex 7.9406116509e-01 5.0973035521e-01 5.7387704250e-01
    endloop
  endfacet
  facet normal 8.026783e-01 4.576217e-01 3.824786e-01
    outer loop
      vertex 7.9708203932e-01 5.6000000000e-01 5.3708203932e-01
      vertex 7.9095225041e-01 5.5621158210e-01 5.5447885997e-01
      vertex 8.0126937695e-01 5.4603364792e-01 5.4500462810e-01
    endloop
  endfacet
  facet normal 7.421000e-01 4.202079e-01 5.222192e-01
    outer loop
      vertex 7.8258291523e-01 5.5103904850e-01 5.7053423028e-01
      vertex 7.9401420380e-01 5.4153836177e-01 5.6193459441e-01
      vertex 7.9095225041e-01 5.5621158210e-01 5.5447885997e-01
    endloop
  endfacet
  facet normal 8.294800e-01 3.374572e-01 4.450681e-01
    outer loop
      vertex 8.0352021765e-01 5.3118702956e-01 5.5206662775e-01
      vertex 8.0126937695e-01 5.4603364792e-01 5.4500462810e-01
      vertex 7.9401420380e-01 5.4153836177e-01 5.6193459441e-01
    endloop
  endfacet
  facet normal 8.016858e-01 3.951751e-01 4.484825e-01
    outer loop
      vertex 7.9095225041e-01 5.5621158210e-01 5.5447885997e-01
      vertex 7.9401420380e-01 5.4153836177e-01 5.6193459441e-01
      vertex 8.0126937695e-01 5.4603364792e-01 5.4500462810e-01
    endloop
  endfacet
  facet normal 5.693580e-01 3.134218e-01 7.599989e-01
    outer loop
      vertex 7.6000000000e-01 5.3708203932e-01 5.9708203932e-01
      vertex 7.7281901791e-01 5.2845035904e-01 5.9103827602e-01
      vertex 7.7218011460e-01 5.4460976414e-01 5.8485281374e-01
    endloop
  endfacet
  facet normal 6.705276e-01 2.392192e-01 7.022584e-01
    outer loop
      vertex 7.8424557337e-01 5.1927464428e-01 5.8325365731e-01
      vertex 7.8427718161e-01 5.3552055111e-01 5.7768942727e-01
      vertex 7.7281901791e-01 5.2845035904e-01 5.9103827602e-01
    endloop
  endfacet
  facet normal 6.636828e-01 3.717435e-01 6.491008e-01
    outer loop
      vertex 7.8258291523e-01 5.5103904850e-01 5.7053423028e-01
      vertex 7.7218011460e-01 5.4460976414e-01 5.8485281374e-01
      vertex 7.8427718161e-01 5.3552055111e-01 5.7768942727e-01
    endloop
  endfacet
  facet normal 6.415571e-01 2.962101e-01 7.075762e-01
    outer loop
      vertex 7.7281901791e-01 5.2845035904e-01 5.9103827602e-01
      vertex 7.8427718161e-01 5.3552055111e-01 5.7768942727e-01
      vertex 7.7218011460e-01 5.4460976414e-01 5.8485281374e-01
    endloop
  endfacet
  facet normal 8.186344e-01 2.670988e-01 5.084250e-01
    outer loop
      vertex 8.0352021765e-01 5.3118702956e-01 5.5206662775e-01
      vertex 7.9401420380e-01 5.4153836177e-01 5.6193459441e-01
      vertex 7.9511790751e-01 5.2556274388e-01 5.6855019910e-01
    endloop
  endfacet
  facet normal 7.312575e-01 3.498255e-01 5.855635e-01
    outer loop
      vertex 7.8258291523e-01 5.5103904850e-01 5.7053423028e-01
      vertex 7.8427718161e-01 5.3552055111e-01 5.7768942727e-01
      vertex 7.9401420380e-01 5.4153836177e-01 5.6193459441e-01
    endloop
  endfacet
  facet normal 7.381036e-01 2.173281e-01 6.387266e-01
    outer loop
      vertex 7.8424557337e-01 5.1927464428e-01 5.8325365731e-01
      vertex 7.9511790751e-01 5.2556274388e-01 5.6855019910e-01
      vertex 7.8427718161e-01 5.3552055111e-01 5.7768942727e-01
    endloop
  endfacet
  facet normal 7.591756e-01 2.931085e-01 5.811538e-01
    outer loop
      vertex 7.9401420380e-01 5.4153836177e-01 5.6193459441e-01
      vertex 7.8427718161e-01 5.3552055111e-01 5.7768942727e-01
      vertex 7.9511790751e-01 5.2556274388e-01 5.6855019910e-01
    endloop
  endfacet
  facet normal 3.822343e-01 7.595136e-01 5.263422e-01
    outer loop
      vertex 7.3708203932e-01 5.9708203932e-01 5.6000000000e-01
      vertex 7.4460976414e-01 5.8485281374e-01 5.7218011460e-01
      vertex 7.5447885997e-01 5.9095225041e-01 5.5621158210e-01
    endloop
  endfacet
  facet normal 4.404610e-01 6.486873e-01 6.206439e-01
    outer loop
      vertex 7.5103904850e-01 5.7053423028e-01 5.8258291523e-01
      vertex 7.6160505295e-01 5.7758933502e-01 5.6771050541e-01
      vertex 7.4460976414e-01 5.8485281374e-01 5.7218011460e-01
    endloop
  endfacet
  facet normal 5.218865e-01 6.990111e-01 4.888946e-01
    outer loop
      vertex 7.7053423028e-01 5.8258291523e-01 5.5103904850e-01
      vertex 7.5447885997e-01 5.9095225041e-01 5.5621158210e-01
      vertex 7.6160505295e-01 5.7758933502e-01 5.6771050541e-01
    endloop
  endfacet
  facet normal 4.465169e-01 7.084426e-01 5.465636e-01
    outer loop
      vertex 7.4460976414e-01 5.8485281374e-01 5.7218011460e-01
      vertex 7.6160505295e-01 5.7758933502e-01 5.6771050541e-01
      vertex 7.5447885997e-01 5.9095225041e-01 5.5621158210e-01
    endloop
  endfacet
  facet normal 5.263422e-01 3.822343e-01 7.595136e-01
    outer loop
      vertex 7.6000000000e-01 5.3708203932e-01 5.9708203932e-01
      vertex 7.7218011460e-01 5.4460976414e-01 5.8485281374e-01
      vertex 7.5621158210e-01 5.5447885997e-01 5.9095225041e-01
    endloop
  endfacet
  facet normal 6.206439e-01 4.404610e-01 6.486873e-01
    outer loop
      vertex 7.8258291523e-01 5.5103904850e-01 5.7053423028e-01
      vertex 7.6771050541e-01 5.6160505295e-01 5.7758933502e-01
      vertex 7.7218011460e-01 5.4460976414e-01 5.8485281374e-01
    endloop
  endfacet
  facet normal 4.888946e-01 5.218865e-01 6.990111e-01
    outer loop
      vertex 7.5103904850e-01 5.7053423028e-01 5.8258291523e-01
      vertex 7.5621158210e-01 5.5447885997e-01 5.9095225041e-01
      vertex 7.6771050541e-01 5.6160505295e-01 5.7758933502e-01
    endloop
  endfacet
  facet normal 5.465636e-01 4.465169e-01 7.084426e-01
    outer loop
      vertex 7.7218011460e-01 5.4460976414e-01 5.8485281374e-01
      vertex 7.6771050541e-01 5.6160505295e-01 5.7758933502e-01
      vertex 7.5621158210e-01 5.5447885997e-01 5.9095225041e-01
    endloop
  endfacet
  facet normal 7.595136e-01 5.263422e-01 3.822343e-01
    outer loop
      vertex 7.9708203932e-01 5.6000000000e-01 5.3708203932e-01
      vertex 7.8485281374e-01 5.7218011460e-01 5.4460976414e-01
      vertex 7.9095225041e-01 5.5621158210e-01 5.5447885997e-01
    endloop
  endfacet
  facet normal 6.486873e-01 6.206439e-01 4.404610e-01
    outer loop
      vertex 7.7053423028e-01 5.8258291523e-01 5.5103904850e-01
      vertex 7.7758933502e-01 5.6771050541e-01 5.6160505295e-01
      vertex 7.8485281374e-01 5.7218011460e-01 5.4460976414e-01
    endloop
  endfacet
  facet normal 6.990111e-01 4.888946e-01 5.218865e-01
    outer loop
      vertex 7.8258291523e-01 5.5103904850e-01 5.7053423028e-01
      vertex 7.9095225041e-01 5.5621158210e-01 5.5447885997e-01
      vertex 7.7758933502e-01 5.6771050541e-01 5.6160505295e-01
    endloop
  endfacet
  facet normal 7.084426e-01 5.465636e-01 4.465169e-01
    outer loop
      vertex 7.8485281374e-01 5.7218011460e-01 5.4460976414e-01
      vertex 7.7758933502e-01 5.6771050541e-01 5.6160505295e-01
      vertex 7.9095225041e-01 5.5621158210e-01 5.5447885997e-01
    endloop
  endfacet
  facet normal 5.037511e-01 5.851588e-01 6.354715e-01
    outer loop
      vertex 7.5103904850e-01 5.7053423028e-01 5.8258291523e-01
      vertex 7.6771050541e-01 5.6160505295e-01 5.7758933502e-01
      vertex 7.6160505295e-01 5.7758933502e-01 5.6771050541e-01
    endloop
  endfacet
  facet normal 6.354715e-01 5.037511e-01 5.851588e-01
    outer loop
      vertex 7.8258291523e-01 5.5103904850e-01 5.7053423028e-01
      vertex 7.7758933502e-01 5.6771050541e-01 5.6160505295e-01
      vertex 7.6771050541e-01 5.6160505295e-01 5.7758933502e-01
    endloop
  endfacet
  facet normal 5.851588e-01 6.354715e-01 5.037511e-01
    outer loop
      vertex 7.7053423028e-01 5.8258291523e-01 5.5103904850e-01
      vertex 7.6160505295e-01 5.7758933502e-01 5.6771050541e-01
      vertex 7.7758933502e-01 5.6771050541e-01 5.6160505295e-01
    endloop
  endfacet
  facet normal 5.773503e-01 5.773503e-01 5.773503e-01
    outer loop
      vertex 7.6771050541e-01 5.6160505295e-01 5.7758933502e-01
      vertex 7.7758933502e-01 5.6771050541e-01 5.6160505295e-01
      vertex 7.6160505295e-01 5.7758933502e-01 5.6771050541e-01
    endloop
  endfacet
  facet normal -5.017104e-02 4.650712e-01 8.838505e-01
    outer loop
      vertex 7.0000000000e-01 5.6308773345e-01 6.0207809700e-01
      vertex 6.8425595454e-01 5.5813299705e-01 6.0379152030e-01
      vertex 7.0000000000e-01 5.4840264183e-01 6.0980521055e-01
    endloop
  endfacet
  facet normal -1.803191e-01 4.192398e-01 8.897882e-01
    outer loop
      vertex 6.6881297044e-01 5.5206662775e-01 6.0352021765e-01
      vertex 6.8420135544e-01 5.4298745522e-01 6.1091655207e-01
      vertex 6.8425595454e-01 5.5813299705e-01 6.0379152030e-01
    endloop
  endfacet
  facet normal -5.000027e-02 3.386983e-01 9.395655e-01
    outer loop
      vertex 7.0000000000e-01 5.3279198347e-01 6.1543260293e-01
      vertex 7.0000000000e-01 5.4840264183e-01 6.0980521055e-01
      vertex 6.8420135544e-01 5.4298745522e-01 6.1091655207e-01
    endloop
  endfacet
  facet normal -8.207030e-02 4.244916e-01 9.017047e-01
    outer loop
      vertex 6.8425595454e-01 5.5813299705e-01 6.0379152030e-01
      vertex 6.8420135544e-01 5.4298745522e-01 6.1091655207e-01
      vertex 7.0000000000e-01 5.4840264183e-01 6.0980521055e-01
    endloop
  endfacet
  facet normal -4.270257e-01 3.023772e-01 8.521837e-01
    outer loop
      vertex 6.4000000000e-01 5.3708203932e-01 5.9708203932e-01
      vertex 6.5365751373e-01 5.2864123164e-01 6.0692078290e-01
      vertex 6.5396635208e-01 5.4500462810e-01 6.0126937695e-01
    endloop
  endfacet
  facet normal -3.081672e-01 2.288929e-01 9.233856e-01
    outer loop
      vertex 6.6845613327e-01 5.1949518177e-01 6.1412678196e-01
      vertex 6.6831006992e-01 5.3615106549e-01 6.0994930102e-01
      vertex 6.5365751373e-01 5.2864123164e-01 6.0692078290e-01
    endloop
  endfacet
  facet normal -3.067980e-01 3.648012e-01 8.790876e-01
    outer loop
      vertex 6.6881297044e-01 5.5206662775e-01 6.0352021765e-01
      vertex 6.5396635208e-01 5.4500462810e-01 6.0126937695e-01
      vertex 6.6831006992e-01 5.3615106549e-01 6.0994930102e-01
    endloop
  endfacet
  facet normal -3.431966e-01 3.124011e-01 8.857887e-01
    outer loop
      vertex 6.5365751373e-01 5.2864123164e-01 6.0692078290e-01
      vertex 6.6831006992e-01 5.3615106549e-01 6.0994930102e-01
      vertex 6.5396635208e-01 5.4500462810e-01 6.0126937695e-01
    endloop
  endfacet
  facet normal -4.950537e-02 6.905681e-02 9.963836e-01
    outer loop
      vertex 7.0000000000e-01 5.0000000000e-01 6.2000000000e-01
      vertex 7.0000000000e-01 5.1655426906e-01 6.1885266583e-01
      vertex 6.8403146750e-01 5.0986909583e-01 6.1852260087e-01
    endloop
  endfacet
  facet normal -4.960764e-02 2.058489e-01 9.773256e-01
    outer loop
      vertex 7.0000000000e-01 5.3279198347e-01 6.1543260293e-01
      vertex 6.8406490278e-01 5.2641404330e-01 6.1596711169e-01
      vertex 7.0000000000e-01 5.1655426906e-01 6.1885266583e-01
    endloop
  endfacet
  facet normal -1.812856e-01 1.504758e-01 9.718501e-01
    outer loop
      vertex 6.6845613327e-01 5.1949518177e-01 6.1412678196e-01
      vertex 6.8403146750e-01 5.0986909583e-01 6.1852260087e-01
      vertex 6.8406490278e-01 5.2641404330e-01 6.1596711169e-01
    endloop
  endfacet
  facet normal -8.410292e-02 1.522724e-01 9.847537e-01
    outer loop
      vertex 7.0000000000e-01 5.1655426906e-01 6.1885266583e-01
      vertex 6.8406490278e-01 5.2641404330e-01 6.1596711169e-01
      vertex 6.8403146750e-01 5.0986909583e-01 6.1852260087e-01
    endloop
  endfacet
  facet normal -2.148469e-01 3.716277e-01 9.031797e-01
    outer loop
      vertex 6.6881297044e-01 5.5206662775e-01 6.0352021765e-01
      vertex 6.6831006992e-01 5.3615106549e-01 6.0994930102e-01
      vertex 6.8420135544e-01 5.4298745522e-01 6.1091655207e-01
    endloop
  endfacet
  facet normal -2.162041e-01 2.357379e-01 9.474616e-01
    outer loop
      vertex 6.6845613327e-01 5.1949518177e-01 6.1412678196e-01
      vertex 6.8406490278e-01 5.2641404330e-01 6.1596711169e-01
      vertex 6.6831006992e-01 5.3615106549e-01 6.0994930102e-01
    endloop
  endfacet
  facet normal -8.454536e-02 2.910970e-01 9.529505e-01
    outer loop
      vertex 7.0000000000e-01 5.3279198347e-01 6.1543260293e-01
      vertex 6.8420135544e-01 5.4298745522e-01 6.1091655207e-01
      vertex 6.8406490278e-01 5.2641404330e-01 6.1596711169e-01
    endloop
  endfacet
  facet normal -1.811510e-01 2.880454e-01 9.403266e-01
    outer loop
      vertex 6.6831006992e-01 5.3615106549e-01 6.0994930102e-01
      vertex 6.8406490278e-01 5.2641404330e-01 6.1596711169e-01
      vertex 6.8420135544e-01 5.4298745522e-01 6.1091655207e-01
    endloop
  endfacet
  facet normal -8.026720e-01 0.000000e+00 5.964207e-01
    outer loop
      vertex 5.9792190300e-01 5.0000000000e-01 5.6308773345e-01
      vertex 6.0593883491e-01 4.9026964479e-01 5.7387704250e-01
      vertex 6.0593883491e-01 5.0973035521e-01 5.7387704250e-01
    endloop
  endfacet
  facet normal -7.283445e-01 -8.054149e-02 6.804611e-01
    outer loop
      vertex 6.1575442663e-01 4.8072535572e-01 5.8325365731e-01
      vertex 6.1464619180e-01 5.0000000000e-01 5.8434884366e-01
      vertex 6.0593883491e-01 4.9026964479e-01 5.7387704250e-01
    endloop
  endfacet
  facet normal -7.283445e-01 8.054149e-02 6.804611e-01
    outer loop
      vertex 6.1575442663e-01 5.1927464428e-01 5.8325365731e-01
      vertex 6.0593883491e-01 5.0973035521e-01 5.7387704250e-01
      vertex 6.1464619180e-01 5.0000000000e-01 5.8434884366e-01
    endloop
  endfacet
  facet normal -7.689122e-01 0.000000e+00 6.393544e-01
    outer loop
      vertex 6.0593883491e-01 4.9026964479e-01 5.7387704250e-01
      vertex 6.1464619180e-01 5.0000000000e-01 5.8434884366e-01
      vertex 6.0593883491e-01 5.0973035521e-01 5.7387704250e-01
    endloop
  endfacet
  facet normal -5.387620e-01 -2.333204e-01 8.095043e-01
    outer loop
      vertex 6.4000000000e-01 4.6291796068e-01 5.9708203932e-01
      vertex 6.3768898123e-01 4.8122786420e-01 6.0082134624e-01
      vertex 6.2718098209e-01 4.7154964096e-01 5.9103827602e-01
    endloop
  endfacet
  facet normal -5.516422e-01 -7.841715e-02 8.303865e-01
    outer loop
      vertex 6.3691226655e-01 5.0000000000e-01 6.0207809700e-01
      vertex 6.2557125009e-01 4.9026297781e-01 5.9362452449e-01
      vertex 6.3768898123e-01 4.8122786420e-01 6.0082134624e-01
    endloop
  endfacet
  facet normal -6.398684e-01 -1.589524e-01 7.518660e-01
    outer loop
      vertex 6.1575442663e-01 4.8072535572e-01 5.8325365731e-01
      vertex 6.2718098209e-01 4.7154964096e-01 5.9103827602e-01
      vertex 6.2557125009e-01 4.9026297781e-01 5.9362452449e-01
    endloop
  endfacet
  facet normal -5.895786e-01 -1.601287e-01 7.916792e-01
    outer loop
      vertex 6.3768898123e-01 4.8122786420e-01 6.0082134624e-01
      vertex 6.2557125009e-01 4.9026297781e-01 5.9362452449e-01
      vertex 6.2718098209e-01 4.7154964096e-01 5.9103827602e-01
    endloop
  endfacet
  facet normal -5.387620e-01 2.333204e-01 8.095043e-01
    outer loop
      vertex 6.4000000000e-01 5.3708203932e-01 5.9708203932e-01
      vertex 6.2718098209e-01 5.2845035904e-01 5.9103827602e-01
      vertex 6.3768898123e-01 5.1877213580e-01 6.0082134624e-01
    endloop
  endfacet
  facet normal -6.398684e-01 1.589524e-01 7.518660e-01
    outer loop
      vertex 6.1575442663e-01 5.1927464428e-01 5.8325365731e-01
      vertex 6.2557125009e-01 5.0973702219e-01 5.9362452449e-01
      vertex 6.2718098209e-01 5.2845035904e-01 5.9103827602e-01
    endloop
  endfacet
  facet normal -5.516422e-01 7.841715e-02 8.303865e-01
    outer loop
      vertex 6.3691226655e-01 5.0000000000e-01 6.0207809700e-01
      vertex 6.3768898123e-01 5.1877213580e-01 6.0082134624e-01
      vertex 6.2557125009e-01 5.0973702219e-01 5.9362452449e-01
    endloop
  endfacet
  facet normal -5.895786e-01 1.601287e-01 7.916792e-01
    outer loop
      vertex 6.2718098209e-01 5.2845035904e-01 5.9103827602e-01
      vertex 6.2557125009e-01 5.0973702219e-01 5.9362452449e-01
      vertex 6.3768898123e-01 5.1877213580e-01 6.0082134624e-01
    endloop
  endfacet
  facet normal -6.858517e-01 -8.053079e-02 7.232719e-01
    outer loop
      vertex 6.1575442663e-01 4.8072535572e-01 5.8325365731e-01
      vertex 6.2557125009e-01 4.9026297781e-01 5.9362452449e-01
      vertex 6.1464619180e-01 5.0000000000e-01 5.8434884366e-01
    endloop
  endfacet
  facet normal -5.976360e-01 0.000000e+00 8.017675e-01
    outer loop
      vertex 6.3691226655e-01 5.0000000000e-01 6.0207809700e-01
      vertex 6.2557125009e-01 5.0973702219e-01 5.9362452449e-01
      vertex 6.2557125009e-01 4.9026297781e-01 5.9362452449e-01
    endloop
  endfacet
  facet normal -6.858517e-01 8.053079e-02 7.232719e-01
    outer loop
      vertex 6.1575442663e-01 5.1927464428e-01 5.8325365731e-01
      vertex 6.1464619180e-01 5.0000000000e-01 5.8434884366e-01
      vertex 6.2557125009e-01 5.0973702219e-01 5.9362452449e-01
    endloop
  endfacet
  facet normal -6.472182e-01 0.000000e+00 7.623048e-01
    outer loop
      vertex 6.2557125009e-01 4.9026297781e-01 5.9362452449e-01
      vertex 6.2557125009e-01 5.0973702219e-01 5.9362452449e-01
      vertex 6.1464619180e-01 5.0000000000e-01 5.8434884366e-01
    endloop
  endfacet
  facet normal -5.017104e-02 -4.650712e-01 8.838505e-01
    outer loop
      vertex 7.0000000000e-01 4.3691226655e-01 6.0207809700e-01
      vertex 7.0000000000e-01 4.5159735817e-01 6.0980521055e-01
      vertex 6.8425595454e-01 4.4186700295e-01 6.0379152030e-01
    endloop
  endfacet
  facet normal -5.000027e-02 -3.386983e-01 9.395655e-01
    outer loop
      vertex 7.0000000000e-01 4.6720801653e-01 6.1543260293e-01
      vertex 6.8420135544e-01 4.5701254478e-01 6.1091655207e-01
      vertex 7.0000000000e-01 4.5159735817e-01 6.0980521055e-01
    endloop
  endfacet
  facet normal -1.803191e-01 -4.192398e-01 8.897882e-01
    outer loop
      vertex 6.6881297044e-01 4.4793337225e-01 6.0352021765e-01
      vertex 6.8425595454e-01 4.4186700295e-01 6.0379152030e-01
      vertex 6.8420135544e-01 4.5701254478e-01 6.1091655207e-01
    endloop
  endfacet
  facet normal -8.207030e-02 -4.244916e-01 9.017047e-01
    outer loop
      vertex 7.0000000000e-01 4.5159735817e-01 6.0980521055e-01
      vertex 6.8420135544e-01 4.5701254478e-01 6.1091655207e-01
      vertex 6.8425595454e-01 4.4186700295e-01 6.0379152030e-01
    endloop
  endfacet
  facet normal -4.950537e-02 -6.905681e-02 9.963836e-01
    outer loop
      vertex 7.0000000000e-01 5.0000000000e-01 6.2000000000e-01
      vertex 6.8403146750e-01 4.9013090417e-01 6.1852260087e-01
      vertex 7.0000000000e-01 4.8344573094e-01 6.1885266583e-01
    endloop
  endfacet
  facet normal -1.812856e-01 -1.504758e-01 9.718501e-01
    outer loop
      vertex 6.6845613327e-01 4.8050481823e-01 6.1412678196e-01
      vertex 6.8406490278e-01 4.7358595670e-01 6.1596711169e-01
      vertex 6.8403146750e-01 4.9013090417e-01 6.1852260087e-01
    endloop
  endfacet
  facet normal -4.960764e-02 -2.058489e-01 9.773256e-01
    outer loop
      vertex 7.0000000000e-01 4.6720801653e-01 6.1543260293e-01
      vertex 7.0000000000e-01 4.8344573094e-01 6.1885266583e-01
      vertex 6.8406490278e-01 4.7358595670e-01 6.1596711169e-01
    endloop
  endfacet
  facet normal -8.410292e-02 -1.522724e-01 9.847537e-01
    outer loop
      vertex 6.8403146750e-01 4.9013090417e-01 6.1852260087e-01
      vertex 6.8406490278e-01 4.7358595670e-01 6.1596711169e-01
      vertex 7.0000000000e-01 4.8344573094e-01 6.1885266583e-01
    endloop
  endfacet
  facet normal -4.270257e-01 -3.023772e-01 8.521837e-01
    outer loop
      vertex 6.4000000000e-01 4.6291796068e-01 5.9708203932e-01
      vertex 6.5396635208e-01 4.5499537190e-01 6.0126937695e-01
      vertex 6.5365751373e-01 4.7135876836e-01 6.0692078290e-01
    endloop
  endfacet
  facet normal -3.067980e-01 -3.648012e-01 8.790876e-01
    outer loop
      vertex 6.6881297044e-01 4.4793337225e-01 6.0352021765e-01
      vertex 6.6831006992e-01 4.6384893451e-01 6.0994930102e-01
      vertex 6.5396635208e-01 4.5499537190e-01 6.0126937695e-01
    endloop
  endfacet
  facet normal -3.081672e-01 -2.288929e-01 9.233856e-01
    outer loop
      vertex 6.6845613327e-01 4.8050481823e-01 6.1412678196e-01
      vertex 6.5365751373e-01 4.7135876836e-01 6.0692078290e-01
      vertex 6.6831006992e-01 4.6384893451e-01 6.0994930102e-01
    endloop
  endfacet
  facet normal -3.431966e-01 -3.124011e-01 8.857887e-01
    outer loop
      vertex 6.5396635208e-01 4.5499537190e-01 6.0126937695e-01
      vertex 6.6831006992e-01 4.6384893451e-01 6.0994930102e-01
      vertex 6.5365751373e-01 4.7135876836e-01 6.0692078290e-01
    endloop
  endfacet
  facet normal -8.454536e-02 -2.910970e-01 9.529505e-01
    outer loop
      vertex 7.0000000000e-01 4.6720801653e-01 6.1543260293e-01
      vertex 6.8406490278e-01 4.7358595670e-01 6.1596711169e-01
      vertex 6.8420135544e-01 4.5701254478e-01 6.1091655207e-01
    endloop
  endfacet
  facet normal -2.162041e-01 -2.357379e-01 9.474616e-01
    outer loop
      vertex 6.6845613327e-01 4.8050481823e-01 6.1412678196e-01
      vertex 6.6831006992e-01 4.6384893451e-01 6.0994930102e-01
      vertex 6.8406490278e-01 4.7358595670e-01 6.1596711169e-01
    endloop
  endfacet
  facet normal -2.148469e-01 -3.716277e-01 9.031797e-01
    outer loop
      vertex 6.6881297044e-01 4.4793337225e-01 6.0352021765e-01
      vertex 6.8420135544e-01 4.5701254478e-01 6.1091655207e-01
      vertex 6.6831006992e-01 4.6384893451e-01 6.0994930102e-01
    endloop
  endfacet
  facet normal -1.811510e-01 -2.880454e-01 9.403266e-01
    outer loop
      vertex 6.8406490278e-01 4.7358595670e-01 6.1596711169e-01
      vertex 6.6831006992e-01 4.6384893451e-01 6.0994930102e-01
      vertex 6.8420135544e-01 4.5701254478e-01 6.1091655207e-01
    endloop
  endfacet
  facet normal -4.694052e-01 2.331714e-01 8.516395e-01
    outer loop
      vertex 6.4000000000e-01 5.3708203932e-01 5.9708203932e-01
      vertex 6.3768898123e-01 5.1877213580e-01 6.0082134624e-01
      vertex 6.5365751373e-01 5.2864123164e-01 6.0692078290e-01
    endloop
  endfacet
  facet normal -4.823363e-01 7.836719e-02 8.724736e-01
    outer loop
      vertex 6.3691226655e-01 5.0000000000e-01 6.0207809700e-01
      vertex 6.5204715380e-01 5.0987882960e-01 6.0955789915e-01
      vertex 6.3768898123e-01 5.1877213580e-01 6.0082134624e-01
    endloop
  endfacet
  facet normal -3.505871e-01 1.597927e-01 9.227974e-01
    outer loop
      vertex 6.6845613327e-01 5.1949518177e-01 6.1412678196e-01
      vertex 6.5365751373e-01 5.2864123164e-01 6.0692078290e-01
      vertex 6.5204715380e-01 5.0987882960e-01 6.0955789915e-01
    endloop
  endfacet
  facet normal -4.378416e-01 1.618790e-01 8.843585e-01
    outer loop
      vertex 6.3768898123e-01 5.1877213580e-01 6.0082134624e-01
      vertex 6.5204715380e-01 5.0987882960e-01 6.0955789915e-01
      vertex 6.5365751373e-01 5.2864123164e-01 6.0692078290e-01
    endloop
  endfacet
  facet normal -4.694052e-01 -2.331714e-01 8.516395e-01
    outer loop
      vertex 6.4000000000e-01 4.6291796068e-01 5.9708203932e-01
      vertex 6.5365751373e-01 4.7135876836e-01 6.0692078290e-01
      vertex 6.3768898123e-01 4.8122786420e-01 6.0082134624e-01
    endloop
  endfacet
  facet normal -3.505871e-01 -1.597927e-01 9.227974e-01
    outer loop
      vertex 6.6845613327e-01 4.8050481823e-01 6.1412678196e-01
      vertex 6.5204715380e-01 4.9012117040e-01 6.0955789915e-01
      vertex 6.5365751373e-01 4.7135876836e-01 6.0692078290e-01
    endloop
  endfacet
  facet normal -4.823363e-01 -7.836719e-02 8.724736e-01
    outer loop
      vertex 6.3691226655e-01 5.0000000000e-01 6.0207809700e-01
      vertex 6.3768898123e-01 4.8122786420e-01 6.0082134624e-01
      vertex 6.5204715380e-01 4.9012117040e-01 6.0955789915e-01
    endloop
  endfacet
  facet normal -4.378416e-01 -1.618790e-01 8.843585e-01
    outer loop
      vertex 6.5365751373e-01 4.7135876836e-01 6.0692078290e-01
      vertex 6.5204715380e-01 4.9012117040e-01 6.0955789915e-01
      vertex 6.3768898123e-01 4.8122786420e-01 6.0082134624e-01
    endloop
  endfacet
  facet normal -9.212595e-02 0.000000e+00 9.957474e-01
    outer loop
      vertex 7.0000000000e-01 5.0000000000e-01 6.2000000000e-01
      vertex 6.8403146750e-01 5.0986909583e-01 6.1852260087e-01
      vertex 6.8403146750e-01 4.9013090417e-01 6.1852260087e-01
    endloop
  endfacet
  facet normal -2.237863e-01 8.142553e-02 9.712310e-01
    outer loop
      vertex 6.6845613327e-01 5.1949518177e-01 6.1412678196e-01
      vertex 6.6803143586e-01 5.0000000000e-01 6.1566335162e-01
      vertex 6.8403146750e-01 5.0986909583e-01 6.1852260087e-01
    endloop
  endfacet
  facet normal -2.237863e-01 -8.142553e-02 9.712310e-01
    outer loop
      vertex 6.6845613327e-01 4.8050481823e-01 6.1412678196e-01
      vertex 6.8403146750e-01 4.9013090417e-01 6.1852260087e-01
      vertex 6.6803143586e-01 5.0000000000e-01 6.1566335162e-01
    endloop
  endfacet
  facet normal -1.759159e-01 0.000000e+00 9.844052e-01
    outer loop
      vertex 6.8403146750e-01 5.0986909583e-01 6.1852260087e-01
      vertex 6.6803143586e-01 5.0000000000e-01 6.1566335162e-01
      vertex 6.8403146750e-01 4.9013090417e-01 6.1852260087e-01
    endloop
  endfacet
  facet normal -4.430557e-01 0.000000e+00 8.964941e-01
    outer loop
      vertex 6.3691226655e-01 5.0000000000e-01 6.0207809700e-01
      vertex 6.5204715380e-01 4.9012117040e-01 6.0955789915e-01
      vertex 6.5204715380e-01 5.0987882960e-01 6.0955789915e-01
    endloop
  endfacet
  facet normal -3.113353e-01 -8.140770e-02 9.468068e-01
    outer loop
      vertex 6.6845613327e-01 4.8050481823e-01 6.1412678196e-01
      vertex 6.6803143586e-01 5.0000000000e-01 6.1566335162e-01
      vertex 6.5204715380e-01 4.9012117040e-01 6.0955789915e-01
    endloop
  endfacet
  facet normal -3.113353e-01 8.140770e-02 9.468068e-01
    outer loop
      vertex 6.6845613327e-01 5.1949518177e-01 6.1412678196e-01
      vertex 6.5204715380e-01 5.0987882960e-01 6.0955789915e-01
      vertex 6.6803143586e-01 5.0000000000e-01 6.1566335162e-01
    endloop
  endfacet
  facet normal -3.568221e-01 0.000000e+00 9.341724e-01
    outer loop
      vertex 6.5204715380e-01 4.9012117040e-01 6.0955789915e-01
      vertex 6.6803143586e-01 5.0000000000e-01 6.1566335162e-01
      vertex 6.5204715380e-01 5.0987882960e-01 6.0955789915e-01
    endloop
  endfacet
  facet normal -8.838505e-01 -5.017104e-02 4.650712e-01
    outer loop
      vertex 5.9792190300e-01 5.0000000000e-01 5.6308773345e-01
      vertex 5.9019478945e-01 5.0000000000e-01 5.4840264183e-01
      vertex 5.9620847970e-01 4.8425595454e-01 5.5813299705e-01
    endloop
  endfacet
  facet normal -9.395655e-01 -5.000027e-02 3.386983e-01
    outer loop
      vertex 5.8456739707e-01 5.0000000000e-01 5.3279198347e-01
      vertex 5.8908344793e-01 4.8420135544e-01 5.4298745522e-01
      vertex 5.9019478945e-01 5.0000000000e-01 5.4840264183e-01
    endloop
  endfacet
  facet normal -8.897882e-01 -1.803191e-01 4.192398e-01
    outer loop
      vertex 5.9647978235e-01 4.6881297044e-01 5.5206662775e-01
      vertex 5.9620847970e-01 4.8425595454e-01 5.5813299705e-01
      vertex 5.8908344793e-01 4.8420135544e-01 5.4298745522e-01
    endloop
  endfacet
  facet normal -9.017047e-01 -8.207030e-02 4.244916e-01
    outer loop
      vertex 5.9019478945e-01 5.0000000000e-01 5.4840264183e-01
      vertex 5.8908344793e-01 4.8420135544e-01 5.4298745522e-01
      vertex 5.9620847970e-01 4.8425595454e-01 5.5813299705e-01
    endloop
  endfacet
  facet normal -9.963836e-01 -4.950537e-02 6.905681e-02
    outer loop
      vertex 5.8000000000e-01 5.0000000000e-01 5.0000000000e-01
      vertex 5.8147739913e-01 4.8403146750e-01 5.0986909583e-01
      vertex 5.8114733417e-01 5.0000000000e-01 5.1655426906e-01
    endloop
  endfacet
  facet normal -9.718501e-01 -1.812856e-01 1.504758e-01
    outer loop
      vertex 5.8587321804e-01 4.6845613327e-01 5.1949518177e-01
      vertex 5.8403288831e-01 4.8406490278e-01 5.2641404330e-01
      vertex 5.8147739913e-01 4.8403146750e-01 5.0986909583e-01
    endloop
  endfacet
  facet normal -9.773256e-01 -4.960764e-02 2.058489e-01
    outer loop
      vertex 5.8456739707e-01 5.0000000000e-01 5.3279198347e-01
      vertex 5.8114733417e-01 5.0000000000e-01 5.1655426906e-01
      vertex 5.8403288831e-01 4.8406490278e-01 5.2641404330e-01
    endloop
  endfacet
  facet normal -9.847537e-01 -8.410292e-02 1.522724e-01
    outer loop
      vertex 5.8147739913e-01 4.8403146750e-01 5.0986909583e-01
      vertex 5.8403288831e-01 4.8406490278e-01 5.2641404330e-01
      vertex 5.8114733417e-01 5.0000000000e-01 5.1655426906e-01
    endloop
  endfacet
  facet normal -8.521837e-01 -4.270257e-01 3.023772e-01
    outer loop
      vertex 6.0291796068e-01 4.4000000000e-01 5.3708203932e-01
      vertex 5.9873062305e-01 4.5396635208e-01 5.4500462810e-01
      vertex 5.9307921710e-01 4.5365751373e-01 5.2864123164e-01
    endloop
  endfacet
  facet normal -8.790876e-01 -3.067980e-01 3.648012e-01
    outer loop
      vertex 5.9647978235e-01 4.6881297044e-01 5.5206662775e-01
      vertex 5.9005069898e-01 4.6831006992e-01 5.3615106549e-01
      vertex 5.9873062305e-01 4.5396635208e-01 5.4500462810e-01
    endloop
  endfacet
  facet normal -9.233856e-01 -3.081672e-01 2.288929e-01
    outer loop
      vertex 5.8587321804e-01 4.6845613327e-01 5.1949518177e-01
      vertex 5.9307921710e-01 4.5365751373e-01 5.2864123164e-01
      vertex 5.9005069898e-01 4.6831006992e-01 5.3615106549e-01
    endloop
  endfacet
  facet normal -8.857887e-01 -3.431966e-01 3.124011e-01
    outer loop
      vertex 5.9873062305e-01 4.5396635208e-01 5.4500462810e-01
      vertex 5.9005069898e-01 4.6831006992e-01 5.3615106549e-01
      vertex 5.9307921710e-01 4.5365751373e-01 5.2864123164e-01
    endloop
  endfacet
  facet normal -9.529505e-01 -8.454536e-02 2.910970e-01
    outer loop
      vertex 5.8456739707e-01 5.0000000000e-01 5.3279198347e-01
      vertex 5.8403288831e-01 4.8406490278e-01 5.2641404330e-01
      vertex 5.8908344793e-01 4.8420135544e-01 5.4298745522e-01
    endloop
  endfacet
  facet normal -9.474616e-01 -2.162041e-01 2.357379e-01
    outer loop
      vertex 5.8587321804e-01 4.6845613327e-01 5.1949518177e-01
      vertex 5.9005069898e-01 4.6831006992e-01 5.3615106549e-01
      vertex 5.8403288831e-01 4.8406490278e-01 5.2641404330e-01
    endloop
  endfacet
  facet normal -9.031797e-01 -2.148469e-01 3.716277e-01
    outer loop
      vertex 5.9647978235e-01 4.6881297044e-01 5.5206662775e-01
      vertex 5.8908344793e-01 4.8420135544e-01 5.4298745522e-01
      vertex 5.9005069898e-01 4.6831006992e-01 5.3615106549e-01
    endloop
  endfacet
  facet normal -9.403266e-01 -1.811510e-01 2.880454e-01
    outer loop
      vertex 5.8403288831e-01 4.8406490278e-01 5.2641404330e-01
      vertex 5.9005069898e-01 4.6831006992e-01 5.3615106549e-01
      vertex 5.8908344793e-01 4.8420135544e-01 5.4298745522e-01
    endloop
  endfacet
  facet normal -8.838505e-01 -5.017104e-02 -4.650712e-01
    outer loop
      vertex 5.9792190300e-01 5.0000000000e-01 4.3691226655e-01
      vertex 5.9620847970e-01 4.8425595454e-01 4.4186700295e-01
      vertex 5.9019478945e-01 5.0000000000e-01 4.5159735817e-01
    endloop
  endfacet
  facet normal -8.897882e-01 -1.803191e-01 -4.192398e-01
    outer loop
      vertex 5.9647978235e-01 4.6881297044e-01 4.4793337225e-01
      vertex 5.8908344793e-01 4.8420135544e-01 4.5701254478e-01
      vertex 5.9620847970e-01 4.8425595454e-01 4.4186700295e-01
    endloop
  endfacet
  facet normal -9.395655e-01 -5.000027e-02 -3.386983e-01
    outer loop
      vertex 5.8456739707e-01 5.0000000000e-01 4.6720801653e-01
      vertex 5.9019478945e-01 5.0000000000e-01 4.5159735817e-01
      vertex 5.8908344793e-01 4.8420135544e-01 4.5701254478e-01
    endloop
  endfacet
  facet normal -9.017047e-01 -8.207030e-02 -4.244916e-01
    outer loop
      vertex 5.9620847970e-01 4.8425595454e-01 4.4186700295e-01
      vertex 5.8908344793e-01 4.8420135544e-01 4.5701254478e-01
      vertex 5.9019478945e-01 5.0000000000e-01 4.5159735817e-01
    endloop
  endfacet
  facet normal -8.521837e-01 -4.270257e-01 -3.023772e-01
    outer loop
      vertex 6.0291796068e-01 4.4000000000e-01 4.6291796068e-01
      vertex 5.9307921710e-01 4.5365751373e-01 4.7135876836e-01
      vertex 5.9873062305e-01 4.5396635208e-01 4.5499537190e-01
    endloop
  endfacet
  facet normal -9.233856e-01 -3.081672e-01 -2.288929e-01
    outer loop
      vertex 5.8587321804e-01 4.6845613327e-01 4.8050481823e-01
      vertex 5.9005069898e-01 4.6831006992e-01 4.6384893451e-01
      vertex 5.9307921710e-01 4.5365751373e-01 4.7135876836e-01
    endloop
  endfacet
  facet normal -8.790876e-01 -3.067980e-01 -3.648012e-01
    outer loop
      vertex 5.9647978235e-01 4.6881297044e-01 4.4793337225e-01
      vertex 5.9873062305e-01 4.5396635208e-01 4.5499537190e-01
      vertex 5.9005069898e-01 4.6831006992e-01 4.6384893451e-01
    endloop
  endfacet
  facet normal -8.857887e-01 -3.431966e-01 -3.124011e-01
    outer loop
      vertex 5.9307921710e-01 4.5365751373e-01 4.7135876836e-01
      vertex 5.9005069898e-01 4.6831006992e-01 4.6384893451e-01
      vertex 5.9873062305e-01 4.5396635208e-01 4.5499537190e-01
    endloop
  endfacet
  facet normal -9.963836e-01 -4.950537e-02 -6.905681e-02
    outer loop
      vertex 5.8000000000e-01 5.0000000000e-01 5.0000000000e-01
      vertex 5.8114733417e-01 5.0000000000e-01 4.8344573094e-01
      vertex 5.8147739913e-01 4.8403146750e-01 4.9013090417e-01
    endloop
  endfacet
  facet normal -9.773256e-01 -4.960764e-02 -2.058489e-01
    outer loop
      vertex 5.8456739707e-01 5.0000000000e-01 4.6720801653e-01
      vertex 5.8403288831e-01 4.8406490278e-01 4.7358595670e-01
      vertex 5.8114733417e-01 5.0000000000e-01 4.8344573094e-01
    endloop
  endfacet
  facet normal -9.718501e-01 -1.812856e-01 -1.504758e-01
    outer loop
      vertex 5.8587321804e-01 4.6845613327e-01 4.8050481823e-01
      vertex 5.8147739913e-01 4.8403146750e-01 4.9013090417e-01
      vertex 5.8403288831e-01 4.8406490278e-01 4.7358595670e-01
    endloop
  endfacet
  facet normal -9.847537e-01 -8.410292e-02 -1.522724e-01
    outer loop
      vertex 5.8114733417e-01 5.0000000000e-01 4.8344573094e-01
      vertex 5.8403288831e-01 4.8406490278e-01 4.7358595670e-01
      vertex 5.8147739913e-01 4.8403146750e-01 4.9013090417e-01
    endloop
  endfacet
  facet normal -9.031797e-01 -2.148469e-01 -3.716277e-01
    outer loop
      vertex 5.9647978235e-01 4.6881297044e-01 4.4793337225e-01
      vertex 5.9005069898e-01 4.6831006992e-01 4.6384893451e-01
      vertex 5.8908344793e-01 4.8420135544e-01 4.5701254478e-01
    endloop
  endfacet
  facet normal -9.474616e-01 -2.162041e-01 -2.357379e-01
    outer loop
      vertex 5.8587321804e-01 4.6845613327e-01 4.8050481823e-01
      vertex 5.8403288831e-01 4.8406490278e-01 4.7358595670e-01
      vertex 5.9005069898e-01 4.6831006992e-01 4.6384893451e-01
    endloop
  endfacet
  facet normal -9.529505e-01 -8.454536e-02 -2.910970e-01
    outer loop
      vertex 5.8456739707e-01 5.0000000000e-01 4.6720801653e-01
      vertex 5.8908344793e-01 4.8420135544e-01 4.5701254478e-01
      vertex 5.8403288831e-01 4.8406490278e-01 4.7358595670e-01
    endloop
  endfacet
  facet normal -9.403266e-01 -1.811510e-01 -2.880454e-01
    outer loop
      vertex 5.9005069898e-01 4.6831006992e-01 4.6384893451e-01
      vertex 5.8403288831e-01 4.8406490278e-01 4.7358595670e-01
      vertex 5.8908344793e-01 4.8420135544e-01 4.5701254478e-01
    endloop
  endfacet
  facet normal -5.964207e-01 -8.026720e-01 0.000000e+00
    outer loop
      vertex 6.3691226655e-01 3.9792190300e-01 5.0000000000e-01
      vertex 6.2612295750e-01 4.0593883491e-01 5.0973035521e-01
      vertex 6.2612295750e-01 4.0593883491e-01 4.9026964479e-01
    endloop
  endfacet
  facet normal -6.804611e-01 -7.283445e-01 8.054149e-02
    outer loop
      vertex 6.1674634269e-01 4.1575442663e-01 5.1927464428e-01
      vertex 6.1565115634e-01 4.1464619180e-01 5.0000000000e-01
      vertex 6.2612295750e-01 4.0593883491e-01 5.0973035521e-01
    endloop
  endfacet
  facet normal -6.804611e-01 -7.283445e-01 -8.054149e-02
    outer loop
      vertex 6.1674634269e-01 4.1575442663e-01 4.8072535572e-01
      vertex 6.2612295750e-01 4.0593883491e-01 4.9026964479e-01
      vertex 6.1565115634e-01 4.1464619180e-01 5.0000000000e-01
    endloop
  endfacet
  facet normal -6.393544e-01 -7.689122e-01 -0.000000e+00
    outer loop
      vertex 6.2612295750e-01 4.0593883491e-01 5.0973035521e-01
      vertex 6.1565115634e-01 4.1464619180e-01 5.0000000000e-01
      vertex 6.2612295750e-01 4.0593883491e-01 4.9026964479e-01
    endloop
  endfacet
  facet normal -8.095043e-01 -5.387620e-01 2.333204e-01
    outer loop
      vertex 6.0291796068e-01 4.4000000000e-01 5.3708203932e-01
      vertex 5.9917865376e-01 4.3768898123e-01 5.1877213580e-01
      vertex 6.0896172398e-01 4.2718098209e-01 5.2845035904e-01
    endloop
  endfacet
  facet normal -8.303865e-01 -5.516422e-01 7.841715e-02
    outer loop
      vertex 5.9792190300e-01 4.3691226655e-01 5.0000000000e-01
      vertex 6.0637547551e-01 4.2557125009e-01 5.0973702219e-01
      vertex 5.9917865376e-01 4.3768898123e-01 5.1877213580e-01
    endloop
  endfacet
  facet normal -7.518660e-01 -6.398684e-01 1.589524e-01
    outer loop
      vertex 6.1674634269e-01 4.1575442663e-01 5.1927464428e-01
      vertex 6.0896172398e-01 4.2718098209e-01 5.2845035904e-01
      vertex 6.0637547551e-01 4.2557125009e-01 5.0973702219e-01
    endloop
  endfacet
  facet normal -7.916792e-01 -5.895786e-01 1.601287e-01
    outer loop
      vertex 5.9917865376e-01 4.3768898123e-01 5.1877213580e-01
      vertex 6.0637547551e-01 4.2557125009e-01 5.0973702219e-01
      vertex 6.0896172398e-01 4.2718098209e-01 5.2845035904e-01
    endloop
  endfacet
  facet normal -8.095043e-01 -5.387620e-01 -2.333204e-01
    outer loop
      vertex 6.0291796068e-01 4.4000000000e-01 4.6291796068e-01
      vertex 6.0896172398e-01 4.2718098209e-01 4.7154964096e-01
      vertex 5.9917865376e-01 4.3768898123e-01 4.8122786420e-01
    endloop
  endfacet
  facet normal -7.518660e-01 -6.398684e-01 -1.589524e-01
    outer loop
      vertex 6.1674634269e-01 4.1575442663e-01 4.8072535572e-01
      vertex 6.0637547551e-01 4.2557125009e-01 4.9026297781e-01
      vertex 6.0896172398e-01 4.2718098209e-01 4.7154964096e-01
    endloop
  endfacet
  facet normal -8.303865e-01 -5.516422e-01 -7.841715e-02
    outer loop
      vertex 5.9792190300e-01 4.3691226655e-01 5.0000000000e-01
      vertex 5.9917865376e-01 4.3768898123e-01 4.8122786420e-01
      vertex 6.0637547551e-01 4.2557125009e-01 4.9026297781e-01
    endloop
  endfacet
  facet normal -7.916792e-01 -5.895786e-01 -1.601287e-01
    outer loop
      vertex 6.0896172398e-01 4.2718098209e-01 4.7154964096e-01
      vertex 6.0637547551e-01 4.2557125009e-01 4.9026297781e-01
      vertex 5.9917865376e-01 4.3768898123e-01 4.8122786420e-01
    endloop
  endfacet
  facet normal -7.232719e-01 -6.858517e-01 8.053079e-02
    outer loop
      vertex 6.1674634269e-01 4.1575442663e-01 5.1927464428e-01
      vertex 6.0637547551e-01 4.2557125009e-01 5.0973702219e-01
      vertex 6.1565115634e-01 4.1464619180e-01 5.0000000000e-01
    endloop
  endfacet
  facet normal -8.017675e-01 -5.976360e-01 0.000000e+00
    outer loop
      vertex 5.9792190300e-01 4.3691226655e-01 5.0000000000e-01
      vertex 6.0637547551e-01 4.2557125009e-01 4.9026297781e-01
      vertex 6.0637547551e-01 4.2557125009e-01 5.0973702219e-01
    endloop
  endfacet
  facet normal -7.232719e-01 -6.858517e-01 -8.053079e-02
    outer loop
      vertex 6.1674634269e-01 4.1575442663e-01 4.8072535572e-01
      vertex 6.1565115634e-01 4.1464619180e-01 5.0000000000e-01
      vertex 6.0637547551e-01 4.2557125009e-01 4.9026297781e-01
    endloop
  endfacet
  facet normal -7.623048e-01 -6.472182e-01 -0.000000e+00
    outer loop
      vertex 6.0637547551e-01 4.2557125009e-01 5.0973702219e-01
      vertex 6.0637547551e-01 4.2557125009e-01 4.9026297781e-01
      vertex 6.1565115634e-01 4.1464619180e-01 5.0000000000e-01
    endloop
  endfacet
  facet normal -9.957474e-01 -9.212595e-02 0.000000e+00
    outer loop
      vertex 5.8000000000e-01 5.0000000000e-01 5.0000000000e-01
      vertex 5.8147739913e-01 4.8403146750e-01 4.9013090417e-01
      vertex 5.8147739913e-01 4.8403146750e-01 5.0986909583e-01
    endloop
  endfacet
  facet normal -9.712310e-01 -2.237863e-01 -8.142553e-02
    outer loop
      vertex 5.8587321804e-01 4.6845613327e-01 4.8050481823e-01
      vertex 5.8433664838e-01 4.6803143586e-01 5.0000000000e-01
      vertex 5.8147739913e-01 4.8403146750e-01 4.9013090417e-01
    endloop
  endfacet
  facet normal -9.712310e-01 -2.237863e-01 8.142553e-02
    outer loop
      vertex 5.8587321804e-01 4.6845613327e-01 5.1949518177e-01
      vertex 5.8147739913e-01 4.8403146750e-01 5.0986909583e-01
      vertex 5.8433664838e-01 4.6803143586e-01 5.0000000000e-01
    endloop
  endfacet
  facet normal -9.844052e-01 -1.759159e-01 0.000000e+00
    outer loop
      vertex 5.8147739913e-01 4.8403146750e-01 4.9013090417e-01
      vertex 5.8433664838e-01 4.6803143586e-01 5.0000000000e-01
      vertex 5.8147739913e-01 4.8403146750e-01 5.0986909583e-01
    endloop
  endfacet
  facet normal -8.516395e-01 -4.694052e-01 -2.331714e-01
    outer loop
      vertex 6.0291796068e-01 4.4000000000e-01 4.6291796068e-01
      vertex 5.9917865376e-01 4.3768898123e-01 4.8122786420e-01
      vertex 5.9307921710e-01 4.5365751373e-01 4.7135876836e-01
    endloop
  endfacet
  facet normal -8.724736e-01 -4.823363e-01 -7.836719e-02
    outer loop
      vertex 5.9792190300e-01 4.3691226655e-01 5.0000000000e-01
      vertex 5.9044210085e-01 4.5204715380e-01 4.9012117040e-01
      vertex 5.9917865376e-01 4.3768898123e-01 4.8122786420e-01
    endloop
  endfacet
  facet normal -9.227974e-01 -3.505871e-01 -1.597927e-01
    outer loop
      vertex 5.8587321804e-01 4.6845613327e-01 4.8050481823e-01
      vertex 5.9307921710e-01 4.5365751373e-01 4.7135876836e-01
      vertex 5.9044210085e-01 4.5204715380e-01 4.9012117040e-01
    endloop
  endfacet
  facet normal -8.843585e-01 -4.378416e-01 -1.618790e-01
    outer loop
      vertex 5.9917865376e-01 4.3768898123e-01 4.8122786420e-01
      vertex 5.9044210085e-01 4.5204715380e-01 4.9012117040e-01
      vertex 5.9307921710e-01 4.5365751373e-01 4.7135876836e-01
    endloop
  endfacet
  facet normal -8.516395e-01 -4.694052e-01 2.331714e-01
    outer loop
      vertex 6.0291796068e-01 4.4000000000e-01 5.3708203932e-01
      vertex 5.9307921710e-01 4.5365751373e-01 5.2864123164e-01
      vertex 5.9917865376e-01 4.3768898123e-01 5.1877213580e-01
    endloop
  endfacet
  facet normal -9.227974e-01 -3.505871e-01 1.597927e-01
    outer loop
      vertex 5.8587321804e-01 4.6845613327e-01 5.1949518177e-01
      vertex 5.9044210085e-01 4.5204715380e-01 5.0987882960e-01
      vertex 5.9307921710e-01 4.5365751373e-01 5.2864123164e-01
    endloop
  endfacet
  facet normal -8.724736e-01 -4.823363e-01 7.836719e-02
    outer loop
      vertex 5.9792190300e-01 4.3691226655e-01 5.0000000000e-01
      vertex 5.9917865376e-01 4.3768898123e-01 5.1877213580e-01
      vertex 5.9044210085e-01 4.5204715380e-01 5.0987882960e-01
    endloop
  endfacet
  facet normal -8.843585e-01 -4.378416e-01 1.618790e-01
    outer loop
      vertex 5.9307921710e-01 4.5365751373e-01 5.2864123164e-01
      vertex 5.9044210085e-01 4.5204715380e-01 5.0987882960e-01
      vertex 5.9917865376e-01 4.3768898123e-01 5.1877213580e-01
    endloop
  endfacet
  facet normal -9.468068e-01 -3.113353e-01 -8.140770e-02
    outer loop
      vertex 5.8587321804e-01 4.6845613327e-01 4.8050481823e-01
      vertex 5.9044210085e-01 4.5204715380e-01 4.9012117040e-01
      vertex 5.8433664838e-01 4.6803143586e-01 5.0000000000e-01
    endloop
  endfacet
  facet normal -8.964941e-01 -4.430557e-01 0.000000e+00
    outer loop
      vertex 5.9792190300e-01 4.3691226655e-01 5.0000000000e-01
      vertex 5.9044210085e-01 4.5204715380e-01 5.0987882960e-01
      vertex 5.9044210085e-01 4.5204715380e-01 4.9012117040e-01
    endloop
  endfacet
  facet normal -9.468068e-01 -3.113353e-01 8.140770e-02
    outer loop
      vertex 5.8587321804e-01 4.6845613327e-01 5.1949518177e-01
      vertex 5.8433664838e-01 4.6803143586e-01 5.0000000000e-01
      vertex 5.9044210085e-01 4.5204715380e-01 5.0987882960e-01
    endloop
  endfacet
  facet normal -9.341724e-01 -3.568221e-01 0.000000e+00
    outer loop
      vertex 5.9044210085e-01 4.5204715380e-01 4.9012117040e-01
      vertex 5.9044210085e-01 4.5204715380e-01 5.0987882960e-01
      vertex 5.8433664838e-01 4.6803143586e-01 5.0000000000e-01
    endloop
  endfacet
  facet normal -8.026720e-01 0.000000e+00 -5.964207e-01
    outer loop
      vertex 5.9792190300e-01 5.0000000000e-01 4.3691226655e-01
      vertex 6.0593883491e-01 5.0973035521e-01 4.2612295750e-01
      vertex 6.0593883491e-01 4.9026964479e-01 4.2612295750e-01
    endloop
  endfacet
  facet normal -7.283445e-01 8.054149e-02 -6.804611e-01
    outer loop
      vertex 6.1575442663e-01 5.1927464428e-01 4.1674634269e-01
      vertex 6.1464619180e-01 5.0000000000e-01 4.1565115634e-01
      vertex 6.0593883491e-01 5.0973035521e-01 4.2612295750e-01
    endloop
  endfacet
  facet normal -7.283445e-01 -8.054149e-02 -6.804611e-01
    outer loop
      vertex 6.1575442663e-01 4.8072535572e-01 4.1674634269e-01
      vertex 6.0593883491e-01 4.9026964479e-01 4.2612295750e-01
      vertex 6.1464619180e-01 5.0000000000e-01 4.1565115634e-01
    endloop
  endfacet
  facet normal -7.689122e-01 -0.000000e+00 -6.393544e-01
    outer loop
      vertex 6.0593883491e-01 5.0973035521e-01 4.2612295750e-01
      vertex 6.1464619180e-01 5.0000000000e-01 4.1565115634e-01
      vertex 6.0593883491e-01 4.9026964479e-01 4.2612295750e-01
    endloop
  endfacet
  facet normal -5.387620e-01 2.333204e-01 -8.095043e-01
    outer loop
      vertex 6.4000000000e-01 5.3708203932e-01 4.0291796068e-01
      vertex 6.3768898123e-01 5.1877213580e-01 3.9917865376e-01
      vertex 6.2718098209e-01 5.2845035904e-01 4.0896172398e-01
    endloop
  endfacet
  facet normal -5.516422e-01 7.841715e-02 -8.303865e-01
    outer loop
      vertex 6.3691226655e-01 5.0000000000e-01 3.9792190300e-01
      vertex 6.2557125009e-01 5.0973702219e-01 4.0637547551e-01
      vertex 6.3768898123e-01 5.1877213580e-01 3.9917865376e-01
    endloop
  endfacet
  facet normal -6.398684e-01 1.589524e-01 -7.518660e-01
    outer loop
      vertex 6.1575442663e-01 5.1927464428e-01 4.1674634269e-01
      vertex 6.2718098209e-01 5.2845035904e-01 4.0896172398e-01
      vertex 6.2557125009e-01 5.0973702219e-01 4.0637547551e-01
    endloop
  endfacet
  facet normal -5.895786e-01 1.601287e-01 -7.916792e-01
    outer loop
      vertex 6.3768898123e-01 5.1877213580e-01 3.9917865376e-01
      vertex 6.2557125009e-01 5.0973702219e-01 4.0637547551e-01
      vertex 6.2718098209e-01 5.2845035904e-01 4.0896172398e-01
    endloop
  endfacet
  facet normal -5.387620e-01 -2.333204e-01 -8.095043e-01
    outer loop
      vertex 6.4000000000e-01 4.6291796068e-01 4.0291796068e-01
      vertex 6.2718098209e-01 4.7154964096e-01 4.0896172398e-01
      vertex 6.3768898123e-01 4.8122786420e-01 3.9917865376e-01
    endloop
  endfacet
  facet normal -6.398684e-01 -1.589524e-01 -7.518660e-01
    outer loop
      vertex 6.1575442663e-01 4.8072535572e-01 4.1674634269e-01
      vertex 6.2557125009e-01 4.9026297781e-01 4.0637547551e-01
      vertex 6.2718098209e-01 4.7154964096e-01 4.0896172398e-01
    endloop
  endfacet
  facet normal -5.516422e-01 -7.841715e-02 -8.303865e-01
    outer loop
      vertex 6.3691226655e-01 5.0000000000e-01 3.9792190300e-01
      vertex 6.3768898123e-01 4.8122786420e-01 3.9917865376e-01
      vertex 6.2557125009e-01 4.9026297781e-01 4.0637547551e-01
    endloop
  endfacet
  facet normal -5.895786e-01 -1.601287e-01 -7.916792e-01
    outer loop
      vertex 6.2718098209e-01 4.7154964096e-01 4.0896172398e-01
      vertex 6.2557125009e-01 4.9026297781e-01 4.0637547551e-01
      vertex 6.3768898123e-01 4.8122786420e-01 3.9917865376e-01
    endloop
  endfacet
  facet normal -6.858517e-01 8.053079e-02 -7.232719e-01
    outer loop
      vertex 6.1575442663e-01 5.1927464428e-01 4.1674634269e-01
      vertex 6.2557125009e-01 5.0973702219e-01 4.0637547551e-01
      vertex 6.1464619180e-01 5.0000000000e-01 4.1565115634e-01
    endloop
  endfacet
  facet normal -5.976360e-01 0.000000e+00 -8.017675e-01
    outer loop
      vertex 6.3691226655e-01 5.0000000000e-01 3.9792190300e-01
      vertex 6.2557125009e-01 4.9026297781e-01 4.0637547551e-01
      vertex 6.2557125009e-01 5.0973702219e-01 4.0637547551e-01
    endloop
  endfacet
  facet normal -6.858517e-01 -8.053079e-02 -7.232719e-01
    outer loop
      vertex 6.1575442663e-01 4.8072535572e-01 4.1674634269e-01
      vertex 6.1464619180e-01 5.0000000000e-01 4.1565115634e-01
      vertex 6.2557125009e-01 4.9026297781e-01 4.0637547551e-01
    endloop
  endfacet
  facet normal -6.472182e-01 -0.000000e+00 -7.623048e-01
    outer loop
      vertex 6.2557125009e-01 5.0973702219e-01 4.0637547551e-01
      vertex 6.2557125009e-01 4.9026297781e-01 4.0637547551e-01
      vertex 6.1464619180e-01 5.0000000000e-01 4.1565115634e-01
    endloop
  endfacet
  facet normal -5.017104e-02 4.650712e-01 -8.838505e-01
    outer loop
      vertex 7.0000000000e-01 5.6308773345e-01 3.9792190300e-01
      vertex 7.0000000000e-01 5.4840264183e-01 3.9019478945e-01
      vertex 6.8425595454e-01 5.5813299705e-01 3.9620847970e-01
    endloop
  endfacet
  facet normal -5.000027e-02 3.386983e-01 -9.395655e-01
    outer loop
      vertex 7.0000000000e-01 5.3279198347e-01 3.8456739707e-01
      vertex 6.8420135544e-01 5.4298745522e-01 3.8908344793e-01
      vertex 7.0000000000e-01 5.4840264183e-01 3.9019478945e-01
    endloop
  endfacet
  facet normal -1.803191e-01 4.192398e-01 -8.897882e-01
    outer loop
      vertex 6.6881297044e-01 5.5206662775e-01 3.9647978235e-01
      vertex 6.8425595454e-01 5.5813299705e-01 3.9620847970e-01
      vertex 6.8420135544e-01 5.4298745522e-01 3.8908344793e-01
    endloop
  endfacet
  facet normal -8.207030e-02 4.244916e-01 -9.017047e-01
    outer loop
      vertex 7.0000000000e-01 5.4840264183e-01 3.9019478945e-01
      vertex 6.8420135544e-01 5.4298745522e-01 3.8908344793e-01
      vertex 6.8425595454e-01 5.5813299705e-01 3.9620847970e-01
    endloop
  endfacet
  facet normal -4.950537e-02 6.905681e-02 -9.963836e-01
    outer loop
      vertex 7.0000000000e-01 5.0000000000e-01 3.8000000000e-01
      vertex 6.8403146750e-01 5.0986909583e-01 3.8147739913e-01
      vertex 7.0000000000e-01 5.1655426906e-01 3.8114733417e-01
    endloop
  endfacet
  facet normal -1.812856e-01 1.504758e-01 -9.718501e-01
    outer loop
      vertex 6.6845613327e-01 5.1949518177e-01 3.8587321804e-01
      vertex 6.8406490278e-01 5.2641404330e-01 3.8403288831e-01
      vertex 6.8403146750e-01 5.0986909583e-01 3.8147739913e-01
    endloop
  endfacet
  facet normal -4.960764e-02 2.058489e-01 -9.773256e-01
    outer loop
      vertex 7.0000000000e-01 5.3279198347e-01 3.8456739707e-01
      vertex 7.0000000000e-01 5.1655426906e-01 3.8114733417e-01
      vertex 6.8406490278e-01 5.2641404330e-01 3.8403288831e-01
    endloop
  endfacet
  facet normal -8.410292e-02 1.522724e-01 -9.847537e-01
    outer loop
      vertex 6.8403146750e-01 5.0986909583e-01 3.8147739913e-01
      vertex 6.8406490278e-01 5.2641404330e-01 3.8403288831e-01
      vertex 7.0000000000e-01 5.1655426906e-01 3.8114733417e-01
    endloop
  endfacet
  facet normal -4.270257e-01 3.023772e-01 -8.521837e-01
    outer loop
      vertex 6.4000000000e-01 5.3708203932e-01 4.0291796068e-01
      vertex 6.5396635208e-01 5.4500462810e-01 3.9873062305e-01
      vertex 6.5365751373e-01 5.2864123164e-01 3.9307921710e-01
    endloop
  endfacet
  facet normal -3.067980e-01 3.648012e-01 -8.790876e-01
    outer loop
      vertex 6.6881297044e-01 5.5206662775e-01 3.9647978235e-01
      vertex 6.6831006992e-01 5.3615106549e-01 3.9005069898e-01
      vertex 6.5396635208e-01 5.4500462810e-01 3.9873062305e-01
    endloop
  endfacet
  facet normal -3.081672e-01 2.288929e-01 -9.233856e-01
    outer loop
      vertex 6.6845613327e-01 5.1949518177e-01 3.8587321804e-01
      vertex 6.5365751373e-01 5.2864123164e-01 3.9307921710e-01
      vertex 6.6831006992e-01 5.3615106549e-01 3.9005069898e-01
    endloop
  endfacet
  facet normal -3.431966e-01 3.124011e-01 -8.857887e-01
    outer loop
      vertex 6.5396635208e-01 5.4500462810e-01 3.9873062305e-01
      vertex 6.6831006992e-01 5.3615106549e-01 3.9005069898e-01
      vertex 6.5365751373e-01 5.2864123164e-01 3.9307921710e-01
    endloop
  endfacet
  facet normal -8.454536e-02 2.910970e-01 -9.529505e-01
    outer loop
      vertex 7.0000000000e-01 5.3279198347e-01 3.8456739707e-01
      vertex 6.8406490278e-01 5.2641404330e-01 3.8403288831e-01
      vertex 6.8420135544e-01 5.4298745522e-01 3.8908344793e-01
    endloop
  endfacet
  facet normal -2.162041e-01 2.357379e-01 -9.474616e-01
    outer loop
      vertex 6.6845613327e-01 5.1949518177e-01 3.8587321804e-01
      vertex 6.6831006992e-01 5.3615106549e-01 3.9005069898e-01
      vertex 6.8406490278e-01 5.2641404330e-01 3.8403288831e-01
    endloop
  endfacet
  facet normal -2.148469e-01 3.716277e-01 -9.031797e-01
    outer loop
      vertex 6.6881297044e-01 5.5206662775e-01 3.9647978235e-01
      vertex 6.8420135544e-01 5.4298745522e-01 3.8908344793e-01
      vertex 6.6831006992e-01 5.3615106549e-01 3.9005069898e-01
    endloop
  endfacet
  facet normal -1.811510e-01 2.880454e-01 -9.403266e-01
    outer loop
      vertex 6.8406490278e-01 5.2641404330e-01 3.8403288831e-01
      vertex 6.6831006992e-01 5.3615106549e-01 3.9005069898e-01
      vertex 6.8420135544e-01 5.4298745522e-01 3.8908344793e-01
    endloop
  endfacet
  facet normal -5.017104e-02 -4.650712e-01 -8.838505e-01
    outer loop
      vertex 7.0000000000e-01 4.3691226655e-01 3.9792190300e-01
      vertex 6.8425595454e-01 4.4186700295e-01 3.9620847970e-01
      vertex 7.0000000000e-01 4.5159735817e-01 3.9019478945e-01
    endloop
  endfacet
  facet normal -1.803191e-01 -4.192398e-01 -8.897882e-01
    outer loop
      vertex 6.6881297044e-01 4.4793337225e-01 3.9647978235e-01
      vertex 6.8420135544e-01 4.5701254478e-01 3.8908344793e-01
      vertex 6.8425595454e-01 4.4186700295e-01 3.9620847970e-01
    endloop
  endfacet
  facet normal -5.000027e-02 -3.386983e-01 -9.395655e-01
    outer loop
      vertex 7.0000000000e-01 4.6720801653e-01 3.8456739707e-01
      vertex 7.0000000000e-01 4.5159735817e-01 3.9019478945e-01
      vertex 6.8420135544e-01 4.5701254478e-01 3.8908344793e-01
    endloop
  endfacet
  facet normal -8.207030e-02 -4.244916e-01 -9.017047e-01
    outer loop
      vertex 6.8425595454e-01 4.4186700295e-01 3.9620847970e-01
      vertex 6.8420135544e-01 4.5701254478e-01 3.8908344793e-01
      vertex 7.0000000000e-01 4.5159735817e-01 3.9019478945e-01
    endloop
  endfacet
  facet normal -4.270257e-01 -3.023772e-01 -8.521837e-01
    outer loop
      vertex 6.4000000000e-01 4.6291796068e-01 4.0291796068e-01
      vertex 6.5365751373e-01 4.7135876836e-01 3.9307921710e-01
      vertex 6.5396635208e-01 4.5499537190e-01 3.9873062305e-01
    endloop
  endfacet
  facet normal -3.081672e-01 -2.288929e-01 -9.233856e-01
    outer loop
      vertex 6.6845613327e-01 4.8050481823e-01 3.8587321804e-01
      vertex 6.6831006992e-01 4.6384893451e-01 3.9005069898e-01
      vertex 6.5365751373e-01 4.7135876836e-01 3.9307921710e-01
    endloop
  endfacet
  facet normal -3.067980e-01 -3.648012e-01 -8.790876e-01
    outer loop
      vertex 6.6881297044e-01 4.4793337225e-01 3.9647978235e-01
      vertex 6.5396635208e-01 4.5499537190e-01 3.9873062305e-01
      vertex 6.6831006992e-01 4.6384893451e-01 3.9005069898e-01
    endloop
  endfacet
  facet normal -3.431966e-01 -3.124011e-01 -8.857887e-01
    outer loop
      vertex 6.5365751373e-01 4.7135876836e-01 3.9307921710e-01
      vertex 6.6831006992e-01 4.6384893451e-01 3.9005069898e-01
      vertex 6.5396635208e-01 4.5499537190e-01 3.9873062305e-01
    endloop
  endfacet
  facet normal -4.950537e-02 -6.905681e-02 -9.963836e-01
    outer loop
      vertex 7.0000000000e-01 5.0000000000e-01 3.8000000000e-01
      vertex 7.0000000000e-01 4.8344573094e-01 3.8114733417e-01
      vertex 6.8403146750e-01 4.9013090417e-01 3.8147739913e-01
    endloop
  endfacet
  facet normal -4.960764e-02 -2.058489e-01 -9.773256e-01
    outer loop
      vertex 7.0000000000e-01 4.6720801653e-01 3.8456739707e-01
      vertex 6.8406490278e-01 4.7358595670e-01 3.8403288831e-01
      vertex 7.0000000000e-01 4.8344573094e-01 3.8114733417e-01
    endloop
  endfacet
  facet normal -1.812856e-01 -1.504758e-01 -9.718501e-01
    outer loop
      vertex 6.6845613327e-01 4.8050481823e-01 3.8587321804e-01
      vertex 6.8403146750e-01 4.9013090417e-01 3.8147739913e-01
      vertex 6.8406490278e-01 4.7358595670e-01 3.8403288831e-01
    endloop
  endfacet
  facet normal -8.410292e-02 -1.522724e-01 -9.847537e-01
    outer loop
      vertex 7.0000000000e-01 4.8344573094e-01 3.8114733417e-01
      vertex 6.8406490278e-01 4.7358595670e-01 3.8403288831e-01
      vertex 6.8403146750e-01 4.9013090417e-01 3.8147739913e-01
    endloop
  endfacet
  facet normal -2.148469e-01 -3.716277e-01 -9.031797e-01
    outer loop
      vertex 6.6881297044e-01 4.4793337225e-01 3.9647978235e-01
      vertex 6.6831006992e-01 4.6384893451e-01 3.9005069898e-01
      vertex 6.8420135544e-01 4.5701254478e-01 3.8908344793e-01
    endloop
  endfacet
  facet normal -2.162041e-01 -2.357379e-01 -9.474616e-01
    outer loop
      vertex 6.6845613327e-01 4.8050481823e-01 3.8587321804e-01
      vertex 6.8406490278e-01 4.7358595670e-01 3.8403288831e-01
      vertex 6.6831006992e-01 4.6384893451e-01 3.9005069898e-01
    endloop
  endfacet
  facet normal -8.454536e-02 -2.910970e-01 -9.529505e-01
    outer loop
      vertex 7.0000000000e-01 4.6720801653e-01 3.8456739707e-01
      vertex 6.8420135544e-01 4.5701254478e-01 3.8908344793e-01
      vertex 6.8406490278e-01 4.7358595670e-01 3.8403288831e-01
    endloop
  endfacet
  facet normal -1.811510e-01 -2.880454e-01 -9.403266e-01
    outer loop
      vertex 6.6831006992e-01 4.6384893451e-01 3.9005069898e-01
      vertex 6.8406490278e-01 4.7358595670e-01 3.8403288831e-01
      vertex 6.8420135544e-01 4.5701254478e-01 3.8908344793e-01
    endloop
  endfacet
  facet normal -4.694052e-01 2.331714e-01 -8.516395e-01
    outer loop
      vertex 6.4000000000e-01 5.3708203932e-01 4.0291796068e-01
      vertex 6.5365751373e-01 5.2864123164e-01 3.9307921710e-01
      vertex 6.3768898123e-01 5.1877213580e-01 3.9917865376e-01
    endloop
  endfacet
  facet normal -3.505871e-01 1.597927e-01 -9.227974e-01
    outer loop
      vertex 6.6845613327e-01 5.1949518177e-01 3.8587321804e-01
      vertex 6.5204715380e-01 5.0987882960e-01 3.9044210085e-01
      vertex 6.5365751373e-01 5.2864123164e-01 3.9307921710e-01
    endloop
  endfacet
  facet normal -4.823363e-01 7.836719e-02 -8.724736e-01
    outer loop
      vertex 6.3691226655e-01 5.0000000000e-01 3.9792190300e-01
      vertex 6.3768898123e-01 5.1877213580e-01 3.9917865376e-01
      vertex 6.5204715380e-01 5.0987882960e-01 3.9044210085e-01
    endloop
  endfacet
  facet normal -4.378416e-01 1.618790e-01 -8.843585e-01
    outer loop
      vertex 6.5365751373e-01 5.2864123164e-01 3.9307921710e-01
      vertex 6.5204715380e-01 5.0987882960e-01 3.9044210085e-01
      vertex 6.3768898123e-01 5.1877213580e-01 3.9917865376e-01
    endloop
  endfacet
  facet normal -9.212595e-02 0.000000e+00 -9.957474e-01
    outer loop
      vertex 7.0000000000e-01 5.0000000000e-01 3.8000000000e-01
      vertex 6.8403146750e-01 4.9013090417e-01 3.8147739913e-01
      vertex 6.8403146750e-01 5.0986909583e-01 3.8147739913e-01
    endloop
  endfacet
  facet normal -2.237863e-01 -8.142553e-02 -9.712310e-01
    outer loop
      vertex 6.6845613327e-01 4.8050481823e-01 3.8587321804e-01
      vertex 6.6803143586e-01 5.0000000000e-01 3.8433664838e-01
      vertex 6.8403146750e-01 4.9013090417e-01 3.8147739913e-01
    endloop
  endfacet
  facet normal -2.237863e-01 8.142553e-02 -9.712310e-01
    outer loop
      vertex 6.6845613327e-01 5.1949518177e-01 3.8587321804e-01
      vertex 6.8403146750e-01 5.0986909583e-01 3.8147739913e-01
      vertex 6.6803143586e-01 5.0000000000e-01 3.8433664838e-01
    endloop
  endfacet
  facet normal -1.759159e-01 0.000000e+00 -9.844052e-01
    outer loop
      vertex 6.8403146750e-01 4.9013090417e-01 3.8147739913e-01
      vertex 6.6803143586e-01 5.0000000000e-01 3.8433664838e-01
      vertex 6.8403146750e-01 5.0986909583e-01 3.8147739913e-01
    endloop
  endfacet
  facet normal -4.694052e-01 -2.331714e-01 -8.516395e-01
    outer loop
      vertex 6.4000000000e-01 4.6291796068e-01 4.0291796068e-01
      vertex 6.3768898123e-01 4.8122786420e-01 3.9917865376e-01
      vertex 6.5365751373e-01 4.7135876836e-01 3.9307921710e-01
    endloop
  endfacet
  facet normal -4.823363e-01 -7.836719e-02 -8.724736e-01
    outer loop
      vertex 6.3691226655e-01 5.0000000000e-01 3.9792190300e-01
      vertex 6.5204715380e-01 4.9012117040e-01 3.9044210085e-01
      vertex 6.3768898123e-01 4.8122786420e-01 3.9917865376e-01
    endloop
  endfacet
  facet normal -3.505871e-01 -1.597927e-01 -9.227974e-01
    outer loop
      vertex 6.6845613327e-01 4.8050481823e-01 3.8587321804e-01
      vertex 6.5365751373e-01 4.7135876836e-01 3.9307921710e-01
      vertex 6.5204715380e-01 4.9012117040e-01 3.9044210085e-01
    endloop
  endfacet
  facet normal -4.378416e-01 -1.618790e-01 -8.843585e-01
    outer loop
      vertex 6.3768898123e-01 4.8122786420e-01 3.9917865376e-01
      vertex 6.5204715380e-01 4.9012117040e-01 3.9044210085e-01
      vertex 6.5365751373e-01 4.7135876836e-01 3.9307921710e-01
    endloop
  endfacet
  facet normal -3.113353e-01 8.140770e-02 -9.468068e-01
    outer loop
      vertex 6.6845613327e-01 5.1949518177e-01 3.8587321804e-01
      vertex 6.6803143586e-01 5.0000000000e-01 3.8433664838e-01
      vertex 6.5204715380e-01 5.0987882960e-01 3.9044210085e-01
    endloop
  endfacet
  facet normal -3.113353e-01 -8.140770e-02 -9.468068e-01
    outer loop
      vertex 6.6845613327e-01 4.8050481823e-01 3.8587321804e-01
      vertex 6.5204715380e-01 4.9012117040e-01 3.9044210085e-01
      vertex 6.6803143586e-01 5.0000000000e-01 3.8433664838e-01
    endloop
  endfacet
  facet normal -4.430557e-01 0.000000e+00 -8.964941e-01
    outer loop
      vertex 6.3691226655e-01 5.0000000000e-01 3.9792190300e-01
      vertex 6.5204715380e-01 5.0987882960e-01 3.9044210085e-01
      vertex 6.5204715380e-01 4.9012117040e-01 3.9044210085e-01
    endloop
  endfacet
  facet normal -3.568221e-01 0.000000e+00 -9.341724e-01
    outer loop
      vertex 6.6803143586e-01 5.0000000000e-01 3.8433664838e-01
      vertex 6.5204715380e-01 4.9012117040e-01 3.9044210085e-01
      vertex 6.5204715380e-01 5.0987882960e-01 3.9044210085e-01
    endloop
  endfacet
  facet normal 8.117845e-02 5.462496e-01 -8.336794e-01
    outer loop
      vertex 7.0000000000e-01 5.6308773345e-01 3.9792190300e-01
      vertex 7.0973035521e-01 5.7387704250e-01 4.0593883491e-01
      vertex 7.1574404546e-01 5.5813299705e-01 3.9620847970e-01
    endloop
  endfacet
  facet normal 1.614436e-01 6.304608e-01 -7.592464e-01
    outer loop
      vertex 7.1927464428e-01 5.8325365731e-01 4.1575442663e-01
      vertex 7.2556274388e-01 5.6855019910e-01 4.0488209249e-01
      vertex 7.0973035521e-01 5.7387704250e-01 4.0593883491e-01
    endloop
  endfacet
  facet normal 2.112210e-01 5.001420e-01 -8.397879e-01
    outer loop
      vertex 7.3118702956e-01 5.5206662775e-01 3.9647978235e-01
      vertex 7.1574404546e-01 5.5813299705e-01 3.9620847970e-01
      vertex 7.2556274388e-01 5.6855019910e-01 4.0488209249e-01
    endloop
  endfacet
  facet normal 1.327925e-01 5.572841e-01 -8.196344e-01
    outer loop
      vertex 7.0973035521e-01 5.7387704250e-01 4.0593883491e-01
      vertex 7.2556274388e-01 5.6855019910e-01 4.0488209249e-01
      vertex 7.1574404546e-01 5.5813299705e-01 3.9620847970e-01
    endloop
  endfacet
  facet normal 3.134218e-01 7.599989e-01 -5.693580e-01
    outer loop
      vertex 7.3708203932e-01 5.9708203932e-01 4.4000000000e-01
      vertex 7.4460976414e-01 5.8485281374e-01 4.2781988540e-01
      vertex 7.2845035904e-01 5.9103827602e-01 4.2718098209e-01
    endloop
  endfacet
  facet normal 3.717435e-01 6.491008e-01 -6.636828e-01
    outer loop
      vertex 7.5103904850e-01 5.7053423028e-01 4.1741708477e-01
      vertex 7.3552055111e-01 5.7768942727e-01 4.1572281839e-01
      vertex 7.4460976414e-01 5.8485281374e-01 4.2781988540e-01
    endloop
  endfacet
  facet normal 2.392192e-01 7.022584e-01 -6.705276e-01
    outer loop
      vertex 7.1927464428e-01 5.8325365731e-01 4.1575442663e-01
      vertex 7.2845035904e-01 5.9103827602e-01 4.2718098209e-01
      vertex 7.3552055111e-01 5.7768942727e-01 4.1572281839e-01
    endloop
  endfacet
  facet normal 2.962101e-01 7.075762e-01 -6.415571e-01
    outer loop
      vertex 7.4460976414e-01 5.8485281374e-01 4.2781988540e-01
      vertex 7.3552055111e-01 5.7768942727e-01 4.1572281839e-01
      vertex 7.2845035904e-01 5.9103827602e-01 4.2718098209e-01
    endloop
  endfacet
  facet normal 4.576217e-01 3.824786e-01 -8.026783e-01
    outer loop
      vertex 7.6000000000e-01 5.3708203932e-01 4.0291796068e-01
      vertex 7.4603364792e-01 5.4500462810e-01 3.9873062305e-01
      vertex 7.5621158210e-01 5.5447885997e-01 4.0904774959e-01
    endloop
  endfacet
  facet normal 3.374572e-01 4.450681e-01 -8.294800e-01
    outer loop
      vertex 7.3118702956e-01 5.5206662775e-01 3.9647978235e-01
      vertex 7.4153836177e-01 5.6193459441e-01 4.0598579620e-01
      vertex 7.4603364792e-01 5.4500462810e-01 3.9873062305e-01
    endloop
  endfacet
  facet normal 4.202079e-01 5.222192e-01 -7.421000e-01
    outer loop
      vertex 7.5103904850e-01 5.7053423028e-01 4.1741708477e-01
      vertex 7.5621158210e-01 5.5447885997e-01 4.0904774959e-01
      vertex 7.4153836177e-01 5.6193459441e-01 4.0598579620e-01
    endloop
  endfacet
  facet normal 3.951751e-01 4.484825e-01 -8.016858e-01
    outer loop
      vertex 7.4603364792e-01 5.4500462810e-01 3.9873062305e-01
      vertex 7.4153836177e-01 5.6193459441e-01 4.0598579620e-01
      vertex 7.5621158210e-01 5.5447885997e-01 4.0904774959e-01
    endloop
  endfacet
  facet normal 2.173281e-01 6.387266e-01 -7.381036e-01
    outer loop
      vertex 7.1927464428e-01 5.8325365731e-01 4.1575442663e-01
      vertex 7.3552055111e-01 5.7768942727e-01 4.1572281839e-01
      vertex 7.2556274388e-01 5.6855019910e-01 4.0488209249e-01
    endloop
  endfacet
  facet normal 3.498255e-01 5.855635e-01 -7.312575e-01
    outer loop
      vertex 7.5103904850e-01 5.7053423028e-01 4.1741708477e-01
      vertex 7.4153836177e-01 5.6193459441e-01 4.0598579620e-01
      vertex 7.3552055111e-01 5.7768942727e-01 4.1572281839e-01
    endloop
  endfacet
  facet normal 2.670988e-01 5.084250e-01 -8.186344e-01
    outer loop
      vertex 7.3118702956e-01 5.5206662775e-01 3.9647978235e-01
      vertex 7.2556274388e-01 5.6855019910e-01 4.0488209249e-01
      vertex 7.4153836177e-01 5.6193459441e-01 4.0598579620e-01
    endloop
  endfacet
  facet normal 2.931085e-01 5.811538e-01 -7.591756e-01
    outer loop
      vertex 7.3552055111e-01 5.7768942727e-01 4.1572281839e-01
      vertex 7.4153836177e-01 5.6193459441e-01 4.0598579620e-01
      vertex 7.2556274388e-01 5.6855019910e-01 4.0488209249e-01
    endloop
  endfacet
  facet normal 5.462496e-01 8.336794e-01 -8.117845e-02
    outer loop
      vertex 7.6308773345e-01 6.0207809700e-01 5.0000000000e-01
      vertex 7.7387704250e-01 5.9406116509e-01 4.9026964479e-01
      vertex 7.5813299705e-01 6.0379152030e-01 4.8425595454e-01
    endloop
  endfacet
  facet normal 6.304608e-01 7.592464e-01 -1.614436e-01
    outer loop
      vertex 7.8325365731e-01 5.8424557337e-01 4.8072535572e-01
      vertex 7.6855019910e-01 5.9511790751e-01 4.7443725612e-01
      vertex 7.7387704250e-01 5.9406116509e-01 4.9026964479e-01
    endloop
  endfacet
  facet normal 5.001420e-01 8.397879e-01 -2.112210e-01
    outer loop
      vertex 7.5206662775e-01 6.0352021765e-01 4.6881297044e-01
      vertex 7.5813299705e-01 6.0379152030e-01 4.8425595454e-01
      vertex 7.6855019910e-01 5.9511790751e-01 4.7443725612e-01
    endloop
  endfacet
  facet normal 5.572841e-01 8.196344e-01 -1.327925e-01
    outer loop
      vertex 7.7387704250e-01 5.9406116509e-01 4.9026964479e-01
      vertex 7.6855019910e-01 5.9511790751e-01 4.7443725612e-01
      vertex 7.5813299705e-01 6.0379152030e-01 4.8425595454e-01
    endloop
  endfacet
  facet normal 7.599989e-01 5.693580e-01 -3.134218e-01
    outer loop
      vertex 7.9708203932e-01 5.6000000000e-01 4.6291796068e-01
      vertex 7.8485281374e-01 5.7218011460e-01 4.5539023586e-01
      vertex 7.9103827602e-01 5.7281901791e-01 4.7154964096e-01
    endloop
  endfacet
  facet normal 6.491008e-01 6.636828e-01 -3.717435e-01
    outer loop
      vertex 7.7053423028e-01 5.8258291523e-01 4.4896095150e-01
      vertex 7.7768942727e-01 5.8427718161e-01 4.6447944889e-01
      vertex 7.8485281374e-01 5.7218011460e-01 4.5539023586e-01
    endloop
  endfacet
  facet normal 7.022584e-01 6.705276e-01 -2.392192e-01
    outer loop
      vertex 7.8325365731e-01 5.8424557337e-01 4.8072535572e-01
      vertex 7.9103827602e-01 5.7281901791e-01 4.7154964096e-01
      vertex 7.7768942727e-01 5.8427718161e-01 4.6447944889e-01
    endloop
  endfacet
  facet normal 7.075762e-01 6.415571e-01 -2.962101e-01
    outer loop
      vertex 7.8485281374e-01 5.7218011460e-01 4.5539023586e-01
      vertex 7.7768942727e-01 5.8427718161e-01 4.6447944889e-01
      vertex 7.9103827602e-01 5.7281901791e-01 4.7154964096e-01
    endloop
  endfacet
  facet normal 3.824786e-01 8.026783e-01 -4.576217e-01
    outer loop
      vertex 7.3708203932e-01 5.9708203932e-01 4.4000000000e-01
      vertex 7.4500462810e-01 6.0126937695e-01 4.5396635208e-01
      vertex 7.5447885997e-01 5.9095225041e-01 4.4378841790e-01
    endloop
  endfacet
  facet normal 4.450681e-01 8.294800e-01 -3.374572e-01
    outer loop
      vertex 7.5206662775e-01 6.0352021765e-01 4.6881297044e-01
      vertex 7.6193459441e-01 5.9401420380e-01 4.5846163823e-01
      vertex 7.4500462810e-01 6.0126937695e-01 4.5396635208e-01
    endloop
  endfacet
  facet normal 5.222192e-01 7.421000e-01 -4.202079e-01
    outer loop
      vertex 7.7053423028e-01 5.8258291523e-01 4.4896095150e-01
      vertex 7.5447885997e-01 5.9095225041e-01 4.4378841790e-01
      vertex 7.6193459441e-01 5.9401420380e-01 4.5846163823e-01
    endloop
  endfacet
  facet normal 4.484825e-01 8.016858e-01 -3.951751e-01
    outer loop
      vertex 7.4500462810e-01 6.0126937695e-01 4.5396635208e-01
      vertex 7.6193459441e-01 5.9401420380e-01 4.5846163823e-01
      vertex 7.5447885997e-01 5.9095225041e-01 4.4378841790e-01
    endloop
  endfacet
  facet normal 6.387266e-01 7.381036e-01 -2.173281e-01
    outer loop
      vertex 7.8325365731e-01 5.8424557337e-01 4.8072535572e-01
      vertex 7.7768942727e-01 5.8427718161e-01 4.6447944889e-01
      vertex 7.6855019910e-01 5.9511790751e-01 4.7443725612e-01
    endloop
  endfacet
  facet normal 5.855635e-01 7.312575e-01 -3.498255e-01
    outer loop
      vertex 7.7053423028e-01 5.8258291523e-01 4.4896095150e-01
      vertex 7.6193459441e-01 5.9401420380e-01 4.5846163823e-01
      vertex 7.7768942727e-01 5.8427718161e-01 4.6447944889e-01
    endloop
  endfacet
  facet normal 5.084250e-01 8.186344e-01 -2.670988e-01
    outer loop
      vertex 7.5206662775e-01 6.0352021765e-01 4.6881297044e-01
      vertex 7.6855019910e-01 5.9511790751e-01 4.7443725612e-01
      vertex 7.6193459441e-01 5.9401420380e-01 4.5846163823e-01
    endloop
  endfacet
  facet normal 5.811538e-01 7.591756e-01 -2.931085e-01
    outer loop
      vertex 7.7768942727e-01 5.8427718161e-01 4.6447944889e-01
      vertex 7.6193459441e-01 5.9401420380e-01 4.5846163823e-01
      vertex 7.6855019910e-01 5.9511790751e-01 4.7443725612e-01
    endloop
  endfacet
  facet normal 8.336794e-01 8.117845e-02 -5.462496e-01
    outer loop
      vertex 8.0207809700e-01 5.0000000000e-01 4.3691226655e-01
      vertex 7.9406116509e-01 5.0973035521e-01 4.2612295750e-01
      vertex 8.0379152030e-01 5.1574404546e-01 4.4186700295e-01
    endloop
  endfacet
  facet normal 7.592464e-01 1.614436e-01 -6.304608e-01
    outer loop
      vertex 7.8424557337e-01 5.1927464428e-01 4.1674634269e-01
      vertex 7.9511790751e-01 5.2556274388e-01 4.3144980090e-01
      vertex 7.9406116509e-01 5.0973035521e-01 4.2612295750e-01
    endloop
  endfacet
  facet normal 8.397879e-01 2.112210e-01 -5.001420e-01
    outer loop
      vertex 8.0352021765e-01 5.3118702956e-01 4.4793337225e-01
      vertex 8.0379152030e-01 5.1574404546e-01 4.4186700295e-01
      vertex 7.9511790751e-01 5.2556274388e-01 4.3144980090e-01
    endloop
  endfacet
  facet normal 8.196344e-01 1.327925e-01 -5.572841e-01
    outer loop
      vertex 7.9406116509e-01 5.0973035521e-01 4.2612295750e-01
      vertex 7.9511790751e-01 5.2556274388e-01 4.3144980090e-01
      vertex 8.0379152030e-01 5.1574404546e-01 4.4186700295e-01
    endloop
  endfacet
  facet normal 5.693580e-01 3.134218e-01 -7.599989e-01
    outer loop
      vertex 7.6000000000e-01 5.3708203932e-01 4.0291796068e-01
      vertex 7.7218011460e-01 5.4460976414e-01 4.1514718626e-01
      vertex 7.7281901791e-01 5.2845035904e-01 4.0896172398e-01
    endloop
  endfacet
  facet normal 6.636828e-01 3.717435e-01 -6.491008e-01
    outer loop
      vertex 7.8258291523e-01 5.5103904850e-01 4.2946576972e-01
      vertex 7.8427718161e-01 5.3552055111e-01 4.2231057273e-01
      vertex 7.7218011460e-01 5.4460976414e-01 4.1514718626e-01
    endloop
  endfacet
  facet normal 6.705276e-01 2.392192e-01 -7.022584e-01
    outer loop
      vertex 7.8424557337e-01 5.1927464428e-01 4.1674634269e-01
      vertex 7.7281901791e-01 5.2845035904e-01 4.0896172398e-01
      vertex 7.8427718161e-01 5.3552055111e-01 4.2231057273e-01
    endloop
  endfacet
  facet normal 6.415571e-01 2.962101e-01 -7.075762e-01
    outer loop
      vertex 7.7218011460e-01 5.4460976414e-01 4.1514718626e-01
      vertex 7.8427718161e-01 5.3552055111e-01 4.2231057273e-01
      vertex 7.7281901791e-01 5.2845035904e-01 4.0896172398e-01
    endloop
  endfacet
  facet normal 8.026783e-01 4.576217e-01 -3.824786e-01
    outer loop
      vertex 7.9708203932e-01 5.6000000000e-01 4.6291796068e-01
      vertex 8.0126937695e-01 5.4603364792e-01 4.5499537190e-01
      vertex 7.9095225041e-01 5.5621158210e-01 4.4552114003e-01
    endloop
  endfacet
  facet normal 8.294800e-01 3.374572e-01 -4.450681e-01
    outer loop
      vertex 8.0352021765e-01 5.3118702956e-01 4.4793337225e-01
      vertex 7.9401420380e-01 5.4153836177e-01 4.3806540559e-01
      vertex 8.0126937695e-01 5.4603364792e-01 4.5499537190e-01
    endloop
  endfacet
  facet normal 7.421000e-01 4.202079e-01 -5.222192e-01
    outer loop
      vertex 7.8258291523e-01 5.5103904850e-01 4.2946576972e-01
      vertex 7.9095225041e-01 5.5621158210e-01 4.4552114003e-01
      vertex 7.9401420380e-01 5.4153836177e-01 4.3806540559e-01
    endloop
  endfacet
  facet normal 8.016858e-01 3.951751e-01 -4.484825e-01
    outer loop
      vertex 8.0126937695e-01 5.4603364792e-01 4.5499537190e-01
      vertex 7.9401420380e-01 5.4153836177e-01 4.3806540559e-01
      vertex 7.9095225041e-01 5.5621158210e-01 4.4552114003e-01
    endloop
  endfacet
  facet normal 7.381036e-01 2.173281e-01 -6.387266e-01
    outer loop
      vertex 7.8424557337e-01 5.1927464428e-01 4.1674634269e-01
      vertex 7.8427718161e-01 5.3552055111e-01 4.2231057273e-01
      vertex 7.9511790751e-01 5.2556274388e-01 4.3144980090e-01
    endloop
  endfacet
  facet normal 7.312575e-01 3.498255e-01 -5.855635e-01
    outer loop
      vertex 7.8258291523e-01 5.5103904850e-01 4.2946576972e-01
      vertex 7.9401420380e-01 5.4153836177e-01 4.3806540559e-01
      vertex 7.8427718161e-01 5.3552055111e-01 4.2231057273e-01
    endloop
  endfacet
  facet normal 8.186344e-01 2.670988e-01 -5.084250e-01
    outer loop
      vertex 8.0352021765e-01 5.3118702956e-01 4.4793337225e-01
      vertex 7.9511790751e-01 5.2556274388e-01 4.3144980090e-01
      vertex 7.9401420380e-01 5.4153836177e-01 4.3806540559e-01
    endloop
  endfacet
  facet normal 7.591756e-01 2.931085e-01 -5.811538e-01
    outer loop
      vertex 7.8427718161e-01 5.3552055111e-01 4.2231057273e-01
      vertex 7.9401420380e-01 5.4153836177e-01 4.3806540559e-01
      vertex 7.9511790751e-01 5.2556274388e-01 4.3144980090e-01
    endloop
  endfacet
  facet normal 3.822343e-01 7.595136e-01 -5.263422e-01
    outer loop
      vertex 7.3708203932e-01 5.9708203932e-01 4.4000000000e-01
      vertex 7.5447885997e-01 5.9095225041e-01 4.4378841790e-01
      vertex 7.4460976414e-01 5.8485281374e-01 4.2781988540e-01
    endloop
  endfacet
  facet normal 5.218865e-01 6.990111e-01 -4.888946e-01
    outer loop
      vertex 7.7053423028e-01 5.8258291523e-01 4.4896095150e-01
      vertex 7.6160505295e-01 5.7758933502e-01 4.3228949459e-01
      vertex 7.5447885997e-01 5.9095225041e-01 4.4378841790e-01
    endloop
  endfacet
  facet normal 4.404610e-01 6.486873e-01 -6.206439e-01
    outer loop
      vertex 7.5103904850e-01 5.7053423028e-01 4.1741708477e-01
      vertex 7.4460976414e-01 5.8485281374e-01 4.2781988540e-01
      vertex 7.6160505295e-01 5.7758933502e-01 4.3228949459e-01
    endloop
  endfacet
  facet normal 4.465169e-01 7.084426e-01 -5.465636e-01
    outer loop
      vertex 7.5447885997e-01 5.9095225041e-01 4.4378841790e-01
      vertex 7.6160505295e-01 5.7758933502e-01 4.3228949459e-01
      vertex 7.4460976414e-01 5.8485281374e-01 4.2781988540e-01
    endloop
  endfacet
  facet normal 7.595136e-01 5.263422e-01 -3.822343e-01
    outer loop
      vertex 7.9708203932e-01 5.6000000000e-01 4.6291796068e-01
      vertex 7.9095225041e-01 5.5621158210e-01 4.4552114003e-01
      vertex 7.8485281374e-01 5.7218011460e-01 4.5539023586e-01
    endloop
  endfacet
  facet normal 6.990111e-01 4.888946e-01 -5.218865e-01
    outer loop
      vertex 7.8258291523e-01 5.5103904850e-01 4.2946576972e-01
      vertex 7.7758933502e-01 5.6771050541e-01 4.3839494705e-01
      vertex 7.9095225041e-01 5.5621158210e-01 4.4552114003e-01
    endloop
  endfacet
  facet normal 6.486873e-01 6.206439e-01 -4.404610e-01
    outer loop
      vertex 7.7053423028e-01 5.8258291523e-01 4.4896095150e-01
      vertex 7.8485281374e-01 5.7218011460e-01 4.5539023586e-01
      vertex 7.7758933502e-01 5.6771050541e-01 4.3839494705e-01
    endloop
  endfacet
  facet normal 7.084426e-01 5.465636e-01 -4.465169e-01
    outer loop
      vertex 7.9095225041e-01 5.5621158210e-01 4.4552114003e-01
      vertex 7.7758933502e-01 5.6771050541e-01 4.3839494705e-01
      vertex 7.8485281374e-01 5.7218011460e-01 4.5539023586e-01
    endloop
  endfacet
  facet normal 5.263422e-01 3.822343e-01 -7.595136e-01
    outer loop
      vertex 7.6000000000e-01 5.3708203932e-01 4.0291796068e-01
      vertex 7.5621158210e-01 5.5447885997e-01 4.0904774959e-01
      vertex 7.7218011460e-01 5.4460976414e-01 4.1514718626e-01
    endloop
  endfacet
  facet normal 4.888946e-01 5.218865e-01 -6.990111e-01
    outer loop
      vertex 7.5103904850e-01 5.7053423028e-01 4.1741708477e-01
      vertex 7.6771050541e-01 5.6160505295e-01 4.2241066498e-01
      vertex 7.5621158210e-01 5.5447885997e-01 4.0904774959e-01
    endloop
  endfacet
  facet normal 6.206439e-01 4.404610e-01 -6.486873e-01
    outer loop
      vertex 7.8258291523e-01 5.5103904850e-01 4.2946576972e-01
      vertex 7.7218011460e-01 5.4460976414e-01 4.1514718626e-01
      vertex 7.6771050541e-01 5.6160505295e-01 4.2241066498e-01
    endloop
  endfacet
  facet normal 5.465636e-01 4.465169e-01 -7.084426e-01
    outer loop
      vertex 7.5621158210e-01 5.5447885997e-01 4.0904774959e-01
      vertex 7.6771050541e-01 5.6160505295e-01 4.2241066498e-01
      vertex 7.7218011460e-01 5.4460976414e-01 4.1514718626e-01
    endloop
  endfacet
  facet normal 5.851588e-01 6.354715e-01 -5.037511e-01
    outer loop
      vertex 7.7053423028e-01 5.8258291523e-01 4.4896095150e-01
      vertex 7.7758933502e-01 5.6771050541e-01 4.3839494705e-01
      vertex 7.6160505295e-01 5.7758933502e-01 4.3228949459e-01
    endloop
  endfacet
  facet normal 6.354715e-01 5.037511e-01 -5.851588e-01
    outer loop
      vertex 7.8258291523e-01 5.5103904850e-01 4.2946576972e-01
      vertex 7.6771050541e-01 5.6160505295e-01 4.2241066498e-01
      vertex 7.7758933502e-01 5.6771050541e-01 4.3839494705e-01
    endloop
  endfacet
  facet normal 5.037511e-01 5.851588e-01 -6.354715e-01
    outer loop
      vertex 7.5103904850e-01 5.7053423028e-01 4.1741708477e-01
      vertex 7.6160505295e-01 5.7758933502e-01 4.3228949459e-01
      vertex 7.6771050541e-01 5.6160505295e-01 4.2241066498e-01
    endloop
  endfacet
  facet normal 5.773503e-01 5.773503e-01 -5.773503e-01
    outer loop
      vertex 7.7758933502e-01 5.6771050541e-01 4.3839494705e-01
      vertex 7.6771050541e-01 5.6160505295e-01 4.2241066498e-01
      vertex 7.6160505295e-01 5.7758933502e-01 4.3228949459e-01
    endloop
  endfacet
  facet normal 5.462496e-01 -8.336794e-01 8.117845e-02
    outer loop
      vertex 7.6308773345e-01 3.9792190300e-01 5.0000000000e-01
      vertex 7.7387704250e-01 4.0593883491e-01 5.0973035521e-01
      vertex 7.5813299705e-01 3.9620847970e-01 5.1574404546e-01
    endloop
  endfacet
  facet normal 6.304608e-01 -7.592464e-01 1.614436e-01
    outer loop
      vertex 7.8325365731e-01 4.1575442663e-01 5.1927464428e-01
      vertex 7.6855019910e-01 4.0488209249e-01 5.2556274388e-01
      vertex 7.7387704250e-01 4.0593883491e-01 5.0973035521e-01
    endloop
  endfacet
  facet normal 5.001420e-01 -8.397879e-01 2.112210e-01
    outer loop
      vertex 7.5206662775e-01 3.9647978235e-01 5.3118702956e-01
      vertex 7.5813299705e-01 3.9620847970e-01 5.1574404546e-01
      vertex 7.6855019910e-01 4.0488209249e-01 5.2556274388e-01
    endloop
  endfacet
  facet normal 5.572841e-01 -8.196344e-01 1.327925e-01
    outer loop
      vertex 7.7387704250e-01 4.0593883491e-01 5.0973035521e-01
      vertex 7.6855019910e-01 4.0488209249e-01 5.2556274388e-01
      vertex 7.5813299705e-01 3.9620847970e-01 5.1574404546e-01
    endloop
  endfacet
  facet normal 7.599989e-01 -5.693580e-01 3.134218e-01
    outer loop
      vertex 7.9708203932e-01 4.4000000000e-01 5.3708203932e-01
      vertex 7.8485281374e-01 4.2781988540e-01 5.4460976414e-01
      vertex 7.9103827602e-01 4.2718098209e-01 5.2845035904e-01
    endloop
  endfacet
  facet normal 6.491008e-01 -6.636828e-01 3.717435e-01
    outer loop
      vertex 7.7053423028e-01 4.1741708477e-01 5.5103904850e-01
      vertex 7.7768942727e-01 4.1572281839e-01 5.3552055111e-01
      vertex 7.8485281374e-01 4.2781988540e-01 5.4460976414e-01
    endloop
  endfacet
  facet normal 7.022584e-01 -6.705276e-01 2.392192e-01
    outer loop
      vertex 7.8325365731e-01 4.1575442663e-01 5.1927464428e-01
      vertex 7.9103827602e-01 4.2718098209e-01 5.2845035904e-01
      vertex 7.7768942727e-01 4.1572281839e-01 5.3552055111e-01
    endloop
  endfacet
  facet normal 7.075762e-01 -6.415571e-01 2.962101e-01
    outer loop
      vertex 7.8485281374e-01 4.2781988540e-01 5.4460976414e-01
      vertex 7.7768942727e-01 4.1572281839e-01 5.3552055111e-01
      vertex 7.9103827602e-01 4.2718098209e-01 5.2845035904e-01
    endloop
  endfacet
  facet normal 3.824786e-01 -8.026783e-01 4.576217e-01
    outer loop
      vertex 7.3708203932e-01 4.0291796068e-01 5.6000000000e-01
      vertex 7.4500462810e-01 3.9873062305e-01 5.4603364792e-01
      vertex 7.5447885997e-01 4.0904774959e-01 5.5621158210e-01
    endloop
  endfacet
  facet normal 4.450681e-01 -8.294800e-01 3.374572e-01
    outer loop
      vertex 7.5206662775e-01 3.9647978235e-01 5.3118702956e-01
      vertex 7.6193459441e-01 4.0598579620e-01 5.4153836177e-01
      vertex 7.4500462810e-01 3.9873062305e-01 5.4603364792e-01
    endloop
  endfacet
  facet normal 5.222192e-01 -7.421000e-01 4.202079e-01
    outer loop
      vertex 7.7053423028e-01 4.1741708477e-01 5.5103904850e-01
      vertex 7.5447885997e-01 4.0904774959e-01 5.5621158210e-01
      vertex 7.6193459441e-01 4.0598579620e-01 5.4153836177e-01
    endloop
  endfacet
  facet normal 4.484825e-01 -8.016858e-01 3.951751e-01
    outer loop
      vertex 7.4500462810e-01 3.9873062305e-01 5.4603364792e-01
      vertex 7.6193459441e-01 4.0598579620e-01 5.4153836177e-01
      vertex 7.5447885997e-01 4.0904774959e-01 5.5621158210e-01
    endloop
  endfacet
  facet normal 6.387266e-01 -7.381036e-01 2.173281e-01
    outer loop
      vertex 7.8325365731e-01 4.1575442663e-01 5.1927464428e-01
      vertex 7.7768942727e-01 4.1572281839e-01 5.3552055111e-01
      vertex 7.6855019910e-01 4.0488209249e-01 5.2556274388e-01
    endloop
  endfacet
  facet normal 5.855635e-01 -7.312575e-01 3.498255e-01
    outer loop
      vertex 7.7053423028e-01 4.1741708477e-01 5.5103904850e-01
      vertex 7.6193459441e-01 4.0598579620e-01 5.4153836177e-01
      vertex 7.7768942727e-01 4.1572281839e-01 5.3552055111e-01
    endloop
  endfacet
  facet normal 5.084250e-01 -8.186344e-01 2.670988e-01
    outer loop
      vertex 7.5206662775e-01 3.9647978235e-01 5.3118702956e-01
      vertex 7.6855019910e-01 4.0488209249e-01 5.2556274388e-01
      vertex 7.6193459441e-01 4.0598579620e-01 5.4153836177e-01
    endloop
  endfacet
  facet normal 5.811538e-01 -7.591756e-01 2.931085e-01
    outer loop
      vertex 7.7768942727e-01 4.1572281839e-01 5.3552055111e-01
      vertex 7.6193459441e-01 4.0598579620e-01 5.4153836177e-01
      vertex 7.6855019910e-01 4.0488209249e-01 5.2556274388e-01
    endloop
  endfacet
  facet normal 8.336794e-01 -8.117845e-02 5.462496e-01
    outer loop
      vertex 8.0207809700e-01 5.0000000000e-01 5.6308773345e-01
      vertex 7.9406116509e-01 4.9026964479e-01 5.7387704250e-01
      vertex 8.0379152030e-01 4.8425595454e-01 5.5813299705e-01
    endloop
  endfacet
  facet normal 7.592464e-01 -1.614436e-01 6.304608e-01
    outer loop
      vertex 7.8424557337e-01 4.8072535572e-01 5.8325365731e-01
      vertex 7.9511790751e-01 4.7443725612e-01 5.6855019910e-01
      vertex 7.9406116509e-01 4.9026964479e-01 5.7387704250e-01
    endloop
  endfacet
  facet normal 8.397879e-01 -2.112210e-01 5.001420e-01
    outer loop
      vertex 8.0352021765e-01 4.6881297044e-01 5.5206662775e-01
      vertex 8.0379152030e-01 4.8425595454e-01 5.5813299705e-01
      vertex 7.9511790751e-01 4.7443725612e-01 5.6855019910e-01
    endloop
  endfacet
  facet normal 8.196344e-01 -1.327925e-01 5.572841e-01
    outer loop
      vertex 7.9406116509e-01 4.9026964479e-01 5.7387704250e-01
      vertex 7.9511790751e-01 4.7443725612e-01 5.6855019910e-01
      vertex 8.0379152030e-01 4.8425595454e-01 5.5813299705e-01
    endloop
  endfacet
  facet normal 5.693580e-01 -3.134218e-01 7.599989e-01
    outer loop
      vertex 7.6000000000e-01 4.6291796068e-01 5.9708203932e-01
      vertex 7.7218011460e-01 4.5539023586e-01 5.8485281374e-01
      vertex 7.7281901791e-01 4.7154964096e-01 5.9103827602e-01
    endloop
  endfacet
  facet normal 6.636828e-01 -3.717435e-01 6.491008e-01
    outer loop
      vertex 7.8258291523e-01 4.4896095150e-01 5.7053423028e-01
      vertex 7.8427718161e-01 4.6447944889e-01 5.7768942727e-01
      vertex 7.7218011460e-01 4.5539023586e-01 5.8485281374e-01
    endloop
  endfacet
  facet normal 6.705276e-01 -2.392192e-01 7.022584e-01
    outer loop
      vertex 7.8424557337e-01 4.8072535572e-01 5.8325365731e-01
      vertex 7.7281901791e-01 4.7154964096e-01 5.9103827602e-01
      vertex 7.8427718161e-01 4.6447944889e-01 5.7768942727e-01
    endloop
  endfacet
  facet normal 6.415571e-01 -2.962101e-01 7.075762e-01
    outer loop
      vertex 7.7218011460e-01 4.5539023586e-01 5.8485281374e-01
      vertex 7.8427718161e-01 4.6447944889e-01 5.7768942727e-01
      vertex 7.7281901791e-01 4.7154964096e-01 5.9103827602e-01
    endloop
  endfacet
  facet normal 8.026783e-01 -4.576217e-01 3.824786e-01
    outer loop
      vertex 7.9708203932e-01 4.4000000000e-01 5.3708203932e-01
      vertex 8.0126937695e-01 4.5396635208e-01 5.4500462810e-01
      vertex 7.9095225041e-01 4.4378841790e-01 5.5447885997e-01
    endloop
  endfacet
  facet normal 8.294800e-01 -3.374572e-01 4.450681e-01
    outer loop
      vertex 8.0352021765e-01 4.6881297044e-01 5.5206662775e-01
      vertex 7.9401420380e-01 4.5846163823e-01 5.6193459441e-01
      vertex 8.0126937695e-01 4.5396635208e-01 5.4500462810e-01
    endloop
  endfacet
  facet normal 7.421000e-01 -4.202079e-01 5.222192e-01
    outer loop
      vertex 7.8258291523e-01 4.4896095150e-01 5.7053423028e-01
      vertex 7.9095225041e-01 4.4378841790e-01 5.5447885997e-01
      vertex 7.9401420380e-01 4.5846163823e-01 5.6193459441e-01
    endloop
  endfacet
  facet normal 8.016858e-01 -3.951751e-01 4.484825e-01
    outer loop
      vertex 8.0126937695e-01 4.5396635208e-01 5.4500462810e-01
      vertex 7.9401420380e-01 4.5846163823e-01 5.6193459441e-01
      vertex 7.9095225041e-01 4.4378841790e-01 5.5447885997e-01
    endloop
  endfacet
  facet normal 7.381036e-01 -2.173281e-01 6.387266e-01
    outer loop
      vertex 7.8424557337e-01 4.8072535572e-01 5.8325365731e-01
      vertex 7.8427718161e-01 4.6447944889e-01 5.7768942727e-01
      vertex 7.9511790751e-01 4.7443725612e-01 5.6855019910e-01
    endloop
  endfacet
  facet normal 7.312575e-01 -3.498255e-01 5.855635e-01
    outer loop
      vertex 7.8258291523e-01 4.4896095150e-01 5.7053423028e-01
      vertex 7.9401420380e-01 4.5846163823e-01 5.6193459441e-01
      vertex 7.8427718161e-01 4.6447944889e-01 5.7768942727e-01
    endloop
  endfacet
  facet normal 8.186344e-01 -2.670988e-01 5.084250e-01
    outer loop
      vertex 8.0352021765e-01 4.6881297044e-01 5.5206662775e-01
      vertex 7.9511790751e-01 4.7443725612e-01 5.6855019910e-01
      vertex 7.9401420380e-01 4.5846163823e-01 5.6193459441e-01
    endloop
  endfacet
  facet normal 7.591756e-01 -2.931085e-01 5.811538e-01
    outer loop
      vertex 7.8427718161e-01 4.6447944889e-01 5.7768942727e-01
      vertex 7.9401420380e-01 4.5846163823e-01 5.6193459441e-01
      vertex 7.9511790751e-01 4.7443725612e-01 5.6855019910e-01
    endloop
  endfacet
  facet normal 8.117845e-02 -5.462496e-01 8.336794e-01
    outer loop
      vertex 7.0000000000e-01 4.3691226655e-01 6.0207809700e-01
      vertex 7.0973035521e-01 4.2612295750e-01 5.9406116509e-01
      vertex 7.1574404546e-01 4.4186700295e-01 6.0379152030e-01
    endloop
  endfacet
  facet normal 1.614436e-01 -6.304608e-01 7.592464e-01
    outer loop
      vertex 7.1927464428e-01 4.1674634269e-01 5.8424557337e-01
      vertex 7.2556274388e-01 4.3144980090e-01 5.9511790751e-01
      vertex 7.0973035521e-01 4.2612295750e-01 5.9406116509e-01
    endloop
  endfacet
  facet normal 2.112210e-01 -5.001420e-01 8.397879e-01
    outer loop
      vertex 7.3118702956e-01 4.4793337225e-01 6.0352021765e-01
      vertex 7.1574404546e-01 4.4186700295e-01 6.0379152030e-01
      vertex 7.2556274388e-01 4.3144980090e-01 5.9511790751e-01
    endloop
  endfacet
  facet normal 1.327925e-01 -5.572841e-01 8.196344e-01
    outer loop
      vertex 7.0973035521e-01 4.2612295750e-01 5.9406116509e-01
      vertex 7.2556274388e-01 4.3144980090e-01 5.9511790751e-01
      vertex 7.1574404546e-01 4.4186700295e-01 6.0379152030e-01
    endloop
  endfacet
  facet normal 3.134218e-01 -7.599989e-01 5.693580e-01
    outer loop
      vertex 7.3708203932e-01 4.0291796068e-01 5.6000000000e-01
      vertex 7.4460976414e-01 4.1514718626e-01 5.7218011460e-01
      vertex 7.2845035904e-01 4.0896172398e-01 5.7281901791e-01
    endloop
  endfacet
  facet normal 3.717435e-01 -6.491008e-01 6.636828e-01
    outer loop
      vertex 7.5103904850e-01 4.2946576972e-01 5.8258291523e-01
      vertex 7.3552055111e-01 4.2231057273e-01 5.8427718161e-01
      vertex 7.4460976414e-01 4.1514718626e-01 5.7218011460e-01
    endloop
  endfacet
  facet normal 2.392192e-01 -7.022584e-01 6.705276e-01
    outer loop
      vertex 7.1927464428e-01 4.1674634269e-01 5.8424557337e-01
      vertex 7.2845035904e-01 4.0896172398e-01 5.7281901791e-01
      vertex 7.3552055111e-01 4.2231057273e-01 5.8427718161e-01
    endloop
  endfacet
  facet normal 2.962101e-01 -7.075762e-01 6.415571e-01
    outer loop
      vertex 7.4460976414e-01 4.1514718626e-01 5.7218011460e-01
      vertex 7.3552055111e-01 4.2231057273e-01 5.8427718161e-01
      vertex 7.2845035904e-01 4.0896172398e-01 5.7281901791e-01
    endloop
  endfacet
  facet normal 4.576217e-01 -3.824786e-01 8.026783e-01
    outer loop
      vertex 7.6000000000e-01 4.6291796068e-01 5.9708203932e-01
      vertex 7.4603364792e-01 4.5499537190e-01 6.0126937695e-01
      vertex 7.5621158210e-01 4.4552114003e-01 5.9095225041e-01
    endloop
  endfacet
  facet normal 3.374572e-01 -4.450681e-01 8.294800e-01
    outer loop
      vertex 7.3118702956e-01 4.4793337225e-01 6.0352021765e-01
      vertex 7.4153836177e-01 4.3806540559e-01 5.9401420380e-01
      vertex 7.4603364792e-01 4.5499537190e-01 6.0126937695e-01
    endloop
  endfacet
  facet normal 4.202079e-01 -5.222192e-01 7.421000e-01
    outer loop
      vertex 7.5103904850e-01 4.2946576972e-01 5.8258291523e-01
      vertex 7.5621158210e-01 4.4552114003e-01 5.9095225041e-01
      vertex 7.4153836177e-01 4.3806540559e-01 5.9401420380e-01
    endloop
  endfacet
  facet normal 3.951751e-01 -4.484825e-01 8.016858e-01
    outer loop
      vertex 7.4603364792e-01 4.5499537190e-01 6.0126937695e-01
      vertex 7.4153836177e-01 4.3806540559e-01 5.9401420380e-01
      vertex 7.5621158210e-01 4.4552114003e-01 5.9095225041e-01
    endloop
  endfacet
  facet normal 2.173281e-01 -6.387266e-01 7.381036e-01
    outer loop
      vertex 7.1927464428e-01 4.1674634269e-01 5.8424557337e-01
      vertex 7.3552055111e-01 4.2231057273e-01 5.8427718161e-01
      vertex 7.2556274388e-01 4.3144980090e-01 5.9511790751e-01
    endloop
  endfacet
  facet normal 3.498255e-01 -5.855635e-01 7.312575e-01
    outer loop
      vertex 7.5103904850e-01 4.2946576972e-01 5.8258291523e-01
      vertex 7.4153836177e-01 4.3806540559e-01 5.9401420380e-01
      vertex 7.3552055111e-01 4.2231057273e-01 5.8427718161e-01
    endloop
  endfacet
  facet normal 2.670988e-01 -5.084250e-01 8.186344e-01
    outer loop
      vertex 7.3118702956e-01 4.4793337225e-01 6.0352021765e-01
      vertex 7.2556274388e-01 4.3144980090e-01 5.9511790751e-01
      vertex 7.4153836177e-01 4.3806540559e-01 5.9401420380e-01
    endloop
  endfacet
  facet normal 2.931085e-01 -5.811538e-01 7.591756e-01
    outer loop
      vertex 7.3552055111e-01 4.2231057273e-01 5.8427718161e-01
      vertex 7.4153836177e-01 4.3806540559e-01 5.9401420380e-01
      vertex 7.2556274388e-01 4.3144980090e-01 5.9511790751e-01
    endloop
  endfacet
  facet normal 7.595136e-01 -5.263422e-01 3.822343e-01
    outer loop
      vertex 7.9708203932e-01 4.4000000000e-01 5.3708203932e-01
      vertex 7.9095225041e-01 4.4378841790e-01 5.5447885997e-01
      vertex 7.8485281374e-01 4.2781988540e-01 5.4460976414e-01
    endloop
  endfacet
  facet normal 6.990111e-01 -4.888946e-01 5.218865e-01
    outer loop
      vertex 7.8258291523e-01 4.4896095150e-01 5.7053423028e-01
      vertex 7.7758933502e-01 4.3228949459e-01 5.6160505295e-01
      vertex 7.9095225041e-01 4.4378841790e-01 5.5447885997e-01
    endloop
  endfacet
  facet normal 6.486873e-01 -6.206439e-01 4.404610e-01
    outer loop
      vertex 7.7053423028e-01 4.1741708477e-01 5.5103904850e-01
      vertex 7.8485281374e-01 4.2781988540e-01 5.4460976414e-01
      vertex 7.7758933502e-01 4.3228949459e-01 5.6160505295e-01
    endloop
  endfacet
  facet normal 7.084426e-01 -5.465636e-01 4.465169e-01
    outer loop
      vertex 7.9095225041e-01 4.4378841790e-01 5.5447885997e-01
      vertex 7.7758933502e-01 4.3228949459e-01 5.6160505295e-01
      vertex 7.8485281374e-01 4.2781988540e-01 5.4460976414e-01
    endloop
  endfacet
  facet normal 5.263422e-01 -3.822343e-01 7.595136e-01
    outer loop
      vertex 7.6000000000e-01 4.6291796068e-01 5.9708203932e-01
      vertex 7.5621158210e-01 4.4552114003e-01 5.9095225041e-01
      vertex 7.7218011460e-01 4.5539023586e-01 5.8485281374e-01
    endloop
  endfacet
  facet normal 4.888946e-01 -5.218865e-01 6.990111e-01
    outer loop
      vertex 7.5103904850e-01 4.2946576972e-01 5.8258291523e-01
      vertex 7.6771050541e-01 4.3839494705e-01 5.7758933502e-01
      vertex 7.5621158210e-01 4.4552114003e-01 5.9095225041e-01
    endloop
  endfacet
  facet normal 6.206439e-01 -4.404610e-01 6.486873e-01
    outer loop
      vertex 7.8258291523e-01 4.4896095150e-01 5.7053423028e-01
      vertex 7.7218011460e-01 4.5539023586e-01 5.8485281374e-01
      vertex 7.6771050541e-01 4.3839494705e-01 5.7758933502e-01
    endloop
  endfacet
  facet normal 5.465636e-01 -4.465169e-01 7.084426e-01
    outer loop
      vertex 7.5621158210e-01 4.4552114003e-01 5.9095225041e-01
      vertex 7.6771050541e-01 4.3839494705e-01 5.7758933502e-01
      vertex 7.7218011460e-01 4.5539023586e-01 5.8485281374e-01
    endloop
  endfacet
  facet normal 3.822343e-01 -7.595136e-01 5.263422e-01
    outer loop
      vertex 7.3708203932e-01 4.0291796068e-01 5.6000000000e-01
      vertex 7.5447885997e-01 4.0904774959e-01 5.5621158210e-01
      vertex 7.4460976414e-01 4.1514718626e-01 5.7218011460e-01
    endloop
  endfacet
  facet normal 5.218865e-01 -6.990111e-01 4.888946e-01
    outer loop
      vertex 7.7053423028e-01 4.1741708477e-01 5.5103904850e-01
      vertex 7.6160505295e-01 4.2241066498e-01 5.6771050541e-01
      vertex 7.5447885997e-01 4.0904774959e-01 5.5621158210e-01
    endloop
  endfacet
  facet normal 4.404610e-01 -6.486873e-01 6.206439e-01
    outer loop
      vertex 7.5103904850e-01 4.2946576972e-01 5.8258291523e-01
      vertex 7.4460976414e-01 4.1514718626e-01 5.7218011460e-01
      vertex 7.6160505295e-01 4.2241066498e-01 5.6771050541e-01
    endloop
  endfacet
  facet normal 4.465169e-01 -7.084426e-01 5.465636e-01
    outer loop
      vertex 7.5447885997e-01 4.0904774959e-01 5.5621158210e-01
      vertex 7.6160505295e-01 4.2241066498e-01 5.6771050541e-01
      vertex 7.4460976414e-01 4.1514718626e-01 5.7218011460e-01
    endloop
  endfacet
  facet normal 6.354715e-01 -5.037511e-01 5.851588e-01
    outer loop
      vertex 7.8258291523e-01 4.4896095150e-01 5.7053423028e-01
      vertex 7.6771050541e-01 4.3839494705e-01 5.7758933502e-01
      vertex 7.7758933502e-01 4.3228949459e-01 5.6160505295e-01
    endloop
  endfacet
  facet normal 5.037511e-01 -5.851588e-01 6.354715e-01
    outer loop
      vertex 7.5103904850e-01 4.2946576972e-01 5.8258291523e-01
      vertex 7.6160505295e-01 4.2241066498e-01 5.6771050541e-01
      vertex 7.6771050541e-01 4.3839494705e-01 5.7758933502e-01
    endloop
  endfacet
  facet normal 5.851588e-01 -6.354715e-01 5.037511e-01
    outer loop
      vertex 7.7053423028e-01 4.1741708477e-01 5.5103904850e-01
      vertex 7.7758933502e-01 4.3228949459e-01 5.6160505295e-01
      vertex 7.6160505295e-01 4.2241066498e-01 5.6771050541e-01
    endloop
  endfacet
  facet normal 5.773503e-01 -5.773503e-01 5.773503e-01
    outer loop
      vertex 7.6771050541e-01 4.3839494705e-01 5.7758933502e-01
      vertex 7.6160505295e-01 4.2241066498e-01 5.6771050541e-01
      vertex 7.7758933502e-01 4.3228949459e-01 5.6160505295e-01
    endloop
  endfacet
  facet normal 4.650712e-01 -8.838505e-01 5.017104e-02
    outer loop
      vertex 7.6308773345e-01 3.9792190300e-01 5.0000000000e-01
      vertex 7.5813299705e-01 3.9620847970e-01 5.1574404546e-01
      vertex 7.4840264183e-01 3.9019478945e-01 5.0000000000e-01
    endloop
  endfacet
  facet normal 4.192398e-01 -8.897882e-01 1.803191e-01
    outer loop
      vertex 7.5206662775e-01 3.9647978235e-01 5.3118702956e-01
      vertex 7.4298745522e-01 3.8908344793e-01 5.1579864456e-01
      vertex 7.5813299705e-01 3.9620847970e-01 5.1574404546e-01
    endloop
  endfacet
  facet normal 3.386983e-01 -9.395655e-01 5.000027e-02
    outer loop
      vertex 7.3279198347e-01 3.8456739707e-01 5.0000000000e-01
      vertex 7.4840264183e-01 3.9019478945e-01 5.0000000000e-01
      vertex 7.4298745522e-01 3.8908344793e-01 5.1579864456e-01
    endloop
  endfacet
  facet normal 4.244916e-01 -9.017047e-01 8.207030e-02
    outer loop
      vertex 7.5813299705e-01 3.9620847970e-01 5.1574404546e-01
      vertex 7.4298745522e-01 3.8908344793e-01 5.1579864456e-01
      vertex 7.4840264183e-01 3.9019478945e-01 5.0000000000e-01
    endloop
  endfacet
  facet normal 3.023772e-01 -8.521837e-01 4.270257e-01
    outer loop
      vertex 7.3708203932e-01 4.0291796068e-01 5.6000000000e-01
      vertex 7.2864123164e-01 3.9307921710e-01 5.4634248627e-01
      vertex 7.4500462810e-01 3.9873062305e-01 5.4603364792e-01
    endloop
  endfacet
  facet normal 2.288929e-01 -9.233856e-01 3.081672e-01
    outer loop
      vertex 7.1949518177e-01 3.8587321804e-01 5.3154386673e-01
      vertex 7.3615106549e-01 3.9005069898e-01 5.3168993008e-01
      vertex 7.2864123164e-01 3.9307921710e-01 5.4634248627e-01
    endloop
  endfacet
  facet normal 3.648012e-01 -8.790876e-01 3.067980e-01
    outer loop
      vertex 7.5206662775e-01 3.9647978235e-01 5.3118702956e-01
      vertex 7.4500462810e-01 3.9873062305e-01 5.4603364792e-01
      vertex 7.3615106549e-01 3.9005069898e-01 5.3168993008e-01
    endloop
  endfacet
  facet normal 3.124011e-01 -8.857887e-01 3.431966e-01
    outer loop
      vertex 7.2864123164e-01 3.9307921710e-01 5.4634248627e-01
      vertex 7.3615106549e-01 3.9005069898e-01 5.3168993008e-01
      vertex 7.4500462810e-01 3.9873062305e-01 5.4603364792e-01
    endloop
  endfacet
  facet normal 6.905681e-02 -9.963836e-01 4.950537e-02
    outer loop
      vertex 7.0000000000e-01 3.8000000000e-01 5.0000000000e-01
      vertex 7.1655426906e-01 3.8114733417e-01 5.0000000000e-01
      vertex 7.0986909583e-01 3.8147739913e-01 5.1596853250e-01
    endloop
  endfacet
  facet normal 2.058489e-01 -9.773256e-01 4.960764e-02
    outer loop
      vertex 7.3279198347e-01 3.8456739707e-01 5.0000000000e-01
      vertex 7.2641404330e-01 3.8403288831e-01 5.1593509722e-01
      vertex 7.1655426906e-01 3.8114733417e-01 5.0000000000e-01
    endloop
  endfacet
  facet normal 1.504758e-01 -9.718501e-01 1.812856e-01
    outer loop
      vertex 7.1949518177e-01 3.8587321804e-01 5.3154386673e-01
      vertex 7.0986909583e-01 3.8147739913e-01 5.1596853250e-01
      vertex 7.2641404330e-01 3.8403288831e-01 5.1593509722e-01
    endloop
  endfacet
  facet normal 1.522724e-01 -9.847537e-01 8.410292e-02
    outer loop
      vertex 7.1655426906e-01 3.8114733417e-01 5.0000000000e-01
      vertex 7.2641404330e-01 3.8403288831e-01 5.1593509722e-01
      vertex 7.0986909583e-01 3.8147739913e-01 5.1596853250e-01
    endloop
  endfacet
  facet normal 3.716277e-01 -9.031797e-01 2.148469e-01
    outer loop
      vertex 7.5206662775e-01 3.9647978235e-01 5.3118702956e-01
      vertex 7.3615106549e-01 3.9005069898e-01 5.3168993008e-01
      vertex 7.4298745522e-01 3.8908344793e-01 5.1579864456e-01
    endloop
  endfacet
  facet normal 2.357379e-01 -9.474616e-01 2.162041e-01
    outer loop
      vertex 7.1949518177e-01 3.8587321804e-01 5.3154386673e-01
      vertex 7.2641404330e-01 3.8403288831e-01 5.1593509722e-01
      vertex 7.3615106549e-01 3.9005069898e-01 5.3168993008e-01
    endloop
  endfacet
  facet normal 2.910970e-01 -9.529505e-01 8.454536e-02
    outer loop
      vertex 7.3279198347e-01 3.8456739707e-01 5.0000000000e-01
      vertex 7.4298745522e-01 3.8908344793e-01 5.1579864456e-01
      vertex 7.2641404330e-01 3.8403288831e-01 5.1593509722e-01
    endloop
  endfacet
  facet normal 2.880454e-01 -9.403266e-01 1.811510e-01
    outer loop
      vertex 7.3615106549e-01 3.9005069898e-01 5.3168993008e-01
      vertex 7.2641404330e-01 3.8403288831e-01 5.1593509722e-01
      vertex 7.4298745522e-01 3.8908344793e-01 5.1579864456e-01
    endloop
  endfacet
  facet normal 0.000000e+00 -5.964207e-01 8.026720e-01
    outer loop
      vertex 7.0000000000e-01 4.3691226655e-01 6.0207809700e-01
      vertex 6.9026964479e-01 4.2612295750e-01 5.9406116509e-01
      vertex 7.0973035521e-01 4.2612295750e-01 5.9406116509e-01
    endloop
  endfacet
  facet normal -8.054149e-02 -6.804611e-01 7.283445e-01
    outer loop
      vertex 6.8072535572e-01 4.1674634269e-01 5.8424557337e-01
      vertex 7.0000000000e-01 4.1565115634e-01 5.8535380820e-01
      vertex 6.9026964479e-01 4.2612295750e-01 5.9406116509e-01
    endloop
  endfacet
  facet normal 8.054149e-02 -6.804611e-01 7.283445e-01
    outer loop
      vertex 7.1927464428e-01 4.1674634269e-01 5.8424557337e-01
      vertex 7.0973035521e-01 4.2612295750e-01 5.9406116509e-01
      vertex 7.0000000000e-01 4.1565115634e-01 5.8535380820e-01
    endloop
  endfacet
  facet normal 0.000000e+00 -6.393544e-01 7.689122e-01
    outer loop
      vertex 6.9026964479e-01 4.2612295750e-01 5.9406116509e-01
      vertex 7.0000000000e-01 4.1565115634e-01 5.8535380820e-01
      vertex 7.0973035521e-01 4.2612295750e-01 5.9406116509e-01
    endloop
  endfacet
  facet normal -2.333204e-01 -8.095043e-01 5.387620e-01
    outer loop
      vertex 6.6291796068e-01 4.0291796068e-01 5.6000000000e-01
      vertex 6.8122786420e-01 3.9917865376e-01 5.6231101877e-01
      vertex 6.7154964096e-01 4.0896172398e-01 5.7281901791e-01
    endloop
  endfacet
  facet normal -7.841715e-02 -8.303865e-01 5.516422e-01
    outer loop
      vertex 7.0000000000e-01 3.9792190300e-01 5.6308773345e-01
      vertex 6.9026297781e-01 4.0637547551e-01 5.7442874991e-01
      vertex 6.8122786420e-01 3.9917865376e-01 5.6231101877e-01
    endloop
  endfacet
  facet normal -1.589524e-01 -7.518660e-01 6.398684e-01
    outer loop
      vertex 6.8072535572e-01 4.1674634269e-01 5.8424557337e-01
      vertex 6.7154964096e-01 4.0896172398e-01 5.7281901791e-01
      vertex 6.9026297781e-01 4.0637547551e-01 5.7442874991e-01
    endloop
  endfacet
  facet normal -1.601287e-01 -7.916792e-01 5.895786e-01
    outer loop
      vertex 6.8122786420e-01 3.9917865376e-01 5.6231101877e-01
      vertex 6.9026297781e-01 4.0637547551e-01 5.7442874991e-01
      vertex 6.7154964096e-01 4.0896172398e-01 5.7281901791e-01
    endloop
  endfacet
  facet normal 2.333204e-01 -8.095043e-01 5.387620e-01
    outer loop
      vertex 7.3708203932e-01 4.0291796068e-01 5.6000000000e-01
      vertex 7.2845035904e-01 4.0896172398e-01 5.7281901791e-01
      vertex 7.1877213580e-01 3.9917865376e-01 5.6231101877e-01
    endloop
  endfacet
  facet normal 1.589524e-01 -7.518660e-01 6.398684e-01
    outer loop
      vertex 7.1927464428e-01 4.1674634269e-01 5.8424557337e-01
      vertex 7.0973702219e-01 4.0637547551e-01 5.7442874991e-01
      vertex 7.2845035904e-01 4.0896172398e-01 5.7281901791e-01
    endloop
  endfacet
  facet normal 7.841715e-02 -8.303865e-01 5.516422e-01
    outer loop
      vertex 7.0000000000e-01 3.9792190300e-01 5.6308773345e-01
      vertex 7.1877213580e-01 3.9917865376e-01 5.6231101877e-01
      vertex 7.0973702219e-01 4.0637547551e-01 5.7442874991e-01
    endloop
  endfacet
  facet normal 1.601287e-01 -7.916792e-01 5.895786e-01
    outer loop
      vertex 7.2845035904e-01 4.0896172398e-01 5.7281901791e-01
      vertex 7.0973702219e-01 4.0637547551e-01 5.7442874991e-01
      vertex 7.1877213580e-01 3.9917865376e-01 5.6231101877e-01
    endloop
  endfacet
  facet normal -8.053079e-02 -7.232719e-01 6.858517e-01
    outer loop
      vertex 6.8072535572e-01 4.1674634269e-01 5.8424557337e-01
      vertex 6.9026297781e-01 4.0637547551e-01 5.7442874991e-01
      vertex 7.0000000000e-01 4.1565115634e-01 5.8535380820e-01
    endloop
  endfacet
  facet normal 0.000000e+00 -8.017675e-01 5.976360e-01
    outer loop
      vertex 7.0000000000e-01 3.9792190300e-01 5.6308773345e-01
      vertex 7.0973702219e-01 4.0637547551e-01 5.7442874991e-01
      vertex 6.9026297781e-01 4.0637547551e-01 5.7442874991e-01
    endloop
  endfacet
  facet normal 8.053079e-02 -7.232719e-01 6.858517e-01
    outer loop
      vertex 7.1927464428e-01 4.1674634269e-01 5.8424557337e-01
      vertex 7.0000000000e-01 4.1565115634e-01 5.8535380820e-01
      vertex 7.0973702219e-01 4.0637547551e-01 5.7442874991e-01
    endloop
  endfacet
  facet normal 0.000000e+00 -7.623048e-01 6.472182e-01
    outer loop
      vertex 6.9026297781e-01 4.0637547551e-01 5.7442874991e-01
      vertex 7.0973702219e-01 4.0637547551e-01 5.7442874991e-01
      vertex 7.0000000000e-01 4.1565115634e-01 5.8535380820e-01
    endloop
  endfacet
  facet normal -4.650712e-01 -8.838505e-01 5.017104e-02
    outer loop
      vertex 6.3691226655e-01 3.9792190300e-01 5.0000000000e-01
      vertex 6.5159735817e-01 3.9019478945e-01 5.0000000000e-01
      vertex 6.4186700295e-01 3.9620847970e-01 5.1574404546e-01
    endloop
  endfacet
  facet normal -3.386983e-01 -9.395655e-01 5.000027e-02
    outer loop
      vertex 6.6720801653e-01 3.8456739707e-01 5.0000000000e-01
      vertex 6.5701254478e-01 3.8908344793e-01 5.1579864456e-01
      vertex 6.5159735817e-01 3.9019478945e-01 5.0000000000e-01
    endloop
  endfacet
  facet normal -4.192398e-01 -8.897882e-01 1.803191e-01
    outer loop
      vertex 6.4793337225e-01 3.9647978235e-01 5.3118702956e-01
      vertex 6.4186700295e-01 3.9620847970e-01 5.1574404546e-01
      vertex 6.5701254478e-01 3.8908344793e-01 5.1579864456e-01
    endloop
  endfacet
  facet normal -4.244916e-01 -9.017047e-01 8.207030e-02
    outer loop
      vertex 6.5159735817e-01 3.9019478945e-01 5.0000000000e-01
      vertex 6.5701254478e-01 3.8908344793e-01 5.1579864456e-01
      vertex 6.4186700295e-01 3.9620847970e-01 5.1574404546e-01
    endloop
  endfacet
  facet normal -6.905681e-02 -9.963836e-01 4.950537e-02
    outer loop
      vertex 7.0000000000e-01 3.8000000000e-01 5.0000000000e-01
      vertex 6.9013090417e-01 3.8147739913e-01 5.1596853250e-01
      vertex 6.8344573094e-01 3.8114733417e-01 5.0000000000e-01
    endloop
  endfacet
  facet normal -1.504758e-01 -9.718501e-01 1.812856e-01
    outer loop
      vertex 6.8050481823e-01 3.8587321804e-01 5.3154386673e-01
      vertex 6.7358595670e-01 3.8403288831e-01 5.1593509722e-01
      vertex 6.9013090417e-01 3.8147739913e-01 5.1596853250e-01
    endloop
  endfacet
  facet normal -2.058489e-01 -9.773256e-01 4.960764e-02
    outer loop
      vertex 6.6720801653e-01 3.8456739707e-01 5.0000000000e-01
      vertex 6.8344573094e-01 3.8114733417e-01 5.0000000000e-01
      vertex 6.7358595670e-01 3.8403288831e-01 5.1593509722e-01
    endloop
  endfacet
  facet normal -1.522724e-01 -9.847537e-01 8.410292e-02
    outer loop
      vertex 6.9013090417e-01 3.8147739913e-01 5.1596853250e-01
      vertex 6.7358595670e-01 3.8403288831e-01 5.1593509722e-01
      vertex 6.8344573094e-01 3.8114733417e-01 5.0000000000e-01
    endloop
  endfacet
  facet normal -3.023772e-01 -8.521837e-01 4.270257e-01
    outer loop
      vertex 6.6291796068e-01 4.0291796068e-01 5.6000000000e-01
      vertex 6.5499537190e-01 3.9873062305e-01 5.4603364792e-01
      vertex 6.7135876836e-01 3.9307921710e-01 5.4634248627e-01
    endloop
  endfacet
  facet normal -3.648012e-01 -8.790876e-01 3.067980e-01
    outer loop
      vertex 6.4793337225e-01 3.9647978235e-01 5.3118702956e-01
      vertex 6.6384893451e-01 3.9005069898e-01 5.3168993008e-01
      vertex 6.5499537190e-01 3.9873062305e-01 5.4603364792e-01
    endloop
  endfacet
  facet normal -2.288929e-01 -9.233856e-01 3.081672e-01
    outer loop
      vertex 6.8050481823e-01 3.8587321804e-01 5.3154386673e-01
      vertex 6.7135876836e-01 3.9307921710e-01 5.4634248627e-01
      vertex 6.6384893451e-01 3.9005069898e-01 5.3168993008e-01
    endloop
  endfacet
  facet normal -3.124011e-01 -8.857887e-01 3.431966e-01
    outer loop
      vertex 6.5499537190e-01 3.9873062305e-01 5.4603364792e-01
      vertex 6.6384893451e-01 3.9005069898e-01 5.3168993008e-01
      vertex 6.7135876836e-01 3.9307921710e-01 5.4634248627e-01
    endloop
  endfacet
  facet normal -2.910970e-01 -9.529505e-01 8.454536e-02
    outer loop
      vertex 6.6720801653e-01 3.8456739707e-01 5.0000000000e-01
      vertex 6.7358595670e-01 3.8403288831e-01 5.1593509722e-01
      vertex 6.5701254478e-01 3.8908344793e-01 5.1579864456e-01
    endloop
  endfacet
  facet normal -2.357379e-01 -9.474616e-01 2.162041e-01
    outer loop
      vertex 6.8050481823e-01 3.8587321804e-01 5.3154386673e-01
      vertex 6.6384893451e-01 3.9005069898e-01 5.3168993008e-01
      vertex 6.7358595670e-01 3.8403288831e-01 5.1593509722e-01
    endloop
  endfacet
  facet normal -3.716277e-01 -9.031797e-01 2.148469e-01
    outer loop
      vertex 6.4793337225e-01 3.9647978235e-01 5.3118702956e-01
      vertex 6.5701254478e-01 3.8908344793e-01 5.1579864456e-01
      vertex 6.6384893451e-01 3.9005069898e-01 5.3168993008e-01
    endloop
  endfacet
  facet normal -2.880454e-01 -9.403266e-01 1.811510e-01
    outer loop
      vertex 6.7358595670e-01 3.8403288831e-01 5.1593509722e-01
      vertex 6.6384893451e-01 3.9005069898e-01 5.3168993008e-01
      vertex 6.5701254478e-01 3.8908344793e-01 5.1579864456e-01
    endloop
  endfacet
  facet normal 2.331714e-01 -8.516395e-01 4.694052e-01
    outer loop
      vertex 7.3708203932e-01 4.0291796068e-01 5.6000000000e-01
      vertex 7.1877213580e-01 3.9917865376e-01 5.6231101877e-01
      vertex 7.2864123164e-01 3.9307921710e-01 5.4634248627e-01
    endloop
  endfacet
  facet normal 7.836719e-02 -8.724736e-01 4.823363e-01
    outer loop
      vertex 7.0000000000e-01 3.9792190300e-01 5.6308773345e-01
      vertex 7.0987882960e-01 3.9044210085e-01 5.4795284620e-01
      vertex 7.1877213580e-01 3.9917865376e-01 5.6231101877e-01
    endloop
  endfacet
  facet normal 1.597927e-01 -9.227974e-01 3.505871e-01
    outer loop
      vertex 7.1949518177e-01 3.8587321804e-01 5.3154386673e-01
      vertex 7.2864123164e-01 3.9307921710e-01 5.4634248627e-01
      vertex 7.0987882960e-01 3.9044210085e-01 5.4795284620e-01
    endloop
  endfacet
  facet normal 1.618790e-01 -8.843585e-01 4.378416e-01
    outer loop
      vertex 7.1877213580e-01 3.9917865376e-01 5.6231101877e-01
      vertex 7.0987882960e-01 3.9044210085e-01 5.4795284620e-01
      vertex 7.2864123164e-01 3.9307921710e-01 5.4634248627e-01
    endloop
  endfacet
  facet normal -2.331714e-01 -8.516395e-01 4.694052e-01
    outer loop
      vertex 6.6291796068e-01 4.0291796068e-01 5.6000000000e-01
      vertex 6.7135876836e-01 3.9307921710e-01 5.4634248627e-01
      vertex 6.8122786420e-01 3.9917865376e-01 5.6231101877e-01
    endloop
  endfacet
  facet normal -1.597927e-01 -9.227974e-01 3.505871e-01
    outer loop
      vertex 6.8050481823e-01 3.8587321804e-01 5.3154386673e-01
      vertex 6.9012117040e-01 3.9044210085e-01 5.4795284620e-01
      vertex 6.7135876836e-01 3.9307921710e-01 5.4634248627e-01
    endloop
  endfacet
  facet normal -7.836719e-02 -8.724736e-01 4.823363e-01
    outer loop
      vertex 7.0000000000e-01 3.9792190300e-01 5.6308773345e-01
      vertex 6.8122786420e-01 3.9917865376e-01 5.6231101877e-01
      vertex 6.9012117040e-01 3.9044210085e-01 5.4795284620e-01
    endloop
  endfacet
  facet normal -1.618790e-01 -8.843585e-01 4.378416e-01
    outer loop
      vertex 6.7135876836e-01 3.9307921710e-01 5.4634248627e-01
      vertex 6.9012117040e-01 3.9044210085e-01 5.4795284620e-01
      vertex 6.8122786420e-01 3.9917865376e-01 5.6231101877e-01
    endloop
  endfacet
  facet normal 0.000000e+00 -9.957474e-01 9.212595e-02
    outer loop
      vertex 7.0000000000e-01 3.8000000000e-01 5.0000000000e-01
      vertex 7.0986909583e-01 3.8147739913e-01 5.1596853250e-01
      vertex 6.9013090417e-01 3.8147739913e-01 5.1596853250e-01
    endloop
  endfacet
  facet normal 8.142553e-02 -9.712310e-01 2.237863e-01
    outer loop
      vertex 7.1949518177e-01 3.8587321804e-01 5.3154386673e-01
      vertex 7.0000000000e-01 3.8433664838e-01 5.3196856414e-01
      vertex 7.0986909583e-01 3.8147739913e-01 5.1596853250e-01
    endloop
  endfacet
  facet normal -8.142553e-02 -9.712310e-01 2.237863e-01
    outer loop
      vertex 6.8050481823e-01 3.8587321804e-01 5.3154386673e-01
      vertex 6.9013090417e-01 3.8147739913e-01 5.1596853250e-01
      vertex 7.0000000000e-01 3.8433664838e-01 5.3196856414e-01
    endloop
  endfacet
  facet normal 0.000000e+00 -9.844052e-01 1.759159e-01
    outer loop
      vertex 7.0986909583e-01 3.8147739913e-01 5.1596853250e-01
      vertex 7.0000000000e-01 3.8433664838e-01 5.3196856414e-01
      vertex 6.9013090417e-01 3.8147739913e-01 5.1596853250e-01
    endloop
  endfacet
  facet normal 0.000000e+00 -8.964941e-01 4.430557e-01
    outer loop
      vertex 7.0000000000e-01 3.9792190300e-01 5.6308773345e-01
      vertex 6.9012117040e-01 3.9044210085e-01 5.4795284620e-01
      vertex 7.0987882960e-01 3.9044210085e-01 5.4795284620e-01
    endloop
  endfacet
  facet normal -8.140770e-02 -9.468068e-01 3.113353e-01
    outer loop
      vertex 6.8050481823e-01 3.8587321804e-01 5.3154386673e-01
      vertex 7.0000000000e-01 3.8433664838e-01 5.3196856414e-01
      vertex 6.9012117040e-01 3.9044210085e-01 5.4795284620e-01
    endloop
  endfacet
  facet normal 8.140770e-02 -9.468068e-01 3.113353e-01
    outer loop
      vertex 7.1949518177e-01 3.8587321804e-01 5.3154386673e-01
      vertex 7.0987882960e-01 3.9044210085e-01 5.4795284620e-01
      vertex 7.0000000000e-01 3.8433664838e-01 5.3196856414e-01
    endloop
  endfacet
  facet normal 0.000000e+00 -9.341724e-01 3.568221e-01
    outer loop
      vertex 6.9012117040e-01 3.9044210085e-01 5.4795284620e-01
      vertex 7.0000000000e-01 3.8433664838e-01 5.3196856414e-01
      vertex 7.0987882960e-01 3.9044210085e-01 5.4795284620e-01
    endloop
  endfacet
  facet normal 4.650712e-01 -8.838505e-01 -5.017104e-02
    outer loop
      vertex 7.6308773345e-01 3.9792190300e-01 5.0000000000e-01
      vertex 7.4840264183e-01 3.9019478945e-01 5.0000000000e-01
      vertex 7.5813299705e-01 3.9620847970e-01 4.8425595454e-01
    endloop
  endfacet
  facet normal 3.386983e-01 -9.395655e-01 -5.000027e-02
    outer loop
      vertex 7.3279198347e-01 3.8456739707e-01 5.0000000000e-01
      vertex 7.4298745522e-01 3.8908344793e-01 4.8420135544e-01
      vertex 7.4840264183e-01 3.9019478945e-01 5.0000000000e-01
    endloop
  endfacet
  facet normal 4.192398e-01 -8.897882e-01 -1.803191e-01
    outer loop
      vertex 7.5206662775e-01 3.9647978235e-01 4.6881297044e-01
      vertex 7.5813299705e-01 3.9620847970e-01 4.8425595454e-01
      vertex 7.4298745522e-01 3.8908344793e-01 4.8420135544e-01
    endloop
  endfacet
  facet normal 4.244916e-01 -9.017047e-01 -8.207030e-02
    outer loop
      vertex 7.4840264183e-01 3.9019478945e-01 5.0000000000e-01
      vertex 7.4298745522e-01 3.8908344793e-01 4.8420135544e-01
      vertex 7.5813299705e-01 3.9620847970e-01 4.8425595454e-01
    endloop
  endfacet
  facet normal 6.905681e-02 -9.963836e-01 -4.950537e-02
    outer loop
      vertex 7.0000000000e-01 3.8000000000e-01 5.0000000000e-01
      vertex 7.0986909583e-01 3.8147739913e-01 4.8403146750e-01
      vertex 7.1655426906e-01 3.8114733417e-01 5.0000000000e-01
    endloop
  endfacet
  facet normal 1.504758e-01 -9.718501e-01 -1.812856e-01
    outer loop
      vertex 7.1949518177e-01 3.8587321804e-01 4.6845613327e-01
      vertex 7.2641404330e-01 3.8403288831e-01 4.8406490278e-01
      vertex 7.0986909583e-01 3.8147739913e-01 4.8403146750e-01
    endloop
  endfacet
  facet normal 2.058489e-01 -9.773256e-01 -4.960764e-02
    outer loop
      vertex 7.3279198347e-01 3.8456739707e-01 5.0000000000e-01
      vertex 7.1655426906e-01 3.8114733417e-01 5.0000000000e-01
      vertex 7.2641404330e-01 3.8403288831e-01 4.8406490278e-01
    endloop
  endfacet
  facet normal 1.522724e-01 -9.847537e-01 -8.410292e-02
    outer loop
      vertex 7.0986909583e-01 3.8147739913e-01 4.8403146750e-01
      vertex 7.2641404330e-01 3.8403288831e-01 4.8406490278e-01
      vertex 7.1655426906e-01 3.8114733417e-01 5.0000000000e-01
    endloop
  endfacet
  facet normal 3.023772e-01 -8.521837e-01 -4.270257e-01
    outer loop
      vertex 7.3708203932e-01 4.0291796068e-01 4.4000000000e-01
      vertex 7.4500462810e-01 3.9873062305e-01 4.5396635208e-01
      vertex 7.2864123164e-01 3.9307921710e-01 4.5365751373e-01
    endloop
  endfacet
  facet normal 3.648012e-01 -8.790876e-01 -3.067980e-01
    outer loop
      vertex 7.5206662775e-01 3.9647978235e-01 4.6881297044e-01
      vertex 7.3615106549e-01 3.9005069898e-01 4.6831006992e-01
      vertex 7.4500462810e-01 3.9873062305e-01 4.5396635208e-01
    endloop
  endfacet
  facet normal 2.288929e-01 -9.233856e-01 -3.081672e-01
    outer loop
      vertex 7.1949518177e-01 3.8587321804e-01 4.6845613327e-01
      vertex 7.2864123164e-01 3.9307921710e-01 4.5365751373e-01
      vertex 7.3615106549e-01 3.9005069898e-01 4.6831006992e-01
    endloop
  endfacet
  facet normal 3.124011e-01 -8.857887e-01 -3.431966e-01
    outer loop
      vertex 7.4500462810e-01 3.9873062305e-01 4.5396635208e-01
      vertex 7.3615106549e-01 3.9005069898e-01 4.6831006992e-01
      vertex 7.2864123164e-01 3.9307921710e-01 4.5365751373e-01
    endloop
  endfacet
  facet normal 2.910970e-01 -9.529505e-01 -8.454536e-02
    outer loop
      vertex 7.3279198347e-01 3.8456739707e-01 5.0000000000e-01
      vertex 7.2641404330e-01 3.8403288831e-01 4.8406490278e-01
      vertex 7.4298745522e-01 3.8908344793e-01 4.8420135544e-01
    endloop
  endfacet
  facet normal 2.357379e-01 -9.474616e-01 -2.162041e-01
    outer loop
      vertex 7.1949518177e-01 3.8587321804e-01 4.6845613327e-01
      vertex 7.3615106549e-01 3.9005069898e-01 4.6831006992e-01
      vertex 7.2641404330e-01 3.8403288831e-01 4.8406490278e-01
    endloop
  endfacet
  facet normal 3.716277e-01 -9.031797e-01 -2.148469e-01
    outer loop
      vertex 7.5206662775e-01 3.9647978235e-01 4.6881297044e-01
      vertex 7.4298745522e-01 3.8908344793e-01 4.8420135544e-01
      vertex 7.3615106549e-01 3.9005069898e-01 4.6831006992e-01
    endloop
  endfacet
  facet normal 2.880454e-01 -9.403266e-01 -1.811510e-01
    outer loop
      vertex 7.2641404330e-01 3.8403288831e-01 4.8406490278e-01
      vertex 7.3615106549e-01 3.9005069898e-01 4.6831006992e-01
      vertex 7.4298745522e-01 3.8908344793e-01 4.8420135544e-01
    endloop
  endfacet
  facet normal -4.650712e-01 -8.838505e-01 -5.017104e-02
    outer loop
      vertex 6.3691226655e-01 3.9792190300e-01 5.0000000000e-01
      vertex 6.4186700295e-01 3.9620847970e-01 4.8425595454e-01
      vertex 6.5159735817e-01 3.9019478945e-01 5.0000000000e-01
    endloop
  endfacet
  facet normal -4.192398e-01 -8.897882e-01 -1.803191e-01
    outer loop
      vertex 6.4793337225e-01 3.9647978235e-01 4.6881297044e-01
      vertex 6.5701254478e-01 3.8908344793e-01 4.8420135544e-01
      vertex 6.4186700295e-01 3.9620847970e-01 4.8425595454e-01
    endloop
  endfacet
  facet normal -3.386983e-01 -9.395655e-01 -5.000027e-02
    outer loop
      vertex 6.6720801653e-01 3.8456739707e-01 5.0000000000e-01
      vertex 6.5159735817e-01 3.9019478945e-01 5.0000000000e-01
      vertex 6.5701254478e-01 3.8908344793e-01 4.8420135544e-01
    endloop
  endfacet
  facet normal -4.244916e-01 -9.017047e-01 -8.207030e-02
    outer loop
      vertex 6.4186700295e-01 3.9620847970e-01 4.8425595454e-01
      vertex 6.5701254478e-01 3.8908344793e-01 4.8420135544e-01
      vertex 6.5159735817e-01 3.9019478945e-01 5.0000000000e-01
    endloop
  endfacet
  facet normal -3.023772e-01 -8.521837e-01 -4.270257e-01
    outer loop
      vertex 6.6291796068e-01 4.0291796068e-01 4.4000000000e-01
      vertex 6.7135876836e-01 3.9307921710e-01 4.5365751373e-01
      vertex 6.5499537190e-01 3.9873062305e-01 4.5396635208e-01
    endloop
  endfacet
  facet normal -2.288929e-01 -9.233856e-01 -3.081672e-01
    outer loop
      vertex 6.8050481823e-01 3.8587321804e-01 4.6845613327e-01
      vertex 6.6384893451e-01 3.9005069898e-01 4.6831006992e-01
      vertex 6.7135876836e-01 3.9307921710e-01 4.5365751373e-01
    endloop
  endfacet
  facet normal -3.648012e-01 -8.790876e-01 -3.067980e-01
    outer loop
      vertex 6.4793337225e-01 3.9647978235e-01 4.6881297044e-01
      vertex 6.5499537190e-01 3.9873062305e-01 4.5396635208e-01
      vertex 6.6384893451e-01 3.9005069898e-01 4.6831006992e-01
    endloop
  endfacet
  facet normal -3.124011e-01 -8.857887e-01 -3.431966e-01
    outer loop
      vertex 6.7135876836e-01 3.9307921710e-01 4.5365751373e-01
      vertex 6.6384893451e-01 3.9005069898e-01 4.6831006992e-01
      vertex 6.5499537190e-01 3.9873062305e-01 4.5396635208e-01
    endloop
  endfacet
  facet normal -6.905681e-02 -9.963836e-01 -4.950537e-02
    outer loop
      vertex 7.0000000000e-01 3.8000000000e-01 5.0000000000e-01
      vertex 6.8344573094e-01 3.8114733417e-01 5.0000000000e-01
      vertex 6.9013090417e-01 3.8147739913e-01 4.8403146750e-01
    endloop
  endfacet
  facet normal -2.058489e-01 -9.773256e-01 -4.960764e-02
    outer loop
      vertex 6.6720801653e-01 3.8456739707e-01 5.0000000000e-01
      vertex 6.7358595670e-01 3.8403288831e-01 4.8406490278e-01
      vertex 6.8344573094e-01 3.8114733417e-01 5.0000000000e-01
    endloop
  endfacet
  facet normal -1.504758e-01 -9.718501e-01 -1.812856e-01
    outer loop
      vertex 6.8050481823e-01 3.8587321804e-01 4.6845613327e-01
      vertex 6.9013090417e-01 3.8147739913e-01 4.8403146750e-01
      vertex 6.7358595670e-01 3.8403288831e-01 4.8406490278e-01
    endloop
  endfacet
  facet normal -1.522724e-01 -9.847537e-01 -8.410292e-02
    outer loop
      vertex 6.8344573094e-01 3.8114733417e-01 5.0000000000e-01
      vertex 6.7358595670e-01 3.8403288831e-01 4.8406490278e-01
      vertex 6.9013090417e-01 3.8147739913e-01 4.8403146750e-01
    endloop
  endfacet
  facet normal -3.716277e-01 -9.031797e-01 -2.148469e-01
    outer loop
      vertex 6.4793337225e-01 3.9647978235e-01 4.6881297044e-01
      vertex 6.6384893451e-01 3.9005069898e-01 4.6831006992e-01
      vertex 6.5701254478e-01 3.8908344793e-01 4.8420135544e-01
    endloop
  endfacet
  facet normal -2.357379e-01 -9.474616e-01 -2.162041e-01
    outer loop
      vertex 6.8050481823e-01 3.8587321804e-01 4.6845613327e-01
      vertex 6.7358595670e-01 3.8403288831e-01 4.8406490278e-01
      vertex 6.6384893451e-01 3.9005069898e-01 4.6831006992e-01
    endloop
  endfacet
  facet normal -2.910970e-01 -9.529505e-01 -8.454536e-02
    outer loop
      vertex 6.6720801653e-01 3.8456739707e-01 5.0000000000e-01
      vertex 6.5701254478e-01 3.8908344793e-01 4.8420135544e-01
      vertex 6.7358595670e-01 3.8403288831e-01 4.8406490278e-01
    endloop
  endfacet
  facet normal -2.880454e-01 -9.403266e-01 -1.811510e-01
    outer loop
      vertex 6.6384893451e-01 3.9005069898e-01 4.6831006992e-01
      vertex 6.7358595670e-01 3.8403288831e-01 4.8406490278e-01
      vertex 6.5701254478e-01 3.8908344793e-01 4.8420135544e-01
    endloop
  endfacet
  facet normal 0.000000e+00 -5.964207e-01 -8.026720e-01
    outer loop
      vertex 7.0000000000e-01 4.3691226655e-01 3.9792190300e-01
      vertex 7.0973035521e-01 4.2612295750e-01 4.0593883491e-01
      vertex 6.9026964479e-01 4.2612295750e-01 4.0593883491e-01
    endloop
  endfacet
  facet normal 8.054149e-02 -6.804611e-01 -7.283445e-01
    outer loop
      vertex 7.1927464428e-01 4.1674634269e-01 4.1575442663e-01
      vertex 7.0000000000e-01 4.1565115634e-01 4.1464619180e-01
      vertex 7.0973035521e-01 4.2612295750e-01 4.0593883491e-01
    endloop
  endfacet
  facet normal -8.054149e-02 -6.804611e-01 -7.283445e-01
    outer loop
      vertex 6.8072535572e-01 4.1674634269e-01 4.1575442663e-01
      vertex 6.9026964479e-01 4.2612295750e-01 4.0593883491e-01
      vertex 7.0000000000e-01 4.1565115634e-01 4.1464619180e-01
    endloop
  endfacet
  facet normal -0.000000e+00 -6.393544e-01 -7.689122e-01
    outer loop
      vertex 7.0973035521e-01 4.2612295750e-01 4.0593883491e-01
      vertex 7.0000000000e-01 4.1565115634e-01 4.1464619180e-01
      vertex 6.9026964479e-01 4.2612295750e-01 4.0593883491e-01
    endloop
  endfacet
  facet normal 2.333204e-01 -8.095043e-01 -5.387620e-01
    outer loop
      vertex 7.3708203932e-01 4.0291796068e-01 4.4000000000e-01
      vertex 7.1877213580e-01 3.9917865376e-01 4.3768898123e-01
      vertex 7.2845035904e-01 4.0896172398e-01 4.2718098209e-01
    endloop
  endfacet
  facet normal 7.841715e-02 -8.303865e-01 -5.516422e-01
    outer loop
      vertex 7.0000000000e-01 3.9792190300e-01 4.3691226655e-01
      vertex 7.0973702219e-01 4.0637547551e-01 4.2557125009e-01
      vertex 7.1877213580e-01 3.9917865376e-01 4.3768898123e-01
    endloop
  endfacet
  facet normal 1.589524e-01 -7.518660e-01 -6.398684e-01
    outer loop
      vertex 7.1927464428e-01 4.1674634269e-01 4.1575442663e-01
      vertex 7.2845035904e-01 4.0896172398e-01 4.2718098209e-01
      vertex 7.0973702219e-01 4.0637547551e-01 4.2557125009e-01
    endloop
  endfacet
  facet normal 1.601287e-01 -7.916792e-01 -5.895786e-01
    outer loop
      vertex 7.1877213580e-01 3.9917865376e-01 4.3768898123e-01
      vertex 7.0973702219e-01 4.0637547551e-01 4.2557125009e-01
      vertex 7.2845035904e-01 4.0896172398e-01 4.2718098209e-01
    endloop
  endfacet
  facet normal -2.333204e-01 -8.095043e-01 -5.387620e-01
    outer loop
      vertex 6.6291796068e-01 4.0291796068e-01 4.4000000000e-01
      vertex 6.7154964096e-01 4.0896172398e-01 4.2718098209e-01
      vertex 6.8122786420e-01 3.9917865376e-01 4.3768898123e-01
    endloop
  endfacet
  facet normal -1.589524e-01 -7.518660e-01 -6.398684e-01
    outer loop
      vertex 6.8072535572e-01 4.1674634269e-01 4.1575442663e-01
      vertex 6.9026297781e-01 4.0637547551e-01 4.2557125009e-01
      vertex 6.7154964096e-01 4.0896172398e-01 4.2718098209e-01
    endloop
  endfacet
  facet normal -7.841715e-02 -8.303865e-01 -5.516422e-01
    outer loop
      vertex 7.0000000000e-01 3.9792190300e-01 4.3691226655e-01
      vertex 6.8122786420e-01 3.9917865376e-01 4.3768898123e-01
      vertex 6.9026297781e-01 4.0637547551e-01 4.2557125009e-01
    endloop
  endfacet
  facet normal -1.601287e-01 -7.916792e-01 -5.895786e-01
    outer loop
      vertex 6.7154964096e-01 4.0896172398e-01 4.2718098209e-01
      vertex 6.9026297781e-01 4.0637547551e-01 4.2557125009e-01
      vertex 6.8122786420e-01 3.9917865376e-01 4.3768898123e-01
    endloop
  endfacet
  facet normal 8.053079e-02 -7.232719e-01 -6.858517e-01
    outer loop
      vertex 7.1927464428e-01 4.1674634269e-01 4.1575442663e-01
      vertex 7.0973702219e-01 4.0637547551e-01 4.2557125009e-01
      vertex 7.0000000000e-01 4.1565115634e-01 4.1464619180e-01
    endloop
  endfacet
  facet normal 0.000000e+00 -8.017675e-01 -5.976360e-01
    outer loop
      vertex 7.0000000000e-01 3.9792190300e-01 4.3691226655e-01
      vertex 6.9026297781e-01 4.0637547551e-01 4.2557125009e-01
      vertex 7.0973702219e-01 4.0637547551e-01 4.2557125009e-01
    endloop
  endfacet
  facet normal -8.053079e-02 -7.232719e-01 -6.858517e-01
    outer loop
      vertex 6.8072535572e-01 4.1674634269e-01 4.1575442663e-01
      vertex 7.0000000000e-01 4.1565115634e-01 4.1464619180e-01
      vertex 6.9026297781e-01 4.0637547551e-01 4.2557125009e-01
    endloop
  endfacet
  facet normal -0.000000e+00 -7.623048e-01 -6.472182e-01
    outer loop
      vertex 7.0973702219e-01 4.0637547551e-01 4.2557125009e-01
      vertex 6.9026297781e-01 4.0637547551e-01 4.2557125009e-01
      vertex 7.0000000000e-01 4.1565115634e-01 4.1464619180e-01
    endloop
  endfacet
  facet normal 0.000000e+00 -9.957474e-01 -9.212595e-02
    outer loop
      vertex 7.0000000000e-01 3.8000000000e-01 5.0000000000e-01
      vertex 6.9013090417e-01 3.8147739913e-01 4.8403146750e-01
      vertex 7.0986909583e-01 3.8147739913e-01 4.8403146750e-01
    endloop
  endfacet
  facet normal -8.142553e-02 -9.712310e-01 -2.237863e-01
    outer loop
      vertex 6.8050481823e-01 3.8587321804e-01 4.6845613327e-01
      vertex 7.0000000000e-01 3.8433664838e-01 4.6803143586e-01
      vertex 6.9013090417e-01 3.8147739913e-01 4.8403146750e-01
    endloop
  endfacet
  facet normal 8.142553e-02 -9.712310e-01 -2.237863e-01
    outer loop
      vertex 7.1949518177e-01 3.8587321804e-01 4.6845613327e-01
      vertex 7.0986909583e-01 3.8147739913e-01 4.8403146750e-01
      vertex 7.0000000000e-01 3.8433664838e-01 4.6803143586e-01
    endloop
  endfacet
  facet normal 0.000000e+00 -9.844052e-01 -1.759159e-01
    outer loop
      vertex 6.9013090417e-01 3.8147739913e-01 4.8403146750e-01
      vertex 7.0000000000e-01 3.8433664838e-01 4.6803143586e-01
      vertex 7.0986909583e-01 3.8147739913e-01 4.8403146750e-01
    endloop
  endfacet
  facet normal -2.331714e-01 -8.516395e-01 -4.694052e-01
    outer loop
      vertex 6.6291796068e-01 4.0291796068e-01 4.4000000000e-01
      vertex 6.8122786420e-01 3.9917865376e-01 4.3768898123e-01
      vertex 6.7135876836e-01 3.9307921710e-01 4.5365751373e-01
    endloop
  endfacet
  facet normal -7.836719e-02 -8.724736e-01 -4.823363e-01
    outer loop
      vertex 7.0000000000e-01 3.9792190300e-01 4.3691226655e-01
      vertex 6.9012117040e-01 3.9044210085e-01 4.5204715380e-01
      vertex 6.8122786420e-01 3.9917865376e-01 4.3768898123e-01
    endloop
  endfacet
  facet normal -1.597927e-01 -9.227974e-01 -3.505871e-01
    outer loop
      vertex 6.8050481823e-01 3.8587321804e-01 4.6845613327e-01
      vertex 6.7135876836e-01 3.9307921710e-01 4.5365751373e-01
      vertex 6.9012117040e-01 3.9044210085e-01 4.5204715380e-01
    endloop
  endfacet
  facet normal -1.618790e-01 -8.843585e-01 -4.378416e-01
    outer loop
      vertex 6.8122786420e-01 3.9917865376e-01 4.3768898123e-01
      vertex 6.9012117040e-01 3.9044210085e-01 4.5204715380e-01
      vertex 6.7135876836e-01 3.9307921710e-01 4.5365751373e-01
    endloop
  endfacet
  facet normal 2.331714e-01 -8.516395e-01 -4.694052e-01
    outer loop
      vertex 7.3708203932e-01 4.0291796068e-01 4.4000000000e-01
      vertex 7.2864123164e-01 3.9307921710e-01 4.5365751373e-01
      vertex 7.1877213580e-01 3.9917865376e-01 4.3768898123e-01
    endloop
  endfacet
  facet normal 1.597927e-01 -9.227974e-01 -3.505871e-01
    outer loop
      vertex 7.1949518177e-01 3.8587321804e-01 4.6845613327e-01
      vertex 7.0987882960e-01 3.9044210085e-01 4.5204715380e-01
      vertex 7.2864123164e-01 3.9307921710e-01 4.5365751373e-01
    endloop
  endfacet
  facet normal 7.836719e-02 -8.724736e-01 -4.823363e-01
    outer loop
      vertex 7.0000000000e-01 3.9792190300e-01 4.3691226655e-01
      vertex 7.1877213580e-01 3.9917865376e-01 4.3768898123e-01
      vertex 7.0987882960e-01 3.9044210085e-01 4.5204715380e-01
    endloop
  endfacet
  facet normal 1.618790e-01 -8.843585e-01 -4.378416e-01
    outer loop
      vertex 7.2864123164e-01 3.9307921710e-01 4.5365751373e-01
      vertex 7.0987882960e-01 3.9044210085e-01 4.5204715380e-01
      vertex 7.1877213580e-01 3.9917865376e-01 4.3768898123e-01
    endloop
  endfacet
  facet normal -8.140770e-02 -9.468068e-01 -3.113353e-01
    outer loop
      vertex 6.8050481823e-01 3.8587321804e-01 4.6845613327e-01
      vertex 6.9012117040e-01 3.9044210085e-01 4.5204715380e-01
      vertex 7.0000000000e-01 3.8433664838e-01 4.6803143586e-01
    endloop
  endfacet
  facet normal 0.000000e+00 -8.964941e-01 -4.430557e-01
    outer loop
      vertex 7.0000000000e-01 3.9792190300e-01 4.3691226655e-01
      vertex 7.0987882960e-01 3.9044210085e-01 4.5204715380e-01
      vertex 6.9012117040e-01 3.9044210085e-01 4.5204715380e-01
    endloop
  endfacet
  facet normal 8.140770e-02 -9.468068e-01 -3.113353e-01
    outer loop
      vertex 7.1949518177e-01 3.8587321804e-01 4.6845613327e-01
      vertex 7.0000000000e-01 3.8433664838e-01 4.6803143586e-01
      vertex 7.0987882960e-01 3.9044210085e-01 4.5204715380e-01
    endloop
  endfacet
  facet normal 0.000000e+00 -9.341724e-01 -3.568221e-01
    outer loop
      vertex 6.9012117040e-01 3.9044210085e-01 4.5204715380e-01
      vertex 7.0987882960e-01 3.9044210085e-01 4.5204715380e-01
      vertex 7.0000000000e-01 3.8433664838e-01 4.6803143586e-01
    endloop
  endfacet
  facet normal 5.462496e-01 -8.336794e-01 -8.117845e-02
    outer loop
      vertex 7.6308773345e-01 3.9792190300e-01 5.0000000000e-01
      vertex 7.5813299705e-01 3.9620847970e-01 4.8425595454e-01
      vertex 7.7387704250e-01 4.0593883491e-01 4.9026964479e-01
    endloop
  endfacet
  facet normal 5.001420e-01 -8.397879e-01 -2.112210e-01
    outer loop
      vertex 7.5206662775e-01 3.9647978235e-01 4.6881297044e-01
      vertex 7.6855019910e-01 4.0488209249e-01 4.7443725612e-01
      vertex 7.5813299705e-01 3.9620847970e-01 4.8425595454e-01
    endloop
  endfacet
  facet normal 6.304608e-01 -7.592464e-01 -1.614436e-01
    outer loop
      vertex 7.8325365731e-01 4.1575442663e-01 4.8072535572e-01
      vertex 7.7387704250e-01 4.0593883491e-01 4.9026964479e-01
      vertex 7.6855019910e-01 4.0488209249e-01 4.7443725612e-01
    endloop
  endfacet
  facet normal 5.572841e-01 -8.196344e-01 -1.327925e-01
    outer loop
      vertex 7.5813299705e-01 3.9620847970e-01 4.8425595454e-01
      vertex 7.6855019910e-01 4.0488209249e-01 4.7443725612e-01
      vertex 7.7387704250e-01 4.0593883491e-01 4.9026964479e-01
    endloop
  endfacet
  facet normal 3.824786e-01 -8.026783e-01 -4.576217e-01
    outer loop
      vertex 7.3708203932e-01 4.0291796068e-01 4.4000000000e-01
      vertex 7.5447885997e-01 4.0904774959e-01 4.4378841790e-01
      vertex 7.4500462810e-01 3.9873062305e-01 4.5396635208e-01
    endloop
  endfacet
  facet normal 5.222192e-01 -7.421000e-01 -4.202079e-01
    outer loop
      vertex 7.7053423028e-01 4.1741708477e-01 4.4896095150e-01
      vertex 7.6193459441e-01 4.0598579620e-01 4.5846163823e-01
      vertex 7.5447885997e-01 4.0904774959e-01 4.4378841790e-01
    endloop
  endfacet
  facet normal 4.450681e-01 -8.294800e-01 -3.374572e-01
    outer loop
      vertex 7.5206662775e-01 3.9647978235e-01 4.6881297044e-01
      vertex 7.4500462810e-01 3.9873062305e-01 4.5396635208e-01
      vertex 7.6193459441e-01 4.0598579620e-01 4.5846163823e-01
    endloop
  endfacet
  facet normal 4.484825e-01 -8.016858e-01 -3.951751e-01
    outer loop
      vertex 7.5447885997e-01 4.0904774959e-01 4.4378841790e-01
      vertex 7.6193459441e-01 4.0598579620e-01 4.5846163823e-01
      vertex 7.4500462810e-01 3.9873062305e-01 4.5396635208e-01
    endloop
  endfacet
  facet normal 7.599989e-01 -5.693580e-01 -3.134218e-01
    outer loop
      vertex 7.9708203932e-01 4.4000000000e-01 4.6291796068e-01
      vertex 7.9103827602e-01 4.2718098209e-01 4.7154964096e-01
      vertex 7.8485281374e-01 4.2781988540e-01 4.5539023586e-01
    endloop
  endfacet
  facet normal 7.022584e-01 -6.705276e-01 -2.392192e-01
    outer loop
      vertex 7.8325365731e-01 4.1575442663e-01 4.8072535572e-01
      vertex 7.7768942727e-01 4.1572281839e-01 4.6447944889e-01
      vertex 7.9103827602e-01 4.2718098209e-01 4.7154964096e-01
    endloop
  endfacet
  facet normal 6.491008e-01 -6.636828e-01 -3.717435e-01
    outer loop
      vertex 7.7053423028e-01 4.1741708477e-01 4.4896095150e-01
      vertex 7.8485281374e-01 4.2781988540e-01 4.5539023586e-01
      vertex 7.7768942727e-01 4.1572281839e-01 4.6447944889e-01
    endloop
  endfacet
  facet normal 7.075762e-01 -6.415571e-01 -2.962101e-01
    outer loop
      vertex 7.9103827602e-01 4.2718098209e-01 4.7154964096e-01
      vertex 7.7768942727e-01 4.1572281839e-01 4.6447944889e-01
      vertex 7.8485281374e-01 4.2781988540e-01 4.5539023586e-01
    endloop
  endfacet
  facet normal 5.084250e-01 -8.186344e-01 -2.670988e-01
    outer loop
      vertex 7.5206662775e-01 3.9647978235e-01 4.6881297044e-01
      vertex 7.6193459441e-01 4.0598579620e-01 4.5846163823e-01
      vertex 7.6855019910e-01 4.0488209249e-01 4.7443725612e-01
    endloop
  endfacet
  facet normal 5.855635e-01 -7.312575e-01 -3.498255e-01
    outer loop
      vertex 7.7053423028e-01 4.1741708477e-01 4.4896095150e-01
      vertex 7.7768942727e-01 4.1572281839e-01 4.6447944889e-01
      vertex 7.6193459441e-01 4.0598579620e-01 4.5846163823e-01
    endloop
  endfacet
  facet normal 6.387266e-01 -7.381036e-01 -2.173281e-01
    outer loop
      vertex 7.8325365731e-01 4.1575442663e-01 4.8072535572e-01
      vertex 7.6855019910e-01 4.0488209249e-01 4.7443725612e-01
      vertex 7.7768942727e-01 4.1572281839e-01 4.6447944889e-01
    endloop
  endfacet
  facet normal 5.811538e-01 -7.591756e-01 -2.931085e-01
    outer loop
      vertex 7.6193459441e-01 4.0598579620e-01 4.5846163823e-01
      vertex 7.7768942727e-01 4.1572281839e-01 4.6447944889e-01
      vertex 7.6855019910e-01 4.0488209249e-01 4.7443725612e-01
    endloop
  endfacet
  facet normal 8.117845e-02 -5.462496e-01 -8.336794e-01
    outer loop
      vertex 7.0000000000e-01 4.3691226655e-01 3.9792190300e-01
      vertex 7.1574404546e-01 4.4186700295e-01 3.9620847970e-01
      vertex 7.0973035521e-01 4.2612295750e-01 4.0593883491e-01
    endloop
  endfacet
  facet normal 2.112210e-01 -5.001420e-01 -8.397879e-01
    outer loop
      vertex 7.3118702956e-01 4.4793337225e-01 3.9647978235e-01
      vertex 7.2556274388e-01 4.3144980090e-01 4.0488209249e-01
      vertex 7.1574404546e-01 4.4186700295e-01 3.9620847970e-01
    endloop
  endfacet
  facet normal 1.614436e-01 -6.304608e-01 -7.592464e-01
    outer loop
      vertex 7.1927464428e-01 4.1674634269e-01 4.1575442663e-01
      vertex 7.0973035521e-01 4.2612295750e-01 4.0593883491e-01
      vertex 7.2556274388e-01 4.3144980090e-01 4.0488209249e-01
    endloop
  endfacet
  facet normal 1.327925e-01 -5.572841e-01 -8.196344e-01
    outer loop
      vertex 7.1574404546e-01 4.4186700295e-01 3.9620847970e-01
      vertex 7.2556274388e-01 4.3144980090e-01 4.0488209249e-01
      vertex 7.0973035521e-01 4.2612295750e-01 4.0593883491e-01
    endloop
  endfacet
  facet normal 4.576217e-01 -3.824786e-01 -8.026783e-01
    outer loop
      vertex 7.6000000000e-01 4.6291796068e-01 4.0291796068e-01
      vertex 7.5621158210e-01 4.4552114003e-01 4.0904774959e-01
      vertex 7.4603364792e-01 4.5499537190e-01 3.9873062305e-01
    endloop
  endfacet
  facet normal 4.202079e-01 -5.222192e-01 -7.421000e-01
    outer loop
      vertex 7.5103904850e-01 4.2946576972e-01 4.1741708477e-01
      vertex 7.4153836177e-01 4.3806540559e-01 4.0598579620e-01
      vertex 7.5621158210e-01 4.4552114003e-01 4.0904774959e-01
    endloop
  endfacet
  facet normal 3.374572e-01 -4.450681e-01 -8.294800e-01
    outer loop
      vertex 7.3118702956e-01 4.4793337225e-01 3.9647978235e-01
      vertex 7.4603364792e-01 4.5499537190e-01 3.9873062305e-01
      vertex 7.4153836177e-01 4.3806540559e-01 4.0598579620e-01
    endloop
  endfacet
  facet normal 3.951751e-01 -4.484825e-01 -8.016858e-01
    outer loop
      vertex 7.5621158210e-01 4.4552114003e-01 4.0904774959e-01
      vertex 7.4153836177e-01 4.3806540559e-01 4.0598579620e-01
      vertex 7.4603364792e-01 4.5499537190e-01 3.9873062305e-01
    endloop
  endfacet
  facet normal 3.134218e-01 -7.599989e-01 -5.693580e-01
    outer loop
      vertex 7.3708203932e-01 4.0291796068e-01 4.4000000000e-01
      vertex 7.2845035904e-01 4.0896172398e-01 4.2718098209e-01
      vertex 7.4460976414e-01 4.1514718626e-01 4.2781988540e-01
    endloop
  endfacet
  facet normal 2.392192e-01 -7.022584e-01 -6.705276e-01
    outer loop
      vertex 7.1927464428e-01 4.1674634269e-01 4.1575442663e-01
      vertex 7.3552055111e-01 4.2231057273e-01 4.1572281839e-01
      vertex 7.2845035904e-01 4.0896172398e-01 4.2718098209e-01
    endloop
  endfacet
  facet normal 3.717435e-01 -6.491008e-01 -6.636828e-01
    outer loop
      vertex 7.5103904850e-01 4.2946576972e-01 4.1741708477e-01
      vertex 7.4460976414e-01 4.1514718626e-01 4.2781988540e-01
      vertex 7.3552055111e-01 4.2231057273e-01 4.1572281839e-01
    endloop
  endfacet
  facet normal 2.962101e-01 -7.075762e-01 -6.415571e-01
    outer loop
      vertex 7.2845035904e-01 4.0896172398e-01 4.2718098209e-01
      vertex 7.3552055111e-01 4.2231057273e-01 4.1572281839e-01
      vertex 7.4460976414e-01 4.1514718626e-01 4.2781988540e-01
    endloop
  endfacet
  facet normal 2.670988e-01 -5.084250e-01 -8.186344e-01
    outer loop
      vertex 7.3118702956e-01 4.4793337225e-01 3.9647978235e-01
      vertex 7.4153836177e-01 4.3806540559e-01 4.0598579620e-01
      vertex 7.2556274388e-01 4.3144980090e-01 4.0488209249e-01
    endloop
  endfacet
  facet normal 3.498255e-01 -5.855635e-01 -7.312575e-01
    outer loop
      vertex 7.5103904850e-01 4.2946576972e-01 4.1741708477e-01
      vertex 7.3552055111e-01 4.2231057273e-01 4.1572281839e-01
      vertex 7.4153836177e-01 4.3806540559e-01 4.0598579620e-01
    endloop
  endfacet
  facet normal 2.173281e-01 -6.387266e-01 -7.381036e-01
    outer loop
      vertex 7.1927464428e-01 4.1674634269e-01 4.1575442663e-01
      vertex 7.2556274388e-01 4.3144980090e-01 4.0488209249e-01
      vertex 7.3552055111e-01 4.2231057273e-01 4.1572281839e-01
    endloop
  endfacet
  facet normal 2.931085e-01 -5.811538e-01 -7.591756e-01
    outer loop
      vertex 7.4153836177e-01 4.3806540559e-01 4.0598579620e-01
      vertex 7.3552055111e-01 4.2231057273e-01 4.1572281839e-01
      vertex 7.2556274388e-01 4.3144980090e-01 4.0488209249e-01
    endloop
  endfacet
  facet normal 8.336794e-01 -8.117845e-02 -5.462496e-01
    outer loop
      vertex 8.0207809700e-01 5.0000000000e-01 4.3691226655e-01
      vertex 8.0379152030e-01 4.8425595454e-01 4.4186700295e-01
      vertex 7.9406116509e-01 4.9026964479e-01 4.2612295750e-01
    endloop
  endfacet
  facet normal 8.397879e-01 -2.112210e-01 -5.001420e-01
    outer loop
      vertex 8.0352021765e-01 4.6881297044e-01 4.4793337225e-01
      vertex 7.9511790751e-01 4.7443725612e-01 4.3144980090e-01
      vertex 8.0379152030e-01 4.8425595454e-01 4.4186700295e-01
    endloop
  endfacet
  facet normal 7.592464e-01 -1.614436e-01 -6.304608e-01
    outer loop
      vertex 7.8424557337e-01 4.8072535572e-01 4.1674634269e-01
      vertex 7.9406116509e-01 4.9026964479e-01 4.2612295750e-01
      vertex 7.9511790751e-01 4.7443725612e-01 4.3144980090e-01
    endloop
  endfacet
  facet normal 8.196344e-01 -1.327925e-01 -5.572841e-01
    outer loop
      vertex 8.0379152030e-01 4.8425595454e-01 4.4186700295e-01
      vertex 7.9511790751e-01 4.7443725612e-01 4.3144980090e-01
      vertex 7.9406116509e-01 4.9026964479e-01 4.2612295750e-01
    endloop
  endfacet
  facet normal 8.026783e-01 -4.576217e-01 -3.824786e-01
    outer loop
      vertex 7.9708203932e-01 4.4000000000e-01 4.6291796068e-01
      vertex 7.9095225041e-01 4.4378841790e-01 4.4552114003e-01
      vertex 8.0126937695e-01 4.5396635208e-01 4.5499537190e-01
    endloop
  endfacet
  facet normal 7.421000e-01 -4.202079e-01 -5.222192e-01
    outer loop
      vertex 7.8258291523e-01 4.4896095150e-01 4.2946576972e-01
      vertex 7.9401420380e-01 4.5846163823e-01 4.3806540559e-01
      vertex 7.9095225041e-01 4.4378841790e-01 4.4552114003e-01
    endloop
  endfacet
  facet normal 8.294800e-01 -3.374572e-01 -4.450681e-01
    outer loop
      vertex 8.0352021765e-01 4.6881297044e-01 4.4793337225e-01
      vertex 8.0126937695e-01 4.5396635208e-01 4.5499537190e-01
      vertex 7.9401420380e-01 4.5846163823e-01 4.3806540559e-01
    endloop
  endfacet
  facet normal 8.016858e-01 -3.951751e-01 -4.484825e-01
    outer loop
      vertex 7.9095225041e-01 4.4378841790e-01 4.4552114003e-01
      vertex 7.9401420380e-01 4.5846163823e-01 4.3806540559e-01
      vertex 8.0126937695e-01 4.5396635208e-01 4.5499537190e-01
    endloop
  endfacet
  facet normal 5.693580e-01 -3.134218e-01 -7.599989e-01
    outer loop
      vertex 7.6000000000e-01 4.6291796068e-01 4.0291796068e-01
      vertex 7.7281901791e-01 4.7154964096e-01 4.0896172398e-01
      vertex 7.7218011460e-01 4.5539023586e-01 4.1514718626e-01
    endloop
  endfacet
  facet normal 6.705276e-01 -2.392192e-01 -7.022584e-01
    outer loop
      vertex 7.8424557337e-01 4.8072535572e-01 4.1674634269e-01
      vertex 7.8427718161e-01 4.6447944889e-01 4.2231057273e-01
      vertex 7.7281901791e-01 4.7154964096e-01 4.0896172398e-01
    endloop
  endfacet
  facet normal 6.636828e-01 -3.717435e-01 -6.491008e-01
    outer loop
      vertex 7.8258291523e-01 4.4896095150e-01 4.2946576972e-01
      vertex 7.7218011460e-01 4.5539023586e-01 4.1514718626e-01
      vertex 7.8427718161e-01 4.6447944889e-01 4.2231057273e-01
    endloop
  endfacet
  facet normal 6.415571e-01 -2.962101e-01 -7.075762e-01
    outer loop
      vertex 7.7281901791e-01 4.7154964096e-01 4.0896172398e-01
      vertex 7.8427718161e-01 4.6447944889e-01 4.2231057273e-01
      vertex 7.7218011460e-01 4.5539023586e-01 4.1514718626e-01
    endloop
  endfacet
  facet normal 8.186344e-01 -2.670988e-01 -5.084250e-01
    outer loop
      vertex 8.0352021765e-01 4.6881297044e-01 4.4793337225e-01
      vertex 7.9401420380e-01 4.5846163823e-01 4.3806540559e-01
      vertex 7.9511790751e-01 4.7443725612e-01 4.3144980090e-01
    endloop
  endfacet
  facet normal 7.312575e-01 -3.498255e-01 -5.855635e-01
    outer loop
      vertex 7.8258291523e-01 4.4896095150e-01 4.2946576972e-01
      vertex 7.8427718161e-01 4.6447944889e-01 4.2231057273e-01
      vertex 7.9401420380e-01 4.5846163823e-01 4.3806540559e-01
    endloop
  endfacet
  facet normal 7.381036e-01 -2.173281e-01 -6.387266e-01
    outer loop
      vertex 7.8424557337e-01 4.8072535572e-01 4.1674634269e-01
      vertex 7.9511790751e-01 4.7443725612e-01 4.3144980090e-01
      vertex 7.8427718161e-01 4.6447944889e-01 4.2231057273e-01
    endloop
  endfacet
  facet normal 7.591756e-01 -2.931085e-01 -5.811538e-01
    outer loop
      vertex 7.9401420380e-01 4.5846163823e-01 4.3806540559e-01
      vertex 7.8427718161e-01 4.6447944889e-01 4.2231057273e-01
      vertex 7.9511790751e-01 4.7443725612e-01 4.3144980090e-01
    endloop
  endfacet
  facet normal 3.822343e-01 -7.595136e-01 -5.263422e-01
    outer loop
      vertex 7.3708203932e-01 4.0291796068e-01 4.4000000000e-01
      vertex 7.4460976414e-01 4.1514718626e-01 4.2781988540e-01
      vertex 7.5447885997e-01 4.0904774959e-01 4.4378841790e-01
    endloop
  endfacet
  facet normal 4.404610e-01 -6.486873e-01 -6.206439e-01
    outer loop
      vertex 7.5103904850e-01 4.2946576972e-01 4.1741708477e-01
      vertex 7.6160505295e-01 4.2241066498e-01 4.3228949459e-01
      vertex 7.4460976414e-01 4.1514718626e-01 4.2781988540e-01
    endloop
  endfacet
  facet normal 5.218865e-01 -6.990111e-01 -4.888946e-01
    outer loop
      vertex 7.7053423028e-01 4.1741708477e-01 4.4896095150e-01
      vertex 7.5447885997e-01 4.0904774959e-01 4.4378841790e-01
      vertex 7.6160505295e-01 4.2241066498e-01 4.3228949459e-01
    endloop
  endfacet
  facet normal 4.465169e-01 -7.084426e-01 -5.465636e-01
    outer loop
      vertex 7.4460976414e-01 4.1514718626e-01 4.2781988540e-01
      vertex 7.6160505295e-01 4.2241066498e-01 4.3228949459e-01
      vertex 7.5447885997e-01 4.0904774959e-01 4.4378841790e-01
    endloop
  endfacet
  facet normal 5.263422e-01 -3.822343e-01 -7.595136e-01
    outer loop
      vertex 7.6000000000e-01 4.6291796068e-01 4.0291796068e-01
      vertex 7.7218011460e-01 4.5539023586e-01 4.1514718626e-01
      vertex 7.5621158210e-01 4.4552114003e-01 4.0904774959e-01
    endloop
  endfacet
  facet normal 6.206439e-01 -4.404610e-01 -6.486873e-01
    outer loop
      vertex 7.8258291523e-01 4.4896095150e-01 4.2946576972e-01
      vertex 7.6771050541e-01 4.3839494705e-01 4.2241066498e-01
      vertex 7.7218011460e-01 4.5539023586e-01 4.1514718626e-01
    endloop
  endfacet
  facet normal 4.888946e-01 -5.218865e-01 -6.990111e-01
    outer loop
      vertex 7.5103904850e-01 4.2946576972e-01 4.1741708477e-01
      vertex 7.5621158210e-01 4.4552114003e-01 4.0904774959e-01
      vertex 7.6771050541e-01 4.3839494705e-01 4.2241066498e-01
    endloop
  endfacet
  facet normal 5.465636e-01 -4.465169e-01 -7.084426e-01
    outer loop
      vertex 7.7218011460e-01 4.5539023586e-01 4.1514718626e-01
      vertex 7.6771050541e-01 4.3839494705e-01 4.2241066498e-01
      vertex 7.5621158210e-01 4.4552114003e-01 4.0904774959e-01
    endloop
  endfacet
  facet normal 7.595136e-01 -5.263422e-01 -3.822343e-01
    outer loop
      vertex 7.9708203932e-01 4.4000000000e-01 4.6291796068e-01
      vertex 7.8485281374e-01 4.2781988540e-01 4.5539023586e-01
      vertex 7.9095225041e-01 4.4378841790e-01 4.4552114003e-01
    endloop
  endfacet
  facet normal 6.486873e-01 -6.206439e-01 -4.404610e-01
    outer loop
      vertex 7.7053423028e-01 4.1741708477e-01 4.4896095150e-01
      vertex 7.7758933502e-01 4.3228949459e-01 4.3839494705e-01
      vertex 7.8485281374e-01 4.2781988540e-01 4.5539023586e-01
    endloop
  endfacet
  facet normal 6.990111e-01 -4.888946e-01 -5.218865e-01
    outer loop
      vertex 7.8258291523e-01 4.4896095150e-01 4.2946576972e-01
      vertex 7.9095225041e-01 4.4378841790e-01 4.4552114003e-01
      vertex 7.7758933502e-01 4.3228949459e-01 4.3839494705e-01
    endloop
  endfacet
  facet normal 7.084426e-01 -5.465636e-01 -4.465169e-01
    outer loop
      vertex 7.8485281374e-01 4.2781988540e-01 4.5539023586e-01
      vertex 7.7758933502e-01 4.3228949459e-01 4.3839494705e-01
      vertex 7.9095225041e-01 4.4378841790e-01 4.4552114003e-01
    endloop
  endfacet
  facet normal 5.037511e-01 -5.851588e-01 -6.354715e-01
    outer loop
      vertex 7.5103904850e-01 4.2946576972e-01 4.1741708477e-01
      vertex 7.6771050541e-01 4.3839494705e-01 4.2241066498e-01
      vertex 7.6160505295e-01 4.2241066498e-01 4.3228949459e-01
    endloop
  endfacet
  facet normal 6.354715e-01 -5.037511e-01 -5.851588e-01
    outer loop
      vertex 7.8258291523e-01 4.4896095150e-01 4.2946576972e-01
      vertex 7.7758933502e-01 4.3228949459e-01 4.3839494705e-01
      vertex 7.6771050541e-01 4.3839494705e-01 4.2241066498e-01
    endloop
  endfacet
  facet normal 5.851588e-01 -6.354715e-01 -5.037511e-01
    outer loop
      vertex 7.7053423028e-01 4.1741708477e-01 4.4896095150e-01
      vertex 7.6160505295e-01 4.2241066498e-01 4.3228949459e-01
      vertex 7.7758933502e-01 4.3228949459e-01 4.3839494705e-01
    endloop
  endfacet
  facet normal 5.773503e-01 -5.773503e-01 -5.773503e-01
    outer loop
      vertex 7.6771050541e-01 4.3839494705e-01 4.2241066498e-01
      vertex 7.7758933502e-01 4.3228949459e-01 4.3839494705e-01
      vertex 7.6160505295e-01 4.2241066498e-01 4.3228949459e-01
    endloop
  endfacet
  facet normal 5.964207e-01 -8.026720e-01 0.000000e+00
    outer loop
      vertex 7.6308773345e-01 3.9792190300e-01 5.0000000000e-01
      vertex 7.7387704250e-01 4.0593883491e-01 4.9026964479e-01
      vertex 7.7387704250e-01 4.0593883491e-01 5.0973035521e-01
    endloop
  endfacet
  facet normal 6.804611e-01 -7.283445e-01 -8.054149e-02
    outer loop
      vertex 7.8325365731e-01 4.1575442663e-01 4.8072535572e-01
      vertex 7.8434884366e-01 4.1464619180e-01 5.0000000000e-01
      vertex 7.7387704250e-01 4.0593883491e-01 4.9026964479e-01
    endloop
  endfacet
  facet normal 6.804611e-01 -7.283445e-01 8.054149e-02
    outer loop
      vertex 7.8325365731e-01 4.1575442663e-01 5.1927464428e-01
      vertex 7.7387704250e-01 4.0593883491e-01 5.0973035521e-01
      vertex 7.8434884366e-01 4.1464619180e-01 5.0000000000e-01
    endloop
  endfacet
  facet normal 6.393544e-01 -7.689122e-01 0.000000e+00
    outer loop
      vertex 7.7387704250e-01 4.0593883491e-01 4.9026964479e-01
      vertex 7.8434884366e-01 4.1464619180e-01 5.0000000000e-01
      vertex 7.7387704250e-01 4.0593883491e-01 5.0973035521e-01
    endloop
  endfacet
  facet normal 8.095043e-01 -5.387620e-01 -2.333204e-01
    outer loop
      vertex 7.9708203932e-01 4.4000000000e-01 4.6291796068e-01
      vertex 8.0082134624e-01 4.3768898123e-01 4.8122786420e-01
      vertex 7.9103827602e-01 4.2718098209e-01 4.7154964096e-01
    endloop
  endfacet
  facet normal 8.303865e-01 -5.516422e-01 -7.841715e-02
    outer loop
      vertex 8.0207809700e-01 4.3691226655e-01 5.0000000000e-01
      vertex 7.9362452449e-01 4.2557125009e-01 4.9026297781e-01
      vertex 8.0082134624e-01 4.3768898123e-01 4.8122786420e-01
    endloop
  endfacet
  facet normal 7.518660e-01 -6.398684e-01 -1.589524e-01
    outer loop
      vertex 7.8325365731e-01 4.1575442663e-01 4.8072535572e-01
      vertex 7.9103827602e-01 4.2718098209e-01 4.7154964096e-01
      vertex 7.9362452449e-01 4.2557125009e-01 4.9026297781e-01
    endloop
  endfacet
  facet normal 7.916792e-01 -5.895786e-01 -1.601287e-01
    outer loop
      vertex 8.0082134624e-01 4.3768898123e-01 4.8122786420e-01
      vertex 7.9362452449e-01 4.2557125009e-01 4.9026297781e-01
      vertex 7.9103827602e-01 4.2718098209e-01 4.7154964096e-01
    endloop
  endfacet
  facet normal 8.095043e-01 -5.387620e-01 2.333204e-01
    outer loop
      vertex 7.9708203932e-01 4.4000000000e-01 5.3708203932e-01
      vertex 7.9103827602e-01 4.2718098209e-01 5.2845035904e-01
      vertex 8.0082134624e-01 4.3768898123e-01 5.1877213580e-01
    endloop
  endfacet
  facet normal 7.518660e-01 -6.398684e-01 1.589524e-01
    outer loop
      vertex 7.8325365731e-01 4.1575442663e-01 5.1927464428e-01
      vertex 7.9362452449e-01 4.2557125009e-01 5.0973702219e-01
      vertex 7.9103827602e-01 4.2718098209e-01 5.2845035904e-01
    endloop
  endfacet
  facet normal 8.303865e-01 -5.516422e-01 7.841715e-02
    outer loop
      vertex 8.0207809700e-01 4.3691226655e-01 5.0000000000e-01
      vertex 8.0082134624e-01 4.3768898123e-01 5.1877213580e-01
      vertex 7.9362452449e-01 4.2557125009e-01 5.0973702219e-01
    endloop
  endfacet
  facet normal 7.916792e-01 -5.895786e-01 1.601287e-01
    outer loop
      vertex 7.9103827602e-01 4.2718098209e-01 5.2845035904e-01
      vertex 7.9362452449e-01 4.2557125009e-01 5.0973702219e-01
      vertex 8.0082134624e-01 4.3768898123e-01 5.1877213580e-01
    endloop
  endfacet
  facet normal 7.232719e-01 -6.858517e-01 -8.053079e-02
    outer loop
      vertex 7.8325365731e-01 4.1575442663e-01 4.8072535572e-01
      vertex 7.9362452449e-01 4.2557125009e-01 4.9026297781e-01
      vertex 7.8434884366e-01 4.1464619180e-01 5.0000000000e-01
    endloop
  endfacet
  facet normal 8.017675e-01 -5.976360e-01 0.000000e+00
    outer loop
      vertex 8.0207809700e-01 4.3691226655e-01 5.0000000000e-01
      vertex 7.9362452449e-01 4.2557125009e-01 5.0973702219e-01
      vertex 7.9362452449e-01 4.2557125009e-01 4.9026297781e-01
    endloop
  endfacet
  facet normal 7.232719e-01 -6.858517e-01 8.053079e-02
    outer loop
      vertex 7.8325365731e-01 4.1575442663e-01 5.1927464428e-01
      vertex 7.8434884366e-01 4.1464619180e-01 5.0000000000e-01
      vertex 7.9362452449e-01 4.2557125009e-01 5.0973702219e-01
    endloop
  endfacet
  facet normal 7.623048e-01 -6.472182e-01 0.000000e+00
    outer loop
      vertex 7.9362452449e-01 4.2557125009e-01 4.9026297781e-01
      vertex 7.9362452449e-01 4.2557125009e-01 5.0973702219e-01
      vertex 7.8434884366e-01 4.1464619180e-01 5.0000000000e-01
    endloop
  endfacet
  facet normal 8.838505e-01 -5.017104e-02 -4.650712e-01
    outer loop
      vertex 8.0207809700e-01 5.0000000000e-01 4.3691226655e-01
      vertex 8.0980521055e-01 5.0000000000e-01 4.5159735817e-01
      vertex 8.0379152030e-01 4.8425595454e-01 4.4186700295e-01
    endloop
  endfacet
  facet normal 9.395655e-01 -5.000027e-02 -3.386983e-01
    outer loop
      vertex 8.1543260293e-01 5.0000000000e-01 4.6720801653e-01
      vertex 8.1091655207e-01 4.8420135544e-01 4.5701254478e-01
      vertex 8.0980521055e-01 5.0000000000e-01 4.5159735817e-01
    endloop
  endfacet
  facet normal 8.897882e-01 -1.803191e-01 -4.192398e-01
    outer loop
      vertex 8.0352021765e-01 4.6881297044e-01 4.4793337225e-01
      vertex 8.0379152030e-01 4.8425595454e-01 4.4186700295e-01
      vertex 8.1091655207e-01 4.8420135544e-01 4.5701254478e-01
    endloop
  endfacet
  facet normal 9.017047e-01 -8.207030e-02 -4.244916e-01
    outer loop
      vertex 8.0980521055e-01 5.0000000000e-01 4.5159735817e-01
      vertex 8.1091655207e-01 4.8420135544e-01 4.5701254478e-01
      vertex 8.0379152030e-01 4.8425595454e-01 4.4186700295e-01
    endloop
  endfacet
  facet normal 9.963836e-01 -4.950537e-02 -6.905681e-02
    outer loop
      vertex 8.2000000000e-01 5.0000000000e-01 5.0000000000e-01
      vertex 8.1852260087e-01 4.8403146750e-01 4.9013090417e-01
      vertex 8.1885266583e-01 5.0000000000e-01 4.8344573094e-01
    endloop
  endfacet
  facet normal 9.718501e-01 -1.812856e-01 -1.504758e-01
    outer loop
      vertex 8.1412678196e-01 4.6845613327e-01 4.8050481823e-01
      vertex 8.1596711169e-01 4.8406490278e-01 4.7358595670e-01
      vertex 8.1852260087e-01 4.8403146750e-01 4.9013090417e-01
    endloop
  endfacet
  facet normal 9.773256e-01 -4.960764e-02 -2.058489e-01
    outer loop
      vertex 8.1543260293e-01 5.0000000000e-01 4.6720801653e-01
      vertex 8.1885266583e-01 5.0000000000e-01 4.8344573094e-01
      vertex 8.1596711169e-01 4.8406490278e-01 4.7358595670e-01
    endloop
  endfacet
  facet normal 9.847537e-01 -8.410292e-02 -1.522724e-01
    outer loop
      vertex 8.1852260087e-01 4.8403146750e-01 4.9013090417e-01
      vertex 8.1596711169e-01 4.8406490278e-01 4.7358595670e-01
      vertex 8.1885266583e-01 5.0000000000e-01 4.8344573094e-01
    endloop
  endfacet
  facet normal 8.521837e-01 -4.270257e-01 -3.023772e-01
    outer loop
      vertex 7.9708203932e-01 4.4000000000e-01 4.6291796068e-01
      vertex 8.0126937695e-01 4.5396635208e-01 4.5499537190e-01
      vertex 8.0692078290e-01 4.5365751373e-01 4.7135876836e-01
    endloop
  endfacet
  facet normal 8.790876e-01 -3.067980e-01 -3.648012e-01
    outer loop
      vertex 8.0352021765e-01 4.6881297044e-01 4.4793337225e-01
      vertex 8.0994930102e-01 4.6831006992e-01 4.6384893451e-01
      vertex 8.0126937695e-01 4.5396635208e-01 4.5499537190e-01
    endloop
  endfacet
  facet normal 9.233856e-01 -3.081672e-01 -2.288929e-01
    outer loop
      vertex 8.1412678196e-01 4.6845613327e-01 4.8050481823e-01
      vertex 8.0692078290e-01 4.5365751373e-01 4.7135876836e-01
      vertex 8.0994930102e-01 4.6831006992e-01 4.6384893451e-01
    endloop
  endfacet
  facet normal 8.857887e-01 -3.431966e-01 -3.124011e-01
    outer loop
      vertex 8.0126937695e-01 4.5396635208e-01 4.5499537190e-01
      vertex 8.0994930102e-01 4.6831006992e-01 4.6384893451e-01
      vertex 8.0692078290e-01 4.5365751373e-01 4.7135876836e-01
    endloop
  endfacet
  facet normal 9.529505e-01 -8.454536e-02 -2.910970e-01
    outer loop
      vertex 8.1543260293e-01 5.0000000000e-01 4.6720801653e-01
      vertex 8.1596711169e-01 4.8406490278e-01 4.7358595670e-01
      vertex 8.1091655207e-01 4.8420135544e-01 4.5701254478e-01
    endloop
  endfacet
  facet normal 9.474616e-01 -2.162041e-01 -2.357379e-01
    outer loop
      vertex 8.1412678196e-01 4.6845613327e-01 4.8050481823e-01
      vertex 8.0994930102e-01 4.6831006992e-01 4.6384893451e-01
      vertex 8.1596711169e-01 4.8406490278e-01 4.7358595670e-01
    endloop
  endfacet
  facet normal 9.031797e-01 -2.148469e-01 -3.716277e-01
    outer loop
      vertex 8.0352021765e-01 4.6881297044e-01 4.4793337225e-01
      vertex 8.1091655207e-01 4.8420135544e-01 4.5701254478e-01
      vertex 8.0994930102e-01 4.6831006992e-01 4.6384893451e-01
    endloop
  endfacet
  facet normal 9.403266e-01 -1.811510e-01 -2.880454e-01
    outer loop
      vertex 8.1596711169e-01 4.8406490278e-01 4.7358595670e-01
      vertex 8.0994930102e-01 4.6831006992e-01 4.6384893451e-01
      vertex 8.1091655207e-01 4.8420135544e-01 4.5701254478e-01
    endloop
  endfacet
  facet normal 8.838505e-01 -5.017104e-02 4.650712e-01
    outer loop
      vertex 8.0207809700e-01 5.0000000000e-01 5.6308773345e-01
      vertex 8.0379152030e-01 4.8425595454e-01 5.5813299705e-01
      vertex 8.0980521055e-01 5.0000000000e-01 5.4840264183e-01
    endloop
  endfacet
  facet normal 8.897882e-01 -1.803191e-01 4.192398e-01
    outer loop
      vertex 8.0352021765e-01 4.6881297044e-01 5.5206662775e-01
      vertex 8.1091655207e-01 4.8420135544e-01 5.4298745522e-01
      vertex 8.0379152030e-01 4.8425595454e-01 5.5813299705e-01
    endloop
  endfacet
  facet normal 9.395655e-01 -5.000027e-02 3.386983e-01
    outer loop
      vertex 8.1543260293e-01 5.0000000000e-01 5.3279198347e-01
      vertex 8.0980521055e-01 5.0000000000e-01 5.4840264183e-01
      vertex 8.1091655207e-01 4.8420135544e-01 5.4298745522e-01
    endloop
  endfacet
  facet normal 9.017047e-01 -8.207030e-02 4.244916e-01
    outer loop
      vertex 8.0379152030e-01 4.8425595454e-01 5.5813299705e-01
      vertex 8.1091655207e-01 4.8420135544e-01 5.4298745522e-01
      vertex 8.0980521055e-01 5.0000000000e-01 5.4840264183e-01
    endloop
  endfacet
  facet normal 8.521837e-01 -4.270257e-01 3.023772e-01
    outer loop
      vertex 7.9708203932e-01 4.4000000000e-01 5.3708203932e-01
      vertex 8.0692078290e-01 4.5365751373e-01 5.2864123164e-01
      vertex 8.0126937695e-01 4.5396635208e-01 5.4500462810e-01
    endloop
  endfacet
  facet normal 9.233856e-01 -3.081672e-01 2.288929e-01
    outer loop
      vertex 8.1412678196e-01 4.6845613327e-01 5.1949518177e-01
      vertex 8.0994930102e-01 4.6831006992e-01 5.3615106549e-01
      vertex 8.0692078290e-01 4.5365751373e-01 5.2864123164e-01
    endloop
  endfacet
  facet normal 8.790876e-01 -3.067980e-01 3.648012e-01
    outer loop
      vertex 8.0352021765e-01 4.6881297044e-01 5.5206662775e-01
      vertex 8.0126937695e-01 4.5396635208e-01 5.4500462810e-01
      vertex 8.0994930102e-01 4.6831006992e-01 5.3615106549e-01
    endloop
  endfacet
  facet normal 8.857887e-01 -3.431966e-01 3.124011e-01
    outer loop
      vertex 8.0692078290e-01 4.5365751373e-01 5.2864123164e-01
      vertex 8.0994930102e-01 4.6831006992e-01 5.3615106549e-01
      vertex 8.0126937695e-01 4.5396635208e-01 5.4500462810e-01
    endloop
  endfacet
  facet normal 9.963836e-01 -4.950537e-02 6.905681e-02
    outer loop
      vertex 8.2000000000e-01 5.0000000000e-01 5.0000000000e-01
      vertex 8.1885266583e-01 5.0000000000e-01 5.1655426906e-01
      vertex 8.1852260087e-01 4.8403146750e-01 5.0986909583e-01
    endloop
  endfacet
  facet normal 9.773256e-01 -4.960764e-02 2.058489e-01
    outer loop
      vertex 8.1543260293e-01 5.0000000000e-01 5.3279198347e-01
      vertex 8.1596711169e-01 4.8406490278e-01 5.2641404330e-01
      vertex 8.1885266583e-01 5.0000000000e-01 5.1655426906e-01
    endloop
  endfacet
  facet normal 9.718501e-01 -1.812856e-01 1.504758e-01
    outer loop
      vertex 8.1412678196e-01 4.6845613327e-01 5.1949518177e-01
      vertex 8.1852260087e-01 4.8403146750e-01 5.0986909583e-01
      vertex 8.1596711169e-01 4.8406490278e-01 5.2641404330e-01
    endloop
  endfacet
  facet normal 9.847537e-01 -8.410292e-02 1.522724e-01
    outer loop
      vertex 8.1885266583e-01 5.0000000000e-01 5.1655426906e-01
      vertex 8.1596711169e-01 4.8406490278e-01 5.2641404330e-01
      vertex 8.1852260087e-01 4.8403146750e-01 5.0986909583e-01
    endloop
  endfacet
  facet normal 9.031797e-01 -2.148469e-01 3.716277e-01
    outer loop
      vertex 8.0352021765e-01 4.6881297044e-01 5.5206662775e-01
      vertex 8.0994930102e-01 4.6831006992e-01 5.3615106549e-01
      vertex 8.1091655207e-01 4.8420135544e-01 5.4298745522e-01
    endloop
  endfacet
  facet normal 9.474616e-01 -2.162041e-01 2.357379e-01
    outer loop
      vertex 8.1412678196e-01 4.6845613327e-01 5.1949518177e-01
      vertex 8.1596711169e-01 4.8406490278e-01 5.2641404330e-01
      vertex 8.0994930102e-01 4.6831006992e-01 5.3615106549e-01
    endloop
  endfacet
  facet normal 9.529505e-01 -8.454536e-02 2.910970e-01
    outer loop
      vertex 8.1543260293e-01 5.0000000000e-01 5.3279198347e-01
      vertex 8.1091655207e-01 4.8420135544e-01 5.4298745522e-01
      vertex 8.1596711169e-01 4.8406490278e-01 5.2641404330e-01
    endloop
  endfacet
  facet normal 9.403266e-01 -1.811510e-01 2.880454e-01
    outer loop
      vertex 8.0994930102e-01 4.6831006992e-01 5.3615106549e-01
      vertex 8.1596711169e-01 4.8406490278e-01 5.2641404330e-01
      vertex 8.1091655207e-01 4.8420135544e-01 5.4298745522e-01
    endloop
  endfacet
  facet normal 8.516395e-01 -4.694052e-01 -2.331714e-01
    outer loop
      vertex 7.9708203932e-01 4.4000000000e-01 4.6291796068e-01
      vertex 8.0692078290e-01 4.5365751373e-01 4.7135876836e-01
      vertex 8.0082134624e-01 4.3768898123e-01 4.8122786420e-01
    endloop
  endfacet
  facet normal 9.227974e-01 -3.505871e-01 -1.597927e-01
    outer loop
      vertex 8.1412678196e-01 4.6845613327e-01 4.8050481823e-01
      vertex 8.0955789915e-01 4.5204715380e-01 4.9012117040e-01
      vertex 8.0692078290e-01 4.5365751373e-01 4.7135876836e-01
    endloop
  endfacet
  facet normal 8.724736e-01 -4.823363e-01 -7.836719e-02
    outer loop
      vertex 8.0207809700e-01 4.3691226655e-01 5.0000000000e-01
      vertex 8.0082134624e-01 4.3768898123e-01 4.8122786420e-01
      vertex 8.0955789915e-01 4.5204715380e-01 4.9012117040e-01
    endloop
  endfacet
  facet normal 8.843585e-01 -4.378416e-01 -1.618790e-01
    outer loop
      vertex 8.0692078290e-01 4.5365751373e-01 4.7135876836e-01
      vertex 8.0955789915e-01 4.5204715380e-01 4.9012117040e-01
      vertex 8.0082134624e-01 4.3768898123e-01 4.8122786420e-01
    endloop
  endfacet
  facet normal 9.957474e-01 -9.212595e-02 0.000000e+00
    outer loop
      vertex 8.2000000000e-01 5.0000000000e-01 5.0000000000e-01
      vertex 8.1852260087e-01 4.8403146750e-01 5.0986909583e-01
      vertex 8.1852260087e-01 4.8403146750e-01 4.9013090417e-01
    endloop
  endfacet
  facet normal 9.712310e-01 -2.237863e-01 8.142553e-02
    outer loop
      vertex 8.1412678196e-01 4.6845613327e-01 5.1949518177e-01
      vertex 8.1566335162e-01 4.6803143586e-01 5.0000000000e-01
      vertex 8.1852260087e-01 4.8403146750e-01 5.0986909583e-01
    endloop
  endfacet
  facet normal 9.712310e-01 -2.237863e-01 -8.142553e-02
    outer loop
      vertex 8.1412678196e-01 4.6845613327e-01 4.8050481823e-01
      vertex 8.1852260087e-01 4.8403146750e-01 4.9013090417e-01
      vertex 8.1566335162e-01 4.6803143586e-01 5.0000000000e-01
    endloop
  endfacet
  facet normal 9.844052e-01 -1.759159e-01 0.000000e+00
    outer loop
      vertex 8.1852260087e-01 4.8403146750e-01 5.0986909583e-01
      vertex 8.1566335162e-01 4.6803143586e-01 5.0000000000e-01
      vertex 8.1852260087e-01 4.8403146750e-01 4.9013090417e-01
    endloop
  endfacet
  facet normal 8.516395e-01 -4.694052e-01 2.331714e-01
    outer loop
      vertex 7.9708203932e-01 4.4000000000e-01 5.3708203932e-01
      vertex 8.0082134624e-01 4.3768898123e-01 5.1877213580e-01
      vertex 8.0692078290e-01 4.5365751373e-01 5.2864123164e-01
    endloop
  endfacet
  facet normal 8.724736e-01 -4.823363e-01 7.836719e-02
    outer loop
      vertex 8.0207809700e-01 4.3691226655e-01 5.0000000000e-01
      vertex 8.0955789915e-01 4.5204715380e-01 5.0987882960e-01
      vertex 8.0082134624e-01 4.3768898123e-01 5.1877213580e-01
    endloop
  endfacet
  facet normal 9.227974e-01 -3.505871e-01 1.597927e-01
    outer loop
      vertex 8.1412678196e-01 4.6845613327e-01 5.1949518177e-01
      vertex 8.0692078290e-01 4.5365751373e-01 5.2864123164e-01
      vertex 8.0955789915e-01 4.5204715380e-01 5.0987882960e-01
    endloop
  endfacet
  facet normal 8.843585e-01 -4.378416e-01 1.618790e-01
    outer loop
      vertex 8.0082134624e-01 4.3768898123e-01 5.1877213580e-01
      vertex 8.0955789915e-01 4.5204715380e-01 5.0987882960e-01
      vertex 8.0692078290e-01 4.5365751373e-01 5.2864123164e-01
    endloop
  endfacet
  facet normal 9.468068e-01 -3.113353e-01 -8.140770e-02
    outer loop
      vertex 8.1412678196e-01 4.6845613327e-01 4.8050481823e-01
      vertex 8.1566335162e-01 4.6803143586e-01 5.0000000000e-01
      vertex 8.0955789915e-01 4.5204715380e-01 4.9012117040e-01
    endloop
  endfacet
  facet normal 9.468068e-01 -3.113353e-01 8.140770e-02
    outer loop
      vertex 8.1412678196e-01 4.6845613327e-01 5.1949518177e-01
      vertex 8.0955789915e-01 4.5204715380e-01 5.0987882960e-01
      vertex 8.1566335162e-01 4.6803143586e-01 5.0000000000e-01
    endloop
  endfacet
  facet normal 8.964941e-01 -4.430557e-01 0.000000e+00
    outer loop
      vertex 8.0207809700e-01 4.3691226655e-01 5.0000000000e-01
      vertex 8.0955789915e-01 4.5204715380e-01 4.9012117040e-01
      vertex 8.0955789915e-01 4.5204715380e-01 5.0987882960e-01
    endloop
  endfacet
  facet normal 9.341724e-01 -3.568221e-01 0.000000e+00
    outer loop
      vertex 8.1566335162e-01 4.6803143586e-01 5.0000000000e-01
      vertex 8.0955789915e-01 4.5204715380e-01 5.0987882960e-01
      vertex 8.0955789915e-01 4.5204715380e-01 4.9012117040e-01
    endloop
  endfacet
  facet normal 5.017104e-02 -4.650712e-01 8.838505e-01
    outer loop
      vertex 7.0000000000e-01 4.3691226655e-01 6.0207809700e-01
      vertex 7.1574404546e-01 4.4186700295e-01 6.0379152030e-01
      vertex 7.0000000000e-01 4.5159735817e-01 6.0980521055e-01
    endloop
  endfacet
  facet normal 1.803191e-01 -4.192398e-01 8.897882e-01
    outer loop
      vertex 7.3118702956e-01 4.4793337225e-01 6.0352021765e-01
      vertex 7.1579864456e-01 4.5701254478e-01 6.1091655207e-01
      vertex 7.1574404546e-01 4.4186700295e-01 6.0379152030e-01
    endloop
  endfacet
  facet normal 5.000027e-02 -3.386983e-01 9.395655e-01
    outer loop
      vertex 7.0000000000e-01 4.6720801653e-01 6.1543260293e-01
      vertex 7.0000000000e-01 4.5159735817e-01 6.0980521055e-01
      vertex 7.1579864456e-01 4.5701254478e-01 6.1091655207e-01
    endloop
  endfacet
  facet normal 8.207030e-02 -4.244916e-01 9.017047e-01
    outer loop
      vertex 7.1574404546e-01 4.4186700295e-01 6.0379152030e-01
      vertex 7.1579864456e-01 4.5701254478e-01 6.1091655207e-01
      vertex 7.0000000000e-01 4.5159735817e-01 6.0980521055e-01
    endloop
  endfacet
  facet normal 4.270257e-01 -3.023772e-01 8.521837e-01
    outer loop
      vertex 7.6000000000e-01 4.6291796068e-01 5.9708203932e-01
      vertex 7.4634248627e-01 4.7135876836e-01 6.0692078290e-01
      vertex 7.4603364792e-01 4.5499537190e-01 6.0126937695e-01
    endloop
  endfacet
  facet normal 3.081672e-01 -2.288929e-01 9.233856e-01
    outer loop
      vertex 7.3154386673e-01 4.8050481823e-01 6.1412678196e-01
      vertex 7.3168993008e-01 4.6384893451e-01 6.0994930102e-01
      vertex 7.4634248627e-01 4.7135876836e-01 6.0692078290e-01
    endloop
  endfacet
  facet normal 3.067980e-01 -3.648012e-01 8.790876e-01
    outer loop
      vertex 7.3118702956e-01 4.4793337225e-01 6.0352021765e-01
      vertex 7.4603364792e-01 4.5499537190e-01 6.0126937695e-01
      vertex 7.3168993008e-01 4.6384893451e-01 6.0994930102e-01
    endloop
  endfacet
  facet normal 3.431966e-01 -3.124011e-01 8.857887e-01
    outer loop
      vertex 7.4634248627e-01 4.7135876836e-01 6.0692078290e-01
      vertex 7.3168993008e-01 4.6384893451e-01 6.0994930102e-01
      vertex 7.4603364792e-01 4.5499537190e-01 6.0126937695e-01
    endloop
  endfacet
  facet normal 4.950537e-02 -6.905681e-02 9.963836e-01
    outer loop
      vertex 7.0000000000e-01 5.0000000000e-01 6.2000000000e-01
      vertex 7.0000000000e-01 4.8344573094e-01 6.1885266583e-01
      vertex 7.1596853250e-01 4.9013090417e-01 6.1852260087e-01
    endloop
  endfacet
  facet normal 4.960764e-02 -2.058489e-01 9.773256e-01
    outer loop
      vertex 7.0000000000e-01 4.6720801653e-01 6.1543260293e-01
      vertex 7.1593509722e-01 4.7358595670e-01 6.1596711169e-01
      vertex 7.0000000000e-01 4.8344573094e-01 6.1885266583e-01
    endloop
  endfacet
  facet normal 1.812856e-01 -1.504758e-01 9.718501e-01
    outer loop
      vertex 7.3154386673e-01 4.8050481823e-01 6.1412678196e-01
      vertex 7.1596853250e-01 4.9013090417e-01 6.1852260087e-01
      vertex 7.1593509722e-01 4.7358595670e-01 6.1596711169e-01
    endloop
  endfacet
  facet normal 8.410292e-02 -1.522724e-01 9.847537e-01
    outer loop
      vertex 7.0000000000e-01 4.8344573094e-01 6.1885266583e-01
      vertex 7.1593509722e-01 4.7358595670e-01 6.1596711169e-01
      vertex 7.1596853250e-01 4.9013090417e-01 6.1852260087e-01
    endloop
  endfacet
  facet normal 2.148469e-01 -3.716277e-01 9.031797e-01
    outer loop
      vertex 7.3118702956e-01 4.4793337225e-01 6.0352021765e-01
      vertex 7.3168993008e-01 4.6384893451e-01 6.0994930102e-01
      vertex 7.1579864456e-01 4.5701254478e-01 6.1091655207e-01
    endloop
  endfacet
  facet normal 2.162041e-01 -2.357379e-01 9.474616e-01
    outer loop
      vertex 7.3154386673e-01 4.8050481823e-01 6.1412678196e-01
      vertex 7.1593509722e-01 4.7358595670e-01 6.1596711169e-01
      vertex 7.3168993008e-01 4.6384893451e-01 6.0994930102e-01
    endloop
  endfacet
  facet normal 8.454536e-02 -2.910970e-01 9.529505e-01
    outer loop
      vertex 7.0000000000e-01 4.6720801653e-01 6.1543260293e-01
      vertex 7.1579864456e-01 4.5701254478e-01 6.1091655207e-01
      vertex 7.1593509722e-01 4.7358595670e-01 6.1596711169e-01
    endloop
  endfacet
  facet normal 1.811510e-01 -2.880454e-01 9.403266e-01
    outer loop
      vertex 7.3168993008e-01 4.6384893451e-01 6.0994930102e-01
      vertex 7.1593509722e-01 4.7358595670e-01 6.1596711169e-01
      vertex 7.1579864456e-01 4.5701254478e-01 6.1091655207e-01
    endloop
  endfacet
  facet normal 8.026720e-01 0.000000e+00 5.964207e-01
    outer loop
      vertex 8.0207809700e-01 5.0000000000e-01 5.6308773345e-01
      vertex 7.9406116509e-01 5.0973035521e-01 5.7387704250e-01
      vertex 7.9406116509e-01 4.9026964479e-01 5.7387704250e-01
    endloop
  endfacet
  facet normal 7.283445e-01 8.054149e-02 6.804611e-01
    outer loop
      vertex 7.8424557337e-01 5.1927464428e-01 5.8325365731e-01
      vertex 7.8535380820e-01 5.0000000000e-01 5.8434884366e-01
      vertex 7.9406116509e-01 5.0973035521e-01 5.7387704250e-01
    endloop
  endfacet
  facet normal 7.283445e-01 -8.054149e-02 6.804611e-01
    outer loop
      vertex 7.8424557337e-01 4.8072535572e-01 5.8325365731e-01
      vertex 7.9406116509e-01 4.9026964479e-01 5.7387704250e-01
      vertex 7.8535380820e-01 5.0000000000e-01 5.8434884366e-01
    endloop
  endfacet
  facet normal 7.689122e-01 0.000000e+00 6.393544e-01
    outer loop
      vertex 7.9406116509e-01 5.0973035521e-01 5.7387704250e-01
      vertex 7.8535380820e-01 5.0000000000e-01 5.8434884366e-01
      vertex 7.9406116509e-01 4.9026964479e-01 5.7387704250e-01
    endloop
  endfacet
  facet normal 5.387620e-01 2.333204e-01 8.095043e-01
    outer loop
      vertex 7.6000000000e-01 5.3708203932e-01 5.9708203932e-01
      vertex 7.6231101877e-01 5.1877213580e-01 6.0082134624e-01
      vertex 7.7281901791e-01 5.2845035904e-01 5.9103827602e-01
    endloop
  endfacet
  facet normal 5.516422e-01 7.841715e-02 8.303865e-01
    outer loop
      vertex 7.6308773345e-01 5.0000000000e-01 6.0207809700e-01
      vertex 7.7442874991e-01 5.0973702219e-01 5.9362452449e-01
      vertex 7.6231101877e-01 5.1877213580e-01 6.0082134624e-01
    endloop
  endfacet
  facet normal 6.398684e-01 1.589524e-01 7.518660e-01
    outer loop
      vertex 7.8424557337e-01 5.1927464428e-01 5.8325365731e-01
      vertex 7.7281901791e-01 5.2845035904e-01 5.9103827602e-01
      vertex 7.7442874991e-01 5.0973702219e-01 5.9362452449e-01
    endloop
  endfacet
  facet normal 5.895786e-01 1.601287e-01 7.916792e-01
    outer loop
      vertex 7.6231101877e-01 5.1877213580e-01 6.0082134624e-01
      vertex 7.7442874991e-01 5.0973702219e-01 5.9362452449e-01
      vertex 7.7281901791e-01 5.2845035904e-01 5.9103827602e-01
    endloop
  endfacet
  facet normal 5.387620e-01 -2.333204e-01 8.095043e-01
    outer loop
      vertex 7.6000000000e-01 4.6291796068e-01 5.9708203932e-01
      vertex 7.7281901791e-01 4.7154964096e-01 5.9103827602e-01
      vertex 7.6231101877e-01 4.8122786420e-01 6.0082134624e-01
    endloop
  endfacet
  facet normal 6.398684e-01 -1.589524e-01 7.518660e-01
    outer loop
      vertex 7.8424557337e-01 4.8072535572e-01 5.8325365731e-01
      vertex 7.7442874991e-01 4.9026297781e-01 5.9362452449e-01
      vertex 7.7281901791e-01 4.7154964096e-01 5.9103827602e-01
    endloop
  endfacet
  facet normal 5.516422e-01 -7.841715e-02 8.303865e-01
    outer loop
      vertex 7.6308773345e-01 5.0000000000e-01 6.0207809700e-01
      vertex 7.6231101877e-01 4.8122786420e-01 6.0082134624e-01
      vertex 7.7442874991e-01 4.9026297781e-01 5.9362452449e-01
    endloop
  endfacet
  facet normal 5.895786e-01 -1.601287e-01 7.916792e-01
    outer loop
      vertex 7.7281901791e-01 4.7154964096e-01 5.9103827602e-01
      vertex 7.7442874991e-01 4.9026297781e-01 5.9362452449e-01
      vertex 7.6231101877e-01 4.8122786420e-01 6.0082134624e-01
    endloop
  endfacet
  facet normal 6.858517e-01 8.053079e-02 7.232719e-01
    outer loop
      vertex 7.8424557337e-01 5.1927464428e-01 5.8325365731e-01
      vertex 7.7442874991e-01 5.0973702219e-01 5.9362452449e-01
      vertex 7.8535380820e-01 5.0000000000e-01 5.8434884366e-01
    endloop
  endfacet
  facet normal 5.976360e-01 0.000000e+00 8.017675e-01
    outer loop
      vertex 7.6308773345e-01 5.0000000000e-01 6.0207809700e-01
      vertex 7.7442874991e-01 4.9026297781e-01 5.9362452449e-01
      vertex 7.7442874991e-01 5.0973702219e-01 5.9362452449e-01
    endloop
  endfacet
  facet normal 6.858517e-01 -8.053079e-02 7.232719e-01
    outer loop
      vertex 7.8424557337e-01 4.8072535572e-01 5.8325365731e-01
      vertex 7.8535380820e-01 5.0000000000e-01 5.8434884366e-01
      vertex 7.7442874991e-01 4.9026297781e-01 5.9362452449e-01
    endloop
  endfacet
  facet normal 6.472182e-01 0.000000e+00 7.623048e-01
    outer loop
      vertex 7.7442874991e-01 5.0973702219e-01 5.9362452449e-01
      vertex 7.7442874991e-01 4.9026297781e-01 5.9362452449e-01
      vertex 7.8535380820e-01 5.0000000000e-01 5.8434884366e-01
    endloop
  endfacet
  facet normal 5.017104e-02 4.650712e-01 8.838505e-01
    outer loop
      vertex 7.0000000000e-01 5.6308773345e-01 6.0207809700e-01
      vertex 7.0000000000e-01 5.4840264183e-01 6.0980521055e-01
      vertex 7.1574404546e-01 5.5813299705e-01 6.0379152030e-01
    endloop
  endfacet
  facet normal 5.000027e-02 3.386983e-01 9.395655e-01
    outer loop
      vertex 7.0000000000e-01 5.3279198347e-01 6.1543260293e-01
      vertex 7.1579864456e-01 5.4298745522e-01 6.1091655207e-01
      vertex 7.0000000000e-01 5.4840264183e-01 6.0980521055e-01
    endloop
  endfacet
  facet normal 1.803191e-01 4.192398e-01 8.897882e-01
    outer loop
      vertex 7.3118702956e-01 5.5206662775e-01 6.0352021765e-01
      vertex 7.1574404546e-01 5.5813299705e-01 6.0379152030e-01
      vertex 7.1579864456e-01 5.4298745522e-01 6.1091655207e-01
    endloop
  endfacet
  facet normal 8.207030e-02 4.244916e-01 9.017047e-01
    outer loop
      vertex 7.0000000000e-01 5.4840264183e-01 6.0980521055e-01
      vertex 7.1579864456e-01 5.4298745522e-01 6.1091655207e-01
      vertex 7.1574404546e-01 5.5813299705e-01 6.0379152030e-01
    endloop
  endfacet
  facet normal 4.950537e-02 6.905681e-02 9.963836e-01
    outer loop
      vertex 7.0000000000e-01 5.0000000000e-01 6.2000000000e-01
      vertex 7.1596853250e-01 5.0986909583e-01 6.1852260087e-01
      vertex 7.0000000000e-01 5.1655426906e-01 6.1885266583e-01
    endloop
  endfacet
  facet normal 1.812856e-01 1.504758e-01 9.718501e-01
    outer loop
      vertex 7.3154386673e-01 5.1949518177e-01 6.1412678196e-01
      vertex 7.1593509722e-01 5.2641404330e-01 6.1596711169e-01
      vertex 7.1596853250e-01 5.0986909583e-01 6.1852260087e-01
    endloop
  endfacet
  facet normal 4.960764e-02 2.058489e-01 9.773256e-01
    outer loop
      vertex 7.0000000000e-01 5.3279198347e-01 6.1543260293e-01
      vertex 7.0000000000e-01 5.1655426906e-01 6.1885266583e-01
      vertex 7.1593509722e-01 5.2641404330e-01 6.1596711169e-01
    endloop
  endfacet
  facet normal 8.410292e-02 1.522724e-01 9.847537e-01
    outer loop
      vertex 7.1596853250e-01 5.0986909583e-01 6.1852260087e-01
      vertex 7.1593509722e-01 5.2641404330e-01 6.1596711169e-01
      vertex 7.0000000000e-01 5.1655426906e-01 6.1885266583e-01
    endloop
  endfacet
  facet normal 4.270257e-01 3.023772e-01 8.521837e-01
    outer loop
      vertex 7.6000000000e-01 5.3708203932e-01 5.9708203932e-01
      vertex 7.4603364792e-01 5.4500462810e-01 6.0126937695e-01
      vertex 7.4634248627e-01 5.2864123164e-01 6.0692078290e-01
    endloop
  endfacet
  facet normal 3.067980e-01 3.648012e-01 8.790876e-01
    outer loop
      vertex 7.3118702956e-01 5.5206662775e-01 6.0352021765e-01
      vertex 7.3168993008e-01 5.3615106549e-01 6.0994930102e-01
      vertex 7.4603364792e-01 5.4500462810e-01 6.0126937695e-01
    endloop
  endfacet
  facet normal 3.081672e-01 2.288929e-01 9.233856e-01
    outer loop
      vertex 7.3154386673e-01 5.1949518177e-01 6.1412678196e-01
      vertex 7.4634248627e-01 5.2864123164e-01 6.0692078290e-01
      vertex 7.3168993008e-01 5.3615106549e-01 6.0994930102e-01
    endloop
  endfacet
  facet normal 3.431966e-01 3.124011e-01 8.857887e-01
    outer loop
      vertex 7.4603364792e-01 5.4500462810e-01 6.0126937695e-01
      vertex 7.3168993008e-01 5.3615106549e-01 6.0994930102e-01
      vertex 7.4634248627e-01 5.2864123164e-01 6.0692078290e-01
    endloop
  endfacet
  facet normal 8.454536e-02 2.910970e-01 9.529505e-01
    outer loop
      vertex 7.0000000000e-01 5.3279198347e-01 6.1543260293e-01
      vertex 7.1593509722e-01 5.2641404330e-01 6.1596711169e-01
      vertex 7.1579864456e-01 5.4298745522e-01 6.1091655207e-01
    endloop
  endfacet
  facet normal 2.162041e-01 2.357379e-01 9.474616e-01
    outer loop
      vertex 7.3154386673e-01 5.1949518177e-01 6.1412678196e-01
      vertex 7.3168993008e-01 5.3615106549e-01 6.0994930102e-01
      vertex 7.1593509722e-01 5.2641404330e-01 6.1596711169e-01
    endloop
  endfacet
  facet normal 2.148469e-01 3.716277e-01 9.031797e-01
    outer loop
      vertex 7.3118702956e-01 5.5206662775e-01 6.0352021765e-01
      vertex 7.1579864456e-01 5.4298745522e-01 6.1091655207e-01
      vertex 7.3168993008e-01 5.3615106549e-01 6.0994930102e-01
    endloop
  endfacet
  facet normal 1.811510e-01 2.880454e-01 9.403266e-01
    outer loop
      vertex 7.1593509722e-01 5.2641404330e-01 6.1596711169e-01
      vertex 7.3168993008e-01 5.3615106549e-01 6.0994930102e-01
      vertex 7.1579864456e-01 5.4298745522e-01 6.1091655207e-01
    endloop
  endfacet
  facet normal 4.694052e-01 -2.331714e-01 8.516395e-01
    outer loop
      vertex 7.6000000000e-01 4.6291796068e-01 5.9708203932e-01
      vertex 7.6231101877e-01 4.8122786420e-01 6.0082134624e-01
      vertex 7.4634248627e-01 4.7135876836e-01 6.0692078290e-01
    endloop
  endfacet
  facet normal 4.823363e-01 -7.836719e-02 8.724736e-01
    outer loop
      vertex 7.6308773345e-01 5.0000000000e-01 6.0207809700e-01
      vertex 7.4795284620e-01 4.9012117040e-01 6.0955789915e-01
      vertex 7.6231101877e-01 4.8122786420e-01 6.0082134624e-01
    endloop
  endfacet
  facet normal 3.505871e-01 -1.597927e-01 9.227974e-01
    outer loop
      vertex 7.3154386673e-01 4.8050481823e-01 6.1412678196e-01
      vertex 7.4634248627e-01 4.7135876836e-01 6.0692078290e-01
      vertex 7.4795284620e-01 4.9012117040e-01 6.0955789915e-01
    endloop
  endfacet
  facet normal 4.378416e-01 -1.618790e-01 8.843585e-01
    outer loop
      vertex 7.6231101877e-01 4.8122786420e-01 6.0082134624e-01
      vertex 7.4795284620e-01 4.9012117040e-01 6.0955789915e-01
      vertex 7.4634248627e-01 4.7135876836e-01 6.0692078290e-01
    endloop
  endfacet
  facet normal 4.694052e-01 2.331714e-01 8.516395e-01
    outer loop
      vertex 7.6000000000e-01 5.3708203932e-01 5.9708203932e-01
      vertex 7.4634248627e-01 5.2864123164e-01 6.0692078290e-01
      vertex 7.6231101877e-01 5.1877213580e-01 6.0082134624e-01
    endloop
  endfacet
  facet normal 3.505871e-01 1.597927e-01 9.227974e-01
    outer loop
      vertex 7.3154386673e-01 5.1949518177e-01 6.1412678196e-01
      vertex 7.4795284620e-01 5.0987882960e-01 6.0955789915e-01
      vertex 7.4634248627e-01 5.2864123164e-01 6.0692078290e-01
    endloop
  endfacet
  facet normal 4.823363e-01 7.836719e-02 8.724736e-01
    outer loop
      vertex 7.6308773345e-01 5.0000000000e-01 6.0207809700e-01
      vertex 7.6231101877e-01 5.1877213580e-01 6.0082134624e-01
      vertex 7.4795284620e-01 5.0987882960e-01 6.0955789915e-01
    endloop
  endfacet
  facet normal 4.378416e-01 1.618790e-01 8.843585e-01
    outer loop
      vertex 7.4634248627e-01 5.2864123164e-01 6.0692078290e-01
      vertex 7.4795284620e-01 5.0987882960e-01 6.0955789915e-01
      vertex 7.6231101877e-01 5.1877213580e-01 6.0082134624e-01
    endloop
  endfacet
  facet normal 9.212595e-02 0.000000e+00 9.957474e-01
    outer loop
      vertex 7.0000000000e-01 5.0000000000e-01 6.2000000000e-01
      vertex 7.1596853250e-01 4.9013090417e-01 6.1852260087e-01
      vertex 7.1596853250e-01 5.0986909583e-01 6.1852260087e-01
    endloop
  endfacet
  facet normal 2.237863e-01 -8.142553e-02 9.712310e-01
    outer loop
      vertex 7.3154386673e-01 4.8050481823e-01 6.1412678196e-01
      vertex 7.3196856414e-01 5.0000000000e-01 6.1566335162e-01
      vertex 7.1596853250e-01 4.9013090417e-01 6.1852260087e-01
    endloop
  endfacet
  facet normal 2.237863e-01 8.142553e-02 9.712310e-01
    outer loop
      vertex 7.3154386673e-01 5.1949518177e-01 6.1412678196e-01
      vertex 7.1596853250e-01 5.0986909583e-01 6.1852260087e-01
      vertex 7.3196856414e-01 5.0000000000e-01 6.1566335162e-01
    endloop
  endfacet
  facet normal 1.759159e-01 -0.000000e+00 9.844052e-01
    outer loop
      vertex 7.1596853250e-01 4.9013090417e-01 6.1852260087e-01
      vertex 7.3196856414e-01 5.0000000000e-01 6.1566335162e-01
      vertex 7.1596853250e-01 5.0986909583e-01 6.1852260087e-01
    endloop
  endfacet
  facet normal 4.430557e-01 0.000000e+00 8.964941e-01
    outer loop
      vertex 7.6308773345e-01 5.0000000000e-01 6.0207809700e-01
      vertex 7.4795284620e-01 5.0987882960e-01 6.0955789915e-01
      vertex 7.4795284620e-01 4.9012117040e-01 6.0955789915e-01
    endloop
  endfacet
  facet normal 3.113353e-01 8.140770e-02 9.468068e-01
    outer loop
      vertex 7.3154386673e-01 5.1949518177e-01 6.1412678196e-01
      vertex 7.3196856414e-01 5.0000000000e-01 6.1566335162e-01
      vertex 7.4795284620e-01 5.0987882960e-01 6.0955789915e-01
    endloop
  endfacet
  facet normal 3.113353e-01 -8.140770e-02 9.468068e-01
    outer loop
      vertex 7.3154386673e-01 4.8050481823e-01 6.1412678196e-01
      vertex 7.4795284620e-01 4.9012117040e-01 6.0955789915e-01
      vertex 7.3196856414e-01 5.0000000000e-01 6.1566335162e-01
    endloop
  endfacet
  facet normal 3.568221e-01 0.000000e+00 9.341724e-01
    outer loop
      vertex 7.4795284620e-01 5.0987882960e-01 6.0955789915e-01
      vertex 7.3196856414e-01 5.0000000000e-01 6.1566335162e-01
      vertex 7.4795284620e-01 4.9012117040e-01 6.0955789915e-01
    endloop
  endfacet
  facet normal -5.462496e-01 -8.336794e-01 8.117845e-02
    outer loop
      vertex 6.3691226655e-01 3.9792190300e-01 5.0000000000e-01
      vertex 6.4186700295e-01 3.9620847970e-01 5.1574404546e-01
      vertex 6.2612295750e-01 4.0593883491e-01 5.0973035521e-01
    endloop
  endfacet
  facet normal -5.001420e-01 -8.397879e-01 2.112210e-01
    outer loop
      vertex 6.4793337225e-01 3.9647978235e-01 5.3118702956e-01
      vertex 6.3144980090e-01 4.0488209249e-01 5.2556274388e-01
      vertex 6.4186700295e-01 3.9620847970e-01 5.1574404546e-01
    endloop
  endfacet
  facet normal -6.304608e-01 -7.592464e-01 1.614436e-01
    outer loop
      vertex 6.1674634269e-01 4.1575442663e-01 5.1927464428e-01
      vertex 6.2612295750e-01 4.0593883491e-01 5.0973035521e-01
      vertex 6.3144980090e-01 4.0488209249e-01 5.2556274388e-01
    endloop
  endfacet
  facet normal -5.572841e-01 -8.196344e-01 1.327925e-01
    outer loop
      vertex 6.4186700295e-01 3.9620847970e-01 5.1574404546e-01
      vertex 6.3144980090e-01 4.0488209249e-01 5.2556274388e-01
      vertex 6.2612295750e-01 4.0593883491e-01 5.0973035521e-01
    endloop
  endfacet
  facet normal -3.824786e-01 -8.026783e-01 4.576217e-01
    outer loop
      vertex 6.6291796068e-01 4.0291796068e-01 5.6000000000e-01
      vertex 6.4552114003e-01 4.0904774959e-01 5.5621158210e-01
      vertex 6.5499537190e-01 3.9873062305e-01 5.4603364792e-01
    endloop
  endfacet
  facet normal -5.222192e-01 -7.421000e-01 4.202079e-01
    outer loop
      vertex 6.2946576972e-01 4.1741708477e-01 5.5103904850e-01
      vertex 6.3806540559e-01 4.0598579620e-01 5.4153836177e-01
      vertex 6.4552114003e-01 4.0904774959e-01 5.5621158210e-01
    endloop
  endfacet
  facet normal -4.450681e-01 -8.294800e-01 3.374572e-01
    outer loop
      vertex 6.4793337225e-01 3.9647978235e-01 5.3118702956e-01
      vertex 6.5499537190e-01 3.9873062305e-01 5.4603364792e-01
      vertex 6.3806540559e-01 4.0598579620e-01 5.4153836177e-01
    endloop
  endfacet
  facet normal -4.484825e-01 -8.016858e-01 3.951751e-01
    outer loop
      vertex 6.4552114003e-01 4.0904774959e-01 5.5621158210e-01
      vertex 6.3806540559e-01 4.0598579620e-01 5.4153836177e-01
      vertex 6.5499537190e-01 3.9873062305e-01 5.4603364792e-01
    endloop
  endfacet
  facet normal -7.599989e-01 -5.693580e-01 3.134218e-01
    outer loop
      vertex 6.0291796068e-01 4.4000000000e-01 5.3708203932e-01
      vertex 6.0896172398e-01 4.2718098209e-01 5.2845035904e-01
      vertex 6.1514718626e-01 4.2781988540e-01 5.4460976414e-01
    endloop
  endfacet
  facet normal -7.022584e-01 -6.705276e-01 2.392192e-01
    outer loop
      vertex 6.1674634269e-01 4.1575442663e-01 5.1927464428e-01
      vertex 6.2231057273e-01 4.1572281839e-01 5.3552055111e-01
      vertex 6.0896172398e-01 4.2718098209e-01 5.2845035904e-01
    endloop
  endfacet
  facet normal -6.491008e-01 -6.636828e-01 3.717435e-01
    outer loop
      vertex 6.2946576972e-01 4.1741708477e-01 5.5103904850e-01
      vertex 6.1514718626e-01 4.2781988540e-01 5.4460976414e-01
      vertex 6.2231057273e-01 4.1572281839e-01 5.3552055111e-01
    endloop
  endfacet
  facet normal -7.075762e-01 -6.415571e-01 2.962101e-01
    outer loop
      vertex 6.0896172398e-01 4.2718098209e-01 5.2845035904e-01
      vertex 6.2231057273e-01 4.1572281839e-01 5.3552055111e-01
      vertex 6.1514718626e-01 4.2781988540e-01 5.4460976414e-01
    endloop
  endfacet
  facet normal -5.084250e-01 -8.186344e-01 2.670988e-01
    outer loop
      vertex 6.4793337225e-01 3.9647978235e-01 5.3118702956e-01
      vertex 6.3806540559e-01 4.0598579620e-01 5.4153836177e-01
      vertex 6.3144980090e-01 4.0488209249e-01 5.2556274388e-01
    endloop
  endfacet
  facet normal -5.855635e-01 -7.312575e-01 3.498255e-01
    outer loop
      vertex 6.2946576972e-01 4.1741708477e-01 5.5103904850e-01
      vertex 6.2231057273e-01 4.1572281839e-01 5.3552055111e-01
      vertex 6.3806540559e-01 4.0598579620e-01 5.4153836177e-01
    endloop
  endfacet
  facet normal -6.387266e-01 -7.381036e-01 2.173281e-01
    outer loop
      vertex 6.1674634269e-01 4.1575442663e-01 5.1927464428e-01
      vertex 6.3144980090e-01 4.0488209249e-01 5.2556274388e-01
      vertex 6.2231057273e-01 4.1572281839e-01 5.3552055111e-01
    endloop
  endfacet
  facet normal -5.811538e-01 -7.591756e-01 2.931085e-01
    outer loop
      vertex 6.3806540559e-01 4.0598579620e-01 5.4153836177e-01
      vertex 6.2231057273e-01 4.1572281839e-01 5.3552055111e-01
      vertex 6.3144980090e-01 4.0488209249e-01 5.2556274388e-01
    endloop
  endfacet
  facet normal -8.117845e-02 -5.462496e-01 8.336794e-01
    outer loop
      vertex 7.0000000000e-01 4.3691226655e-01 6.0207809700e-01
      vertex 6.8425595454e-01 4.4186700295e-01 6.0379152030e-01
      vertex 6.9026964479e-01 4.2612295750e-01 5.9406116509e-01
    endloop
  endfacet
  facet normal -2.112210e-01 -5.001420e-01 8.397879e-01
    outer loop
      vertex 6.6881297044e-01 4.4793337225e-01 6.0352021765e-01
      vertex 6.7443725612e-01 4.3144980090e-01 5.9511790751e-01
      vertex 6.8425595454e-01 4.4186700295e-01 6.0379152030e-01
    endloop
  endfacet
  facet normal -1.614436e-01 -6.304608e-01 7.592464e-01
    outer loop
      vertex 6.8072535572e-01 4.1674634269e-01 5.8424557337e-01
      vertex 6.9026964479e-01 4.2612295750e-01 5.9406116509e-01
      vertex 6.7443725612e-01 4.3144980090e-01 5.9511790751e-01
    endloop
  endfacet
  facet normal -1.327925e-01 -5.572841e-01 8.196344e-01
    outer loop
      vertex 6.8425595454e-01 4.4186700295e-01 6.0379152030e-01
      vertex 6.7443725612e-01 4.3144980090e-01 5.9511790751e-01
      vertex 6.9026964479e-01 4.2612295750e-01 5.9406116509e-01
    endloop
  endfacet
  facet normal -4.576217e-01 -3.824786e-01 8.026783e-01
    outer loop
      vertex 6.4000000000e-01 4.6291796068e-01 5.9708203932e-01
      vertex 6.4378841790e-01 4.4552114003e-01 5.9095225041e-01
      vertex 6.5396635208e-01 4.5499537190e-01 6.0126937695e-01
    endloop
  endfacet
  facet normal -4.202079e-01 -5.222192e-01 7.421000e-01
    outer loop
      vertex 6.4896095150e-01 4.2946576972e-01 5.8258291523e-01
      vertex 6.5846163823e-01 4.3806540559e-01 5.9401420380e-01
      vertex 6.4378841790e-01 4.4552114003e-01 5.9095225041e-01
    endloop
  endfacet
  facet normal -3.374572e-01 -4.450681e-01 8.294800e-01
    outer loop
      vertex 6.6881297044e-01 4.4793337225e-01 6.0352021765e-01
      vertex 6.5396635208e-01 4.5499537190e-01 6.0126937695e-01
      vertex 6.5846163823e-01 4.3806540559e-01 5.9401420380e-01
    endloop
  endfacet
  facet normal -3.951751e-01 -4.484825e-01 8.016858e-01
    outer loop
      vertex 6.4378841790e-01 4.4552114003e-01 5.9095225041e-01
      vertex 6.5846163823e-01 4.3806540559e-01 5.9401420380e-01
      vertex 6.5396635208e-01 4.5499537190e-01 6.0126937695e-01
    endloop
  endfacet
  facet normal -3.134218e-01 -7.599989e-01 5.693580e-01
    outer loop
      vertex 6.6291796068e-01 4.0291796068e-01 5.6000000000e-01
      vertex 6.7154964096e-01 4.0896172398e-01 5.7281901791e-01
      vertex 6.5539023586e-01 4.1514718626e-01 5.7218011460e-01
    endloop
  endfacet
  facet normal -2.392192e-01 -7.022584e-01 6.705276e-01
    outer loop
      vertex 6.8072535572e-01 4.1674634269e-01 5.8424557337e-01
      vertex 6.6447944889e-01 4.2231057273e-01 5.8427718161e-01
      vertex 6.7154964096e-01 4.0896172398e-01 5.7281901791e-01
    endloop
  endfacet
  facet normal -3.717435e-01 -6.491008e-01 6.636828e-01
    outer loop
      vertex 6.4896095150e-01 4.2946576972e-01 5.8258291523e-01
      vertex 6.5539023586e-01 4.1514718626e-01 5.7218011460e-01
      vertex 6.6447944889e-01 4.2231057273e-01 5.8427718161e-01
    endloop
  endfacet
  facet normal -2.962101e-01 -7.075762e-01 6.415571e-01
    outer loop
      vertex 6.7154964096e-01 4.0896172398e-01 5.7281901791e-01
      vertex 6.6447944889e-01 4.2231057273e-01 5.8427718161e-01
      vertex 6.5539023586e-01 4.1514718626e-01 5.7218011460e-01
    endloop
  endfacet
  facet normal -2.670988e-01 -5.084250e-01 8.186344e-01
    outer loop
      vertex 6.6881297044e-01 4.4793337225e-01 6.0352021765e-01
      vertex 6.5846163823e-01 4.3806540559e-01 5.9401420380e-01
      vertex 6.7443725612e-01 4.3144980090e-01 5.9511790751e-01
    endloop
  endfacet
  facet normal -3.498255e-01 -5.855635e-01 7.312575e-01
    outer loop
      vertex 6.4896095150e-01 4.2946576972e-01 5.8258291523e-01
      vertex 6.6447944889e-01 4.2231057273e-01 5.8427718161e-01
      vertex 6.5846163823e-01 4.3806540559e-01 5.9401420380e-01
    endloop
  endfacet
  facet normal -2.173281e-01 -6.387266e-01 7.381036e-01
    outer loop
      vertex 6.8072535572e-01 4.1674634269e-01 5.8424557337e-01
      vertex 6.7443725612e-01 4.3144980090e-01 5.9511790751e-01
      vertex 6.6447944889e-01 4.2231057273e-01 5.8427718161e-01
    endloop
  endfacet
  facet normal -2.931085e-01 -5.811538e-01 7.591756e-01
    outer loop
      vertex 6.5846163823e-01 4.3806540559e-01 5.9401420380e-01
      vertex 6.6447944889e-01 4.2231057273e-01 5.8427718161e-01
      vertex 6.7443725612e-01 4.3144980090e-01 5.9511790751e-01
    endloop
  endfacet
  facet normal -8.336794e-01 -8.117845e-02 5.462496e-01
    outer loop
      vertex 5.9792190300e-01 5.0000000000e-01 5.6308773345e-01
      vertex 5.9620847970e-01 4.8425595454e-01 5.5813299705e-01
      vertex 6.0593883491e-01 4.9026964479e-01 5.7387704250e-01
    endloop
  endfacet
  facet normal -8.397879e-01 -2.112210e-01 5.001420e-01
    outer loop
      vertex 5.9647978235e-01 4.6881297044e-01 5.5206662775e-01
      vertex 6.0488209249e-01 4.7443725612e-01 5.6855019910e-01
      vertex 5.9620847970e-01 4.8425595454e-01 5.5813299705e-01
    endloop
  endfacet
  facet normal -7.592464e-01 -1.614436e-01 6.304608e-01
    outer loop
      vertex 6.1575442663e-01 4.8072535572e-01 5.8325365731e-01
      vertex 6.0593883491e-01 4.9026964479e-01 5.7387704250e-01
      vertex 6.0488209249e-01 4.7443725612e-01 5.6855019910e-01
    endloop
  endfacet
  facet normal -8.196344e-01 -1.327925e-01 5.572841e-01
    outer loop
      vertex 5.9620847970e-01 4.8425595454e-01 5.5813299705e-01
      vertex 6.0488209249e-01 4.7443725612e-01 5.6855019910e-01
      vertex 6.0593883491e-01 4.9026964479e-01 5.7387704250e-01
    endloop
  endfacet
  facet normal -8.026783e-01 -4.576217e-01 3.824786e-01
    outer loop
      vertex 6.0291796068e-01 4.4000000000e-01 5.3708203932e-01
      vertex 6.0904774959e-01 4.4378841790e-01 5.5447885997e-01
      vertex 5.9873062305e-01 4.5396635208e-01 5.4500462810e-01
    endloop
  endfacet
  facet normal -7.421000e-01 -4.202079e-01 5.222192e-01
    outer loop
      vertex 6.1741708477e-01 4.4896095150e-01 5.7053423028e-01
      vertex 6.0598579620e-01 4.5846163823e-01 5.6193459441e-01
      vertex 6.0904774959e-01 4.4378841790e-01 5.5447885997e-01
    endloop
  endfacet
  facet normal -8.294800e-01 -3.374572e-01 4.450681e-01
    outer loop
      vertex 5.9647978235e-01 4.6881297044e-01 5.5206662775e-01
      vertex 5.9873062305e-01 4.5396635208e-01 5.4500462810e-01
      vertex 6.0598579620e-01 4.5846163823e-01 5.6193459441e-01
    endloop
  endfacet
  facet normal -8.016858e-01 -3.951751e-01 4.484825e-01
    outer loop
      vertex 6.0904774959e-01 4.4378841790e-01 5.5447885997e-01
      vertex 6.0598579620e-01 4.5846163823e-01 5.6193459441e-01
      vertex 5.9873062305e-01 4.5396635208e-01 5.4500462810e-01
    endloop
  endfacet
  facet normal -5.693580e-01 -3.134218e-01 7.599989e-01
    outer loop
      vertex 6.4000000000e-01 4.6291796068e-01 5.9708203932e-01
      vertex 6.2718098209e-01 4.7154964096e-01 5.9103827602e-01
      vertex 6.2781988540e-01 4.5539023586e-01 5.8485281374e-01
    endloop
  endfacet
  facet normal -6.705276e-01 -2.392192e-01 7.022584e-01
    outer loop
      vertex 6.1575442663e-01 4.8072535572e-01 5.8325365731e-01
      vertex 6.1572281839e-01 4.6447944889e-01 5.7768942727e-01
      vertex 6.2718098209e-01 4.7154964096e-01 5.9103827602e-01
    endloop
  endfacet
  facet normal -6.636828e-01 -3.717435e-01 6.491008e-01
    outer loop
      vertex 6.1741708477e-01 4.4896095150e-01 5.7053423028e-01
      vertex 6.2781988540e-01 4.5539023586e-01 5.8485281374e-01
      vertex 6.1572281839e-01 4.6447944889e-01 5.7768942727e-01
    endloop
  endfacet
  facet normal -6.415571e-01 -2.962101e-01 7.075762e-01
    outer loop
      vertex 6.2718098209e-01 4.7154964096e-01 5.9103827602e-01
      vertex 6.1572281839e-01 4.6447944889e-01 5.7768942727e-01
      vertex 6.2781988540e-01 4.5539023586e-01 5.8485281374e-01
    endloop
  endfacet
  facet normal -8.186344e-01 -2.670988e-01 5.084250e-01
    outer loop
      vertex 5.9647978235e-01 4.6881297044e-01 5.5206662775e-01
      vertex 6.0598579620e-01 4.5846163823e-01 5.6193459441e-01
      vertex 6.0488209249e-01 4.7443725612e-01 5.6855019910e-01
    endloop
  endfacet
  facet normal -7.312575e-01 -3.498255e-01 5.855635e-01
    outer loop
      vertex 6.1741708477e-01 4.4896095150e-01 5.7053423028e-01
      vertex 6.1572281839e-01 4.6447944889e-01 5.7768942727e-01
      vertex 6.0598579620e-01 4.5846163823e-01 5.6193459441e-01
    endloop
  endfacet
  facet normal -7.381036e-01 -2.173281e-01 6.387266e-01
    outer loop
      vertex 6.1575442663e-01 4.8072535572e-01 5.8325365731e-01
      vertex 6.0488209249e-01 4.7443725612e-01 5.6855019910e-01
      vertex 6.1572281839e-01 4.6447944889e-01 5.7768942727e-01
    endloop
  endfacet
  facet normal -7.591756e-01 -2.931085e-01 5.811538e-01
    outer loop
      vertex 6.0598579620e-01 4.5846163823e-01 5.6193459441e-01
      vertex 6.1572281839e-01 4.6447944889e-01 5.7768942727e-01
      vertex 6.0488209249e-01 4.7443725612e-01 5.6855019910e-01
    endloop
  endfacet
  facet normal -3.822343e-01 -7.595136e-01 5.263422e-01
    outer loop
      vertex 6.6291796068e-01 4.0291796068e-01 5.6000000000e-01
      vertex 6.5539023586e-01 4.1514718626e-01 5.7218011460e-01
      vertex 6.4552114003e-01 4.0904774959e-01 5.5621158210e-01
    endloop
  endfacet
  facet normal -4.404610e-01 -6.486873e-01 6.206439e-01
    outer loop
      vertex 6.4896095150e-01 4.2946576972e-01 5.8258291523e-01
      vertex 6.3839494705e-01 4.2241066498e-01 5.6771050541e-01
      vertex 6.5539023586e-01 4.1514718626e-01 5.7218011460e-01
    endloop
  endfacet
  facet normal -5.218865e-01 -6.990111e-01 4.888946e-01
    outer loop
      vertex 6.2946576972e-01 4.1741708477e-01 5.5103904850e-01
      vertex 6.4552114003e-01 4.0904774959e-01 5.5621158210e-01
      vertex 6.3839494705e-01 4.2241066498e-01 5.6771050541e-01
    endloop
  endfacet
  facet normal -4.465169e-01 -7.084426e-01 5.465636e-01
    outer loop
      vertex 6.5539023586e-01 4.1514718626e-01 5.7218011460e-01
      vertex 6.3839494705e-01 4.2241066498e-01 5.6771050541e-01
      vertex 6.4552114003e-01 4.0904774959e-01 5.5621158210e-01
    endloop
  endfacet
  facet normal -5.263422e-01 -3.822343e-01 7.595136e-01
    outer loop
      vertex 6.4000000000e-01 4.6291796068e-01 5.9708203932e-01
      vertex 6.2781988540e-01 4.5539023586e-01 5.8485281374e-01
      vertex 6.4378841790e-01 4.4552114003e-01 5.9095225041e-01
    endloop
  endfacet
  facet normal -6.206439e-01 -4.404610e-01 6.486873e-01
    outer loop
      vertex 6.1741708477e-01 4.4896095150e-01 5.7053423028e-01
      vertex 6.3228949459e-01 4.3839494705e-01 5.7758933502e-01
      vertex 6.2781988540e-01 4.5539023586e-01 5.8485281374e-01
    endloop
  endfacet
  facet normal -4.888946e-01 -5.218865e-01 6.990111e-01
    outer loop
      vertex 6.4896095150e-01 4.2946576972e-01 5.8258291523e-01
      vertex 6.4378841790e-01 4.4552114003e-01 5.9095225041e-01
      vertex 6.3228949459e-01 4.3839494705e-01 5.7758933502e-01
    endloop
  endfacet
  facet normal -5.465636e-01 -4.465169e-01 7.084426e-01
    outer loop
      vertex 6.2781988540e-01 4.5539023586e-01 5.8485281374e-01
      vertex 6.3228949459e-01 4.3839494705e-01 5.7758933502e-01
      vertex 6.4378841790e-01 4.4552114003e-01 5.9095225041e-01
    endloop
  endfacet
  facet normal -7.595136e-01 -5.263422e-01 3.822343e-01
    outer loop
      vertex 6.0291796068e-01 4.4000000000e-01 5.3708203932e-01
      vertex 6.1514718626e-01 4.2781988540e-01 5.4460976414e-01
      vertex 6.0904774959e-01 4.4378841790e-01 5.5447885997e-01
    endloop
  endfacet
  facet normal -6.486873e-01 -6.206439e-01 4.404610e-01
    outer loop
      vertex 6.2946576972e-01 4.1741708477e-01 5.5103904850e-01
      vertex 6.2241066498e-01 4.3228949459e-01 5.6160505295e-01
      vertex 6.1514718626e-01 4.2781988540e-01 5.4460976414e-01
    endloop
  endfacet
  facet normal -6.990111e-01 -4.888946e-01 5.218865e-01
    outer loop
      vertex 6.1741708477e-01 4.4896095150e-01 5.7053423028e-01
      vertex 6.0904774959e-01 4.4378841790e-01 5.5447885997e-01
      vertex 6.2241066498e-01 4.3228949459e-01 5.6160505295e-01
    endloop
  endfacet
  facet normal -7.084426e-01 -5.465636e-01 4.465169e-01
    outer loop
      vertex 6.1514718626e-01 4.2781988540e-01 5.4460976414e-01
      vertex 6.2241066498e-01 4.3228949459e-01 5.6160505295e-01
      vertex 6.0904774959e-01 4.4378841790e-01 5.5447885997e-01
    endloop
  endfacet
  facet normal -5.037511e-01 -5.851588e-01 6.354715e-01
    outer loop
      vertex 6.4896095150e-01 4.2946576972e-01 5.8258291523e-01
      vertex 6.3228949459e-01 4.3839494705e-01 5.7758933502e-01
      vertex 6.3839494705e-01 4.2241066498e-01 5.6771050541e-01
    endloop
  endfacet
  facet normal -6.354715e-01 -5.037511e-01 5.851588e-01
    outer loop
      vertex 6.1741708477e-01 4.4896095150e-01 5.7053423028e-01
      vertex 6.2241066498e-01 4.3228949459e-01 5.6160505295e-01
      vertex 6.3228949459e-01 4.3839494705e-01 5.7758933502e-01
    endloop
  endfacet
  facet normal -5.851588e-01 -6.354715e-01 5.037511e-01
    outer loop
      vertex 6.2946576972e-01 4.1741708477e-01 5.5103904850e-01
      vertex 6.3839494705e-01 4.2241066498e-01 5.6771050541e-01
      vertex 6.2241066498e-01 4.3228949459e-01 5.6160505295e-01
    endloop
  endfacet
  facet normal -5.773503e-01 -5.773503e-01 5.773503e-01
    outer loop
      vertex 6.3228949459e-01 4.3839494705e-01 5.7758933502e-01
      vertex 6.2241066498e-01 4.3228949459e-01 5.6160505295e-01
      vertex 6.3839494705e-01 4.2241066498e-01 5.6771050541e-01
    endloop
  endfacet
  facet normal -8.117845e-02 -5.462496e-01 -8.336794e-01
    outer loop
      vertex 7.0000000000e-01 4.3691226655e-01 3.9792190300e-01
      vertex 6.9026964479e-01 4.2612295750e-01 4.0593883491e-01
      vertex 6.8425595454e-01 4.4186700295e-01 3.9620847970e-01
    endloop
  endfacet
  facet normal -1.614436e-01 -6.304608e-01 -7.592464e-01
    outer loop
      vertex 6.8072535572e-01 4.1674634269e-01 4.1575442663e-01
      vertex 6.7443725612e-01 4.3144980090e-01 4.0488209249e-01
      vertex 6.9026964479e-01 4.2612295750e-01 4.0593883491e-01
    endloop
  endfacet
  facet normal -2.112210e-01 -5.001420e-01 -8.397879e-01
    outer loop
      vertex 6.6881297044e-01 4.4793337225e-01 3.9647978235e-01
      vertex 6.8425595454e-01 4.4186700295e-01 3.9620847970e-01
      vertex 6.7443725612e-01 4.3144980090e-01 4.0488209249e-01
    endloop
  endfacet
  facet normal -1.327925e-01 -5.572841e-01 -8.196344e-01
    outer loop
      vertex 6.9026964479e-01 4.2612295750e-01 4.0593883491e-01
      vertex 6.7443725612e-01 4.3144980090e-01 4.0488209249e-01
      vertex 6.8425595454e-01 4.4186700295e-01 3.9620847970e-01
    endloop
  endfacet
  facet normal -3.134218e-01 -7.599989e-01 -5.693580e-01
    outer loop
      vertex 6.6291796068e-01 4.0291796068e-01 4.4000000000e-01
      vertex 6.5539023586e-01 4.1514718626e-01 4.2781988540e-01
      vertex 6.7154964096e-01 4.0896172398e-01 4.2718098209e-01
    endloop
  endfacet
  facet normal -3.717435e-01 -6.491008e-01 -6.636828e-01
    outer loop
      vertex 6.4896095150e-01 4.2946576972e-01 4.1741708477e-01
      vertex 6.6447944889e-01 4.2231057273e-01 4.1572281839e-01
      vertex 6.5539023586e-01 4.1514718626e-01 4.2781988540e-01
    endloop
  endfacet
  facet normal -2.392192e-01 -7.022584e-01 -6.705276e-01
    outer loop
      vertex 6.8072535572e-01 4.1674634269e-01 4.1575442663e-01
      vertex 6.7154964096e-01 4.0896172398e-01 4.2718098209e-01
      vertex 6.6447944889e-01 4.2231057273e-01 4.1572281839e-01
    endloop
  endfacet
  facet normal -2.962101e-01 -7.075762e-01 -6.415571e-01
    outer loop
      vertex 6.5539023586e-01 4.1514718626e-01 4.2781988540e-01
      vertex 6.6447944889e-01 4.2231057273e-01 4.1572281839e-01
      vertex 6.7154964096e-01 4.0896172398e-01 4.2718098209e-01
    endloop
  endfacet
  facet normal -4.576217e-01 -3.824786e-01 -8.026783e-01
    outer loop
      vertex 6.4000000000e-01 4.6291796068e-01 4.0291796068e-01
      vertex 6.5396635208e-01 4.5499537190e-01 3.9873062305e-01
      vertex 6.4378841790e-01 4.4552114003e-01 4.0904774959e-01
    endloop
  endfacet
  facet normal -3.374572e-01 -4.450681e-01 -8.294800e-01
    outer loop
      vertex 6.6881297044e-01 4.4793337225e-01 3.9647978235e-01
      vertex 6.5846163823e-01 4.3806540559e-01 4.0598579620e-01
      vertex 6.5396635208e-01 4.5499537190e-01 3.9873062305e-01
    endloop
  endfacet
  facet normal -4.202079e-01 -5.222192e-01 -7.421000e-01
    outer loop
      vertex 6.4896095150e-01 4.2946576972e-01 4.1741708477e-01
      vertex 6.4378841790e-01 4.4552114003e-01 4.0904774959e-01
      vertex 6.5846163823e-01 4.3806540559e-01 4.0598579620e-01
    endloop
  endfacet
  facet normal -3.951751e-01 -4.484825e-01 -8.016858e-01
    outer loop
      vertex 6.5396635208e-01 4.5499537190e-01 3.9873062305e-01
      vertex 6.5846163823e-01 4.3806540559e-01 4.0598579620e-01
      vertex 6.4378841790e-01 4.4552114003e-01 4.0904774959e-01
    endloop
  endfacet
  facet normal -2.173281e-01 -6.387266e-01 -7.381036e-01
    outer loop
      vertex 6.8072535572e-01 4.1674634269e-01 4.1575442663e-01
      vertex 6.6447944889e-01 4.2231057273e-01 4.1572281839e-01
      vertex 6.7443725612e-01 4.3144980090e-01 4.0488209249e-01
    endloop
  endfacet
  facet normal -3.498255e-01 -5.855635e-01 -7.312575e-01
    outer loop
      vertex 6.4896095150e-01 4.2946576972e-01 4.1741708477e-01
      vertex 6.5846163823e-01 4.3806540559e-01 4.0598579620e-01
      vertex 6.6447944889e-01 4.2231057273e-01 4.1572281839e-01
    endloop
  endfacet
  facet normal -2.670988e-01 -5.084250e-01 -8.186344e-01
    outer loop
      vertex 6.6881297044e-01 4.4793337225e-01 3.9647978235e-01
      vertex 6.7443725612e-01 4.3144980090e-01 4.0488209249e-01
      vertex 6.5846163823e-01 4.3806540559e-01 4.0598579620e-01
    endloop
  endfacet
  facet normal -2.931085e-01 -5.811538e-01 -7.591756e-01
    outer loop
      vertex 6.6447944889e-01 4.2231057273e-01 4.1572281839e-01
      vertex 6.5846163823e-01 4.3806540559e-01 4.0598579620e-01
      vertex 6.7443725612e-01 4.3144980090e-01 4.0488209249e-01
    endloop
  endfacet
  facet normal -5.462496e-01 -8.336794e-01 -8.117845e-02
    outer loop
      vertex 6.3691226655e-01 3.9792190300e-01 5.0000000000e-01
      vertex 6.2612295750e-01 4.0593883491e-01 4.9026964479e-01
      vertex 6.4186700295e-01 3.9620847970e-01 4.8425595454e-01
    endloop
  endfacet
  facet normal -6.304608e-01 -7.592464e-01 -1.614436e-01
    outer loop
      vertex 6.1674634269e-01 4.1575442663e-01 4.8072535572e-01
      vertex 6.3144980090e-01 4.0488209249e-01 4.7443725612e-01
      vertex 6.2612295750e-01 4.0593883491e-01 4.9026964479e-01
    endloop
  endfacet
  facet normal -5.001420e-01 -8.397879e-01 -2.112210e-01
    outer loop
      vertex 6.4793337225e-01 3.9647978235e-01 4.6881297044e-01
      vertex 6.4186700295e-01 3.9620847970e-01 4.8425595454e-01
      vertex 6.3144980090e-01 4.0488209249e-01 4.7443725612e-01
    endloop
  endfacet
  facet normal -5.572841e-01 -8.196344e-01 -1.327925e-01
    outer loop
      vertex 6.2612295750e-01 4.0593883491e-01 4.9026964479e-01
      vertex 6.3144980090e-01 4.0488209249e-01 4.7443725612e-01
      vertex 6.4186700295e-01 3.9620847970e-01 4.8425595454e-01
    endloop
  endfacet
  facet normal -7.599989e-01 -5.693580e-01 -3.134218e-01
    outer loop
      vertex 6.0291796068e-01 4.4000000000e-01 4.6291796068e-01
      vertex 6.1514718626e-01 4.2781988540e-01 4.5539023586e-01
      vertex 6.0896172398e-01 4.2718098209e-01 4.7154964096e-01
    endloop
  endfacet
  facet normal -6.491008e-01 -6.636828e-01 -3.717435e-01
    outer loop
      vertex 6.2946576972e-01 4.1741708477e-01 4.4896095150e-01
      vertex 6.2231057273e-01 4.1572281839e-01 4.6447944889e-01
      vertex 6.1514718626e-01 4.2781988540e-01 4.5539023586e-01
    endloop
  endfacet
  facet normal -7.022584e-01 -6.705276e-01 -2.392192e-01
    outer loop
      vertex 6.1674634269e-01 4.1575442663e-01 4.8072535572e-01
      vertex 6.0896172398e-01 4.2718098209e-01 4.7154964096e-01
      vertex 6.2231057273e-01 4.1572281839e-01 4.6447944889e-01
    endloop
  endfacet
  facet normal -7.075762e-01 -6.415571e-01 -2.962101e-01
    outer loop
      vertex 6.1514718626e-01 4.2781988540e-01 4.5539023586e-01
      vertex 6.2231057273e-01 4.1572281839e-01 4.6447944889e-01
      vertex 6.0896172398e-01 4.2718098209e-01 4.7154964096e-01
    endloop
  endfacet
  facet normal -3.824786e-01 -8.026783e-01 -4.576217e-01
    outer loop
      vertex 6.6291796068e-01 4.0291796068e-01 4.4000000000e-01
      vertex 6.5499537190e-01 3.9873062305e-01 4.5396635208e-01
      vertex 6.4552114003e-01 4.0904774959e-01 4.4378841790e-01
    endloop
  endfacet
  facet normal -4.450681e-01 -8.294800e-01 -3.374572e-01
    outer loop
      vertex 6.4793337225e-01 3.9647978235e-01 4.6881297044e-01
      vertex 6.3806540559e-01 4.0598579620e-01 4.5846163823e-01
      vertex 6.5499537190e-01 3.9873062305e-01 4.5396635208e-01
    endloop
  endfacet
  facet normal -5.222192e-01 -7.421000e-01 -4.202079e-01
    outer loop
      vertex 6.2946576972e-01 4.1741708477e-01 4.4896095150e-01
      vertex 6.4552114003e-01 4.0904774959e-01 4.4378841790e-01
      vertex 6.3806540559e-01 4.0598579620e-01 4.5846163823e-01
    endloop
  endfacet
  facet normal -4.484825e-01 -8.016858e-01 -3.951751e-01
    outer loop
      vertex 6.5499537190e-01 3.9873062305e-01 4.5396635208e-01
      vertex 6.3806540559e-01 4.0598579620e-01 4.5846163823e-01
      vertex 6.4552114003e-01 4.0904774959e-01 4.4378841790e-01
    endloop
  endfacet
  facet normal -6.387266e-01 -7.381036e-01 -2.173281e-01
    outer loop
      vertex 6.1674634269e-01 4.1575442663e-01 4.8072535572e-01
      vertex 6.2231057273e-01 4.1572281839e-01 4.6447944889e-01
      vertex 6.3144980090e-01 4.0488209249e-01 4.7443725612e-01
    endloop
  endfacet
  facet normal -5.855635e-01 -7.312575e-01 -3.498255e-01
    outer loop
      vertex 6.2946576972e-01 4.1741708477e-01 4.4896095150e-01
      vertex 6.3806540559e-01 4.0598579620e-01 4.5846163823e-01
      vertex 6.2231057273e-01 4.1572281839e-01 4.6447944889e-01
    endloop
  endfacet
  facet normal -5.084250e-01 -8.186344e-01 -2.670988e-01
    outer loop
      vertex 6.4793337225e-01 3.9647978235e-01 4.6881297044e-01
      vertex 6.3144980090e-01 4.0488209249e-01 4.7443725612e-01
      vertex 6.3806540559e-01 4.0598579620e-01 4.5846163823e-01
    endloop
  endfacet
  facet normal -5.811538e-01 -7.591756e-01 -2.931085e-01
    outer loop
      vertex 6.2231057273e-01 4.1572281839e-01 4.6447944889e-01
      vertex 6.3806540559e-01 4.0598579620e-01 4.5846163823e-01
      vertex 6.3144980090e-01 4.0488209249e-01 4.7443725612e-01
    endloop
  endfacet
  facet normal -8.336794e-01 -8.117845e-02 -5.462496e-01
    outer loop
      vertex 5.9792190300e-01 5.0000000000e-01 4.3691226655e-01
      vertex 6.0593883491e-01 4.9026964479e-01 4.2612295750e-01
      vertex 5.9620847970e-01 4.8425595454e-01 4.4186700295e-01
    endloop
  endfacet
  facet normal -7.592464e-01 -1.614436e-01 -6.304608e-01
    outer loop
      vertex 6.1575442663e-01 4.8072535572e-01 4.1674634269e-01
      vertex 6.0488209249e-01 4.7443725612e-01 4.3144980090e-01
      vertex 6.0593883491e-01 4.9026964479e-01 4.2612295750e-01
    endloop
  endfacet
  facet normal -8.397879e-01 -2.112210e-01 -5.001420e-01
    outer loop
      vertex 5.9647978235e-01 4.6881297044e-01 4.4793337225e-01
      vertex 5.9620847970e-01 4.8425595454e-01 4.4186700295e-01
      vertex 6.0488209249e-01 4.7443725612e-01 4.3144980090e-01
    endloop
  endfacet
  facet normal -8.196344e-01 -1.327925e-01 -5.572841e-01
    outer loop
      vertex 6.0593883491e-01 4.9026964479e-01 4.2612295750e-01
      vertex 6.0488209249e-01 4.7443725612e-01 4.3144980090e-01
      vertex 5.9620847970e-01 4.8425595454e-01 4.4186700295e-01
    endloop
  endfacet
  facet normal -5.693580e-01 -3.134218e-01 -7.599989e-01
    outer loop
      vertex 6.4000000000e-01 4.6291796068e-01 4.0291796068e-01
      vertex 6.2781988540e-01 4.5539023586e-01 4.1514718626e-01
      vertex 6.2718098209e-01 4.7154964096e-01 4.0896172398e-01
    endloop
  endfacet
  facet normal -6.636828e-01 -3.717435e-01 -6.491008e-01
    outer loop
      vertex 6.1741708477e-01 4.4896095150e-01 4.2946576972e-01
      vertex 6.1572281839e-01 4.6447944889e-01 4.2231057273e-01
      vertex 6.2781988540e-01 4.5539023586e-01 4.1514718626e-01
    endloop
  endfacet
  facet normal -6.705276e-01 -2.392192e-01 -7.022584e-01
    outer loop
      vertex 6.1575442663e-01 4.8072535572e-01 4.1674634269e-01
      vertex 6.2718098209e-01 4.7154964096e-01 4.0896172398e-01
      vertex 6.1572281839e-01 4.6447944889e-01 4.2231057273e-01
    endloop
  endfacet
  facet normal -6.415571e-01 -2.962101e-01 -7.075762e-01
    outer loop
      vertex 6.2781988540e-01 4.5539023586e-01 4.1514718626e-01
      vertex 6.1572281839e-01 4.6447944889e-01 4.2231057273e-01
      vertex 6.2718098209e-01 4.7154964096e-01 4.0896172398e-01
    endloop
  endfacet
  facet normal -8.026783e-01 -4.576217e-01 -3.824786e-01
    outer loop
      vertex 6.0291796068e-01 4.4000000000e-01 4.6291796068e-01
      vertex 5.9873062305e-01 4.5396635208e-01 4.5499537190e-01
      vertex 6.0904774959e-01 4.4378841790e-01 4.4552114003e-01
    endloop
  endfacet
  facet normal -8.294800e-01 -3.374572e-01 -4.450681e-01
    outer loop
      vertex 5.9647978235e-01 4.6881297044e-01 4.4793337225e-01
      vertex 6.0598579620e-01 4.5846163823e-01 4.3806540559e-01
      vertex 5.9873062305e-01 4.5396635208e-01 4.5499537190e-01
    endloop
  endfacet
  facet normal -7.421000e-01 -4.202079e-01 -5.222192e-01
    outer loop
      vertex 6.1741708477e-01 4.4896095150e-01 4.2946576972e-01
      vertex 6.0904774959e-01 4.4378841790e-01 4.4552114003e-01
      vertex 6.0598579620e-01 4.5846163823e-01 4.3806540559e-01
    endloop
  endfacet
  facet normal -8.016858e-01 -3.951751e-01 -4.484825e-01
    outer loop
      vertex 5.9873062305e-01 4.5396635208e-01 4.5499537190e-01
      vertex 6.0598579620e-01 4.5846163823e-01 4.3806540559e-01
      vertex 6.0904774959e-01 4.4378841790e-01 4.4552114003e-01
    endloop
  endfacet
  facet normal -7.381036e-01 -2.173281e-01 -6.387266e-01
    outer loop
      vertex 6.1575442663e-01 4.8072535572e-01 4.1674634269e-01
      vertex 6.1572281839e-01 4.6447944889e-01 4.2231057273e-01
      vertex 6.0488209249e-01 4.7443725612e-01 4.3144980090e-01
    endloop
  endfacet
  facet normal -7.312575e-01 -3.498255e-01 -5.855635e-01
    outer loop
      vertex 6.1741708477e-01 4.4896095150e-01 4.2946576972e-01
      vertex 6.0598579620e-01 4.5846163823e-01 4.3806540559e-01
      vertex 6.1572281839e-01 4.6447944889e-01 4.2231057273e-01
    endloop
  endfacet
  facet normal -8.186344e-01 -2.670988e-01 -5.084250e-01
    outer loop
      vertex 5.9647978235e-01 4.6881297044e-01 4.4793337225e-01
      vertex 6.0488209249e-01 4.7443725612e-01 4.3144980090e-01
      vertex 6.0598579620e-01 4.5846163823e-01 4.3806540559e-01
    endloop
  endfacet
  facet normal -7.591756e-01 -2.931085e-01 -5.811538e-01
    outer loop
      vertex 6.1572281839e-01 4.6447944889e-01 4.2231057273e-01
      vertex 6.0598579620e-01 4.5846163823e-01 4.3806540559e-01
      vertex 6.0488209249e-01 4.7443725612e-01 4.3144980090e-01
    endloop
  endfacet
  facet normal -3.822343e-01 -7.595136e-01 -5.263422e-01
    outer loop
      vertex 6.6291796068e-01 4.0291796068e-01 4.4000000000e-01
      vertex 6.4552114003e-01 4.0904774959e-01 4.4378841790e-01
      vertex 6.5539023586e-01 4.1514718626e-01 4.2781988540e-01
    endloop
  endfacet
  facet normal -5.218865e-01 -6.990111e-01 -4.888946e-01
    outer loop
      vertex 6.2946576972e-01 4.1741708477e-01 4.4896095150e-01
      vertex 6.3839494705e-01 4.2241066498e-01 4.3228949459e-01
      vertex 6.4552114003e-01 4.0904774959e-01 4.4378841790e-01
    endloop
  endfacet
  facet normal -4.404610e-01 -6.486873e-01 -6.206439e-01
    outer loop
      vertex 6.4896095150e-01 4.2946576972e-01 4.1741708477e-01
      vertex 6.5539023586e-01 4.1514718626e-01 4.2781988540e-01
      vertex 6.3839494705e-01 4.2241066498e-01 4.3228949459e-01
    endloop
  endfacet
  facet normal -4.465169e-01 -7.084426e-01 -5.465636e-01
    outer loop
      vertex 6.4552114003e-01 4.0904774959e-01 4.4378841790e-01
      vertex 6.3839494705e-01 4.2241066498e-01 4.3228949459e-01
      vertex 6.5539023586e-01 4.1514718626e-01 4.2781988540e-01
    endloop
  endfacet
  facet normal -7.595136e-01 -5.263422e-01 -3.822343e-01
    outer loop
      vertex 6.0291796068e-01 4.4000000000e-01 4.6291796068e-01
      vertex 6.0904774959e-01 4.4378841790e-01 4.4552114003e-01
      vertex 6.1514718626e-01 4.2781988540e-01 4.5539023586e-01
    endloop
  endfacet
  facet normal -6.990111e-01 -4.888946e-01 -5.218865e-01
    outer loop
      vertex 6.1741708477e-01 4.4896095150e-01 4.2946576972e-01
      vertex 6.2241066498e-01 4.3228949459e-01 4.3839494705e-01
      vertex 6.0904774959e-01 4.4378841790e-01 4.4552114003e-01
    endloop
  endfacet
  facet normal -6.486873e-01 -6.206439e-01 -4.404610e-01
    outer loop
      vertex 6.2946576972e-01 4.1741708477e-01 4.4896095150e-01
      vertex 6.1514718626e-01 4.2781988540e-01 4.5539023586e-01
      vertex 6.2241066498e-01 4.3228949459e-01 4.3839494705e-01
    endloop
  endfacet
  facet normal -7.084426e-01 -5.465636e-01 -4.465169e-01
    outer loop
      vertex 6.0904774959e-01 4.4378841790e-01 4.4552114003e-01
      vertex 6.2241066498e-01 4.3228949459e-01 4.3839494705e-01
      vertex 6.1514718626e-01 4.2781988540e-01 4.5539023586e-01
    endloop
  endfacet
  facet normal -5.263422e-01 -3.822343e-01 -7.595136e-01
    outer loop
      vertex 6.4000000000e-01 4.6291796068e-01 4.0291796068e-01
      vertex 6.4378841790e-01 4.4552114003e-01 4.0904774959e-01
      vertex 6.2781988540e-01 4.5539023586e-01 4.1514718626e-01
    endloop
  endfacet
  facet normal -4.888946e-01 -5.218865e-01 -6.990111e-01
    outer loop
      vertex 6.4896095150e-01 4.2946576972e-01 4.1741708477e-01
      vertex 6.3228949459e-01 4.3839494705e-01 4.2241066498e-01
      vertex 6.4378841790e-01 4.4552114003e-01 4.0904774959e-01
    endloop
  endfacet
  facet normal -6.206439e-01 -4.404610e-01 -6.486873e-01
    outer loop
      vertex 6.1741708477e-01 4.4896095150e-01 4.2946576972e-01
      vertex 6.2781988540e-01 4.5539023586e-01 4.1514718626e-01
      vertex 6.3228949459e-01 4.3839494705e-01 4.2241066498e-01
    endloop
  endfacet
  facet normal -5.465636e-01 -4.465169e-01 -7.084426e-01
    outer loop
      vertex 6.4378841790e-01 4.4552114003e-01 4.0904774959e-01
      vertex 6.3228949459e-01 4.3839494705e-01 4.2241066498e-01
      vertex 6.2781988540e-01 4.5539023586e-01 4.1514718626e-01
    endloop
  endfacet
  facet normal -5.851588e-01 -6.354715e-01 -5.037511e-01
    outer loop
      vertex 6.2946576972e-01 4.1741708477e-01 4.4896095150e-01
      vertex 6.2241066498e-01 4.3228949459e-01 4.3839494705e-01
      vertex 6.3839494705e-01 4.2241066498e-01 4.3228949459e-01
    endloop
  endfacet
  facet normal -6.354715e-01 -5.037511e-01 -5.851588e-01
    outer loop
      vertex 6.1741708477e-01 4.4896095150e-01 4.2946576972e-01
      vertex 6.3228949459e-01 4.3839494705e-01 4.2241066498e-01
      vertex 6.2241066498e-01 4.3228949459e-01 4.3839494705e-01
    endloop
  endfacet
  facet normal -5.037511e-01 -5.851588e-01 -6.354715e-01
    outer loop
      vertex 6.4896095150e-01 4.2946576972e-01 4.1741708477e-01
      vertex 6.3839494705e-01 4.2241066498e-01 4.3228949459e-01
      vertex 6.3228949459e-01 4.3839494705e-01 4.2241066498e-01
    endloop
  endfacet
  facet normal -5.773503e-01 -5.773503e-01 -5.773503e-01
    outer loop
      vertex 6.2241066498e-01 4.3228949459e-01 4.3839494705e-01
      vertex 6.3228949459e-01 4.3839494705e-01 4.2241066498e-01
      vertex 6.3839494705e-01 4.2241066498e-01 4.3228949459e-01
    endloop
  endfacet
  facet normal 8.026720e-01 0.000000e+00 -5.964207e-01
    outer loop
      vertex 8.0207809700e-01 5.0000000000e-01 4.3691226655e-01
      vertex 7.9406116509e-01 4.9026964479e-01 4.2612295750e-01
      vertex 7.9406116509e-01 5.0973035521e-01 4.2612295750e-01
    endloop
  endfacet
  facet normal 7.283445e-01 -8.054149e-02 -6.804611e-01
    outer loop
      vertex 7.8424557337e-01 4.8072535572e-01 4.1674634269e-01
      vertex 7.8535380820e-01 5.0000000000e-01 4.1565115634e-01
      vertex 7.9406116509e-01 4.9026964479e-01 4.2612295750e-01
    endloop
  endfacet
  facet normal 7.283445e-01 8.054149e-02 -6.804611e-01
    outer loop
      vertex 7.8424557337e-01 5.1927464428e-01 4.1674634269e-01
      vertex 7.9406116509e-01 5.0973035521e-01 4.2612295750e-01
      vertex 7.8535380820e-01 5.0000000000e-01 4.1565115634e-01
    endloop
  endfacet
  facet normal 7.689122e-01 0.000000e+00 -6.393544e-01
    outer loop
      vertex 7.9406116509e-01 4.9026964479e-01 4.2612295750e-01
      vertex 7.8535380820e-01 5.0000000000e-01 4.1565115634e-01
      vertex 7.9406116509e-01 5.0973035521e-01 4.2612295750e-01
    endloop
  endfacet
  facet normal 5.387620e-01 -2.333204e-01 -8.095043e-01
    outer loop
      vertex 7.6000000000e-01 4.6291796068e-01 4.0291796068e-01
      vertex 7.6231101877e-01 4.8122786420e-01 3.9917865376e-01
      vertex 7.7281901791e-01 4.7154964096e-01 4.0896172398e-01
    endloop
  endfacet
  facet normal 5.516422e-01 -7.841715e-02 -8.303865e-01
    outer loop
      vertex 7.6308773345e-01 5.0000000000e-01 3.9792190300e-01
      vertex 7.7442874991e-01 4.9026297781e-01 4.0637547551e-01
      vertex 7.6231101877e-01 4.8122786420e-01 3.9917865376e-01
    endloop
  endfacet
  facet normal 6.398684e-01 -1.589524e-01 -7.518660e-01
    outer loop
      vertex 7.8424557337e-01 4.8072535572e-01 4.1674634269e-01
      vertex 7.7281901791e-01 4.7154964096e-01 4.0896172398e-01
      vertex 7.7442874991e-01 4.9026297781e-01 4.0637547551e-01
    endloop
  endfacet
  facet normal 5.895786e-01 -1.601287e-01 -7.916792e-01
    outer loop
      vertex 7.6231101877e-01 4.8122786420e-01 3.9917865376e-01
      vertex 7.7442874991e-01 4.9026297781e-01 4.0637547551e-01
      vertex 7.7281901791e-01 4.7154964096e-01 4.0896172398e-01
    endloop
  endfacet
  facet normal 5.387620e-01 2.333204e-01 -8.095043e-01
    outer loop
      vertex 7.6000000000e-01 5.3708203932e-01 4.0291796068e-01
      vertex 7.7281901791e-01 5.2845035904e-01 4.0896172398e-01
      vertex 7.6231101877e-01 5.1877213580e-01 3.9917865376e-01
    endloop
  endfacet
  facet normal 6.398684e-01 1.589524e-01 -7.518660e-01
    outer loop
      vertex 7.8424557337e-01 5.1927464428e-01 4.1674634269e-01
      vertex 7.7442874991e-01 5.0973702219e-01 4.0637547551e-01
      vertex 7.7281901791e-01 5.2845035904e-01 4.0896172398e-01
    endloop
  endfacet
  facet normal 5.516422e-01 7.841715e-02 -8.303865e-01
    outer loop
      vertex 7.6308773345e-01 5.0000000000e-01 3.9792190300e-01
      vertex 7.6231101877e-01 5.1877213580e-01 3.9917865376e-01
      vertex 7.7442874991e-01 5.0973702219e-01 4.0637547551e-01
    endloop
  endfacet
  facet normal 5.895786e-01 1.601287e-01 -7.916792e-01
    outer loop
      vertex 7.7281901791e-01 5.2845035904e-01 4.0896172398e-01
      vertex 7.7442874991e-01 5.0973702219e-01 4.0637547551e-01
      vertex 7.6231101877e-01 5.1877213580e-01 3.9917865376e-01
    endloop
  endfacet
  facet normal 6.858517e-01 -8.053079e-02 -7.232719e-01
    outer loop
      vertex 7.8424557337e-01 4.8072535572e-01 4.1674634269e-01
      vertex 7.7442874991e-01 4.9026297781e-01 4.0637547551e-01
      vertex 7.8535380820e-01 5.0000000000e-01 4.1565115634e-01
    endloop
  endfacet
  facet normal 5.976360e-01 0.000000e+00 -8.017675e-01
    outer loop
      vertex 7.6308773345e-01 5.0000000000e-01 3.9792190300e-01
      vertex 7.7442874991e-01 5.0973702219e-01 4.0637547551e-01
      vertex 7.7442874991e-01 4.9026297781e-01 4.0637547551e-01
    endloop
  endfacet
  facet normal 6.858517e-01 8.053079e-02 -7.232719e-01
    outer loop
      vertex 7.8424557337e-01 5.1927464428e-01 4.1674634269e-01
      vertex 7.8535380820e-01 5.0000000000e-01 4.1565115634e-01
      vertex 7.7442874991e-01 5.0973702219e-01 4.0637547551e-01
    endloop
  endfacet
  facet normal 6.472182e-01 0.000000e+00 -7.623048e-01
    outer loop
      vertex 7.7442874991e-01 4.9026297781e-01 4.0637547551e-01
      vertex 7.7442874991e-01 5.0973702219e-01 4.0637547551e-01
      vertex 7.8535380820e-01 5.0000000000e-01 4.1565115634e-01
    endloop
  endfacet
  facet normal 5.017104e-02 -4.650712e-01 -8.838505e-01
    outer loop
      vertex 7.0000000000e-01 4.3691226655e-01 3.9792190300e-01
      vertex 7.0000000000e-01 4.5159735817e-01 3.9019478945e-01
      vertex 7.1574404546e-01 4.4186700295e-01 3.9620847970e-01
    endloop
  endfacet
  facet normal 5.000027e-02 -3.386983e-01 -9.395655e-01
    outer loop
      vertex 7.0000000000e-01 4.6720801653e-01 3.8456739707e-01
      vertex 7.1579864456e-01 4.5701254478e-01 3.8908344793e-01
      vertex 7.0000000000e-01 4.5159735817e-01 3.9019478945e-01
    endloop
  endfacet
  facet normal 1.803191e-01 -4.192398e-01 -8.897882e-01
    outer loop
      vertex 7.3118702956e-01 4.4793337225e-01 3.9647978235e-01
      vertex 7.1574404546e-01 4.4186700295e-01 3.9620847970e-01
      vertex 7.1579864456e-01 4.5701254478e-01 3.8908344793e-01
    endloop
  endfacet
  facet normal 8.207030e-02 -4.244916e-01 -9.017047e-01
    outer loop
      vertex 7.0000000000e-01 4.5159735817e-01 3.9019478945e-01
      vertex 7.1579864456e-01 4.5701254478e-01 3.8908344793e-01
      vertex 7.1574404546e-01 4.4186700295e-01 3.9620847970e-01
    endloop
  endfacet
  facet normal 4.950537e-02 -6.905681e-02 -9.963836e-01
    outer loop
      vertex 7.0000000000e-01 5.0000000000e-01 3.8000000000e-01
      vertex 7.1596853250e-01 4.9013090417e-01 3.8147739913e-01
      vertex 7.0000000000e-01 4.8344573094e-01 3.8114733417e-01
    endloop
  endfacet
  facet normal 1.812856e-01 -1.504758e-01 -9.718501e-01
    outer loop
      vertex 7.3154386673e-01 4.8050481823e-01 3.8587321804e-01
      vertex 7.1593509722e-01 4.7358595670e-01 3.8403288831e-01
      vertex 7.1596853250e-01 4.9013090417e-01 3.8147739913e-01
    endloop
  endfacet
  facet normal 4.960764e-02 -2.058489e-01 -9.773256e-01
    outer loop
      vertex 7.0000000000e-01 4.6720801653e-01 3.8456739707e-01
      vertex 7.0000000000e-01 4.8344573094e-01 3.8114733417e-01
      vertex 7.1593509722e-01 4.7358595670e-01 3.8403288831e-01
    endloop
  endfacet
  facet normal 8.410292e-02 -1.522724e-01 -9.847537e-01
    outer loop
      vertex 7.1596853250e-01 4.9013090417e-01 3.8147739913e-01
      vertex 7.1593509722e-01 4.7358595670e-01 3.8403288831e-01
      vertex 7.0000000000e-01 4.8344573094e-01 3.8114733417e-01
    endloop
  endfacet
  facet normal 4.270257e-01 -3.023772e-01 -8.521837e-01
    outer loop
      vertex 7.6000000000e-01 4.6291796068e-01 4.0291796068e-01
      vertex 7.4603364792e-01 4.5499537190e-01 3.9873062305e-01
      vertex 7.4634248627e-01 4.7135876836e-01 3.9307921710e-01
    endloop
  endfacet
  facet normal 3.067980e-01 -3.648012e-01 -8.790876e-01
    outer loop
      vertex 7.3118702956e-01 4.4793337225e-01 3.9647978235e-01
      vertex 7.3168993008e-01 4.6384893451e-01 3.9005069898e-01
      vertex 7.4603364792e-01 4.5499537190e-01 3.9873062305e-01
    endloop
  endfacet
  facet normal 3.081672e-01 -2.288929e-01 -9.233856e-01
    outer loop
      vertex 7.3154386673e-01 4.8050481823e-01 3.8587321804e-01
      vertex 7.4634248627e-01 4.7135876836e-01 3.9307921710e-01
      vertex 7.3168993008e-01 4.6384893451e-01 3.9005069898e-01
    endloop
  endfacet
  facet normal 3.431966e-01 -3.124011e-01 -8.857887e-01
    outer loop
      vertex 7.4603364792e-01 4.5499537190e-01 3.9873062305e-01
      vertex 7.3168993008e-01 4.6384893451e-01 3.9005069898e-01
      vertex 7.4634248627e-01 4.7135876836e-01 3.9307921710e-01
    endloop
  endfacet
  facet normal 8.454536e-02 -2.910970e-01 -9.529505e-01
    outer loop
      vertex 7.0000000000e-01 4.6720801653e-01 3.8456739707e-01
      vertex 7.1593509722e-01 4.7358595670e-01 3.8403288831e-01
      vertex 7.1579864456e-01 4.5701254478e-01 3.8908344793e-01
    endloop
  endfacet
  facet normal 2.162041e-01 -2.357379e-01 -9.474616e-01
    outer loop
      vertex 7.3154386673e-01 4.8050481823e-01 3.8587321804e-01
      vertex 7.3168993008e-01 4.6384893451e-01 3.9005069898e-01
      vertex 7.1593509722e-01 4.7358595670e-01 3.8403288831e-01
    endloop
  endfacet
  facet normal 2.148469e-01 -3.716277e-01 -9.031797e-01
    outer loop
      vertex 7.3118702956e-01 4.4793337225e-01 3.9647978235e-01
      vertex 7.1579864456e-01 4.5701254478e-01 3.8908344793e-01
      vertex 7.3168993008e-01 4.6384893451e-01 3.9005069898e-01
    endloop
  endfacet
  facet normal 1.811510e-01 -2.880454e-01 -9.403266e-01
    outer loop
      vertex 7.1593509722e-01 4.7358595670e-01 3.8403288831e-01
      vertex 7.3168993008e-01 4.6384893451e-01 3.9005069898e-01
      vertex 7.1579864456e-01 4.5701254478e-01 3.8908344793e-01
    endloop
  endfacet
  facet normal 5.017104e-02 4.650712e-01 -8.838505e-01
    outer loop
      vertex 7.0000000000e-01 5.6308773345e-01 3.9792190300e-01
      vertex 7.1574404546e-01 5.5813299705e-01 3.9620847970e-01
      vertex 7.0000000000e-01 5.4840264183e-01 3.9019478945e-01
    endloop
  endfacet
  facet normal 1.803191e-01 4.192398e-01 -8.897882e-01
    outer loop
      vertex 7.3118702956e-01 5.5206662775e-01 3.9647978235e-01
      vertex 7.1579864456e-01 5.4298745522e-01 3.8908344793e-01
      vertex 7.1574404546e-01 5.5813299705e-01 3.9620847970e-01
    endloop
  endfacet
  facet normal 5.000027e-02 3.386983e-01 -9.395655e-01
    outer loop
      vertex 7.0000000000e-01 5.3279198347e-01 3.8456739707e-01
      vertex 7.0000000000e-01 5.4840264183e-01 3.9019478945e-01
      vertex 7.1579864456e-01 5.4298745522e-01 3.8908344793e-01
    endloop
  endfacet
  facet normal 8.207030e-02 4.244916e-01 -9.017047e-01
    outer loop
      vertex 7.1574404546e-01 5.5813299705e-01 3.9620847970e-01
      vertex 7.1579864456e-01 5.4298745522e-01 3.8908344793e-01
      vertex 7.0000000000e-01 5.4840264183e-01 3.9019478945e-01
    endloop
  endfacet
  facet normal 4.270257e-01 3.023772e-01 -8.521837e-01
    outer loop
      vertex 7.6000000000e-01 5.3708203932e-01 4.0291796068e-01
      vertex 7.4634248627e-01 5.2864123164e-01 3.9307921710e-01
      vertex 7.4603364792e-01 5.4500462810e-01 3.9873062305e-01
    endloop
  endfacet
  facet normal 3.081672e-01 2.288929e-01 -9.233856e-01
    outer loop
      vertex 7.3154386673e-01 5.1949518177e-01 3.8587321804e-01
      vertex 7.3168993008e-01 5.3615106549e-01 3.9005069898e-01
      vertex 7.4634248627e-01 5.2864123164e-01 3.9307921710e-01
    endloop
  endfacet
  facet normal 3.067980e-01 3.648012e-01 -8.790876e-01
    outer loop
      vertex 7.3118702956e-01 5.5206662775e-01 3.9647978235e-01
      vertex 7.4603364792e-01 5.4500462810e-01 3.9873062305e-01
      vertex 7.3168993008e-01 5.3615106549e-01 3.9005069898e-01
    endloop
  endfacet
  facet normal 3.431966e-01 3.124011e-01 -8.857887e-01
    outer loop
      vertex 7.4634248627e-01 5.2864123164e-01 3.9307921710e-01
      vertex 7.3168993008e-01 5.3615106549e-01 3.9005069898e-01
      vertex 7.4603364792e-01 5.4500462810e-01 3.9873062305e-01
    endloop
  endfacet
  facet normal 4.950537e-02 6.905681e-02 -9.963836e-01
    outer loop
      vertex 7.0000000000e-01 5.0000000000e-01 3.8000000000e-01
      vertex 7.0000000000e-01 5.1655426906e-01 3.8114733417e-01
      vertex 7.1596853250e-01 5.0986909583e-01 3.8147739913e-01
    endloop
  endfacet
  facet normal 4.960764e-02 2.058489e-01 -9.773256e-01
    outer loop
      vertex 7.0000000000e-01 5.3279198347e-01 3.8456739707e-01
      vertex 7.1593509722e-01 5.2641404330e-01 3.8403288831e-01
      vertex 7.0000000000e-01 5.1655426906e-01 3.8114733417e-01
    endloop
  endfacet
  facet normal 1.812856e-01 1.504758e-01 -9.718501e-01
    outer loop
      vertex 7.3154386673e-01 5.1949518177e-01 3.8587321804e-01
      vertex 7.1596853250e-01 5.0986909583e-01 3.8147739913e-01
      vertex 7.1593509722e-01 5.2641404330e-01 3.8403288831e-01
    endloop
  endfacet
  facet normal 8.410292e-02 1.522724e-01 -9.847537e-01
    outer loop
      vertex 7.0000000000e-01 5.1655426906e-01 3.8114733417e-01
      vertex 7.1593509722e-01 5.2641404330e-01 3.8403288831e-01
      vertex 7.1596853250e-01 5.0986909583e-01 3.8147739913e-01
    endloop
  endfacet
  facet normal 2.148469e-01 3.716277e-01 -9.031797e-01
    outer loop
      vertex 7.3118702956e-01 5.5206662775e-01 3.9647978235e-01
      vertex 7.3168993008e-01 5.3615106549e-01 3.9005069898e-01
      vertex 7.1579864456e-01 5.4298745522e-01 3.8908344793e-01
    endloop
  endfacet
  facet normal 2.162041e-01 2.357379e-01 -9.474616e-01
    outer loop
      vertex 7.3154386673e-01 5.1949518177e-01 3.8587321804e-01
      vertex 7.1593509722e-01 5.2641404330e-01 3.8403288831e-01
      vertex 7.3168993008e-01 5.3615106549e-01 3.9005069898e-01
    endloop
  endfacet
  facet normal 8.454536e-02 2.910970e-01 -9.529505e-01
    outer loop
      vertex 7.0000000000e-01 5.3279198347e-01 3.8456739707e-01
      vertex 7.1579864456e-01 5.4298745522e-01 3.8908344793e-01
      vertex 7.1593509722e-01 5.2641404330e-01 3.8403288831e-01
    endloop
  endfacet
  facet normal 1.811510e-01 2.880454e-01 -9.403266e-01
    outer loop
      vertex 7.3168993008e-01 5.3615106549e-01 3.9005069898e-01
      vertex 7.1593509722e-01 5.2641404330e-01 3.8403288831e-01
      vertex 7.1579864456e-01 5.4298745522e-01 3.8908344793e-01
    endloop
  endfacet
  facet normal 4.694052e-01 -2.331714e-01 -8.516395e-01
    outer loop
      vertex 7.6000000000e-01 4.6291796068e-01 4.0291796068e-01
      vertex 7.4634248627e-01 4.7135876836e-01 3.9307921710e-01
      vertex 7.6231101877e-01 4.8122786420e-01 3.9917865376e-01
    endloop
  endfacet
  facet normal 3.505871e-01 -1.597927e-01 -9.227974e-01
    outer loop
      vertex 7.3154386673e-01 4.8050481823e-01 3.8587321804e-01
      vertex 7.4795284620e-01 4.9012117040e-01 3.9044210085e-01
      vertex 7.4634248627e-01 4.7135876836e-01 3.9307921710e-01
    endloop
  endfacet
  facet normal 4.823363e-01 -7.836719e-02 -8.724736e-01
    outer loop
      vertex 7.6308773345e-01 5.0000000000e-01 3.9792190300e-01
      vertex 7.6231101877e-01 4.8122786420e-01 3.9917865376e-01
      vertex 7.4795284620e-01 4.9012117040e-01 3.9044210085e-01
    endloop
  endfacet
  facet normal 4.378416e-01 -1.618790e-01 -8.843585e-01
    outer loop
      vertex 7.4634248627e-01 4.7135876836e-01 3.9307921710e-01
      vertex 7.4795284620e-01 4.9012117040e-01 3.9044210085e-01
      vertex 7.6231101877e-01 4.8122786420e-01 3.9917865376e-01
    endloop
  endfacet
  facet normal 9.212595e-02 0.000000e+00 -9.957474e-01
    outer loop
      vertex 7.0000000000e-01 5.0000000000e-01 3.8000000000e-01
      vertex 7.1596853250e-01 5.0986909583e-01 3.8147739913e-01
      vertex 7.1596853250e-01 4.9013090417e-01 3.8147739913e-01
    endloop
  endfacet
  facet normal 2.237863e-01 8.142553e-02 -9.712310e-01
    outer loop
      vertex 7.3154386673e-01 5.1949518177e-01 3.8587321804e-01
      vertex 7.3196856414e-01 5.0000000000e-01 3.8433664838e-01
      vertex 7.1596853250e-01 5.0986909583e-01 3.8147739913e-01
    endloop
  endfacet
  facet normal 2.237863e-01 -8.142553e-02 -9.712310e-01
    outer loop
      vertex 7.3154386673e-01 4.8050481823e-01 3.8587321804e-01
      vertex 7.1596853250e-01 4.9013090417e-01 3.8147739913e-01
      vertex 7.3196856414e-01 5.0000000000e-01 3.8433664838e-01
    endloop
  endfacet
  facet normal 1.759159e-01 0.000000e+00 -9.844052e-01
    outer loop
      vertex 7.1596853250e-01 5.0986909583e-01 3.8147739913e-01
      vertex 7.3196856414e-01 5.0000000000e-01 3.8433664838e-01
      vertex 7.1596853250e-01 4.9013090417e-01 3.8147739913e-01
    endloop
  endfacet
  facet normal 4.694052e-01 2.331714e-01 -8.516395e-01
    outer loop
      vertex 7.6000000000e-01 5.3708203932e-01 4.0291796068e-01
      vertex 7.6231101877e-01 5.1877213580e-01 3.9917865376e-01
      vertex 7.4634248627e-01 5.2864123164e-01 3.9307921710e-01
    endloop
  endfacet
  facet normal 4.823363e-01 7.836719e-02 -8.724736e-01
    outer loop
      vertex 7.6308773345e-01 5.0000000000e-01 3.9792190300e-01
      vertex 7.4795284620e-01 5.0987882960e-01 3.9044210085e-01
      vertex 7.6231101877e-01 5.1877213580e-01 3.9917865376e-01
    endloop
  endfacet
  facet normal 3.505871e-01 1.597927e-01 -9.227974e-01
    outer loop
      vertex 7.3154386673e-01 5.1949518177e-01 3.8587321804e-01
      vertex 7.4634248627e-01 5.2864123164e-01 3.9307921710e-01
      vertex 7.4795284620e-01 5.0987882960e-01 3.9044210085e-01
    endloop
  endfacet
  facet normal 4.378416e-01 1.618790e-01 -8.843585e-01
    outer loop
      vertex 7.6231101877e-01 5.1877213580e-01 3.9917865376e-01
      vertex 7.4795284620e-01 5.0987882960e-01 3.9044210085e-01
      vertex 7.4634248627e-01 5.2864123164e-01 3.9307921710e-01
    endloop
  endfacet
  facet normal 3.113353e-01 -8.140770e-02 -9.468068e-01
    outer loop
      vertex 7.3154386673e-01 4.8050481823e-01 3.8587321804e-01
      vertex 7.3196856414e-01 5.0000000000e-01 3.8433664838e-01
      vertex 7.4795284620e-01 4.9012117040e-01 3.9044210085e-01
    endloop
  endfacet
  facet normal 3.113353e-01 8.140770e-02 -9.468068e-01
    outer loop
      vertex 7.3154386673e-01 5.1949518177e-01 3.8587321804e-01
      vertex 7.4795284620e-01 5.0987882960e-01 3.9044210085e-01
      vertex 7.3196856414e-01 5.0000000000e-01 3.8433664838e-01
    endloop
  endfacet
  facet normal 4.430557e-01 0.000000e+00 -8.964941e-01
    outer loop
      vertex 7.6308773345e-01 5.0000000000e-01 3.9792190300e-01
      vertex 7.4795284620e-01 4.9012117040e-01 3.9044210085e-01
      vertex 7.4795284620e-01 5.0987882960e-01 3.9044210085e-01
    endloop
  endfacet
  facet normal 3.568221e-01 0.000000e+00 -9.341724e-01
    outer loop
      vertex 7.3196856414e-01 5.0000000000e-01 3.8433664838e-01
      vertex 7.4795284620e-01 5.0987882960e-01 3.9044210085e-01
      vertex 7.4795284620e-01 4.9012117040e-01 3.9044210085e-01
    endloop
  endfacet
  facet normal 8.838505e-01 5.017104e-02 4.650712e-01
    outer loop
      vertex 8.0207809700e-01 5.0000000000e-01 5.6308773345e-01
      vertex 8.0980521055e-01 5.0000000000e-01 5.4840264183e-01
      vertex 8.0379152030e-01 5.1574404546e-01 5.5813299705e-01
    endloop
  endfacet
  facet normal 9.395655e-01 5.000027e-02 3.386983e-01
    outer loop
      vertex 8.1543260293e-01 5.0000000000e-01 5.3279198347e-01
      vertex 8.1091655207e-01 5.1579864456e-01 5.4298745522e-01
      vertex 8.0980521055e-01 5.0000000000e-01 5.4840264183e-01
    endloop
  endfacet
  facet normal 8.897882e-01 1.803191e-01 4.192398e-01
    outer loop
      vertex 8.0352021765e-01 5.3118702956e-01 5.5206662775e-01
      vertex 8.0379152030e-01 5.1574404546e-01 5.5813299705e-01
      vertex 8.1091655207e-01 5.1579864456e-01 5.4298745522e-01
    endloop
  endfacet
  facet normal 9.017047e-01 8.207030e-02 4.244916e-01
    outer loop
      vertex 8.0980521055e-01 5.0000000000e-01 5.4840264183e-01
      vertex 8.1091655207e-01 5.1579864456e-01 5.4298745522e-01
      vertex 8.0379152030e-01 5.1574404546e-01 5.5813299705e-01
    endloop
  endfacet
  facet normal 9.963836e-01 4.950537e-02 6.905681e-02
    outer loop
      vertex 8.2000000000e-01 5.0000000000e-01 5.0000000000e-01
      vertex 8.1852260087e-01 5.1596853250e-01 5.0986909583e-01
      vertex 8.1885266583e-01 5.0000000000e-01 5.1655426906e-01
    endloop
  endfacet
  facet normal 9.718501e-01 1.812856e-01 1.504758e-01
    outer loop
      vertex 8.1412678196e-01 5.3154386673e-01 5.1949518177e-01
      vertex 8.1596711169e-01 5.1593509722e-01 5.2641404330e-01
      vertex 8.1852260087e-01 5.1596853250e-01 5.0986909583e-01
    endloop
  endfacet
  facet normal 9.773256e-01 4.960764e-02 2.058489e-01
    outer loop
      vertex 8.1543260293e-01 5.0000000000e-01 5.3279198347e-01
      vertex 8.1885266583e-01 5.0000000000e-01 5.1655426906e-01
      vertex 8.1596711169e-01 5.1593509722e-01 5.2641404330e-01
    endloop
  endfacet
  facet normal 9.847537e-01 8.410292e-02 1.522724e-01
    outer loop
      vertex 8.1852260087e-01 5.1596853250e-01 5.0986909583e-01
      vertex 8.1596711169e-01 5.1593509722e-01 5.2641404330e-01
      vertex 8.1885266583e-01 5.0000000000e-01 5.1655426906e-01
    endloop
  endfacet
  facet normal 8.521837e-01 4.270257e-01 3.023772e-01
    outer loop
      vertex 7.9708203932e-01 5.6000000000e-01 5.3708203932e-01
      vertex 8.0126937695e-01 5.4603364792e-01 5.4500462810e-01
      vertex 8.0692078290e-01 5.4634248627e-01 5.2864123164e-01
    endloop
  endfacet
  facet normal 8.790876e-01 3.067980e-01 3.648012e-01
    outer loop
      vertex 8.0352021765e-01 5.3118702956e-01 5.5206662775e-01
      vertex 8.0994930102e-01 5.3168993008e-01 5.3615106549e-01
      vertex 8.0126937695e-01 5.4603364792e-01 5.4500462810e-01
    endloop
  endfacet
  facet normal 9.233856e-01 3.081672e-01 2.288929e-01
    outer loop
      vertex 8.1412678196e-01 5.3154386673e-01 5.1949518177e-01
      vertex 8.0692078290e-01 5.4634248627e-01 5.2864123164e-01
      vertex 8.0994930102e-01 5.3168993008e-01 5.3615106549e-01
    endloop
  endfacet
  facet normal 8.857887e-01 3.431966e-01 3.124011e-01
    outer loop
      vertex 8.0126937695e-01 5.4603364792e-01 5.4500462810e-01
      vertex 8.0994930102e-01 5.3168993008e-01 5.3615106549e-01
      vertex 8.0692078290e-01 5.4634248627e-01 5.2864123164e-01
    endloop
  endfacet
  facet normal 9.529505e-01 8.454536e-02 2.910970e-01
    outer loop
      vertex 8.1543260293e-01 5.0000000000e-01 5.3279198347e-01
      vertex 8.1596711169e-01 5.1593509722e-01 5.2641404330e-01
      vertex 8.1091655207e-01 5.1579864456e-01 5.4298745522e-01
    endloop
  endfacet
  facet normal 9.474616e-01 2.162041e-01 2.357379e-01
    outer loop
      vertex 8.1412678196e-01 5.3154386673e-01 5.1949518177e-01
      vertex 8.0994930102e-01 5.3168993008e-01 5.3615106549e-01
      vertex 8.1596711169e-01 5.1593509722e-01 5.2641404330e-01
    endloop
  endfacet
  facet normal 9.031797e-01 2.148469e-01 3.716277e-01
    outer loop
      vertex 8.0352021765e-01 5.3118702956e-01 5.5206662775e-01
      vertex 8.1091655207e-01 5.1579864456e-01 5.4298745522e-01
      vertex 8.0994930102e-01 5.3168993008e-01 5.3615106549e-01
    endloop
  endfacet
  facet normal 9.403266e-01 1.811510e-01 2.880454e-01
    outer loop
      vertex 8.1596711169e-01 5.1593509722e-01 5.2641404330e-01
      vertex 8.0994930102e-01 5.3168993008e-01 5.3615106549e-01
      vertex 8.1091655207e-01 5.1579864456e-01 5.4298745522e-01
    endloop
  endfacet
  facet normal 8.838505e-01 5.017104e-02 -4.650712e-01
    outer loop
      vertex 8.0207809700e-01 5.0000000000e-01 4.3691226655e-01
      vertex 8.0379152030e-01 5.1574404546e-01 4.4186700295e-01
      vertex 8.0980521055e-01 5.0000000000e-01 4.5159735817e-01
    endloop
  endfacet
  facet normal 8.897882e-01 1.803191e-01 -4.192398e-01
    outer loop
      vertex 8.0352021765e-01 5.3118702956e-01 4.4793337225e-01
      vertex 8.1091655207e-01 5.1579864456e-01 4.5701254478e-01
      vertex 8.0379152030e-01 5.1574404546e-01 4.4186700295e-01
    endloop
  endfacet
  facet normal 9.395655e-01 5.000027e-02 -3.386983e-01
    outer loop
      vertex 8.1543260293e-01 5.0000000000e-01 4.6720801653e-01
      vertex 8.0980521055e-01 5.0000000000e-01 4.5159735817e-01
      vertex 8.1091655207e-01 5.1579864456e-01 4.5701254478e-01
    endloop
  endfacet
  facet normal 9.017047e-01 8.207030e-02 -4.244916e-01
    outer loop
      vertex 8.0379152030e-01 5.1574404546e-01 4.4186700295e-01
      vertex 8.1091655207e-01 5.1579864456e-01 4.5701254478e-01
      vertex 8.0980521055e-01 5.0000000000e-01 4.5159735817e-01
    endloop
  endfacet
  facet normal 8.521837e-01 4.270257e-01 -3.023772e-01
    outer loop
      vertex 7.9708203932e-01 5.6000000000e-01 4.6291796068e-01
      vertex 8.0692078290e-01 5.4634248627e-01 4.7135876836e-01
      vertex 8.0126937695e-01 5.4603364792e-01 4.5499537190e-01
    endloop
  endfacet
  facet normal 9.233856e-01 3.081672e-01 -2.288929e-01
    outer loop
      vertex 8.1412678196e-01 5.3154386673e-01 4.8050481823e-01
      vertex 8.0994930102e-01 5.3168993008e-01 4.6384893451e-01
      vertex 8.0692078290e-01 5.4634248627e-01 4.7135876836e-01
    endloop
  endfacet
  facet normal 8.790876e-01 3.067980e-01 -3.648012e-01
    outer loop
      vertex 8.0352021765e-01 5.3118702956e-01 4.4793337225e-01
      vertex 8.0126937695e-01 5.4603364792e-01 4.5499537190e-01
      vertex 8.0994930102e-01 5.3168993008e-01 4.6384893451e-01
    endloop
  endfacet
  facet normal 8.857887e-01 3.431966e-01 -3.124011e-01
    outer loop
      vertex 8.0692078290e-01 5.4634248627e-01 4.7135876836e-01
      vertex 8.0994930102e-01 5.3168993008e-01 4.6384893451e-01
      vertex 8.0126937695e-01 5.4603364792e-01 4.5499537190e-01
    endloop
  endfacet
  facet normal 9.963836e-01 4.950537e-02 -6.905681e-02
    outer loop
      vertex 8.2000000000e-01 5.0000000000e-01 5.0000000000e-01
      vertex 8.1885266583e-01 5.0000000000e-01 4.8344573094e-01
      vertex 8.1852260087e-01 5.1596853250e-01 4.9013090417e-01
    endloop
  endfacet
  facet normal 9.773256e-01 4.960764e-02 -2.058489e-01
    outer loop
      vertex 8.1543260293e-01 5.0000000000e-01 4.6720801653e-01
      vertex 8.1596711169e-01 5.1593509722e-01 4.7358595670e-01
      vertex 8.1885266583e-01 5.0000000000e-01 4.8344573094e-01
    endloop
  endfacet
  facet normal 9.718501e-01 1.812856e-01 -1.504758e-01
    outer loop
      vertex 8.1412678196e-01 5.3154386673e-01 4.8050481823e-01
      vertex 8.1852260087e-01 5.1596853250e-01 4.9013090417e-01
      vertex 8.1596711169e-01 5.1593509722e-01 4.7358595670e-01
    endloop
  endfacet
  facet normal 9.847537e-01 8.410292e-02 -1.522724e-01
    outer loop
      vertex 8.1885266583e-01 5.0000000000e-01 4.8344573094e-01
      vertex 8.1596711169e-01 5.1593509722e-01 4.7358595670e-01
      vertex 8.1852260087e-01 5.1596853250e-01 4.9013090417e-01
    endloop
  endfacet
  facet normal 9.031797e-01 2.148469e-01 -3.716277e-01
    outer loop
      vertex 8.0352021765e-01 5.3118702956e-01 4.4793337225e-01
      vertex 8.0994930102e-01 5.3168993008e-01 4.6384893451e-01
      vertex 8.1091655207e-01 5.1579864456e-01 4.5701254478e-01
    endloop
  endfacet
  facet normal 9.474616e-01 2.162041e-01 -2.357379e-01
    outer loop
      vertex 8.1412678196e-01 5.3154386673e-01 4.8050481823e-01
      vertex 8.1596711169e-01 5.1593509722e-01 4.7358595670e-01
      vertex 8.0994930102e-01 5.3168993008e-01 4.6384893451e-01
    endloop
  endfacet
  facet normal 9.529505e-01 8.454536e-02 -2.910970e-01
    outer loop
      vertex 8.1543260293e-01 5.0000000000e-01 4.6720801653e-01
      vertex 8.1091655207e-01 5.1579864456e-01 4.5701254478e-01
      vertex 8.1596711169e-01 5.1593509722e-01 4.7358595670e-01
    endloop
  endfacet
  facet normal 9.403266e-01 1.811510e-01 -2.880454e-01
    outer loop
      vertex 8.0994930102e-01 5.3168993008e-01 4.6384893451e-01
      vertex 8.1596711169e-01 5.1593509722e-01 4.7358595670e-01
      vertex 8.1091655207e-01 5.1579864456e-01 4.5701254478e-01
    endloop
  endfacet
  facet normal 5.964207e-01 8.026720e-01 0.000000e+00
    outer loop
      vertex 7.6308773345e-01 6.0207809700e-01 5.0000000000e-01
      vertex 7.7387704250e-01 5.9406116509e-01 5.0973035521e-01
      vertex 7.7387704250e-01 5.9406116509e-01 4.9026964479e-01
    endloop
  endfacet
  facet normal 6.804611e-01 7.283445e-01 8.054149e-02
    outer loop
      vertex 7.8325365731e-01 5.8424557337e-01 5.1927464428e-01
      vertex 7.8434884366e-01 5.8535380820e-01 5.0000000000e-01
      vertex 7.7387704250e-01 5.9406116509e-01 5.0973035521e-01
    endloop
  endfacet
  facet normal 6.804611e-01 7.283445e-01 -8.054149e-02
    outer loop
      vertex 7.8325365731e-01 5.8424557337e-01 4.8072535572e-01
      vertex 7.7387704250e-01 5.9406116509e-01 4.9026964479e-01
      vertex 7.8434884366e-01 5.8535380820e-01 5.0000000000e-01
    endloop
  endfacet
  facet normal 6.393544e-01 7.689122e-01 0.000000e+00
    outer loop
      vertex 7.7387704250e-01 5.9406116509e-01 5.0973035521e-01
      vertex 7.8434884366e-01 5.8535380820e-01 5.0000000000e-01
      vertex 7.7387704250e-01 5.9406116509e-01 4.9026964479e-01
    endloop
  endfacet
  facet normal 8.095043e-01 5.387620e-01 2.333204e-01
    outer loop
      vertex 7.9708203932e-01 5.6000000000e-01 5.3708203932e-01
      vertex 8.0082134624e-01 5.6231101877e-01 5.1877213580e-01
      vertex 7.9103827602e-01 5.7281901791e-01 5.2845035904e-01
    endloop
  endfacet
  facet normal 8.303865e-01 5.516422e-01 7.841715e-02
    outer loop
      vertex 8.0207809700e-01 5.6308773345e-01 5.0000000000e-01
      vertex 7.9362452449e-01 5.7442874991e-01 5.0973702219e-01
      vertex 8.0082134624e-01 5.6231101877e-01 5.1877213580e-01
    endloop
  endfacet
  facet normal 7.518660e-01 6.398684e-01 1.589524e-01
    outer loop
      vertex 7.8325365731e-01 5.8424557337e-01 5.1927464428e-01
      vertex 7.9103827602e-01 5.7281901791e-01 5.2845035904e-01
      vertex 7.9362452449e-01 5.7442874991e-01 5.0973702219e-01
    endloop
  endfacet
  facet normal 7.916792e-01 5.895786e-01 1.601287e-01
    outer loop
      vertex 8.0082134624e-01 5.6231101877e-01 5.1877213580e-01
      vertex 7.9362452449e-01 5.7442874991e-01 5.0973702219e-01
      vertex 7.9103827602e-01 5.7281901791e-01 5.2845035904e-01
    endloop
  endfacet
  facet normal 8.095043e-01 5.387620e-01 -2.333204e-01
    outer loop
      vertex 7.9708203932e-01 5.6000000000e-01 4.6291796068e-01
      vertex 7.9103827602e-01 5.7281901791e-01 4.7154964096e-01
      vertex 8.0082134624e-01 5.6231101877e-01 4.8122786420e-01
    endloop
  endfacet
  facet normal 7.518660e-01 6.398684e-01 -1.589524e-01
    outer loop
      vertex 7.8325365731e-01 5.8424557337e-01 4.8072535572e-01
      vertex 7.9362452449e-01 5.7442874991e-01 4.9026297781e-01
      vertex 7.9103827602e-01 5.7281901791e-01 4.7154964096e-01
    endloop
  endfacet
  facet normal 8.303865e-01 5.516422e-01 -7.841715e-02
    outer loop
      vertex 8.0207809700e-01 5.6308773345e-01 5.0000000000e-01
      vertex 8.0082134624e-01 5.6231101877e-01 4.8122786420e-01
      vertex 7.9362452449e-01 5.7442874991e-01 4.9026297781e-01
    endloop
  endfacet
  facet normal 7.916792e-01 5.895786e-01 -1.601287e-01
    outer loop
      vertex 7.9103827602e-01 5.7281901791e-01 4.7154964096e-01
      vertex 7.9362452449e-01 5.7442874991e-01 4.9026297781e-01
      vertex 8.0082134624e-01 5.6231101877e-01 4.8122786420e-01
    endloop
  endfacet
  facet normal 7.232719e-01 6.858517e-01 8.053079e-02
    outer loop
      vertex 7.8325365731e-01 5.8424557337e-01 5.1927464428e-01
      vertex 7.9362452449e-01 5.7442874991e-01 5.0973702219e-01
      vertex 7.8434884366e-01 5.8535380820e-01 5.0000000000e-01
    endloop
  endfacet
  facet normal 8.017675e-01 5.976360e-01 0.000000e+00
    outer loop
      vertex 8.0207809700e-01 5.6308773345e-01 5.0000000000e-01
      vertex 7.9362452449e-01 5.7442874991e-01 4.9026297781e-01
      vertex 7.9362452449e-01 5.7442874991e-01 5.0973702219e-01
    endloop
  endfacet
  facet normal 7.232719e-01 6.858517e-01 -8.053079e-02
    outer loop
      vertex 7.8325365731e-01 5.8424557337e-01 4.8072535572e-01
      vertex 7.8434884366e-01 5.8535380820e-01 5.0000000000e-01
      vertex 7.9362452449e-01 5.7442874991e-01 4.9026297781e-01
    endloop
  endfacet
  facet normal 7.623048e-01 6.472182e-01 0.000000e+00
    outer loop
      vertex 7.9362452449e-01 5.7442874991e-01 5.0973702219e-01
      vertex 7.9362452449e-01 5.7442874991e-01 4.9026297781e-01
      vertex 7.8434884366e-01 5.8535380820e-01 5.0000000000e-01
    endloop
  endfacet
  facet normal 9.957474e-01 9.212595e-02 0.000000e+00
    outer loop
      vertex 8.2000000000e-01 5.0000000000e-01 5.0000000000e-01
      vertex 8.1852260087e-01 5.1596853250e-01 4.9013090417e-01
      vertex 8.1852260087e-01 5.1596853250e-01 5.0986909583e-01
    endloop
  endfacet
  facet normal 9.712310e-01 2.237863e-01 -8.142553e-02
    outer loop
      vertex 8.1412678196e-01 5.3154386673e-01 4.8050481823e-01
      vertex 8.1566335162e-01 5.3196856414e-01 5.0000000000e-01
      vertex 8.1852260087e-01 5.1596853250e-01 4.9013090417e-01
    endloop
  endfacet
  facet normal 9.712310e-01 2.237863e-01 8.142553e-02
    outer loop
      vertex 8.1412678196e-01 5.3154386673e-01 5.1949518177e-01
      vertex 8.1852260087e-01 5.1596853250e-01 5.0986909583e-01
      vertex 8.1566335162e-01 5.3196856414e-01 5.0000000000e-01
    endloop
  endfacet
  facet normal 9.844052e-01 1.759159e-01 -0.000000e+00
    outer loop
      vertex 8.1852260087e-01 5.1596853250e-01 4.9013090417e-01
      vertex 8.1566335162e-01 5.3196856414e-01 5.0000000000e-01
      vertex 8.1852260087e-01 5.1596853250e-01 5.0986909583e-01
    endloop
  endfacet
  facet normal 8.516395e-01 4.694052e-01 -2.331714e-01
    outer loop
      vertex 7.9708203932e-01 5.6000000000e-01 4.6291796068e-01
      vertex 8.0082134624e-01 5.6231101877e-01 4.8122786420e-01
      vertex 8.0692078290e-01 5.4634248627e-01 4.7135876836e-01
    endloop
  endfacet
  facet normal 8.724736e-01 4.823363e-01 -7.836719e-02
    outer loop
      vertex 8.0207809700e-01 5.6308773345e-01 5.0000000000e-01
      vertex 8.0955789915e-01 5.4795284620e-01 4.9012117040e-01
      vertex 8.0082134624e-01 5.6231101877e-01 4.8122786420e-01
    endloop
  endfacet
  facet normal 9.227974e-01 3.505871e-01 -1.597927e-01
    outer loop
      vertex 8.1412678196e-01 5.3154386673e-01 4.8050481823e-01
      vertex 8.0692078290e-01 5.4634248627e-01 4.7135876836e-01
      vertex 8.0955789915e-01 5.4795284620e-01 4.9012117040e-01
    endloop
  endfacet
  facet normal 8.843585e-01 4.378416e-01 -1.618790e-01
    outer loop
      vertex 8.0082134624e-01 5.6231101877e-01 4.8122786420e-01
      vertex 8.0955789915e-01 5.4795284620e-01 4.9012117040e-01
      vertex 8.0692078290e-01 5.4634248627e-01 4.7135876836e-01
    endloop
  endfacet
  facet normal 8.516395e-01 4.694052e-01 2.331714e-01
    outer loop
      vertex 7.9708203932e-01 5.6000000000e-01 5.3708203932e-01
      vertex 8.0692078290e-01 5.4634248627e-01 5.2864123164e-01
      vertex 8.0082134624e-01 5.6231101877e-01 5.1877213580e-01
    endloop
  endfacet
  facet normal 9.227974e-01 3.505871e-01 1.597927e-01
    outer loop
      vertex 8.1412678196e-01 5.3154386673e-01 5.1949518177e-01
      vertex 8.0955789915e-01 5.4795284620e-01 5.0987882960e-01
      vertex 8.0692078290e-01 5.4634248627e-01 5.2864123164e-01
    endloop
  endfacet
  facet normal 8.724736e-01 4.823363e-01 7.836719e-02
    outer loop
      vertex 8.0207809700e-01 5.6308773345e-01 5.0000000000e-01
      vertex 8.0082134624e-01 5.6231101877e-01 5.1877213580e-01
      vertex 8.0955789915e-01 5.4795284620e-01 5.0987882960e-01
    endloop
  endfacet
  facet normal 8.843585e-01 4.378416e-01 1.618790e-01
    outer loop
      vertex 8.0692078290e-01 5.4634248627e-01 5.2864123164e-01
      vertex 8.0955789915e-01 5.4795284620e-01 5.0987882960e-01
      vertex 8.0082134624e-01 5.6231101877e-01 5.1877213580e-01
    endloop
  endfacet
  facet normal 9.468068e-01 3.113353e-01 -8.140770e-02
    outer loop
      vertex 8.1412678196e-01 5.3154386673e-01 4.8050481823e-01
      vertex 8.0955789915e-01 5.4795284620e-01 4.9012117040e-01
      vertex 8.1566335162e-01 5.3196856414e-01 5.0000000000e-01
    endloop
  endfacet
  facet normal 8.964941e-01 4.430557e-01 0.000000e+00
    outer loop
      vertex 8.0207809700e-01 5.6308773345e-01 5.0000000000e-01
      vertex 8.0955789915e-01 5.4795284620e-01 5.0987882960e-01
      vertex 8.0955789915e-01 5.4795284620e-01 4.9012117040e-01
    endloop
  endfacet
  facet normal 9.468068e-01 3.113353e-01 8.140770e-02
    outer loop
      vertex 8.1412678196e-01 5.3154386673e-01 5.1949518177e-01
      vertex 8.1566335162e-01 5.3196856414e-01 5.0000000000e-01
      vertex 8.0955789915e-01 5.4795284620e-01 5.0987882960e-01
    endloop
  endfacet
  facet normal 9.341724e-01 3.568221e-01 -0.000000e+00
    outer loop
      vertex 8.0955789915e-01 5.4795284620e-01 4.9012117040e-01
      vertex 8.0955789915e-01 5.4795284620e-01 5.0987882960e-01
      vertex 8.1566335162e-01 5.3196856414e-01 5.0000000000e-01
    endloop
  endfacet
endsolid sphere_at
