solid sphere_at
  facet normal -5.462496e-01 8.336794e-01 8.117845e-02
    outer loop
      vertex -1.3143277803e-01 7.1266270209e-01 5.0000000000e-01
      vertex -1.5391050522e-01 6.9596076060e-01 5.2027157336e-01
      vertex -1.2111041052e-01 7.1623233397e-01 5.3280009470e-01
    endloop
  endfacet
  facet normal -6.304608e-01 7.592464e-01 1.614436e-01
    outer loop
      vertex -1.7344511939e-01 6.7551161119e-01 5.4015550891e-01
      vertex -1.4281291478e-01 6.9816230731e-01 5.5325571641e-01
      vertex -1.5391050522e-01 6.9596076060e-01 5.2027157336e-01
    endloop
  endfacet
  facet normal -5.001420e-01 8.397879e-01 2.112210e-01
    outer loop
      vertex -1.0847214114e-01 7.1566712010e-01 5.6497297825e-01
      vertex -1.2111041052e-01 7.1623233397e-01 5.3280009470e-01
      vertex -1.4281291478e-01 6.9816230731e-01 5.5325571641e-01
    endloop
  endfacet
  facet normal -5.572841e-01 8.196344e-01 1.327925e-01
    outer loop
      vertex -1.5391050522e-01 6.9596076060e-01 5.2027157336e-01
      vertex -1.4281291478e-01 6.9816230731e-01 5.5325571641e-01
      vertex -1.2111041052e-01 7.1623233397e-01 5.3280009470e-01
    endloop
  endfacet
  facet normal -7.599989e-01 5.693580e-01 3.134218e-01
    outer loop
      vertex -2.0225424859e-01 6.2500000000e-01 5.7725424859e-01
      vertex -1.7677669530e-01 6.5037523875e-01 5.9293700862e-01
      vertex -1.8966307504e-01 6.5170628732e-01 5.5927158134e-01
    endloop
  endfacet
  facet normal -6.491008e-01 6.636828e-01 3.717435e-01
    outer loop
      vertex -1.4694631307e-01 6.7204774006e-01 6.0633135104e-01
      vertex -1.6185297347e-01 6.7557746169e-01 5.7400114814e-01
      vertex -1.7677669530e-01 6.5037523875e-01 5.9293700862e-01
    endloop
  endfacet
  facet normal -7.022584e-01 6.705276e-01 2.392192e-01
    outer loop
      vertex -1.7344511939e-01 6.7551161119e-01 5.4015550891e-01
      vertex -1.8966307504e-01 6.5170628732e-01 5.5927158134e-01
      vertex -1.6185297347e-01 6.7557746169e-01 5.7400114814e-01
    endloop
  endfacet
  facet normal -7.075762e-01 6.415571e-01 2.962101e-01
    outer loop
      vertex -1.7677669530e-01 6.5037523875e-01 5.9293700862e-01
      vertex -1.6185297347e-01 6.7557746169e-01 5.7400114814e-01
      vertex -1.8966307504e-01 6.5170628732e-01 5.5927158134e-01
    endloop
  endfacet
  facet normal -3.824786e-01 8.026783e-01 4.576217e-01
    outer loop
      vertex -7.7254248594e-02 7.0225424859e-01 6.2500000000e-01
      vertex -9.3759641870e-02 7.1097786866e-01 5.9590343317e-01
      vertex -1.1349762493e-01 6.8948385501e-01 6.1710746272e-01
    endloop
  endfacet
  facet normal -4.450681e-01 8.294800e-01 3.374572e-01
    outer loop
      vertex -1.0847214114e-01 7.1566712010e-01 5.6497297825e-01
      vertex -1.2903040501e-01 6.9586292459e-01 5.8653825370e-01
      vertex -9.3759641870e-02 7.1097786866e-01 5.9590343317e-01
    endloop
  endfacet
  facet normal -5.222192e-01 7.421000e-01 4.202079e-01
    outer loop
      vertex -1.4694631307e-01 6.7204774006e-01 6.0633135104e-01
      vertex -1.1349762493e-01 6.8948385501e-01 6.1710746272e-01
      vertex -1.2903040501e-01 6.9586292459e-01 5.8653825370e-01
    endloop
  endfacet
  facet normal -4.484825e-01 8.016858e-01 3.951751e-01
    outer loop
      vertex -9.3759641870e-02 7.1097786866e-01 5.9590343317e-01
      vertex -1.2903040501e-01 6.9586292459e-01 5.8653825370e-01
      vertex -1.1349762493e-01 6.8948385501e-01 6.1710746272e-01
    endloop
  endfacet
  facet normal -6.387266e-01 7.381036e-01 2.173281e-01
    outer loop
      vertex -1.7344511939e-01 6.7551161119e-01 5.4015550891e-01
      vertex -1.6185297347e-01 6.7557746169e-01 5.7400114814e-01
      vertex -1.4281291478e-01 6.9816230731e-01 5.5325571641e-01
    endloop
  endfacet
  facet normal -5.855635e-01 7.312575e-01 3.498255e-01
    outer loop
      vertex -1.4694631307e-01 6.7204774006e-01 6.0633135104e-01
      vertex -1.2903040501e-01 6.9586292459e-01 5.8653825370e-01
      vertex -1.6185297347e-01 6.7557746169e-01 5.7400114814e-01
    endloop
  endfacet
  facet normal -5.084250e-01 8.186344e-01 2.670988e-01
    outer loop
      vertex -1.0847214114e-01 7.1566712010e-01 5.6497297825e-01
      vertex -1.4281291478e-01 6.9816230731e-01 5.5325571641e-01
      vertex -1.2903040501e-01 6.9586292459e-01 5.8653825370e-01
    endloop
  endfacet
  facet normal -5.811538e-01 7.591756e-01 2.931085e-01
    outer loop
      vertex -1.6185297347e-01 6.7557746169e-01 5.7400114814e-01
      vertex -1.2903040501e-01 6.9586292459e-01 5.8653825370e-01
      vertex -1.4281291478e-01 6.9816230731e-01 5.5325571641e-01
    endloop
  endfacet
  facet normal -8.336794e-01 8.117845e-02 5.462496e-01
    outer loop
      vertex -2.1266270209e-01 5.0000000000e-01 6.3143277803e-01
      vertex -1.9596076060e-01 5.2027157336e-01 6.5391050522e-01
      vertex -2.1623233397e-01 5.3280009470e-01 6.2111041052e-01
    endloop
  endfacet
  facet normal -7.592464e-01 1.614436e-01 6.304608e-01
    outer loop
      vertex -1.7551161119e-01 5.4015550891e-01 6.7344511939e-01
      vertex -1.9816230731e-01 5.5325571641e-01 6.4281291478e-01
      vertex -1.9596076060e-01 5.2027157336e-01 6.5391050522e-01
    endloop
  endfacet
  facet normal -8.397879e-01 2.112210e-01 5.001420e-01
    outer loop
      vertex -2.1566712010e-01 5.6497297825e-01 6.0847214114e-01
      vertex -2.1623233397e-01 5.3280009470e-01 6.2111041052e-01
      vertex -1.9816230731e-01 5.5325571641e-01 6.4281291478e-01
    endloop
  endfacet
  facet normal -8.196344e-01 1.327925e-01 5.572841e-01
    outer loop
      vertex -1.9596076060e-01 5.2027157336e-01 6.5391050522e-01
      vertex -1.9816230731e-01 5.5325571641e-01 6.4281291478e-01
      vertex -2.1623233397e-01 5.3280009470e-01 6.2111041052e-01
    endloop
  endfacet
  facet normal -5.693580e-01 3.134218e-01 7.599989e-01
    outer loop
      vertex -1.2500000000e-01 5.7725424859e-01 7.0225424859e-01
      vertex -1.5037523875e-01 5.9293700862e-01 6.7677669530e-01
      vertex -1.5170628732e-01 5.5927158134e-01 6.8966307504e-01
    endloop
  endfacet
  facet normal -6.636828e-01 3.717435e-01 6.491008e-01
    outer loop
      vertex -1.7204774006e-01 6.0633135104e-01 6.4694631307e-01
      vertex -1.7557746169e-01 5.7400114814e-01 6.6185297347e-01
      vertex -1.5037523875e-01 5.9293700862e-01 6.7677669530e-01
    endloop
  endfacet
  facet normal -6.705276e-01 2.392192e-01 7.022584e-01
    outer loop
      vertex -1.7551161119e-01 5.4015550891e-01 6.7344511939e-01
      vertex -1.5170628732e-01 5.5927158134e-01 6.8966307504e-01
      vertex -1.7557746169e-01 5.7400114814e-01 6.6185297347e-01
    endloop
  endfacet
  facet normal -6.415571e-01 2.962101e-01 7.075762e-01
    outer loop
      vertex -1.5037523875e-01 5.9293700862e-01 6.7677669530e-01
      vertex -1.7557746169e-01 5.7400114814e-01 6.6185297347e-01
      vertex -1.5170628732e-01 5.5927158134e-01 6.8966307504e-01
    endloop
  endfacet
  facet normal -8.026783e-01 4.576217e-01 3.824786e-01
    outer loop
      vertex -2.0225424859e-01 6.2500000000e-01 5.7725424859e-01
      vertex -2.1097786866e-01 5.9590343317e-01 5.9375964187e-01
      vertex -1.8948385501e-01 6.1710746272e-01 6.1349762493e-01
    endloop
  endfacet
  facet normal -8.294800e-01 3.374572e-01 4.450681e-01
    outer loop
      vertex -2.1566712010e-01 5.6497297825e-01 6.0847214114e-01
      vertex -1.9586292459e-01 5.8653825370e-01 6.2903040501e-01
      vertex -2.1097786866e-01 5.9590343317e-01 5.9375964187e-01
    endloop
  endfacet
  facet normal -7.421000e-01 4.202079e-01 5.222192e-01
    outer loop
      vertex -1.7204774006e-01 6.0633135104e-01 6.4694631307e-01
      vertex -1.8948385501e-01 6.1710746272e-01 6.1349762493e-01
      vertex -1.9586292459e-01 5.8653825370e-01 6.2903040501e-01
    endloop
  endfacet
  facet normal -8.016858e-01 3.951751e-01 4.484825e-01
    outer loop
      vertex -2.1097786866e-01 5.9590343317e-01 5.9375964187e-01
      vertex -1.9586292459e-01 5.8653825370e-01 6.2903040501e-01
      vertex -1.8948385501e-01 6.1710746272e-01 6.1349762493e-01
    endloop
  endfacet
  facet normal -7.381036e-01 2.173281e-01 6.387266e-01
    outer loop
      vertex -1.7551161119e-01 5.4015550891e-01 6.7344511939e-01
      vertex -1.7557746169e-01 5.7400114814e-01 6.6185297347e-01
      vertex -1.9816230731e-01 5.5325571641e-01 6.4281291478e-01
    endloop
  endfacet
  facet normal -7.312575e-01 3.498255e-01 5.855635e-01
    outer loop
      vertex -1.7204774006e-01 6.0633135104e-01 6.4694631307e-01
      vertex -1.9586292459e-01 5.8653825370e-01 6.2903040501e-01
      vertex -1.7557746169e-01 5.7400114814e-01 6.6185297347e-01
    endloop
  endfacet
  facet normal -8.186344e-01 2.670988e-01 5.084250e-01
    outer loop
      vertex -2.1566712010e-01 5.6497297825e-01 6.0847214114e-01
      vertex -1.9816230731e-01 5.5325571641e-01 6.4281291478e-01
      vertex -1.9586292459e-01 5.8653825370e-01 6.2903040501e-01
    endloop
  endfacet
  facet normal -7.591756e-01 2.931085e-01 5.811538e-01
    outer loop
      vertex -1.7557746169e-01 5.7400114814e-01 6.6185297347e-01
      vertex -1.9586292459e-01 5.8653825370e-01 6.2903040501e-01
      vertex -1.9816230731e-01 5.5325571641e-01 6.4281291478e-01
    endloop
  endfacet
  facet normal -8.117845e-02 5.462496e-01 8.336794e-01
    outer loop
      vertex 0.0000000000e+00 6.3143277803e-01 7.1266270209e-01
      vertex -2.0271573361e-02 6.5391050522e-01 6.9596076060e-01
      vertex -3.2800094703e-02 6.2111041052e-01 7.1623233397e-01
    endloop
  endfacet
  facet normal -1.614436e-01 6.304608e-01 7.592464e-01
    outer loop
      vertex -4.0155508910e-02 6.7344511939e-01 6.7551161119e-01
      vertex -5.3255716412e-02 6.4281291478e-01 6.9816230731e-01
      vertex -2.0271573361e-02 6.5391050522e-01 6.9596076060e-01
    endloop
  endfacet
  facet normal -2.112210e-01 5.001420e-01 8.397879e-01
    outer loop
      vertex -6.4972978252e-02 6.0847214114e-01 7.1566712010e-01
      vertex -3.2800094703e-02 6.2111041052e-01 7.1623233397e-01
      vertex -5.3255716412e-02 6.4281291478e-01 6.9816230731e-01
    endloop
  endfacet
  facet normal -1.327925e-01 5.572841e-01 8.196344e-01
    outer loop
      vertex -2.0271573361e-02 6.5391050522e-01 6.9596076060e-01
      vertex -5.3255716412e-02 6.4281291478e-01 6.9816230731e-01
      vertex -3.2800094703e-02 6.2111041052e-01 7.1623233397e-01
    endloop
  endfacet
  facet normal -3.134218e-01 7.599989e-01 5.693580e-01
    outer loop
      vertex -7.7254248594e-02 7.0225424859e-01 6.2500000000e-01
      vertex -9.2937008615e-02 6.7677669530e-01 6.5037523875e-01
      vertex -5.9271581338e-02 6.8966307504e-01 6.5170628732e-01
    endloop
  endfacet
  facet normal -3.717435e-01 6.491008e-01 6.636828e-01
    outer loop
      vertex -1.0633135104e-01 6.4694631307e-01 6.7204774006e-01
      vertex -7.4001148144e-02 6.6185297347e-01 6.7557746169e-01
      vertex -9.2937008615e-02 6.7677669530e-01 6.5037523875e-01
    endloop
  endfacet
  facet normal -2.392192e-01 7.022584e-01 6.705276e-01
    outer loop
      vertex -4.0155508910e-02 6.7344511939e-01 6.7551161119e-01
      vertex -5.9271581338e-02 6.8966307504e-01 6.5170628732e-01
      vertex -7.4001148144e-02 6.6185297347e-01 6.7557746169e-01
    endloop
  endfacet
  facet normal -2.962101e-01 7.075762e-01 6.415571e-01
    outer loop
      vertex -9.2937008615e-02 6.7677669530e-01 6.5037523875e-01
      vertex -7.4001148144e-02 6.6185297347e-01 6.7557746169e-01
      vertex -5.9271581338e-02 6.8966307504e-01 6.5170628732e-01
    endloop
  endfacet
  facet normal -4.576217e-01 3.824786e-01 8.026783e-01
    outer loop
      vertex -1.2500000000e-01 5.7725424859e-01 7.0225424859e-01
      vertex -9.5903433171e-02 5.9375964187e-01 7.1097786866e-01
      vertex -1.1710746272e-01 6.1349762493e-01 6.8948385501e-01
    endloop
  endfacet
  facet normal -3.374572e-01 4.450681e-01 8.294800e-01
    outer loop
      vertex -6.4972978252e-02 6.0847214114e-01 7.1566712010e-01
      vertex -8.6538253697e-02 6.2903040501e-01 6.9586292459e-01
      vertex -9.5903433171e-02 5.9375964187e-01 7.1097786866e-01
    endloop
  endfacet
  facet normal -4.202079e-01 5.222192e-01 7.421000e-01
    outer loop
      vertex -1.0633135104e-01 6.4694631307e-01 6.7204774006e-01
      vertex -1.1710746272e-01 6.1349762493e-01 6.8948385501e-01
      vertex -8.6538253697e-02 6.2903040501e-01 6.9586292459e-01
    endloop
  endfacet
  facet normal -3.951751e-01 4.484825e-01 8.016858e-01
    outer loop
      vertex -9.5903433171e-02 5.9375964187e-01 7.1097786866e-01
      vertex -8.6538253697e-02 6.2903040501e-01 6.9586292459e-01
      vertex -1.1710746272e-01 6.1349762493e-01 6.8948385501e-01
    endloop
  endfacet
  facet normal -2.173281e-01 6.387266e-01 7.381036e-01
    outer loop
      vertex -4.0155508910e-02 6.7344511939e-01 6.7551161119e-01
      vertex -7.4001148144e-02 6.6185297347e-01 6.7557746169e-01
      vertex -5.3255716412e-02 6.4281291478e-01 6.9816230731e-01
    endloop
  endfacet
  facet normal -3.498255e-01 5.855635e-01 7.312575e-01
    outer loop
      vertex -1.0633135104e-01 6.4694631307e-01 6.7204774006e-01
      vertex -8.6538253697e-02 6.2903040501e-01 6.9586292459e-01
      vertex -7.4001148144e-02 6.6185297347e-01 6.7557746169e-01
    endloop
  endfacet
  facet normal -2.670988e-01 5.084250e-01 8.186344e-01
    outer loop
      vertex -6.4972978252e-02 6.0847214114e-01 7.1566712010e-01
      vertex -5.3255716412e-02 6.4281291478e-01 6.9816230731e-01
      vertex -8.6538253697e-02 6.2903040501e-01 6.9586292459e-01
    endloop
  endfacet
  facet normal -2.931085e-01 5.811538e-01 7.591756e-01
    outer loop
      vertex -7.4001148144e-02 6.6185297347e-01 6.7557746169e-01
      vertex -8.6538253697e-02 6.2903040501e-01 6.9586292459e-01
      vertex -5.3255716412e-02 6.4281291478e-01 6.9816230731e-01
    endloop
  endfacet
  facet normal -7.595136e-01 5.263422e-01 3.822343e-01
    outer loop
      vertex -2.0225424859e-01 6.2500000000e-01 5.7725424859e-01
      vertex -1.8948385501e-01 6.1710746272e-01 6.1349762493e-01
      vertex -1.7677669530e-01 6.5037523875e-01 5.9293700862e-01
    endloop
  endfacet
  facet normal -6.990111e-01 4.888946e-01 5.218865e-01
    outer loop
      vertex -1.7204774006e-01 6.0633135104e-01 6.4694631307e-01
      vertex -1.6164444795e-01 6.4106355294e-01 6.2834386031e-01
      vertex -1.8948385501e-01 6.1710746272e-01 6.1349762493e-01
    endloop
  endfacet
  facet normal -6.486873e-01 6.206439e-01 4.404610e-01
    outer loop
      vertex -1.4694631307e-01 6.7204774006e-01 6.0633135104e-01
      vertex -1.7677669530e-01 6.5037523875e-01 5.9293700862e-01
      vertex -1.6164444795e-01 6.4106355294e-01 6.2834386031e-01
    endloop
  endfacet
  facet normal -7.084426e-01 5.465636e-01 4.465169e-01
    outer loop
      vertex -1.8948385501e-01 6.1710746272e-01 6.1349762493e-01
      vertex -1.6164444795e-01 6.4106355294e-01 6.2834386031e-01
      vertex -1.7677669530e-01 6.5037523875e-01 5.9293700862e-01
    endloop
  endfacet
  facet normal -5.263422e-01 3.822343e-01 7.595136e-01
    outer loop
      vertex -1.2500000000e-01 5.7725424859e-01 7.0225424859e-01
      vertex -1.1710746272e-01 6.1349762493e-01 6.8948385501e-01
      vertex -1.5037523875e-01 5.9293700862e-01 6.7677669530e-01
    endloop
  endfacet
  facet normal -4.888946e-01 5.218865e-01 6.990111e-01
    outer loop
      vertex -1.0633135104e-01 6.4694631307e-01 6.7204774006e-01
      vertex -1.4106355294e-01 6.2834386031e-01 6.6164444795e-01
      vertex -1.1710746272e-01 6.1349762493e-01 6.8948385501e-01
    endloop
  endfacet
  facet normal -6.206439e-01 4.404610e-01 6.486873e-01
    outer loop
      vertex -1.7204774006e-01 6.0633135104e-01 6.4694631307e-01
      vertex -1.5037523875e-01 5.9293700862e-01 6.7677669530e-01
      vertex -1.4106355294e-01 6.2834386031e-01 6.6164444795e-01
    endloop
  endfacet
  facet normal -5.465636e-01 4.465169e-01 7.084426e-01
    outer loop
      vertex -1.1710746272e-01 6.1349762493e-01 6.8948385501e-01
      vertex -1.4106355294e-01 6.2834386031e-01 6.6164444795e-01
      vertex -1.5037523875e-01 5.9293700862e-01 6.7677669530e-01
    endloop
  endfacet
  facet normal -3.822343e-01 7.595136e-01 5.263422e-01
    outer loop
      vertex -7.7254248594e-02 7.0225424859e-01 6.2500000000e-01
      vertex -1.1349762493e-01 6.8948385501e-01 6.1710746272e-01
      vertex -9.2937008615e-02 6.7677669530e-01 6.5037523875e-01
    endloop
  endfacet
  facet normal -5.218865e-01 6.990111e-01 4.888946e-01
    outer loop
      vertex -1.4694631307e-01 6.7204774006e-01 6.0633135104e-01
      vertex -1.2834386031e-01 6.6164444795e-01 6.4106355294e-01
      vertex -1.1349762493e-01 6.8948385501e-01 6.1710746272e-01
    endloop
  endfacet
  facet normal -4.404610e-01 6.486873e-01 6.206439e-01
    outer loop
      vertex -1.0633135104e-01 6.4694631307e-01 6.7204774006e-01
      vertex -9.2937008615e-02 6.7677669530e-01 6.5037523875e-01
      vertex -1.2834386031e-01 6.6164444795e-01 6.4106355294e-01
    endloop
  endfacet
  facet normal -4.465169e-01 7.084426e-01 5.465636e-01
    outer loop
      vertex -1.1349762493e-01 6.8948385501e-01 6.1710746272e-01
      vertex -1.2834386031e-01 6.6164444795e-01 6.4106355294e-01
      vertex -9.2937008615e-02 6.7677669530e-01 6.5037523875e-01
    endloop
  endfacet
  facet normal -6.354715e-01 5.037511e-01 5.851588e-01
    outer loop
      vertex -1.7204774006e-01 6.0633135104e-01 6.4694631307e-01
      vertex -1.4106355294e-01 6.2834386031e-01 6.6164444795e-01
      vertex -1.6164444795e-01 6.4106355294e-01 6.2834386031e-01
    endloop
  endfacet
  facet normal -5.037511e-01 5.851588e-01 6.354715e-01
    outer loop
      vertex -1.0633135104e-01 6.4694631307e-01 6.7204774006e-01
      vertex -1.2834386031e-01 6.6164444795e-01 6.4106355294e-01
      vertex -1.4106355294e-01 6.2834386031e-01 6.6164444795e-01
    endloop
  endfacet
  facet normal -5.851588e-01 6.354715e-01 5.037511e-01
    outer loop
      vertex -1.4694631307e-01 6.7204774006e-01 6.0633135104e-01
      vertex -1.6164444795e-01 6.4106355294e-01 6.2834386031e-01
      vertex -1.2834386031e-01 6.6164444795e-01 6.4106355294e-01
    endloop
  endfacet
  facet normal -5.773503e-01 5.773503e-01 5.773503e-01
    outer loop
      vertex -1.4106355294e-01 6.2834386031e-01 6.6164444795e-01
      vertex -1.2834386031e-01 6.6164444795e-01 6.4106355294e-01
      vertex -1.6164444795e-01 6.4106355294e-01 6.2834386031e-01
    endloop
  endfacet
  facet normal -4.650712e-01 8.838505e-01 5.017104e-02
    outer loop
      vertex -1.3143277803e-01 7.1266270209e-01 5.0000000000e-01
      vertex -1.2111041052e-01 7.1623233397e-01 5.3280009470e-01
      vertex -1.0083883715e-01 7.2876085531e-01 5.0000000000e-01
    endloop
  endfacet
  facet normal -4.192398e-01 8.897882e-01 1.803191e-01
    outer loop
      vertex -1.0847214114e-01 7.1566712010e-01 5.6497297825e-01
      vertex -8.9557198372e-02 7.3107615015e-01 5.3291384284e-01
      vertex -1.2111041052e-01 7.1623233397e-01 5.3280009470e-01
    endloop
  endfacet
  facet normal -3.386983e-01 9.395655e-01 5.000027e-02
    outer loop
      vertex -6.8316632228e-02 7.4048458945e-01 5.0000000000e-01
      vertex -1.0083883715e-01 7.2876085531e-01 5.0000000000e-01
      vertex -8.9557198372e-02 7.3107615015e-01 5.3291384284e-01
    endloop
  endfacet
  facet normal -4.244916e-01 9.017047e-01 8.207030e-02
    outer loop
      vertex -1.2111041052e-01 7.1623233397e-01 5.3280009470e-01
      vertex -8.9557198372e-02 7.3107615015e-01 5.3291384284e-01
      vertex -1.0083883715e-01 7.2876085531e-01 5.0000000000e-01
    endloop
  endfacet
  facet normal -3.023772e-01 8.521837e-01 4.270257e-01
    outer loop
      vertex -7.7254248594e-02 7.0225424859e-01 6.2500000000e-01
      vertex -5.9669232580e-02 7.2275163105e-01 5.9654684640e-01
      vertex -9.3759641870e-02 7.1097786866e-01 5.9590343317e-01
    endloop
  endfacet
  facet normal -2.288929e-01 9.233856e-01 3.081672e-01
    outer loop
      vertex -4.0614962029e-02 7.3776412907e-01 5.6571638901e-01
      vertex -7.5314719773e-02 7.2906104380e-01 5.6602068766e-01
      vertex -5.9669232580e-02 7.2275163105e-01 5.9654684640e-01
    endloop
  endfacet
  facet normal -3.648012e-01 8.790876e-01 3.067980e-01
    outer loop
      vertex -1.0847214114e-01 7.1566712010e-01 5.6497297825e-01
      vertex -9.3759641870e-02 7.1097786866e-01 5.9590343317e-01
      vertex -7.5314719773e-02 7.2906104380e-01 5.6602068766e-01
    endloop
  endfacet
  facet normal -3.124011e-01 8.857887e-01 3.431966e-01
    outer loop
      vertex -5.9669232580e-02 7.2275163105e-01 5.9654684640e-01
      vertex -7.5314719773e-02 7.2906104380e-01 5.6602068766e-01
      vertex -9.3759641870e-02 7.1097786866e-01 5.9590343317e-01
    endloop
  endfacet
  facet normal -6.905681e-02 9.963836e-01 4.950537e-02
    outer loop
      vertex 0.0000000000e+00 7.5000000000e-01 5.0000000000e-01
      vertex -3.4488060532e-02 7.4760972049e-01 5.0000000000e-01
      vertex -2.0560616320e-02 7.4692208515e-01 5.3326777604e-01
    endloop
  endfacet
  facet normal -2.058489e-01 9.773256e-01 4.960764e-02
    outer loop
      vertex -6.8316632228e-02 7.4048458945e-01 5.0000000000e-01
      vertex -5.5029256868e-02 7.4159814935e-01 5.3319811921e-01
      vertex -3.4488060532e-02 7.4760972049e-01 5.0000000000e-01
    endloop
  endfacet
  facet normal -1.504758e-01 9.718501e-01 1.812856e-01
    outer loop
      vertex -4.0614962029e-02 7.3776412907e-01 5.6571638901e-01
      vertex -2.0560616320e-02 7.4692208515e-01 5.3326777604e-01
      vertex -5.5029256868e-02 7.4159814935e-01 5.3319811921e-01
    endloop
  endfacet
  facet normal -1.522724e-01 9.847537e-01 8.410292e-02
    outer loop
      vertex -3.4488060532e-02 7.4760972049e-01 5.0000000000e-01
      vertex -5.5029256868e-02 7.4159814935e-01 5.3319811921e-01
      vertex -2.0560616320e-02 7.4692208515e-01 5.3326777604e-01
    endloop
  endfacet
  facet normal -3.716277e-01 9.031797e-01 2.148469e-01
    outer loop
      vertex -1.0847214114e-01 7.1566712010e-01 5.6497297825e-01
      vertex -7.5314719773e-02 7.2906104380e-01 5.6602068766e-01
      vertex -8.9557198372e-02 7.3107615015e-01 5.3291384284e-01
    endloop
  endfacet
  facet normal -2.357379e-01 9.474616e-01 2.162041e-01
    outer loop
      vertex -4.0614962029e-02 7.3776412907e-01 5.6571638901e-01
      vertex -5.5029256868e-02 7.4159814935e-01 5.3319811921e-01
      vertex -7.5314719773e-02 7.2906104380e-01 5.6602068766e-01
    endloop
  endfacet
  facet normal -2.910970e-01 9.529505e-01 8.454536e-02
    outer loop
      vertex -6.8316632228e-02 7.4048458945e-01 5.0000000000e-01
      vertex -8.9557198372e-02 7.3107615015e-01 5.3291384284e-01
      vertex -5.5029256868e-02 7.4159814935e-01 5.3319811921e-01
    endloop
  endfacet
  facet normal -2.880454e-01 9.403266e-01 1.811510e-01
    outer loop
      vertex -7.5314719773e-02 7.2906104380e-01 5.6602068766e-01
      vertex -5.5029256868e-02 7.4159814935e-01 5.3319811921e-01
      vertex -8.9557198372e-02 7.3107615015e-01 5.3291384284e-01
    endloop
  endfacet
  facet normal 0.000000e+00 5.964207e-01 8.026720e-01
    outer loop
      vertex 0.0000000000e+00 6.3143277803e-01 7.1266270209e-01
      vertex 2.0271573361e-02 6.5391050522e-01 6.9596076060e-01
      vertex -2.0271573361e-02 6.5391050522e-01 6.9596076060e-01
    endloop
  endfacet
  facet normal 8.054149e-02 6.804611e-01 7.283445e-01
    outer loop
      vertex 4.0155508910e-02 6.7344511939e-01 6.7551161119e-01
      vertex 0.0000000000e+00 6.7572675762e-01 6.7782043374e-01
      vertex 2.0271573361e-02 6.5391050522e-01 6.9596076060e-01
    endloop
  endfacet
  facet normal -8.054149e-02 6.804611e-01 7.283445e-01
    outer loop
      vertex -4.0155508910e-02 6.7344511939e-01 6.7551161119e-01
      vertex -2.0271573361e-02 6.5391050522e-01 6.9596076060e-01
      vertex 0.0000000000e+00 6.7572675762e-01 6.7782043374e-01
    endloop
  endfacet
  facet normal 0.000000e+00 6.393544e-01 7.689122e-01
    outer loop
      vertex 2.0271573361e-02 6.5391050522e-01 6.9596076060e-01
      vertex 0.0000000000e+00 6.7572675762e-01 6.7782043374e-01
      vertex -2.0271573361e-02 6.5391050522e-01 6.9596076060e-01
    endloop
  endfacet
  facet normal 2.333204e-01 8.095043e-01 5.387620e-01
    outer loop
      vertex 7.7254248594e-02 7.0225424859e-01 6.2500000000e-01
      vertex 3.9108616260e-02 7.1004447133e-01 6.2981462243e-01
      vertex 5.9271581338e-02 6.8966307504e-01 6.5170628732e-01
    endloop
  endfacet
  facet normal 7.841715e-02 8.303865e-01 5.516422e-01
    outer loop
      vertex 0.0000000000e+00 7.1266270209e-01 6.3143277803e-01
      vertex 2.0285462905e-02 6.9505109268e-01 6.5505989565e-01
      vertex 3.9108616260e-02 7.1004447133e-01 6.2981462243e-01
    endloop
  endfacet
  facet normal 1.589524e-01 7.518660e-01 6.398684e-01
    outer loop
      vertex 4.0155508910e-02 6.7344511939e-01 6.7551161119e-01
      vertex 5.9271581338e-02 6.8966307504e-01 6.5170628732e-01
      vertex 2.0285462905e-02 6.9505109268e-01 6.5505989565e-01
    endloop
  endfacet
  facet normal 1.601287e-01 7.916792e-01 5.895786e-01
    outer loop
      vertex 3.9108616260e-02 7.1004447133e-01 6.2981462243e-01
      vertex 2.0285462905e-02 6.9505109268e-01 6.5505989565e-01
      vertex 5.9271581338e-02 6.8966307504e-01 6.5170628732e-01
    endloop
  endfacet
  facet normal -2.333204e-01 8.095043e-01 5.387620e-01
    outer loop
      vertex -7.7254248594e-02 7.0225424859e-01 6.2500000000e-01
      vertex -5.9271581338e-02 6.8966307504e-01 6.5170628732e-01
      vertex -3.9108616260e-02 7.1004447133e-01 6.2981462243e-01
    endloop
  endfacet
  facet normal -1.589524e-01 7.518660e-01 6.398684e-01
    outer loop
      vertex -4.0155508910e-02 6.7344511939e-01 6.7551161119e-01
      vertex -2.0285462905e-02 6.9505109268e-01 6.5505989565e-01
      vertex -5.9271581338e-02 6.8966307504e-01 6.5170628732e-01
    endloop
  endfacet
  facet normal -7.841715e-02 8.303865e-01 5.516422e-01
    outer loop
      vertex 0.0000000000e+00 7.1266270209e-01 6.3143277803e-01
      vertex -3.9108616260e-02 7.1004447133e-01 6.2981462243e-01
      vertex -2.0285462905e-02 6.9505109268e-01 6.5505989565e-01
    endloop
  endfacet
  facet normal -1.601287e-01 7.916792e-01 5.895786e-01
    outer loop
      vertex -5.9271581338e-02 6.8966307504e-01 6.5170628732e-01
      vertex -2.0285462905e-02 6.9505109268e-01 6.5505989565e-01
      vertex -3.9108616260e-02 7.1004447133e-01 6.2981462243e-01
    endloop
  endfacet
  facet normal 8.053079e-02 7.232719e-01 6.858517e-01
    outer loop
      vertex 4.0155508910e-02 6.7344511939e-01 6.7551161119e-01
      vertex 2.0285462905e-02 6.9505109268e-01 6.5505989565e-01
      vertex 0.0000000000e+00 6.7572675762e-01 6.7782043374e-01
    endloop
  endfacet
  facet normal 0.000000e+00 8.017675e-01 5.976360e-01
    outer loop
      vertex 0.0000000000e+00 7.1266270209e-01 6.3143277803e-01
      vertex -2.0285462905e-02 6.9505109268e-01 6.5505989565e-01
      vertex 2.0285462905e-02 6.9505109268e-01 6.5505989565e-01
    endloop
  endfacet
  facet normal -8.053079e-02 7.232719e-01 6.858517e-01
    outer loop
      vertex -4.0155508910e-02 6.7344511939e-01 6.7551161119e-01
      vertex 0.0000000000e+00 6.7572675762e-01 6.7782043374e-01
      vertex -2.0285462905e-02 6.9505109268e-01 6.5505989565e-01
    endloop
  endfacet
  facet normal 0.000000e+00 7.623048e-01 6.472182e-01
    outer loop
      vertex 2.0285462905e-02 6.9505109268e-01 6.5505989565e-01
      vertex -2.0285462905e-02 6.9505109268e-01 6.5505989565e-01
      vertex 0.0000000000e+00 6.7572675762e-01 6.7782043374e-01
    endloop
  endfacet
  facet normal 4.650712e-01 8.838505e-01 5.017104e-02
    outer loop
      vertex 1.3143277803e-01 7.1266270209e-01 5.0000000000e-01
      vertex 1.0083883715e-01 7.2876085531e-01 5.0000000000e-01
      vertex 1.2111041052e-01 7.1623233397e-01 5.3280009470e-01
    endloop
  endfacet
  facet normal 3.386983e-01 9.395655e-01 5.000027e-02
    outer loop
      vertex 6.8316632228e-02 7.4048458945e-01 5.0000000000e-01
      vertex 8.9557198372e-02 7.3107615015e-01 5.3291384284e-01
      vertex 1.0083883715e-01 7.2876085531e-01 5.0000000000e-01
    endloop
  endfacet
  facet normal 4.192398e-01 8.897882e-01 1.803191e-01
    outer loop
      vertex 1.0847214114e-01 7.1566712010e-01 5.6497297825e-01
      vertex 1.2111041052e-01 7.1623233397e-01 5.3280009470e-01
      vertex 8.9557198372e-02 7.3107615015e-01 5.3291384284e-01
    endloop
  endfacet
  facet normal 4.244916e-01 9.017047e-01 8.207030e-02
    outer loop
      vertex 1.0083883715e-01 7.2876085531e-01 5.0000000000e-01
      vertex 8.9557198372e-02 7.3107615015e-01 5.3291384284e-01
      vertex 1.2111041052e-01 7.1623233397e-01 5.3280009470e-01
    endloop
  endfacet
  facet normal 6.905681e-02 9.963836e-01 4.950537e-02
    outer loop
      vertex 0.0000000000e+00 7.5000000000e-01 5.0000000000e-01
      vertex 2.0560616320e-02 7.4692208515e-01 5.3326777604e-01
      vertex 3.4488060532e-02 7.4760972049e-01 5.0000000000e-01
    endloop
  endfacet
  facet normal 1.504758e-01 9.718501e-01 1.812856e-01
    outer loop
      vertex 4.0614962029e-02 7.3776412907e-01 5.6571638901e-01
      vertex 5.5029256868e-02 7.4159814935e-01 5.3319811921e-01
      vertex 2.0560616320e-02 7.4692208515e-01 5.3326777604e-01
    endloop
  endfacet
  facet normal 2.058489e-01 9.773256e-01 4.960764e-02
    outer loop
      vertex 6.8316632228e-02 7.4048458945e-01 5.0000000000e-01
      vertex 3.4488060532e-02 7.4760972049e-01 5.0000000000e-01
      vertex 5.5029256868e-02 7.4159814935e-01 5.3319811921e-01
    endloop
  endfacet
  facet normal 1.522724e-01 9.847537e-01 8.410292e-02
    outer loop
      vertex 2.0560616320e-02 7.4692208515e-01 5.3326777604e-01
      vertex 5.5029256868e-02 7.4159814935e-01 5.3319811921e-01
      vertex 3.4488060532e-02 7.4760972049e-01 5.0000000000e-01
    endloop
  endfacet
  facet normal 3.023772e-01 8.521837e-01 4.270257e-01
    outer loop
      vertex 7.7254248594e-02 7.0225424859e-01 6.2500000000e-01
      vertex 9.3759641870e-02 7.1097786866e-01 5.9590343317e-01
      vertex 5.9669232580e-02 7.2275163105e-01 5.9654684640e-01
    endloop
  endfacet
  facet normal 3.648012e-01 8.790876e-01 3.067980e-01
    outer loop
      vertex 1.0847214114e-01 7.1566712010e-01 5.6497297825e-01
      vertex 7.5314719773e-02 7.2906104380e-01 5.6602068766e-01
      vertex 9.3759641870e-02 7.1097786866e-01 5.9590343317e-01
    endloop
  endfacet
  facet normal 2.288929e-01 9.233856e-01 3.081672e-01
    outer loop
      vertex 4.0614962029e-02 7.3776412907e-01 5.6571638901e-01
      vertex 5.9669232580e-02 7.2275163105e-01 5.9654684640e-01
      vertex 7.5314719773e-02 7.2906104380e-01 5.6602068766e-01
    endloop
  endfacet
  facet normal 3.124011e-01 8.857887e-01 3.431966e-01
    outer loop
      vertex 9.3759641870e-02 7.1097786866e-01 5.9590343317e-01
      vertex 7.5314719773e-02 7.2906104380e-01 5.6602068766e-01
      vertex 5.9669232580e-02 7.2275163105e-01 5.9654684640e-01
    endloop
  endfacet
  facet normal 2.910970e-01 9.529505e-01 8.454536e-02
    outer loop
      vertex 6.8316632228e-02 7.4048458945e-01 5.0000000000e-01
      vertex 5.5029256868e-02 7.4159814935e-01 5.3319811921e-01
      vertex 8.9557198372e-02 7.3107615015e-01 5.3291384284e-01
    endloop
  endfacet
  facet normal 2.357379e-01 9.474616e-01 2.162041e-01
    outer loop
      vertex 4.0614962029e-02 7.3776412907e-01 5.6571638901e-01
      vertex 7.5314719773e-02 7.2906104380e-01 5.6602068766e-01
      vertex 5.5029256868e-02 7.4159814935e-01 5.3319811921e-01
    endloop
  endfacet
  facet normal 3.716277e-01 9.031797e-01 2.148469e-01
    outer loop
      vertex 1.0847214114e-01 7.1566712010e-01 5.6497297825e-01
      vertex 8.9557198372e-02 7.3107615015e-01 5.3291384284e-01
      vertex 7.5314719773e-02 7.2906104380e-01 5.6602068766e-01
    endloop
  endfacet
  facet normal 2.880454e-01 9.403266e-01 1.811510e-01
    outer loop
      vertex 5.5029256868e-02 7.4159814935e-01 5.3319811921e-01
      vertex 7.5314719773e-02 7.2906104380e-01 5.6602068766e-01
      vertex 8.9557198372e-02 7.3107615015e-01 5.3291384284e-01
    endloop
  endfacet
  facet normal -2.331714e-01 8.516395e-01 4.694052e-01
    outer loop
      vertex -7.7254248594e-02 7.0225424859e-01 6.2500000000e-01
      vertex -3.9108616260e-02 7.1004447133e-01 6.2981462243e-01
      vertex -5.9669232580e-02 7.2275163105e-01 5.9654684640e-01
    endloop
  endfacet
  facet normal -7.836719e-02 8.724736e-01 4.823363e-01
    outer loop
      vertex 0.0000000000e+00 7.1266270209e-01 6.3143277803e-01
      vertex -2.0580895008e-02 7.2824562323e-01 5.9990176293e-01
      vertex -3.9108616260e-02 7.1004447133e-01 6.2981462243e-01
    endloop
  endfacet
  facet normal -1.597927e-01 9.227974e-01 3.505871e-01
    outer loop
      vertex -4.0614962029e-02 7.3776412907e-01 5.6571638901e-01
      vertex -5.9669232580e-02 7.2275163105e-01 5.9654684640e-01
      vertex -2.0580895008e-02 7.2824562323e-01 5.9990176293e-01
    endloop
  endfacet
  facet normal -1.618790e-01 8.843585e-01 4.378416e-01
    outer loop
      vertex -3.9108616260e-02 7.1004447133e-01 6.2981462243e-01
      vertex -2.0580895008e-02 7.2824562323e-01 5.9990176293e-01
      vertex -5.9669232580e-02 7.2275163105e-01 5.9654684640e-01
    endloop
  endfacet
  facet normal 2.331714e-01 8.516395e-01 4.694052e-01
    outer loop
      vertex 7.7254248594e-02 7.0225424859e-01 6.2500000000e-01
      vertex 5.9669232580e-02 7.2275163105e-01 5.9654684640e-01
      vertex 3.9108616260e-02 7.1004447133e-01 6.2981462243e-01
    endloop
  endfacet
  facet normal 1.597927e-01 9.227974e-01 3.505871e-01
    outer loop
      vertex 4.0614962029e-02 7.3776412907e-01 5.6571638901e-01
      vertex 2.0580895008e-02 7.2824562323e-01 5.9990176293e-01
      vertex 5.9669232580e-02 7.2275163105e-01 5.9654684640e-01
    endloop
  endfacet
  facet normal 7.836719e-02 8.724736e-01 4.823363e-01
    outer loop
      vertex 0.0000000000e+00 7.1266270209e-01 6.3143277803e-01
      vertex 3.9108616260e-02 7.1004447133e-01 6.2981462243e-01
      vertex 2.0580895008e-02 7.2824562323e-01 5.9990176293e-01
    endloop
  endfacet
  facet normal 1.618790e-01 8.843585e-01 4.378416e-01
    outer loop
      vertex 5.9669232580e-02 7.2275163105e-01 5.9654684640e-01
      vertex 2.0580895008e-02 7.2824562323e-01 5.9990176293e-01
      vertex 3.9108616260e-02 7.1004447133e-01 6.2981462243e-01
    endloop
  endfacet
  facet normal 0.000000e+00 9.957474e-01 9.212595e-02
    outer loop
      vertex 0.0000000000e+00 7.5000000000e-01 5.0000000000e-01
      vertex -2.0560616320e-02 7.4692208515e-01 5.3326777604e-01
      vertex 2.0560616320e-02 7.4692208515e-01 5.3326777604e-01
    endloop
  endfacet
  facet normal -8.142553e-02 9.712310e-01 2.237863e-01
    outer loop
      vertex -4.0614962029e-02 7.3776412907e-01 5.6571638901e-01
      vertex 0.0000000000e+00 7.4096531587e-01 5.6660117528e-01
      vertex -2.0560616320e-02 7.4692208515e-01 5.3326777604e-01
    endloop
  endfacet
  facet normal 8.142553e-02 9.712310e-01 2.237863e-01
    outer loop
      vertex 4.0614962029e-02 7.3776412907e-01 5.6571638901e-01
      vertex 2.0560616320e-02 7.4692208515e-01 5.3326777604e-01
      vertex 0.0000000000e+00 7.4096531587e-01 5.6660117528e-01
    endloop
  endfacet
  facet normal -0.000000e+00 9.844052e-01 1.759159e-01
    outer loop
      vertex -2.0560616320e-02 7.4692208515e-01 5.3326777604e-01
      vertex 0.0000000000e+00 7.4096531587e-01 5.6660117528e-01
      vertex 2.0560616320e-02 7.4692208515e-01 5.3326777604e-01
    endloop
  endfacet
  facet normal 0.000000e+00 8.964941e-01 4.430557e-01
    outer loop
      vertex 0.0000000000e+00 7.1266270209e-01 6.3143277803e-01
      vertex 2.0580895008e-02 7.2824562323e-01 5.9990176293e-01
      vertex -2.0580895008e-02 7.2824562323e-01 5.9990176293e-01
    endloop
  endfacet
  facet normal 8.140770e-02 9.468068e-01 3.113353e-01
    outer loop
      vertex 4.0614962029e-02 7.3776412907e-01 5.6571638901e-01
      vertex 0.0000000000e+00 7.4096531587e-01 5.6660117528e-01
      vertex 2.0580895008e-02 7.2824562323e-01 5.9990176293e-01
    endloop
  endfacet
  facet normal -8.140770e-02 9.468068e-01 3.113353e-01
    outer loop
      vertex -4.0614962029e-02 7.3776412907e-01 5.6571638901e-01
      vertex -2.0580895008e-02 7.2824562323e-01 5.9990176293e-01
      vertex 0.0000000000e+00 7.4096531587e-01 5.6660117528e-01
    endloop
  endfacet
  facet normal 0.000000e+00 9.341724e-01 3.568221e-01
    outer loop
      vertex 2.0580895008e-02 7.2824562323e-01 5.9990176293e-01
      vertex 0.0000000000e+00 7.4096531587e-01 5.6660117528e-01
      vertex -2.0580895008e-02 7.2824562323e-01 5.9990176293e-01
    endloop
  endfacet
  facet normal -4.650712e-01 8.838505e-01 -5.017104e-02
    outer loop
      vertex -1.3143277803e-01 7.1266270209e-01 5.0000000000e-01
      vertex -1.0083883715e-01 7.2876085531e-01 5.0000000000e-01
      vertex -1.2111041052e-01 7.1623233397e-01 4.6719990530e-01
    endloop
  endfacet
  facet normal -3.386983e-01 9.395655e-01 -5.000027e-02
    outer loop
      vertex -6.8316632228e-02 7.4048458945e-01 5.0000000000e-01
      vertex -8.9557198372e-02 7.3107615015e-01 4.6708615716e-01
      vertex -1.0083883715e-01 7.2876085531e-01 5.0000000000e-01
    endloop
  endfacet
  facet normal -4.192398e-01 8.897882e-01 -1.803191e-01
    outer loop
      vertex -1.0847214114e-01 7.1566712010e-01 4.3502702175e-01
      vertex -1.2111041052e-01 7.1623233397e-01 4.6719990530e-01
      vertex -8.9557198372e-02 7.3107615015e-01 4.6708615716e-01
    endloop
  endfacet
  facet normal -4.244916e-01 9.017047e-01 -8.207030e-02
    outer loop
      vertex -1.0083883715e-01 7.2876085531e-01 5.0000000000e-01
      vertex -8.9557198372e-02 7.3107615015e-01 4.6708615716e-01
      vertex -1.2111041052e-01 7.1623233397e-01 4.6719990530e-01
    endloop
  endfacet
  facet normal -6.905681e-02 9.963836e-01 -4.950537e-02
    outer loop
      vertex 0.0000000000e+00 7.5000000000e-01 5.0000000000e-01
      vertex -2.0560616320e-02 7.4692208515e-01 4.6673222396e-01
      vertex -3.4488060532e-02 7.4760972049e-01 5.0000000000e-01
    endloop
  endfacet
  facet normal -1.504758e-01 9.718501e-01 -1.812856e-01
    outer loop
      vertex -4.0614962029e-02 7.3776412907e-01 4.3428361099e-01
      vertex -5.5029256868e-02 7.4159814935e-01 4.6680188079e-01
      vertex -2.0560616320e-02 7.4692208515e-01 4.6673222396e-01
    endloop
  endfacet
  facet normal -2.058489e-01 9.773256e-01 -4.960764e-02
    outer loop
      vertex -6.8316632228e-02 7.4048458945e-01 5.0000000000e-01
      vertex -3.4488060532e-02 7.4760972049e-01 5.0000000000e-01
      vertex -5.5029256868e-02 7.4159814935e-01 4.6680188079e-01
    endloop
  endfacet
  facet normal -1.522724e-01 9.847537e-01 -8.410292e-02
    outer loop
      vertex -2.0560616320e-02 7.4692208515e-01 4.6673222396e-01
      vertex -5.5029256868e-02 7.4159814935e-01 4.6680188079e-01
      vertex -3.4488060532e-02 7.4760972049e-01 5.0000000000e-01
    endloop
  endfacet
  facet normal -3.023772e-01 8.521837e-01 -4.270257e-01
    outer loop
      vertex -7.7254248594e-02 7.0225424859e-01 3.7500000000e-01
      vertex -9.3759641870e-02 7.1097786866e-01 4.0409656683e-01
      vertex -5.9669232580e-02 7.2275163105e-01 4.0345315360e-01
    endloop
  endfacet
  facet normal -3.648012e-01 8.790876e-01 -3.067980e-01
    outer loop
      vertex -1.0847214114e-01 7.1566712010e-01 4.3502702175e-01
      vertex -7.5314719773e-02 7.2906104380e-01 4.3397931234e-01
      vertex -9.3759641870e-02 7.1097786866e-01 4.0409656683e-01
    endloop
  endfacet
  facet normal -2.288929e-01 9.233856e-01 -3.081672e-01
    outer loop
      vertex -4.0614962029e-02 7.3776412907e-01 4.3428361099e-01
      vertex -5.9669232580e-02 7.2275163105e-01 4.0345315360e-01
      vertex -7.5314719773e-02 7.2906104380e-01 4.3397931234e-01
    endloop
  endfacet
  facet normal -3.124011e-01 8.857887e-01 -3.431966e-01
    outer loop
      vertex -9.3759641870e-02 7.1097786866e-01 4.0409656683e-01
      vertex -7.5314719773e-02 7.2906104380e-01 4.3397931234e-01
      vertex -5.9669232580e-02 7.2275163105e-01 4.0345315360e-01
    endloop
  endfacet
  facet normal -2.910970e-01 9.529505e-01 -8.454536e-02
    outer loop
      vertex -6.8316632228e-02 7.4048458945e-01 5.0000000000e-01
      vertex -5.5029256868e-02 7.4159814935e-01 4.6680188079e-01
      vertex -8.9557198372e-02 7.3107615015e-01 4.6708615716e-01
    endloop
  endfacet
  facet normal -2.357379e-01 9.474616e-01 -2.162041e-01
    outer loop
      vertex -4.0614962029e-02 7.3776412907e-01 4.3428361099e-01
      vertex -7.5314719773e-02 7.2906104380e-01 4.3397931234e-01
      vertex -5.5029256868e-02 7.4159814935e-01 4.6680188079e-01
    endloop
  endfacet
  facet normal -3.716277e-01 9.031797e-01 -2.148469e-01
    outer loop
      vertex -1.0847214114e-01 7.1566712010e-01 4.3502702175e-01
      vertex -8.9557198372e-02 7.3107615015e-01 4.6708615716e-01
      vertex -7.5314719773e-02 7.2906104380e-01 4.3397931234e-01
    endloop
  endfacet
  facet normal -2.880454e-01 9.403266e-01 -1.811510e-01
    outer loop
      vertex -5.5029256868e-02 7.4159814935e-01 4.6680188079e-01
      vertex -7.5314719773e-02 7.2906104380e-01 4.3397931234e-01
      vertex -8.9557198372e-02 7.3107615015e-01 4.6708615716e-01
    endloop
  endfacet
  facet normal 4.650712e-01 8.838505e-01 -5.017104e-02
    outer loop
      vertex 1.3143277803e-01 7.1266270209e-01 5.0000000000e-01
      vertex 1.2111041052e-01 7.1623233397e-01 4.6719990530e-01
      vertex 1.0083883715e-01 7.2876085531e-01 5.0000000000e-01
    endloop
  endfacet
  facet normal 4.192398e-01 8.897882e-01 -1.803191e-01
    outer loop
      vertex 1.0847214114e-01 7.1566712010e-01 4.3502702175e-01
      vertex 8.9557198372e-02 7.3107615015e-01 4.6708615716e-01
      vertex 1.2111041052e-01 7.1623233397e-01 4.6719990530e-01
    endloop
  endfacet
  facet normal 3.386983e-01 9.395655e-01 -5.000027e-02
    outer loop
      vertex 6.8316632228e-02 7.4048458945e-01 5.0000000000e-01
      vertex 1.0083883715e-01 7.2876085531e-01 5.0000000000e-01
      vertex 8.9557198372e-02 7.3107615015e-01 4.6708615716e-01
    endloop
  endfacet
  facet normal 4.244916e-01 9.017047e-01 -8.207030e-02
    outer loop
      vertex 1.2111041052e-01 7.1623233397e-01 4.6719990530e-01
      vertex 8.9557198372e-02 7.3107615015e-01 4.6708615716e-01
      vertex 1.0083883715e-01 7.2876085531e-01 5.0000000000e-01
    endloop
  endfacet
  facet normal 3.023772e-01 8.521837e-01 -4.270257e-01
    outer loop
      vertex 7.7254248594e-02 7.0225424859e-01 3.7500000000e-01
      vertex 5.9669232580e-02 7.2275163105e-01 4.0345315360e-01
      vertex 9.3759641870e-02 7.1097786866e-01 4.0409656683e-01
    endloop
  endfacet
  facet normal 2.288929e-01 9.233856e-01 -3.081672e-01
    outer loop
      vertex 4.0614962029e-02 7.3776412907e-01 4.3428361099e-01
      vertex 7.5314719773e-02 7.2906104380e-01 4.3397931234e-01
      vertex 5.9669232580e-02 7.2275163105e-01 4.0345315360e-01
    endloop
  endfacet
  facet normal 3.648012e-01 8.790876e-01 -3.067980e-01
    outer loop
      vertex 1.0847214114e-01 7.1566712010e-01 4.3502702175e-01
      vertex 9.3759641870e-02 7.1097786866e-01 4.0409656683e-01
      vertex 7.5314719773e-02 7.2906104380e-01 4.3397931234e-01
    endloop
  endfacet
  facet normal 3.124011e-01 8.857887e-01 -3.431966e-01
    outer loop
      vertex 5.9669232580e-02 7.2275163105e-01 4.0345315360e-01
      vertex 7.5314719773e-02 7.2906104380e-01 4.3397931234e-01
      vertex 9.3759641870e-02 7.1097786866e-01 4.0409656683e-01
    endloop
  endfacet
  facet normal 6.905681e-02 9.963836e-01 -4.950537e-02
    outer loop
      vertex 0.0000000000e+00 7.5000000000e-01 5.0000000000e-01
      vertex 3.4488060532e-02 7.4760972049e-01 5.0000000000e-01
      vertex 2.0560616320e-02 7.4692208515e-01 4.6673222396e-01
    endloop
  endfacet
  facet normal 2.058489e-01 9.773256e-01 -4.960764e-02
    outer loop
      vertex 6.8316632228e-02 7.4048458945e-01 5.0000000000e-01
      vertex 5.5029256868e-02 7.4159814935e-01 4.6680188079e-01
      vertex 3.4488060532e-02 7.4760972049e-01 5.0000000000e-01
    endloop
  endfacet
  facet normal 1.504758e-01 9.718501e-01 -1.812856e-01
    outer loop
      vertex 4.0614962029e-02 7.3776412907e-01 4.3428361099e-01
      vertex 2.0560616320e-02 7.4692208515e-01 4.6673222396e-01
      vertex 5.5029256868e-02 7.4159814935e-01 4.6680188079e-01
    endloop
  endfacet
  facet normal 1.522724e-01 9.847537e-01 -8.410292e-02
    outer loop
      vertex 3.4488060532e-02 7.4760972049e-01 5.0000000000e-01
      vertex 5.5029256868e-02 7.4159814935e-01 4.6680188079e-01
      vertex 2.0560616320e-02 7.4692208515e-01 4.6673222396e-01
    endloop
  endfacet
  facet normal 3.716277e-01 9.031797e-01 -2.148469e-01
    outer loop
      vertex 1.0847214114e-01 7.1566712010e-01 4.3502702175e-01
      vertex 7.5314719773e-02 7.2906104380e-01 4.3397931234e-01
      vertex 8.9557198372e-02 7.3107615015e-01 4.6708615716e-01
    endloop
  endfacet
  facet normal 2.357379e-01 9.474616e-01 -2.162041e-01
    outer loop
      vertex 4.0614962029e-02 7.3776412907e-01 4.3428361099e-01
      vertex 5.5029256868e-02 7.4159814935e-01 4.6680188079e-01
      vertex 7.5314719773e-02 7.2906104380e-01 4.3397931234e-01
    endloop
  endfacet
  facet normal 2.910970e-01 9.529505e-01 -8.454536e-02
    outer loop
      vertex 6.8316632228e-02 7.4048458945e-01 5.0000000000e-01
      vertex 8.9557198372e-02 7.3107615015e-01 4.6708615716e-01
      vertex 5.5029256868e-02 7.4159814935e-01 4.6680188079e-01
    endloop
  endfacet
  facet normal 2.880454e-01 9.403266e-01 -1.811510e-01
    outer loop
      vertex 7.5314719773e-02 7.2906104380e-01 4.3397931234e-01
      vertex 5.5029256868e-02 7.4159814935e-01 4.6680188079e-01
      vertex 8.9557198372e-02 7.3107615015e-01 4.6708615716e-01
    endloop
  endfacet
  facet normal 0.000000e+00 5.964207e-01 -8.026720e-01
    outer loop
      vertex 0.0000000000e+00 6.3143277803e-01 2.8733729791e-01
      vertex -2.0271573361e-02 6.5391050522e-01 3.0403923940e-01
      vertex 2.0271573361e-02 6.5391050522e-01 3.0403923940e-01
    endloop
  endfacet
  facet normal -8.054149e-02 6.804611e-01 -7.283445e-01
    outer loop
      vertex -4.0155508910e-02 6.7344511939e-01 3.2448838881e-01
      vertex 0.0000000000e+00 6.7572675762e-01 3.2217956626e-01
      vertex -2.0271573361e-02 6.5391050522e-01 3.0403923940e-01
    endloop
  endfacet
  facet normal 8.054149e-02 6.804611e-01 -7.283445e-01
    outer loop
      vertex 4.0155508910e-02 6.7344511939e-01 3.2448838881e-01
      vertex 2.0271573361e-02 6.5391050522e-01 3.0403923940e-01
      vertex 0.0000000000e+00 6.7572675762e-01 3.2217956626e-01
    endloop
  endfacet
  facet normal 0.000000e+00 6.393544e-01 -7.689122e-01
    outer loop
      vertex -2.0271573361e-02 6.5391050522e-01 3.0403923940e-01
      vertex 0.0000000000e+00 6.7572675762e-01 3.2217956626e-01
      vertex 2.0271573361e-02 6.5391050522e-01 3.0403923940e-01
    endloop
  endfacet
  facet normal -2.333204e-01 8.095043e-01 -5.387620e-01
    outer loop
      vertex -7.7254248594e-02 7.0225424859e-01 3.7500000000e-01
      vertex -3.9108616260e-02 7.1004447133e-01 3.7018537757e-01
      vertex -5.9271581338e-02 6.8966307504e-01 3.4829371268e-01
    endloop
  endfacet
  facet normal -7.841715e-02 8.303865e-01 -5.516422e-01
    outer loop
      vertex 0.0000000000e+00 7.1266270209e-01 3.6856722197e-01
      vertex -2.0285462905e-02 6.9505109268e-01 3.4494010435e-01
      vertex -3.9108616260e-02 7.1004447133e-01 3.7018537757e-01
    endloop
  endfacet
  facet normal -1.589524e-01 7.518660e-01 -6.398684e-01
    outer loop
      vertex -4.0155508910e-02 6.7344511939e-01 3.2448838881e-01
      vertex -5.9271581338e-02 6.8966307504e-01 3.4829371268e-01
      vertex -2.0285462905e-02 6.9505109268e-01 3.4494010435e-01
    endloop
  endfacet
  facet normal -1.601287e-01 7.916792e-01 -5.895786e-01
    outer loop
      vertex -3.9108616260e-02 7.1004447133e-01 3.7018537757e-01
      vertex -2.0285462905e-02 6.9505109268e-01 3.4494010435e-01
      vertex -5.9271581338e-02 6.8966307504e-01 3.4829371268e-01
    endloop
  endfacet
  facet normal 2.333204e-01 8.095043e-01 -5.387620e-01
    outer loop
      vertex 7.7254248594e-02 7.0225424859e-01 3.7500000000e-01
      vertex 5.9271581338e-02 6.8966307504e-01 3.4829371268e-01
      vertex 3.9108616260e-02 7.1004447133e-01 3.7018537757e-01
    endloop
  endfacet
  facet normal 1.589524e-01 7.518660e-01 -6.398684e-01
    outer loop
      vertex 4.0155508910e-02 6.7344511939e-01 3.2448838881e-01
      vertex 2.0285462905e-02 6.9505109268e-01 3.4494010435e-01
      vertex 5.9271581338e-02 6.8966307504e-01 3.4829371268e-01
    endloop
  endfacet
  facet normal 7.841715e-02 8.303865e-01 -5.516422e-01
    outer loop
      vertex 0.0000000000e+00 7.1266270209e-01 3.6856722197e-01
      vertex 3.9108616260e-02 7.1004447133e-01 3.7018537757e-01
      vertex 2.0285462905e-02 6.9505109268e-01 3.4494010435e-01
    endloop
  endfacet
  facet normal 1.601287e-01 7.916792e-01 -5.895786e-01
    outer loop
      vertex 5.9271581338e-02 6.8966307504e-01 3.4829371268e-01
      vertex 2.0285462905e-02 6.9505109268e-01 3.4494010435e-01
      vertex 3.9108616260e-02 7.1004447133e-01 3.7018537757e-01
    endloop
  endfacet
  facet normal -8.053079e-02 7.232719e-01 -6.858517e-01
    outer loop
      vertex -4.0155508910e-02 6.7344511939e-01 3.2448838881e-01
      vertex -2.0285462905e-02 6.9505109268e-01 3.4494010435e-01
      vertex 0.0000000000e+00 6.7572675762e-01 3.2217956626e-01
    endloop
  endfacet
  facet normal 0.000000e+00 8.017675e-01 -5.976360e-01
    outer loop
      vertex 0.0000000000e+00 7.1266270209e-01 3.6856722197e-01
      vertex 2.0285462905e-02 6.9505109268e-01 3.4494010435e-01
      vertex -2.0285462905e-02 6.9505109268e-01 3.4494010435e-01
    endloop
  endfacet
  facet normal 8.053079e-02 7.232719e-01 -6.858517e-01
    outer loop
      vertex 4.0155508910e-02 6.7344511939e-01 3.2448838881e-01
      vertex 0.0000000000e+00 6.7572675762e-01 3.2217956626e-01
      vertex 2.0285462905e-02 6.9505109268e-01 3.4494010435e-01
    endloop
  endfacet
  facet normal 0.000000e+00 7.623048e-01 -6.472182e-01
    outer loop
      vertex -2.0285462905e-02 6.9505109268e-01 3.4494010435e-01
      vertex 2.0285462905e-02 6.9505109268e-01 3.4494010435e-01
      vertex 0.0000000000e+00 6.7572675762e-01 3.2217956626e-01
    endloop
  endfacet
  facet normal 0.000000e+00 9.957474e-01 -9.212595e-02
    outer loop
      vertex 0.0000000000e+00 7.5000000000e-01 5.0000000000e-01
      vertex 2.0560616320e-02 7.4692208515e-01 4.6673222396e-01
      vertex -2.0560616320e-02 7.4692208515e-01 4.6673222396e-01
    endloop
  endfacet
  facet normal 8.142553e-02 9.712310e-01 -2.237863e-01
    outer loop
      vertex 4.0614962029e-02 7.3776412907e-01 4.3428361099e-01
      vertex 0.0000000000e+00 7.4096531587e-01 4.3339882472e-01
      vertex 2.0560616320e-02 7.4692208515e-01 4.6673222396e-01
    endloop
  endfacet
  facet normal -8.142553e-02 9.712310e-01 -2.237863e-01
    outer loop
      vertex -4.0614962029e-02 7.3776412907e-01 4.3428361099e-01
      vertex -2.0560616320e-02 7.4692208515e-01 4.6673222396e-01
      vertex 0.0000000000e+00 7.4096531587e-01 4.3339882472e-01
    endloop
  endfacet
  facet normal 0.000000e+00 9.844052e-01 -1.759159e-01
    outer loop
      vertex 2.0560616320e-02 7.4692208515e-01 4.6673222396e-01
      vertex 0.0000000000e+00 7.4096531587e-01 4.3339882472e-01
      vertex -2.0560616320e-02 7.4692208515e-01 4.6673222396e-01
    endloop
  endfacet
  facet normal 2.331714e-01 8.516395e-01 -4.694052e-01
    outer loop
      vertex 7.7254248594e-02 7.0225424859e-01 3.7500000000e-01
      vertex 3.9108616260e-02 7.1004447133e-01 3.7018537757e-01
      vertex 5.9669232580e-02 7.2275163105e-01 4.0345315360e-01
    endloop
  endfacet
  facet normal 7.836719e-02 8.724736e-01 -4.823363e-01
    outer loop
      vertex 0.0000000000e+00 7.1266270209e-01 3.6856722197e-01
      vertex 2.0580895008e-02 7.2824562323e-01 4.0009823707e-01
      vertex 3.9108616260e-02 7.1004447133e-01 3.7018537757e-01
    endloop
  endfacet
  facet normal 1.597927e-01 9.227974e-01 -3.505871e-01
    outer loop
      vertex 4.0614962029e-02 7.3776412907e-01 4.3428361099e-01
      vertex 5.9669232580e-02 7.2275163105e-01 4.0345315360e-01
      vertex 2.0580895008e-02 7.2824562323e-01 4.0009823707e-01
    endloop
  endfacet
  facet normal 1.618790e-01 8.843585e-01 -4.378416e-01
    outer loop
      vertex 3.9108616260e-02 7.1004447133e-01 3.7018537757e-01
      vertex 2.0580895008e-02 7.2824562323e-01 4.0009823707e-01
      vertex 5.9669232580e-02 7.2275163105e-01 4.0345315360e-01
    endloop
  endfacet
  facet normal -2.331714e-01 8.516395e-01 -4.694052e-01
    outer loop
      vertex -7.7254248594e-02 7.0225424859e-01 3.7500000000e-01
      vertex -5.9669232580e-02 7.2275163105e-01 4.0345315360e-01
      vertex -3.9108616260e-02 7.1004447133e-01 3.7018537757e-01
    endloop
  endfacet
  facet normal -1.597927e-01 9.227974e-01 -3.505871e-01
    outer loop
      vertex -4.0614962029e-02 7.3776412907e-01 4.3428361099e-01
      vertex -2.0580895008e-02 7.2824562323e-01 4.0009823707e-01
      vertex -5.9669232580e-02 7.2275163105e-01 4.0345315360e-01
    endloop
  endfacet
  facet normal -7.836719e-02 8.724736e-01 -4.823363e-01
    outer loop
      vertex 0.0000000000e+00 7.1266270209e-01 3.6856722197e-01
      vertex -3.9108616260e-02 7.1004447133e-01 3.7018537757e-01
      vertex -2.0580895008e-02 7.2824562323e-01 4.0009823707e-01
    endloop
  endfacet
  facet normal -1.618790e-01 8.843585e-01 -4.378416e-01
    outer loop
      vertex -5.9669232580e-02 7.2275163105e-01 4.0345315360e-01
      vertex -2.0580895008e-02 7.2824562323e-01 4.0009823707e-01
      vertex -3.9108616260e-02 7.1004447133e-01 3.7018537757e-01
    endloop
  endfacet
  facet normal 8.140770e-02 9.468068e-01 -3.113353e-01
    outer loop
      vertex 4.0614962029e-02 7.3776412907e-01 4.3428361099e-01
      vertex 2.0580895008e-02 7.2824562323e-01 4.0009823707e-01
      vertex 0.0000000000e+00 7.4096531587e-01 4.3339882472e-01
    endloop
  endfacet
  facet normal 0.000000e+00 8.964941e-01 -4.430557e-01
    outer loop
      vertex 0.0000000000e+00 7.1266270209e-01 3.6856722197e-01
      vertex -2.0580895008e-02 7.2824562323e-01 4.0009823707e-01
      vertex 2.0580895008e-02 7.2824562323e-01 4.0009823707e-01
    endloop
  endfacet
  facet normal -8.140770e-02 9.468068e-01 -3.113353e-01
    outer loop
      vertex -4.0614962029e-02 7.3776412907e-01 4.3428361099e-01
      vertex 0.0000000000e+00 7.4096531587e-01 4.3339882472e-01
      vertex -2.0580895008e-02 7.2824562323e-01 4.0009823707e-01
    endloop
  endfacet
  facet normal 0.000000e+00 9.341724e-01 -3.568221e-01
    outer loop
      vertex 2.0580895008e-02 7.2824562323e-01 4.0009823707e-01
      vertex -2.0580895008e-02 7.2824562323e-01 4.0009823707e-01
      vertex 0.0000000000e+00 7.4096531587e-01 4.3339882472e-01
    endloop
  endfacet
  facet normal -5.462496e-01 8.336794e-01 -8.117845e-02
    outer loop
      vertex -1.3143277803e-01 7.1266270209e-01 5.0000000000e-01
      vertex -1.2111041052e-01 7.1623233397e-01 4.6719990530e-01
      vertex -1.5391050522e-01 6.9596076060e-01 4.7972842664e-01
    endloop
  endfacet
  facet normal -5.001420e-01 8.397879e-01 -2.112210e-01
    outer loop
      vertex -1.0847214114e-01 7.1566712010e-01 4.3502702175e-01
      vertex -1.4281291478e-01 6.9816230731e-01 4.4674428359e-01
      vertex -1.2111041052e-01 7.1623233397e-01 4.6719990530e-01
    endloop
  endfacet
  facet normal -6.304608e-01 7.592464e-01 -1.614436e-01
    outer loop
      vertex -1.7344511939e-01 6.7551161119e-01 4.5984449109e-01
      vertex -1.5391050522e-01 6.9596076060e-01 4.7972842664e-01
      vertex -1.4281291478e-01 6.9816230731e-01 4.4674428359e-01
    endloop
  endfacet
  facet normal -5.572841e-01 8.196344e-01 -1.327925e-01
    outer loop
      vertex -1.2111041052e-01 7.1623233397e-01 4.6719990530e-01
      vertex -1.4281291478e-01 6.9816230731e-01 4.4674428359e-01
      vertex -1.5391050522e-01 6.9596076060e-01 4.7972842664e-01
    endloop
  endfacet
  facet normal -3.824786e-01 8.026783e-01 -4.576217e-01
    outer loop
      vertex -7.7254248594e-02 7.0225424859e-01 3.7500000000e-01
      vertex -1.1349762493e-01 6.8948385501e-01 3.8289253728e-01
      vertex -9.3759641870e-02 7.1097786866e-01 4.0409656683e-01
    endloop
  endfacet
  facet normal -5.222192e-01 7.421000e-01 -4.202079e-01
    outer loop
      vertex -1.4694631307e-01 6.7204774006e-01 3.9366864896e-01
      vertex -1.2903040501e-01 6.9586292459e-01 4.1346174630e-01
      vertex -1.1349762493e-01 6.8948385501e-01 3.8289253728e-01
    endloop
  endfacet
  facet normal -4.450681e-01 8.294800e-01 -3.374572e-01
    outer loop
      vertex -1.0847214114e-01 7.1566712010e-01 4.3502702175e-01
      vertex -9.3759641870e-02 7.1097786866e-01 4.0409656683e-01
      vertex -1.2903040501e-01 6.9586292459e-01 4.1346174630e-01
    endloop
  endfacet
  facet normal -4.484825e-01 8.016858e-01 -3.951751e-01
    outer loop
      vertex -1.1349762493e-01 6.8948385501e-01 3.8289253728e-01
      vertex -1.2903040501e-01 6.9586292459e-01 4.1346174630e-01
      vertex -9.3759641870e-02 7.1097786866e-01 4.0409656683e-01
    endloop
  endfacet
  facet normal -7.599989e-01 5.693580e-01 -3.134218e-01
    outer loop
      vertex -2.0225424859e-01 6.2500000000e-01 4.2274575141e-01
      vertex -1.8966307504e-01 6.5170628732e-01 4.4072841866e-01
      vertex -1.7677669530e-01 6.5037523875e-01 4.0706299138e-01
    endloop
  endfacet
  facet normal -7.022584e-01 6.705276e-01 -2.392192e-01
    outer loop
      vertex -1.7344511939e-01 6.7551161119e-01 4.5984449109e-01
      vertex -1.6185297347e-01 6.7557746169e-01 4.2599885186e-01
      vertex -1.8966307504e-01 6.5170628732e-01 4.4072841866e-01
    endloop
  endfacet
  facet normal -6.491008e-01 6.636828e-01 -3.717435e-01
    outer loop
      vertex -1.4694631307e-01 6.7204774006e-01 3.9366864896e-01
      vertex -1.7677669530e-01 6.5037523875e-01 4.0706299138e-01
      vertex -1.6185297347e-01 6.7557746169e-01 4.2599885186e-01
    endloop
  endfacet
  facet normal -7.075762e-01 6.415571e-01 -2.962101e-01
    outer loop
      vertex -1.8966307504e-01 6.5170628732e-01 4.4072841866e-01
      vertex -1.6185297347e-01 6.7557746169e-01 4.2599885186e-01
      vertex -1.7677669530e-01 6.5037523875e-01 4.0706299138e-01
    endloop
  endfacet
  facet normal -5.084250e-01 8.186344e-01 -2.670988e-01
    outer loop
      vertex -1.0847214114e-01 7.1566712010e-01 4.3502702175e-01
      vertex -1.2903040501e-01 6.9586292459e-01 4.1346174630e-01
      vertex -1.4281291478e-01 6.9816230731e-01 4.4674428359e-01
    endloop
  endfacet
  facet normal -5.855635e-01 7.312575e-01 -3.498255e-01
    outer loop
      vertex -1.4694631307e-01 6.7204774006e-01 3.9366864896e-01
      vertex -1.6185297347e-01 6.7557746169e-01 4.2599885186e-01
      vertex -1.2903040501e-01 6.9586292459e-01 4.1346174630e-01
    endloop
  endfacet
  facet normal -6.387266e-01 7.381036e-01 -2.173281e-01
    outer loop
      vertex -1.7344511939e-01 6.7551161119e-01 4.5984449109e-01
      vertex -1.4281291478e-01 6.9816230731e-01 4.4674428359e-01
      vertex -1.6185297347e-01 6.7557746169e-01 4.2599885186e-01
    endloop
  endfacet
  facet normal -5.811538e-01 7.591756e-01 -2.931085e-01
    outer loop
      vertex -1.2903040501e-01 6.9586292459e-01 4.1346174630e-01
      vertex -1.6185297347e-01 6.7557746169e-01 4.2599885186e-01
      vertex -1.4281291478e-01 6.9816230731e-01 4.4674428359e-01
    endloop
  endfacet
  facet normal -8.117845e-02 5.462496e-01 -8.336794e-01
    outer loop
      vertex 0.0000000000e+00 6.3143277803e-01 2.8733729791e-01
      vertex -3.2800094703e-02 6.2111041052e-01 2.8376766603e-01
      vertex -2.0271573361e-02 6.5391050522e-01 3.0403923940e-01
    endloop
  endfacet
  facet normal -2.112210e-01 5.001420e-01 -8.397879e-01
    outer loop
      vertex -6.4972978252e-02 6.0847214114e-01 2.8433287990e-01
      vertex -5.3255716412e-02 6.4281291478e-01 3.0183769269e-01
      vertex -3.2800094703e-02 6.2111041052e-01 2.8376766603e-01
    endloop
  endfacet
  facet normal -1.614436e-01 6.304608e-01 -7.592464e-01
    outer loop
      vertex -4.0155508910e-02 6.7344511939e-01 3.2448838881e-01
      vertex -2.0271573361e-02 6.5391050522e-01 3.0403923940e-01
      vertex -5.3255716412e-02 6.4281291478e-01 3.0183769269e-01
    endloop
  endfacet
  facet normal -1.327925e-01 5.572841e-01 -8.196344e-01
    outer loop
      vertex -3.2800094703e-02 6.2111041052e-01 2.8376766603e-01
      vertex -5.3255716412e-02 6.4281291478e-01 3.0183769269e-01
      vertex -2.0271573361e-02 6.5391050522e-01 3.0403923940e-01
    endloop
  endfacet
  facet normal -4.576217e-01 3.824786e-01 -8.026783e-01
    outer loop
      vertex -1.2500000000e-01 5.7725424859e-01 2.9774575141e-01
      vertex -1.1710746272e-01 6.1349762493e-01 3.1051614499e-01
      vertex -9.5903433171e-02 5.9375964187e-01 2.8902213134e-01
    endloop
  endfacet
  facet normal -4.202079e-01 5.222192e-01 -7.421000e-01
    outer loop
      vertex -1.0633135104e-01 6.4694631307e-01 3.2795225994e-01
      vertex -8.6538253697e-02 6.2903040501e-01 3.0413707541e-01
      vertex -1.1710746272e-01 6.1349762493e-01 3.1051614499e-01
    endloop
  endfacet
  facet normal -3.374572e-01 4.450681e-01 -8.294800e-01
    outer loop
      vertex -6.4972978252e-02 6.0847214114e-01 2.8433287990e-01
      vertex -9.5903433171e-02 5.9375964187e-01 2.8902213134e-01
      vertex -8.6538253697e-02 6.2903040501e-01 3.0413707541e-01
    endloop
  endfacet
  facet normal -3.951751e-01 4.484825e-01 -8.016858e-01
    outer loop
      vertex -1.1710746272e-01 6.1349762493e-01 3.1051614499e-01
      vertex -8.6538253697e-02 6.2903040501e-01 3.0413707541e-01
      vertex -9.5903433171e-02 5.9375964187e-01 2.8902213134e-01
    endloop
  endfacet
  facet normal -3.134218e-01 7.599989e-01 -5.693580e-01
    outer loop
      vertex -7.7254248594e-02 7.0225424859e-01 3.7500000000e-01
      vertex -5.9271581338e-02 6.8966307504e-01 3.4829371268e-01
      vertex -9.2937008615e-02 6.7677669530e-01 3.4962476125e-01
    endloop
  endfacet
  facet normal -2.392192e-01 7.022584e-01 -6.705276e-01
    outer loop
      vertex -4.0155508910e-02 6.7344511939e-01 3.2448838881e-01
      vertex -7.4001148144e-02 6.6185297347e-01 3.2442253831e-01
      vertex -5.9271581338e-02 6.8966307504e-01 3.4829371268e-01
    endloop
  endfacet
  facet normal -3.717435e-01 6.491008e-01 -6.636828e-01
    outer loop
      vertex -1.0633135104e-01 6.4694631307e-01 3.2795225994e-01
      vertex -9.2937008615e-02 6.7677669530e-01 3.4962476125e-01
      vertex -7.4001148144e-02 6.6185297347e-01 3.2442253831e-01
    endloop
  endfacet
  facet normal -2.962101e-01 7.075762e-01 -6.415571e-01
    outer loop
      vertex -5.9271581338e-02 6.8966307504e-01 3.4829371268e-01
      vertex -7.4001148144e-02 6.6185297347e-01 3.2442253831e-01
      vertex -9.2937008615e-02 6.7677669530e-01 3.4962476125e-01
    endloop
  endfacet
  facet normal -2.670988e-01 5.084250e-01 -8.186344e-01
    outer loop
      vertex -6.4972978252e-02 6.0847214114e-01 2.8433287990e-01
      vertex -8.6538253697e-02 6.2903040501e-01 3.0413707541e-01
      vertex -5.3255716412e-02 6.4281291478e-01 3.0183769269e-01
    endloop
  endfacet
  facet normal -3.498255e-01 5.855635e-01 -7.312575e-01
    outer loop
      vertex -1.0633135104e-01 6.4694631307e-01 3.2795225994e-01
      vertex -7.4001148144e-02 6.6185297347e-01 3.2442253831e-01
      vertex -8.6538253697e-02 6.2903040501e-01 3.0413707541e-01
    endloop
  endfacet
  facet normal -2.173281e-01 6.387266e-01 -7.381036e-01
    outer loop
      vertex -4.0155508910e-02 6.7344511939e-01 3.2448838881e-01
      vertex -5.3255716412e-02 6.4281291478e-01 3.0183769269e-01
      vertex -7.4001148144e-02 6.6185297347e-01 3.2442253831e-01
    endloop
  endfacet
  facet normal -2.931085e-01 5.811538e-01 -7.591756e-01
    outer loop
      vertex -8.6538253697e-02 6.2903040501e-01 3.0413707541e-01
      vertex -7.4001148144e-02 6.6185297347e-01 3.2442253831e-01
      vertex -5.3255716412e-02 6.4281291478e-01 3.0183769269e-01
    endloop
  endfacet
  facet normal -8.336794e-01 8.117845e-02 -5.462496e-01
    outer loop
      vertex -2.1266270209e-01 5.0000000000e-01 3.6856722197e-01
      vertex -2.1623233397e-01 5.3280009470e-01 3.7888958948e-01
      vertex -1.9596076060e-01 5.2027157336e-01 3.4608949478e-01
    endloop
  endfacet
  facet normal -8.397879e-01 2.112210e-01 -5.001420e-01
    outer loop
      vertex -2.1566712010e-01 5.6497297825e-01 3.9152785886e-01
      vertex -1.9816230731e-01 5.5325571641e-01 3.5718708522e-01
      vertex -2.1623233397e-01 5.3280009470e-01 3.7888958948e-01
    endloop
  endfacet
  facet normal -7.592464e-01 1.614436e-01 -6.304608e-01
    outer loop
      vertex -1.7551161119e-01 5.4015550891e-01 3.2655488061e-01
      vertex -1.9596076060e-01 5.2027157336e-01 3.4608949478e-01
      vertex -1.9816230731e-01 5.5325571641e-01 3.5718708522e-01
    endloop
  endfacet
  facet normal -8.196344e-01 1.327925e-01 -5.572841e-01
    outer loop
      vertex -2.1623233397e-01 5.3280009470e-01 3.7888958948e-01
      vertex -1.9816230731e-01 5.5325571641e-01 3.5718708522e-01
      vertex -1.9596076060e-01 5.2027157336e-01 3.4608949478e-01
    endloop
  endfacet
  facet normal -8.026783e-01 4.576217e-01 -3.824786e-01
    outer loop
      vertex -2.0225424859e-01 6.2500000000e-01 4.2274575141e-01
      vertex -1.8948385501e-01 6.1710746272e-01 3.8650237507e-01
      vertex -2.1097786866e-01 5.9590343317e-01 4.0624035813e-01
    endloop
  endfacet
  facet normal -7.421000e-01 4.202079e-01 -5.222192e-01
    outer loop
      vertex -1.7204774006e-01 6.0633135104e-01 3.5305368693e-01
      vertex -1.9586292459e-01 5.8653825370e-01 3.7096959499e-01
      vertex -1.8948385501e-01 6.1710746272e-01 3.8650237507e-01
    endloop
  endfacet
  facet normal -8.294800e-01 3.374572e-01 -4.450681e-01
    outer loop
      vertex -2.1566712010e-01 5.6497297825e-01 3.9152785886e-01
      vertex -2.1097786866e-01 5.9590343317e-01 4.0624035813e-01
      vertex -1.9586292459e-01 5.8653825370e-01 3.7096959499e-01
    endloop
  endfacet
  facet normal -8.016858e-01 3.951751e-01 -4.484825e-01
    outer loop
      vertex -1.8948385501e-01 6.1710746272e-01 3.8650237507e-01
      vertex -1.9586292459e-01 5.8653825370e-01 3.7096959499e-01
      vertex -2.1097786866e-01 5.9590343317e-01 4.0624035813e-01
    endloop
  endfacet
  facet normal -5.693580e-01 3.134218e-01 -7.599989e-01
    outer loop
      vertex -1.2500000000e-01 5.7725424859e-01 2.9774575141e-01
      vertex -1.5170628732e-01 5.5927158134e-01 3.1033692496e-01
      vertex -1.5037523875e-01 5.9293700862e-01 3.2322330470e-01
    endloop
  endfacet
  facet normal -6.705276e-01 2.392192e-01 -7.022584e-01
    outer loop
      vertex -1.7551161119e-01 5.4015550891e-01 3.2655488061e-01
      vertex -1.7557746169e-01 5.7400114814e-01 3.3814702653e-01
      vertex -1.5170628732e-01 5.5927158134e-01 3.1033692496e-01
    endloop
  endfacet
  facet normal -6.636828e-01 3.717435e-01 -6.491008e-01
    outer loop
      vertex -1.7204774006e-01 6.0633135104e-01 3.5305368693e-01
      vertex -1.5037523875e-01 5.9293700862e-01 3.2322330470e-01
      vertex -1.7557746169e-01 5.7400114814e-01 3.3814702653e-01
    endloop
  endfacet
  facet normal -6.415571e-01 2.962101e-01 -7.075762e-01
    outer loop
      vertex -1.5170628732e-01 5.5927158134e-01 3.1033692496e-01
      vertex -1.7557746169e-01 5.7400114814e-01 3.3814702653e-01
      vertex -1.5037523875e-01 5.9293700862e-01 3.2322330470e-01
    endloop
  endfacet
  facet normal -8.186344e-01 2.670988e-01 -5.084250e-01
    outer loop
      vertex -2.1566712010e-01 5.6497297825e-01 3.9152785886e-01
      vertex -1.9586292459e-01 5.8653825370e-01 3.7096959499e-01
      vertex -1.9816230731e-01 5.5325571641e-01 3.5718708522e-01
    endloop
  endfacet
  facet normal -7.312575e-01 3.498255e-01 -5.855635e-01
    outer loop
      vertex -1.7204774006e-01 6.0633135104e-01 3.5305368693e-01
      vertex -1.7557746169e-01 5.7400114814e-01 3.3814702653e-01
      vertex -1.9586292459e-01 5.8653825370e-01 3.7096959499e-01
    endloop
  endfacet
  facet normal -7.381036e-01 2.173281e-01 -6.387266e-01
    outer loop
      vertex -1.7551161119e-01 5.4015550891e-01 3.2655488061e-01
      vertex -1.9816230731e-01 5.5325571641e-01 3.5718708522e-01
      vertex -1.7557746169e-01 5.7400114814e-01 3.3814702653e-01
    endloop
  endfacet
  facet normal -7.591756e-01 2.931085e-01 -5.811538e-01
    outer loop
      vertex -1.9586292459e-01 5.8653825370e-01 3.7096959499e-01
      vertex -1.7557746169e-01 5.7400114814e-01 3.3814702653e-01
      vertex -1.9816230731e-01 5.5325571641e-01 3.5718708522e-01
    endloop
  endfacet
  facet normal -3.822343e-01 7.595136e-01 -5.263422e-01
    outer loop
      vertex -7.7254248594e-02 7.0225424859e-01 3.7500000000e-01
      vertex -9.2937008615e-02 6.7677669530e-01 3.4962476125e-01
      vertex -1.1349762493e-01 6.8948385501e-01 3.8289253728e-01
    endloop
  endfacet
  facet normal -4.404610e-01 6.486873e-01 -6.206439e-01
    outer loop
      vertex -1.0633135104e-01 6.4694631307e-01 3.2795225994e-01
      vertex -1.2834386031e-01 6.6164444795e-01 3.5893644706e-01
      vertex -9.2937008615e-02 6.7677669530e-01 3.4962476125e-01
    endloop
  endfacet
  facet normal -5.218865e-01 6.990111e-01 -4.888946e-01
    outer loop
      vertex -1.4694631307e-01 6.7204774006e-01 3.9366864896e-01
      vertex -1.1349762493e-01 6.8948385501e-01 3.8289253728e-01
      vertex -1.2834386031e-01 6.6164444795e-01 3.5893644706e-01
    endloop
  endfacet
  facet normal -4.465169e-01 7.084426e-01 -5.465636e-01
    outer loop
      vertex -9.2937008615e-02 6.7677669530e-01 3.4962476125e-01
      vertex -1.2834386031e-01 6.6164444795e-01 3.5893644706e-01
      vertex -1.1349762493e-01 6.8948385501e-01 3.8289253728e-01
    endloop
  endfacet
  facet normal -5.263422e-01 3.822343e-01 -7.595136e-01
    outer loop
      vertex -1.2500000000e-01 5.7725424859e-01 2.9774575141e-01
      vertex -1.5037523875e-01 5.9293700862e-01 3.2322330470e-01
      vertex -1.1710746272e-01 6.1349762493e-01 3.1051614499e-01
    endloop
  endfacet
  facet normal -6.206439e-01 4.404610e-01 -6.486873e-01
    outer loop
      vertex -1.7204774006e-01 6.0633135104e-01 3.5305368693e-01
      vertex -1.4106355294e-01 6.2834386031e-01 3.3835555205e-01
      vertex -1.5037523875e-01 5.9293700862e-01 3.2322330470e-01
    endloop
  endfacet
  facet normal -4.888946e-01 5.218865e-01 -6.990111e-01
    outer loop
      vertex -1.0633135104e-01 6.4694631307e-01 3.2795225994e-01
      vertex -1.1710746272e-01 6.1349762493e-01 3.1051614499e-01
      vertex -1.4106355294e-01 6.2834386031e-01 3.3835555205e-01
    endloop
  endfacet
  facet normal -5.465636e-01 4.465169e-01 -7.084426e-01
    outer loop
      vertex -1.5037523875e-01 5.9293700862e-01 3.2322330470e-01
      vertex -1.4106355294e-01 6.2834386031e-01 3.3835555205e-01
      vertex -1.1710746272e-01 6.1349762493e-01 3.1051614499e-01
    endloop
  endfacet
  facet normal -7.595136e-01 5.263422e-01 -3.822343e-01
    outer loop
      vertex -2.0225424859e-01 6.2500000000e-01 4.2274575141e-01
      vertex -1.7677669530e-01 6.5037523875e-01 4.0706299138e-01
      vertex -1.8948385501e-01 6.1710746272e-01 3.8650237507e-01
    endloop
  endfacet
  facet normal -6.486873e-01 6.206439e-01 -4.404610e-01
    outer loop
      vertex -1.4694631307e-01 6.7204774006e-01 3.9366864896e-01
      vertex -1.6164444795e-01 6.4106355294e-01 3.7165613969e-01
      vertex -1.7677669530e-01 6.5037523875e-01 4.0706299138e-01
    endloop
  endfacet
  facet normal -6.990111e-01 4.888946e-01 -5.218865e-01
    outer loop
      vertex -1.7204774006e-01 6.0633135104e-01 3.5305368693e-01
      vertex -1.8948385501e-01 6.1710746272e-01 3.8650237507e-01
      vertex -1.6164444795e-01 6.4106355294e-01 3.7165613969e-01
    endloop
  endfacet
  facet normal -7.084426e-01 5.465636e-01 -4.465169e-01
    outer loop
      vertex -1.7677669530e-01 6.5037523875e-01 4.0706299138e-01
      vertex -1.6164444795e-01 6.4106355294e-01 3.7165613969e-01
      vertex -1.8948385501e-01 6.1710746272e-01 3.8650237507e-01
    endloop
  endfacet
  facet normal -5.037511e-01 5.851588e-01 -6.354715e-01
    outer loop
      vertex -1.0633135104e-01 6.4694631307e-01 3.2795225994e-01
      vertex -1.4106355294e-01 6.2834386031e-01 3.3835555205e-01
      vertex -1.2834386031e-01 6.6164444795e-01 3.5893644706e-01
    endloop
  endfacet
  facet normal -6.354715e-01 5.037511e-01 -5.851588e-01
    outer loop
      vertex -1.7204774006e-01 6.0633135104e-01 3.5305368693e-01
      vertex -1.6164444795e-01 6.4106355294e-01 3.7165613969e-01
      vertex -1.4106355294e-01 6.2834386031e-01 3.3835555205e-01
    endloop
  endfacet
  facet normal -5.851588e-01 6.354715e-01 -5.037511e-01
    outer loop
      vertex -1.4694631307e-01 6.7204774006e-01 3.9366864896e-01
      vertex -1.2834386031e-01 6.6164444795e-01 3.5893644706e-01
      vertex -1.6164444795e-01 6.4106355294e-01 3.7165613969e-01
    endloop
  endfacet
  facet normal -5.773503e-01 5.773503e-01 -5.773503e-01
    outer loop
      vertex -1.4106355294e-01 6.2834386031e-01 3.3835555205e-01
      vertex -1.6164444795e-01 6.4106355294e-01 3.7165613969e-01
      vertex -1.2834386031e-01 6.6164444795e-01 3.5893644706e-01
    endloop
  endfacet
  facet normal -5.964207e-01 8.026720e-01 0.000000e+00
    outer loop
      vertex -1.3143277803e-01 7.1266270209e-01 5.0000000000e-01
      vertex -1.5391050522e-01 6.9596076060e-01 4.7972842664e-01
      vertex -1.5391050522e-01 6.9596076060e-01 5.2027157336e-01
    endloop
  endfacet
  facet normal -6.804611e-01 7.283445e-01 -8.054149e-02
    outer loop
      vertex -1.7344511939e-01 6.7551161119e-01 4.5984449109e-01
      vertex -1.7572675762e-01 6.7782043374e-01 5.0000000000e-01
      vertex -1.5391050522e-01 6.9596076060e-01 4.7972842664e-01
    endloop
  endfacet
  facet normal -6.804611e-01 7.283445e-01 8.054149e-02
    outer loop
      vertex -1.7344511939e-01 6.7551161119e-01 5.4015550891e-01
      vertex -1.5391050522e-01 6.9596076060e-01 5.2027157336e-01
      vertex -1.7572675762e-01 6.7782043374e-01 5.0000000000e-01
    endloop
  endfacet
  facet normal -6.393544e-01 7.689122e-01 0.000000e+00
    outer loop
      vertex -1.5391050522e-01 6.9596076060e-01 4.7972842664e-01
      vertex -1.7572675762e-01 6.7782043374e-01 5.0000000000e-01
      vertex -1.5391050522e-01 6.9596076060e-01 5.2027157336e-01
    endloop
  endfacet
  facet normal -8.095043e-01 5.387620e-01 -2.333204e-01
    outer loop
      vertex -2.0225424859e-01 6.2500000000e-01 4.2274575141e-01
      vertex -2.1004447133e-01 6.2981462243e-01 4.6089138374e-01
      vertex -1.8966307504e-01 6.5170628732e-01 4.4072841866e-01
    endloop
  endfacet
  facet normal -8.303865e-01 5.516422e-01 -7.841715e-02
    outer loop
      vertex -2.1266270209e-01 6.3143277803e-01 5.0000000000e-01
      vertex -1.9505109268e-01 6.5505989565e-01 4.7971453710e-01
      vertex -2.1004447133e-01 6.2981462243e-01 4.6089138374e-01
    endloop
  endfacet
  facet normal -7.518660e-01 6.398684e-01 -1.589524e-01
    outer loop
      vertex -1.7344511939e-01 6.7551161119e-01 4.5984449109e-01
      vertex -1.8966307504e-01 6.5170628732e-01 4.4072841866e-01
      vertex -1.9505109268e-01 6.5505989565e-01 4.7971453710e-01
    endloop
  endfacet
  facet normal -7.916792e-01 5.895786e-01 -1.601287e-01
    outer loop
      vertex -2.1004447133e-01 6.2981462243e-01 4.6089138374e-01
      vertex -1.9505109268e-01 6.5505989565e-01 4.7971453710e-01
      vertex -1.8966307504e-01 6.5170628732e-01 4.4072841866e-01
    endloop
  endfacet
  facet normal -8.095043e-01 5.387620e-01 2.333204e-01
    outer loop
      vertex -2.0225424859e-01 6.2500000000e-01 5.7725424859e-01
      vertex -1.8966307504e-01 6.5170628732e-01 5.5927158134e-01
      vertex -2.1004447133e-01 6.2981462243e-01 5.3910861626e-01
    endloop
  endfacet
  facet normal -7.518660e-01 6.398684e-01 1.589524e-01
    outer loop
      vertex -1.7344511939e-01 6.7551161119e-01 5.4015550891e-01
      vertex -1.9505109268e-01 6.5505989565e-01 5.2028546290e-01
      vertex -1.8966307504e-01 6.5170628732e-01 5.5927158134e-01
    endloop
  endfacet
  facet normal -8.303865e-01 5.516422e-01 7.841715e-02
    outer loop
      vertex -2.1266270209e-01 6.3143277803e-01 5.0000000000e-01
      vertex -2.1004447133e-01 6.2981462243e-01 5.3910861626e-01
      vertex -1.9505109268e-01 6.5505989565e-01 5.2028546290e-01
    endloop
  endfacet
  facet normal -7.916792e-01 5.895786e-01 1.601287e-01
    outer loop
      vertex -1.8966307504e-01 6.5170628732e-01 5.5927158134e-01
      vertex -1.9505109268e-01 6.5505989565e-01 5.2028546290e-01
      vertex -2.1004447133e-01 6.2981462243e-01 5.3910861626e-01
    endloop
  endfacet
  facet normal -7.232719e-01 6.858517e-01 -8.053079e-02
    outer loop
      vertex -1.7344511939e-01 6.7551161119e-01 4.5984449109e-01
      vertex -1.9505109268e-01 6.5505989565e-01 4.7971453710e-01
      vertex -1.7572675762e-01 6.7782043374e-01 5.0000000000e-01
    endloop
  endfacet
  facet normal -8.017675e-01 5.976360e-01 0.000000e+00
    outer loop
      vertex -2.1266270209e-01 6.3143277803e-01 5.0000000000e-01
      vertex -1.9505109268e-01 6.5505989565e-01 5.2028546290e-01
      vertex -1.9505109268e-01 6.5505989565e-01 4.7971453710e-01
    endloop
  endfacet
  facet normal -7.232719e-01 6.858517e-01 8.053079e-02
    outer loop
      vertex -1.7344511939e-01 6.7551161119e-01 5.4015550891e-01
      vertex -1.7572675762e-01 6.7782043374e-01 5.0000000000e-01
      vertex -1.9505109268e-01 6.5505989565e-01 5.2028546290e-01
    endloop
  endfacet
  facet normal -7.623048e-01 6.472182e-01 0.000000e+00
    outer loop
      vertex -1.9505109268e-01 6.5505989565e-01 4.7971453710e-01
      vertex -1.9505109268e-01 6.5505989565e-01 5.2028546290e-01
      vertex -1.7572675762e-01 6.7782043374e-01 5.0000000000e-01
    endloop
  endfacet
  facet normal -8.838505e-01 5.017104e-02 -4.650712e-01
    outer loop
      vertex -2.1266270209e-01 5.0000000000e-01 3.6856722197e-01
      vertex -2.2876085531e-01 5.0000000000e-01 3.9916116285e-01
      vertex -2.1623233397e-01 5.3280009470e-01 3.7888958948e-01
    endloop
  endfacet
  facet normal -9.395655e-01 5.000027e-02 -3.386983e-01
    outer loop
      vertex -2.4048458945e-01 5.0000000000e-01 4.3168336777e-01
      vertex -2.3107615015e-01 5.3291384284e-01 4.1044280163e-01
      vertex -2.2876085531e-01 5.0000000000e-01 3.9916116285e-01
    endloop
  endfacet
  facet normal -8.897882e-01 1.803191e-01 -4.192398e-01
    outer loop
      vertex -2.1566712010e-01 5.6497297825e-01 3.9152785886e-01
      vertex -2.1623233397e-01 5.3280009470e-01 3.7888958948e-01
      vertex -2.3107615015e-01 5.3291384284e-01 4.1044280163e-01
    endloop
  endfacet
  facet normal -9.017047e-01 8.207030e-02 -4.244916e-01
    outer loop
      vertex -2.2876085531e-01 5.0000000000e-01 3.9916116285e-01
      vertex -2.3107615015e-01 5.3291384284e-01 4.1044280163e-01
      vertex -2.1623233397e-01 5.3280009470e-01 3.7888958948e-01
    endloop
  endfacet
  facet normal -9.963836e-01 4.950537e-02 -6.905681e-02
    outer loop
      vertex -2.5000000000e-01 5.0000000000e-01 5.0000000000e-01
      vertex -2.4692208515e-01 5.3326777604e-01 4.7943938368e-01
      vertex -2.4760972049e-01 5.0000000000e-01 4.6551193947e-01
    endloop
  endfacet
  facet normal -9.718501e-01 1.812856e-01 -1.504758e-01
    outer loop
      vertex -2.3776412907e-01 5.6571638901e-01 4.5938503797e-01
      vertex -2.4159814935e-01 5.3319811921e-01 4.4497074313e-01
      vertex -2.4692208515e-01 5.3326777604e-01 4.7943938368e-01
    endloop
  endfacet
  facet normal -9.773256e-01 4.960764e-02 -2.058489e-01
    outer loop
      vertex -2.4048458945e-01 5.0000000000e-01 4.3168336777e-01
      vertex -2.4760972049e-01 5.0000000000e-01 4.6551193947e-01
      vertex -2.4159814935e-01 5.3319811921e-01 4.4497074313e-01
    endloop
  endfacet
  facet normal -9.847537e-01 8.410292e-02 -1.522724e-01
    outer loop
      vertex -2.4692208515e-01 5.3326777604e-01 4.7943938368e-01
      vertex -2.4159814935e-01 5.3319811921e-01 4.4497074313e-01
      vertex -2.4760972049e-01 5.0000000000e-01 4.6551193947e-01
    endloop
  endfacet
  facet normal -8.521837e-01 4.270257e-01 -3.023772e-01
    outer loop
      vertex -2.0225424859e-01 6.2500000000e-01 4.2274575141e-01
      vertex -2.1097786866e-01 5.9590343317e-01 4.0624035813e-01
      vertex -2.2275163105e-01 5.9654684640e-01 4.4033076742e-01
    endloop
  endfacet
  facet normal -8.790876e-01 3.067980e-01 -3.648012e-01
    outer loop
      vertex -2.1566712010e-01 5.6497297825e-01 3.9152785886e-01
      vertex -2.2906104380e-01 5.6602068766e-01 4.2468528023e-01
      vertex -2.1097786866e-01 5.9590343317e-01 4.0624035813e-01
    endloop
  endfacet
  facet normal -9.233856e-01 3.081672e-01 -2.288929e-01
    outer loop
      vertex -2.3776412907e-01 5.6571638901e-01 4.5938503797e-01
      vertex -2.2275163105e-01 5.9654684640e-01 4.4033076742e-01
      vertex -2.2906104380e-01 5.6602068766e-01 4.2468528023e-01
    endloop
  endfacet
  facet normal -8.857887e-01 3.431966e-01 -3.124011e-01
    outer loop
      vertex -2.1097786866e-01 5.9590343317e-01 4.0624035813e-01
      vertex -2.2906104380e-01 5.6602068766e-01 4.2468528023e-01
      vertex -2.2275163105e-01 5.9654684640e-01 4.4033076742e-01
    endloop
  endfacet
  facet normal -9.529505e-01 8.454536e-02 -2.910970e-01
    outer loop
      vertex -2.4048458945e-01 5.0000000000e-01 4.3168336777e-01
      vertex -2.4159814935e-01 5.3319811921e-01 4.4497074313e-01
      vertex -2.3107615015e-01 5.3291384284e-01 4.1044280163e-01
    endloop
  endfacet
  facet normal -9.474616e-01 2.162041e-01 -2.357379e-01
    outer loop
      vertex -2.3776412907e-01 5.6571638901e-01 4.5938503797e-01
      vertex -2.2906104380e-01 5.6602068766e-01 4.2468528023e-01
      vertex -2.4159814935e-01 5.3319811921e-01 4.4497074313e-01
    endloop
  endfacet
  facet normal -9.031797e-01 2.148469e-01 -3.716277e-01
    outer loop
      vertex -2.1566712010e-01 5.6497297825e-01 3.9152785886e-01
      vertex -2.3107615015e-01 5.3291384284e-01 4.1044280163e-01
      vertex -2.2906104380e-01 5.6602068766e-01 4.2468528023e-01
    endloop
  endfacet
  facet normal -9.403266e-01 1.811510e-01 -2.880454e-01
    outer loop
      vertex -2.4159814935e-01 5.3319811921e-01 4.4497074313e-01
      vertex -2.2906104380e-01 5.6602068766e-01 4.2468528023e-01
      vertex -2.3107615015e-01 5.3291384284e-01 4.1044280163e-01
    endloop
  endfacet
  facet normal -8.838505e-01 5.017104e-02 4.650712e-01
    outer loop
      vertex -2.1266270209e-01 5.0000000000e-01 6.3143277803e-01
      vertex -2.1623233397e-01 5.3280009470e-01 6.2111041052e-01
      vertex -2.2876085531e-01 5.0000000000e-01 6.0083883715e-01
    endloop
  endfacet
  facet normal -8.897882e-01 1.803191e-01 4.192398e-01
    outer loop
      vertex -2.1566712010e-01 5.6497297825e-01 6.0847214114e-01
      vertex -2.3107615015e-01 5.3291384284e-01 5.8955719837e-01
      vertex -2.1623233397e-01 5.3280009470e-01 6.2111041052e-01
    endloop
  endfacet
  facet normal -9.395655e-01 5.000027e-02 3.386983e-01
    outer loop
      vertex -2.4048458945e-01 5.0000000000e-01 5.6831663223e-01
      vertex -2.2876085531e-01 5.0000000000e-01 6.0083883715e-01
      vertex -2.3107615015e-01 5.3291384284e-01 5.8955719837e-01
    endloop
  endfacet
  facet normal -9.017047e-01 8.207030e-02 4.244916e-01
    outer loop
      vertex -2.1623233397e-01 5.3280009470e-01 6.2111041052e-01
      vertex -2.3107615015e-01 5.3291384284e-01 5.8955719837e-01
      vertex -2.2876085531e-01 5.0000000000e-01 6.0083883715e-01
    endloop
  endfacet
  facet normal -8.521837e-01 4.270257e-01 3.023772e-01
    outer loop
      vertex -2.0225424859e-01 6.2500000000e-01 5.7725424859e-01
      vertex -2.2275163105e-01 5.9654684640e-01 5.5966923258e-01
      vertex -2.1097786866e-01 5.9590343317e-01 5.9375964187e-01
    endloop
  endfacet
  facet normal -9.233856e-01 3.081672e-01 2.288929e-01
    outer loop
      vertex -2.3776412907e-01 5.6571638901e-01 5.4061496203e-01
      vertex -2.2906104380e-01 5.6602068766e-01 5.7531471977e-01
      vertex -2.2275163105e-01 5.9654684640e-01 5.5966923258e-01
    endloop
  endfacet
  facet normal -8.790876e-01 3.067980e-01 3.648012e-01
    outer loop
      vertex -2.1566712010e-01 5.6497297825e-01 6.0847214114e-01
      vertex -2.1097786866e-01 5.9590343317e-01 5.9375964187e-01
      vertex -2.2906104380e-01 5.6602068766e-01 5.7531471977e-01
    endloop
  endfacet
  facet normal -8.857887e-01 3.431966e-01 3.124011e-01
    outer loop
      vertex -2.2275163105e-01 5.9654684640e-01 5.5966923258e-01
      vertex -2.2906104380e-01 5.6602068766e-01 5.7531471977e-01
      vertex -2.1097786866e-01 5.9590343317e-01 5.9375964187e-01
    endloop
  endfacet
  facet normal -9.963836e-01 4.950537e-02 6.905681e-02
    outer loop
      vertex -2.5000000000e-01 5.0000000000e-01 5.0000000000e-01
      vertex -2.4760972049e-01 5.0000000000e-01 5.3448806053e-01
      vertex -2.4692208515e-01 5.3326777604e-01 5.2056061632e-01
    endloop
  endfacet
  facet normal -9.773256e-01 4.960764e-02 2.058489e-01
    outer loop
      vertex -2.4048458945e-01 5.0000000000e-01 5.6831663223e-01
      vertex -2.4159814935e-01 5.3319811921e-01 5.5502925687e-01
      vertex -2.4760972049e-01 5.0000000000e-01 5.3448806053e-01
    endloop
  endfacet
  facet normal -9.718501e-01 1.812856e-01 1.504758e-01
    outer loop
      vertex -2.3776412907e-01 5.6571638901e-01 5.4061496203e-01
      vertex -2.4692208515e-01 5.3326777604e-01 5.2056061632e-01
      vertex -2.4159814935e-01 5.3319811921e-01 5.5502925687e-01
    endloop
  endfacet
  facet normal -9.847537e-01 8.410292e-02 1.522724e-01
    outer loop
      vertex -2.4760972049e-01 5.0000000000e-01 5.3448806053e-01
      vertex -2.4159814935e-01 5.3319811921e-01 5.5502925687e-01
      vertex -2.4692208515e-01 5.3326777604e-01 5.2056061632e-01
    endloop
  endfacet
  facet normal -9.031797e-01 2.148469e-01 3.716277e-01
    outer loop
      vertex -2.1566712010e-01 5.6497297825e-01 6.0847214114e-01
      vertex -2.2906104380e-01 5.6602068766e-01 5.7531471977e-01
      vertex -2.3107615015e-01 5.3291384284e-01 5.8955719837e-01
    endloop
  endfacet
  facet normal -9.474616e-01 2.162041e-01 2.357379e-01
    outer loop
      vertex -2.3776412907e-01 5.6571638901e-01 5.4061496203e-01
      vertex -2.4159814935e-01 5.3319811921e-01 5.5502925687e-01
      vertex -2.2906104380e-01 5.6602068766e-01 5.7531471977e-01
    endloop
  endfacet
  facet normal -9.529505e-01 8.454536e-02 2.910970e-01
    outer loop
      vertex -2.4048458945e-01 5.0000000000e-01 5.6831663223e-01
      vertex -2.3107615015e-01 5.3291384284e-01 5.8955719837e-01
      vertex -2.4159814935e-01 5.3319811921e-01 5.5502925687e-01
    endloop
  endfacet
  facet normal -9.403266e-01 1.811510e-01 2.880454e-01
    outer loop
      vertex -2.2906104380e-01 5.6602068766e-01 5.7531471977e-01
      vertex -2.4159814935e-01 5.3319811921e-01 5.5502925687e-01
      vertex -2.3107615015e-01 5.3291384284e-01 5.8955719837e-01
    endloop
  endfacet
  facet normal -8.516395e-01 4.694052e-01 -2.331714e-01
    outer loop
      vertex -2.0225424859e-01 6.2500000000e-01 4.2274575141e-01
      vertex -2.2275163105e-01 5.9654684640e-01 4.4033076742e-01
      vertex -2.1004447133e-01 6.2981462243e-01 4.6089138374e-01
    endloop
  endfacet
  facet normal -9.227974e-01 3.505871e-01 -1.597927e-01
    outer loop
      vertex -2.3776412907e-01 5.6571638901e-01 4.5938503797e-01
      vertex -2.2824562323e-01 5.9990176293e-01 4.7941910499e-01
      vertex -2.2275163105e-01 5.9654684640e-01 4.4033076742e-01
    endloop
  endfacet
  facet normal -8.724736e-01 4.823363e-01 -7.836719e-02
    outer loop
      vertex -2.1266270209e-01 6.3143277803e-01 5.0000000000e-01
      vertex -2.1004447133e-01 6.2981462243e-01 4.6089138374e-01
      vertex -2.2824562323e-01 5.9990176293e-01 4.7941910499e-01
    endloop
  endfacet
  facet normal -8.843585e-01 4.378416e-01 -1.618790e-01
    outer loop
      vertex -2.2275163105e-01 5.9654684640e-01 4.4033076742e-01
      vertex -2.2824562323e-01 5.9990176293e-01 4.7941910499e-01
      vertex -2.1004447133e-01 6.2981462243e-01 4.6089138374e-01
    endloop
  endfacet
  facet normal -9.957474e-01 9.212595e-02 0.000000e+00
    outer loop
      vertex -2.5000000000e-01 5.0000000000e-01 5.0000000000e-01
      vertex -2.4692208515e-01 5.3326777604e-01 5.2056061632e-01
      vertex -2.4692208515e-01 5.3326777604e-01 4.7943938368e-01
    endloop
  endfacet
  facet normal -9.712310e-01 2.237863e-01 8.142553e-02
    outer loop
      vertex -2.3776412907e-01 5.6571638901e-01 5.4061496203e-01
      vertex -2.4096531587e-01 5.6660117528e-01 5.0000000000e-01
      vertex -2.4692208515e-01 5.3326777604e-01 5.2056061632e-01
    endloop
  endfacet
  facet normal -9.712310e-01 2.237863e-01 -8.142553e-02
    outer loop
      vertex -2.3776412907e-01 5.6571638901e-01 4.5938503797e-01
      vertex -2.4692208515e-01 5.3326777604e-01 4.7943938368e-01
      vertex -2.4096531587e-01 5.6660117528e-01 5.0000000000e-01
    endloop
  endfacet
  facet normal -9.844052e-01 1.759159e-01 0.000000e+00
    outer loop
      vertex -2.4692208515e-01 5.3326777604e-01 5.2056061632e-01
      vertex -2.4096531587e-01 5.6660117528e-01 5.0000000000e-01
      vertex -2.4692208515e-01 5.3326777604e-01 4.7943938368e-01
    endloop
  endfacet
  facet normal -8.516395e-01 4.694052e-01 2.331714e-01
    outer loop
      vertex -2.0225424859e-01 6.2500000000e-01 5.7725424859e-01
      vertex -2.1004447133e-01 6.2981462243e-01 5.3910861626e-01
      vertex -2.2275163105e-01 5.9654684640e-01 5.5966923258e-01
    endloop
  endfacet
  facet normal -8.724736e-01 4.823363e-01 7.836719e-02
    outer loop
      vertex -2.1266270209e-01 6.3143277803e-01 5.0000000000e-01
      vertex -2.2824562323e-01 5.9990176293e-01 5.2058089501e-01
      vertex -2.1004447133e-01 6.2981462243e-01 5.3910861626e-01
    endloop
  endfacet
  facet normal -9.227974e-01 3.505871e-01 1.597927e-01
    outer loop
      vertex -2.3776412907e-01 5.6571638901e-01 5.4061496203e-01
      vertex -2.2275163105e-01 5.9654684640e-01 5.5966923258e-01
      vertex -2.2824562323e-01 5.9990176293e-01 5.2058089501e-01
    endloop
  endfacet
  facet normal -8.843585e-01 4.378416e-01 1.618790e-01
    outer loop
      vertex -2.1004447133e-01 6.2981462243e-01 5.3910861626e-01
      vertex -2.2824562323e-01 5.9990176293e-01 5.2058089501e-01
      vertex -2.2275163105e-01 5.9654684640e-01 5.5966923258e-01
    endloop
  endfacet
  facet normal -9.468068e-01 3.113353e-01 -8.140770e-02
    outer loop
      vertex -2.3776412907e-01 5.6571638901e-01 4.5938503797e-01
      vertex -2.4096531587e-01 5.6660117528e-01 5.0000000000e-01
      vertex -2.2824562323e-01 5.9990176293e-01 4.7941910499e-01
    endloop
  endfacet
  facet normal -9.468068e-01 3.113353e-01 8.140770e-02
    outer loop
      vertex -2.3776412907e-01 5.6571638901e-01 5.4061496203e-01
      vertex -2.2824562323e-01 5.9990176293e-01 5.2058089501e-01
      vertex -2.4096531587e-01 5.6660117528e-01 5.0000000000e-01
    endloop
  endfacet
  facet normal -8.964941e-01 4.430557e-01 0.000000e+00
    outer loop
      vertex -2.1266270209e-01 6.3143277803e-01 5.0000000000e-01
      vertex -2.2824562323e-01 5.9990176293e-01 4.7941910499e-01
      vertex -2.2824562323e-01 5.9990176293e-01 5.2058089501e-01
    endloop
  endfacet
  facet normal -9.341724e-01 3.568221e-01 0.000000e+00
    outer loop
      vertex -2.4096531587e-01 5.6660117528e-01 5.0000000000e-01
      vertex -2.2824562323e-01 5.9990176293e-01 5.2058089501e-01
      vertex -2.2824562323e-01 5.9990176293e-01 4.7941910499e-01
    endloop
  endfacet
  facet normal 5.462496e-01 8.336794e-01 8.117845e-02
    outer loop
      vertex 1.3143277803e-01 7.1266270209e-01 5.0000000000e-01
      vertex 1.2111041052e-01 7.1623233397e-01 5.3280009470e-01
      vertex 1.5391050522e-01 6.9596076060e-01 5.2027157336e-01
    endloop
  endfacet
  facet normal 5.001420e-01 8.397879e-01 2.112210e-01
    outer loop
      vertex 1.0847214114e-01 7.1566712010e-01 5.6497297825e-01
      vertex 1.4281291478e-01 6.9816230731e-01 5.5325571641e-01
      vertex 1.2111041052e-01 7.1623233397e-01 5.3280009470e-01
    endloop
  endfacet
  facet normal 6.304608e-01 7.592464e-01 1.614436e-01
    outer loop
      vertex 1.7344511939e-01 6.7551161119e-01 5.4015550891e-01
      vertex 1.5391050522e-01 6.9596076060e-01 5.2027157336e-01
      vertex 1.4281291478e-01 6.9816230731e-01 5.5325571641e-01
    endloop
  endfacet
  facet normal 5.572841e-01 8.196344e-01 1.327925e-01
    outer loop
      vertex 1.2111041052e-01 7.1623233397e-01 5.3280009470e-01
      vertex 1.4281291478e-01 6.9816230731e-01 5.5325571641e-01
      vertex 1.5391050522e-01 6.9596076060e-01 5.2027157336e-01
    endloop
  endfacet
  facet normal 3.824786e-01 8.026783e-01 4.576217e-01
    outer loop
      vertex 7.7254248594e-02 7.0225424859e-01 6.2500000000e-01
      vertex 1.1349762493e-01 6.8948385501e-01 6.1710746272e-01
      vertex 9.3759641870e-02 7.1097786866e-01 5.9590343317e-01
    endloop
  endfacet
  facet normal 5.222192e-01 7.421000e-01 4.202079e-01
    outer loop
      vertex 1.4694631307e-01 6.7204774006e-01 6.0633135104e-01
      vertex 1.2903040501e-01 6.9586292459e-01 5.8653825370e-01
      vertex 1.1349762493e-01 6.8948385501e-01 6.1710746272e-01
    endloop
  endfacet
  facet normal 4.450681e-01 8.294800e-01 3.374572e-01
    outer loop
      vertex 1.0847214114e-01 7.1566712010e-01 5.6497297825e-01
      vertex 9.3759641870e-02 7.1097786866e-01 5.9590343317e-01
      vertex 1.2903040501e-01 6.9586292459e-01 5.8653825370e-01
    endloop
  endfacet
  facet normal 4.484825e-01 8.016858e-01 3.951751e-01
    outer loop
      vertex 1.1349762493e-01 6.8948385501e-01 6.1710746272e-01
      vertex 1.2903040501e-01 6.9586292459e-01 5.8653825370e-01
      vertex 9.3759641870e-02 7.1097786866e-01 5.9590343317e-01
    endloop
  endfacet
  facet normal 7.599989e-01 5.693580e-01 3.134218e-01
    outer loop
      vertex 2.0225424859e-01 6.2500000000e-01 5.7725424859e-01
      vertex 1.8966307504e-01 6.5170628732e-01 5.5927158134e-01
      vertex 1.7677669530e-01 6.5037523875e-01 5.9293700862e-01
    endloop
  endfacet
  facet normal 7.022584e-01 6.705276e-01 2.392192e-01
    outer loop
      vertex 1.7344511939e-01 6.7551161119e-01 5.4015550891e-01
      vertex 1.6185297347e-01 6.7557746169e-01 5.7400114814e-01
      vertex 1.8966307504e-01 6.5170628732e-01 5.5927158134e-01
    endloop
  endfacet
  facet normal 6.491008e-01 6.636828e-01 3.717435e-01
    outer loop
      vertex 1.4694631307e-01 6.7204774006e-01 6.0633135104e-01
      vertex 1.7677669530e-01 6.5037523875e-01 5.9293700862e-01
      vertex 1.6185297347e-01 6.7557746169e-01 5.7400114814e-01
    endloop
  endfacet
  facet normal 7.075762e-01 6.415571e-01 2.962101e-01
    outer loop
      vertex 1.8966307504e-01 6.5170628732e-01 5.5927158134e-01
      vertex 1.6185297347e-01 6.7557746169e-01 5.7400114814e-01
      vertex 1.7677669530e-01 6.5037523875e-01 5.9293700862e-01
    endloop
  endfacet
  facet normal 5.084250e-01 8.186344e-01 2.670988e-01
    outer loop
      vertex 1.0847214114e-01 7.1566712010e-01 5.6497297825e-01
      vertex 1.2903040501e-01 6.9586292459e-01 5.8653825370e-01
      vertex 1.4281291478e-01 6.9816230731e-01 5.5325571641e-01
    endloop
  endfacet
  facet normal 5.855635e-01 7.312575e-01 3.498255e-01
    outer loop
      vertex 1.4694631307e-01 6.7204774006e-01 6.0633135104e-01
      vertex 1.6185297347e-01 6.7557746169e-01 5.7400114814e-01
      vertex 1.2903040501e-01 6.9586292459e-01 5.8653825370e-01
    endloop
  endfacet
  facet normal 6.387266e-01 7.381036e-01 2.173281e-01
    outer loop
      vertex 1.7344511939e-01 6.7551161119e-01 5.4015550891e-01
      vertex 1.4281291478e-01 6.9816230731e-01 5.5325571641e-01
      vertex 1.6185297347e-01 6.7557746169e-01 5.7400114814e-01
    endloop
  endfacet
  facet normal 5.811538e-01 7.591756e-01 2.931085e-01
    outer loop
      vertex 1.2903040501e-01 6.9586292459e-01 5.8653825370e-01
      vertex 1.6185297347e-01 6.7557746169e-01 5.7400114814e-01
      vertex 1.4281291478e-01 6.9816230731e-01 5.5325571641e-01
    endloop
  endfacet
  facet normal 8.117845e-02 5.462496e-01 8.336794e-01
    outer loop
      vertex 0.0000000000e+00 6.3143277803e-01 7.1266270209e-01
      vertex 3.2800094703e-02 6.2111041052e-01 7.1623233397e-01
      vertex 2.0271573361e-02 6.5391050522e-01 6.9596076060e-01
    endloop
  endfacet
  facet normal 2.112210e-01 5.001420e-01 8.397879e-01
    outer loop
      vertex 6.4972978252e-02 6.0847214114e-01 7.1566712010e-01
      vertex 5.3255716412e-02 6.4281291478e-01 6.9816230731e-01
      vertex 3.2800094703e-02 6.2111041052e-01 7.1623233397e-01
    endloop
  endfacet
  facet normal 1.614436e-01 6.304608e-01 7.592464e-01
    outer loop
      vertex 4.0155508910e-02 6.7344511939e-01 6.7551161119e-01
      vertex 2.0271573361e-02 6.5391050522e-01 6.9596076060e-01
      vertex 5.3255716412e-02 6.4281291478e-01 6.9816230731e-01
    endloop
  endfacet
  facet normal 1.327925e-01 5.572841e-01 8.196344e-01
    outer loop
      vertex 3.2800094703e-02 6.2111041052e-01 7.1623233397e-01
      vertex 5.3255716412e-02 6.4281291478e-01 6.9816230731e-01
      vertex 2.0271573361e-02 6.5391050522e-01 6.9596076060e-01
    endloop
  endfacet
  facet normal 4.576217e-01 3.824786e-01 8.026783e-01
    outer loop
      vertex 1.2500000000e-01 5.7725424859e-01 7.0225424859e-01
      vertex 1.1710746272e-01 6.1349762493e-01 6.8948385501e-01
      vertex 9.5903433171e-02 5.9375964187e-01 7.1097786866e-01
    endloop
  endfacet
  facet normal 4.202079e-01 5.222192e-01 7.421000e-01
    outer loop
      vertex 1.0633135104e-01 6.4694631307e-01 6.7204774006e-01
      vertex 8.6538253697e-02 6.2903040501e-01 6.9586292459e-01
      vertex 1.1710746272e-01 6.1349762493e-01 6.8948385501e-01
    endloop
  endfacet
  facet normal 3.374572e-01 4.450681e-01 8.294800e-01
    outer loop
      vertex 6.4972978252e-02 6.0847214114e-01 7.1566712010e-01
      vertex 9.5903433171e-02 5.9375964187e-01 7.1097786866e-01
      vertex 8.6538253697e-02 6.2903040501e-01 6.9586292459e-01
    endloop
  endfacet
  facet normal 3.951751e-01 4.484825e-01 8.016858e-01
    outer loop
      vertex 1.1710746272e-01 6.1349762493e-01 6.8948385501e-01
      vertex 8.6538253697e-02 6.2903040501e-01 6.9586292459e-01
      vertex 9.5903433171e-02 5.9375964187e-01 7.1097786866e-01
    endloop
  endfacet
  facet normal 3.134218e-01 7.599989e-01 5.693580e-01
    outer loop
      vertex 7.7254248594e-02 7.0225424859e-01 6.2500000000e-01
      vertex 5.9271581338e-02 6.8966307504e-01 6.5170628732e-01
      vertex 9.2937008615e-02 6.7677669530e-01 6.5037523875e-01
    endloop
  endfacet
  facet normal 2.392192e-01 7.022584e-01 6.705276e-01
    outer loop
      vertex 4.0155508910e-02 6.7344511939e-01 6.7551161119e-01
      vertex 7.4001148144e-02 6.6185297347e-01 6.7557746169e-01
      vertex 5.9271581338e-02 6.8966307504e-01 6.5170628732e-01
    endloop
  endfacet
  facet normal 3.717435e-01 6.491008e-01 6.636828e-01
    outer loop
      vertex 1.0633135104e-01 6.4694631307e-01 6.7204774006e-01
      vertex 9.2937008615e-02 6.7677669530e-01 6.5037523875e-01
      vertex 7.4001148144e-02 6.6185297347e-01 6.7557746169e-01
    endloop
  endfacet
  facet normal 2.962101e-01 7.075762e-01 6.415571e-01
    outer loop
      vertex 5.9271581338e-02 6.8966307504e-01 6.5170628732e-01
      vertex 7.4001148144e-02 6.6185297347e-01 6.7557746169e-01
      vertex 9.2937008615e-02 6.7677669530e-01 6.5037523875e-01
    endloop
  endfacet
  facet normal 2.670988e-01 5.084250e-01 8.186344e-01
    outer loop
      vertex 6.4972978252e-02 6.0847214114e-01 7.1566712010e-01
      vertex 8.6538253697e-02 6.2903040501e-01 6.9586292459e-01
      vertex 5.3255716412e-02 6.4281291478e-01 6.9816230731e-01
    endloop
  endfacet
  facet normal 3.498255e-01 5.855635e-01 7.312575e-01
    outer loop
      vertex 1.0633135104e-01 6.4694631307e-01 6.7204774006e-01
      vertex 7.4001148144e-02 6.6185297347e-01 6.7557746169e-01
      vertex 8.6538253697e-02 6.2903040501e-01 6.9586292459e-01
    endloop
  endfacet
  facet normal 2.173281e-01 6.387266e-01 7.381036e-01
    outer loop
      vertex 4.0155508910e-02 6.7344511939e-01 6.7551161119e-01
      vertex 5.3255716412e-02 6.4281291478e-01 6.9816230731e-01
      vertex 7.4001148144e-02 6.6185297347e-01 6.7557746169e-01
    endloop
  endfacet
  facet normal 2.931085e-01 5.811538e-01 7.591756e-01
    outer loop
      vertex 8.6538253697e-02 6.2903040501e-01 6.9586292459e-01
      vertex 7.4001148144e-02 6.6185297347e-01 6.7557746169e-01
      vertex 5.3255716412e-02 6.4281291478e-01 6.9816230731e-01
    endloop
  endfacet
  facet normal 8.336794e-01 8.117845e-02 5.462496e-01
    outer loop
      vertex 2.1266270209e-01 5.0000000000e-01 6.3143277803e-01
      vertex 2.1623233397e-01 5.3280009470e-01 6.2111041052e-01
      vertex 1.9596076060e-01 5.2027157336e-01 6.5391050522e-01
    endloop
  endfacet
  facet normal 8.397879e-01 2.112210e-01 5.001420e-01
    outer loop
      vertex 2.1566712010e-01 5.6497297825e-01 6.0847214114e-01
      vertex 1.9816230731e-01 5.5325571641e-01 6.4281291478e-01
      vertex 2.1623233397e-01 5.3280009470e-01 6.2111041052e-01
    endloop
  endfacet
  facet normal 7.592464e-01 1.614436e-01 6.304608e-01
    outer loop
      vertex 1.7551161119e-01 5.4015550891e-01 6.7344511939e-01
      vertex 1.9596076060e-01 5.2027157336e-01 6.5391050522e-01
      vertex 1.9816230731e-01 5.5325571641e-01 6.4281291478e-01
    endloop
  endfacet
  facet normal 8.196344e-01 1.327925e-01 5.572841e-01
    outer loop
      vertex 2.1623233397e-01 5.3280009470e-01 6.2111041052e-01
      vertex 1.9816230731e-01 5.5325571641e-01 6.4281291478e-01
      vertex 1.9596076060e-01 5.2027157336e-01 6.5391050522e-01
    endloop
  endfacet
  facet normal 8.026783e-01 4.576217e-01 3.824786e-01
    outer loop
      vertex 2.0225424859e-01 6.2500000000e-01 5.7725424859e-01
      vertex 1.8948385501e-01 6.1710746272e-01 6.1349762493e-01
      vertex 2.1097786866e-01 5.9590343317e-01 5.9375964187e-01
    endloop
  endfacet
  facet normal 7.421000e-01 4.202079e-01 5.222192e-01
    outer loop
      vertex 1.7204774006e-01 6.0633135104e-01 6.4694631307e-01
      vertex 1.9586292459e-01 5.8653825370e-01 6.2903040501e-01
      vertex 1.8948385501e-01 6.1710746272e-01 6.1349762493e-01
    endloop
  endfacet
  facet normal 8.294800e-01 3.374572e-01 4.450681e-01
    outer loop
      vertex 2.1566712010e-01 5.6497297825e-01 6.0847214114e-01
      vertex 2.1097786866e-01 5.9590343317e-01 5.9375964187e-01
      vertex 1.9586292459e-01 5.8653825370e-01 6.2903040501e-01
    endloop
  endfacet
  facet normal 8.016858e-01 3.951751e-01 4.484825e-01
    outer loop
      vertex 1.8948385501e-01 6.1710746272e-01 6.1349762493e-01
      vertex 1.9586292459e-01 5.8653825370e-01 6.2903040501e-01
      vertex 2.1097786866e-01 5.9590343317e-01 5.9375964187e-01
    endloop
  endfacet
  facet normal 5.693580e-01 3.134218e-01 7.599989e-01
    outer loop
      vertex 1.2500000000e-01 5.7725424859e-01 7.0225424859e-01
      vertex 1.5170628732e-01 5.5927158134e-01 6.8966307504e-01
      vertex 1.5037523875e-01 5.9293700862e-01 6.7677669530e-01
    endloop
  endfacet
  facet normal 6.705276e-01 2.392192e-01 7.022584e-01
    outer loop
      vertex 1.7551161119e-01 5.4015550891e-01 6.7344511939e-01
      vertex 1.7557746169e-01 5.7400114814e-01 6.6185297347e-01
      vertex 1.5170628732e-01 5.5927158134e-01 6.8966307504e-01
    endloop
  endfacet
  facet normal 6.636828e-01 3.717435e-01 6.491008e-01
    outer loop
      vertex 1.7204774006e-01 6.0633135104e-01 6.4694631307e-01
      vertex 1.5037523875e-01 5.9293700862e-01 6.7677669530e-01
      vertex 1.7557746169e-01 5.7400114814e-01 6.6185297347e-01
    endloop
  endfacet
  facet normal 6.415571e-01 2.962101e-01 7.075762e-01
    outer loop
      vertex 1.5170628732e-01 5.5927158134e-01 6.8966307504e-01
      vertex 1.7557746169e-01 5.7400114814e-01 6.6185297347e-01
      vertex 1.5037523875e-01 5.9293700862e-01 6.7677669530e-01
    endloop
  endfacet
  facet normal 8.186344e-01 2.670988e-01 5.084250e-01
    outer loop
      vertex 2.1566712010e-01 5.6497297825e-01 6.0847214114e-01
      vertex 1.9586292459e-01 5.8653825370e-01 6.2903040501e-01
      vertex 1.9816230731e-01 5.5325571641e-01 6.4281291478e-01
    endloop
  endfacet
  facet normal 7.312575e-01 3.498255e-01 5.855635e-01
    outer loop
      vertex 1.7204774006e-01 6.0633135104e-01 6.4694631307e-01
      vertex 1.7557746169e-01 5.7400114814e-01 6.6185297347e-01
      vertex 1.9586292459e-01 5.8653825370e-01 6.2903040501e-01
    endloop
  endfacet
  facet normal 7.381036e-01 2.173281e-01 6.387266e-01
    outer loop
      vertex 1.7551161119e-01 5.4015550891e-01 6.7344511939e-01
      vertex 1.9816230731e-01 5.5325571641e-01 6.4281291478e-01
      vertex 1.7557746169e-01 5.7400114814e-01 6.6185297347e-01
    endloop
  endfacet
  facet normal 7.591756e-01 2.931085e-01 5.811538e-01
    outer loop
      vertex 1.9586292459e-01 5.8653825370e-01 6.2903040501e-01
      vertex 1.7557746169e-01 5.7400114814e-01 6.6185297347e-01
      vertex 1.9816230731e-01 5.5325571641e-01 6.4281291478e-01
    endloop
  endfacet
  facet normal 3.822343e-01 7.595136e-01 5.263422e-01
    outer loop
      vertex 7.7254248594e-02 7.0225424859e-01 6.2500000000e-01
      vertex 9.2937008615e-02 6.7677669530e-01 6.5037523875e-01
      vertex 1.1349762493e-01 6.8948385501e-01 6.1710746272e-01
    endloop
  endfacet
  facet normal 4.404610e-01 6.486873e-01 6.206439e-01
    outer loop
      vertex 1.0633135104e-01 6.4694631307e-01 6.7204774006e-01
      vertex 1.2834386031e-01 6.6164444795e-01 6.4106355294e-01
      vertex 9.2937008615e-02 6.7677669530e-01 6.5037523875e-01
    endloop
  endfacet
  facet normal 5.218865e-01 6.990111e-01 4.888946e-01
    outer loop
      vertex 1.4694631307e-01 6.7204774006e-01 6.0633135104e-01
      vertex 1.1349762493e-01 6.8948385501e-01 6.1710746272e-01
      vertex 1.2834386031e-01 6.6164444795e-01 6.4106355294e-01
    endloop
  endfacet
  facet normal 4.465169e-01 7.084426e-01 5.465636e-01
    outer loop
      vertex 9.2937008615e-02 6.7677669530e-01 6.5037523875e-01
      vertex 1.2834386031e-01 6.6164444795e-01 6.4106355294e-01
      vertex 1.1349762493e-01 6.8948385501e-01 6.1710746272e-01
    endloop
  endfacet
  facet normal 5.263422e-01 3.822343e-01 7.595136e-01
    outer loop
      vertex 1.2500000000e-01 5.7725424859e-01 7.0225424859e-01
      vertex 1.5037523875e-01 5.9293700862e-01 6.7677669530e-01
      vertex 1.1710746272e-01 6.1349762493e-01 6.8948385501e-01
    endloop
  endfacet
  facet normal 6.206439e-01 4.404610e-01 6.486873e-01
    outer loop
      vertex 1.7204774006e-01 6.0633135104e-01 6.4694631307e-01
      vertex 1.4106355294e-01 6.2834386031e-01 6.6164444795e-01
      vertex 1.5037523875e-01 5.9293700862e-01 6.7677669530e-01
    endloop
  endfacet
  facet normal 4.888946e-01 5.218865e-01 6.990111e-01
    outer loop
      vertex 1.0633135104e-01 6.4694631307e-01 6.7204774006e-01
      vertex 1.1710746272e-01 6.1349762493e-01 6.8948385501e-01
      vertex 1.4106355294e-01 6.2834386031e-01 6.6164444795e-01
    endloop
  endfacet
  facet normal 5.465636e-01 4.465169e-01 7.084426e-01
    outer loop
      vertex 1.5037523875e-01 5.9293700862e-01 6.7677669530e-01
      vertex 1.4106355294e-01 6.2834386031e-01 6.6164444795e-01
      vertex 1.1710746272e-01 6.1349762493e-01 6.8948385501e-01
    endloop
  endfacet
  facet normal 7.595136e-01 5.263422e-01 3.822343e-01
    outer loop
      vertex 2.0225424859e-01 6.2500000000e-01 5.7725424859e-01
      vertex 1.7677669530e-01 6.5037523875e-01 5.9293700862e-01
      vertex 1.8948385501e-01 6.1710746272e-01 6.1349762493e-01
    endloop
  endfacet
  facet normal 6.486873e-01 6.206439e-01 4.404610e-01
    outer loop
      vertex 1.4694631307e-01 6.7204774006e-01 6.0633135104e-01
      vertex 1.6164444795e-01 6.4106355294e-01 6.2834386031e-01
      vertex 1.7677669530e-01 6.5037523875e-01 5.9293700862e-01
    endloop
  endfacet
  facet normal 6.990111e-01 4.888946e-01 5.218865e-01
    outer loop
      vertex 1.7204774006e-01 6.0633135104e-01 6.4694631307e-01
      vertex 1.8948385501e-01 6.1710746272e-01 6.1349762493e-01
      vertex 1.6164444795e-01 6.4106355294e-01 6.2834386031e-01
    endloop
  endfacet
  facet normal 7.084426e-01 5.465636e-01 4.465169e-01
    outer loop
      vertex 1.7677669530e-01 6.5037523875e-01 5.9293700862e-01
      vertex 1.6164444795e-01 6.4106355294e-01 6.2834386031e-01
      vertex 1.8948385501e-01 6.1710746272e-01 6.1349762493e-01
    endloop
  endfacet
  facet normal 5.037511e-01 5.851588e-01 6.354715e-01
    outer loop
      vertex 1.0633135104e-01 6.4694631307e-01 6.7204774006e-01
      vertex 1.4106355294e-01 6.2834386031e-01 6.6164444795e-01
      vertex 1.2834386031e-01 6.6164444795e-01 6.4106355294e-01
    endloop
  endfacet
  facet normal 6.354715e-01 5.037511e-01 5.851588e-01
    outer loop
      vertex 1.7204774006e-01 6.0633135104e-01 6.4694631307e-01
      vertex 1.6164444795e-01 6.4106355294e-01 6.2834386031e-01
      vertex 1.4106355294e-01 6.2834386031e-01 6.6164444795e-01
    endloop
  endfacet
  facet normal 5.851588e-01 6.354715e-01 5.037511e-01
    outer loop
      vertex 1.4694631307e-01 6.7204774006e-01 6.0633135104e-01
      vertex 1.2834386031e-01 6.6164444795e-01 6.4106355294e-01
      vertex 1.6164444795e-01 6.4106355294e-01 6.2834386031e-01
    endloop
  endfacet
  facet normal 5.773503e-01 5.773503e-01 5.773503e-01
    outer loop
      vertex 1.4106355294e-01 6.2834386031e-01 6.6164444795e-01
      vertex 1.6164444795e-01 6.4106355294e-01 6.2834386031e-01
      vertex 1.2834386031e-01 6.6164444795e-01 6.4106355294e-01
    endloop
  endfacet
  facet normal -5.017104e-02 4.650712e-01 8.838505e-01
    outer loop
      vertex 0.0000000000e+00 6.3143277803e-01 7.1266270209e-01
      vertex -3.2800094703e-02 6.2111041052e-01 7.1623233397e-01
      vertex 0.0000000000e+00 6.0083883715e-01 7.2876085531e-01
    endloop
  endfacet
  facet normal -1.803191e-01 4.192398e-01 8.897882e-01
    outer loop
      vertex -6.4972978252e-02 6.0847214114e-01 7.1566712010e-01
      vertex -3.2913842838e-02 5.8955719837e-01 7.3107615015e-01
      vertex -3.2800094703e-02 6.2111041052e-01 7.1623233397e-01
    endloop
  endfacet
  facet normal -5.000027e-02 3.386983e-01 9.395655e-01
    outer loop
      vertex 0.0000000000e+00 5.6831663223e-01 7.4048458945e-01
      vertex 0.0000000000e+00 6.0083883715e-01 7.2876085531e-01
      vertex -3.2913842838e-02 5.8955719837e-01 7.3107615015e-01
    endloop
  endfacet
  facet normal -8.207030e-02 4.244916e-01 9.017047e-01
    outer loop
      vertex -3.2800094703e-02 6.2111041052e-01 7.1623233397e-01
      vertex -3.2913842838e-02 5.8955719837e-01 7.3107615015e-01
      vertex 0.0000000000e+00 6.0083883715e-01 7.2876085531e-01
    endloop
  endfacet
  facet normal -4.270257e-01 3.023772e-01 8.521837e-01
    outer loop
      vertex -1.2500000000e-01 5.7725424859e-01 7.0225424859e-01
      vertex -9.6546846397e-02 5.5966923258e-01 7.2275163105e-01
      vertex -9.5903433171e-02 5.9375964187e-01 7.1097786866e-01
    endloop
  endfacet
  facet normal -3.081672e-01 2.288929e-01 9.233856e-01
    outer loop
      vertex -6.5716389015e-02 5.4061496203e-01 7.3776412907e-01
      vertex -6.6020687665e-02 5.7531471977e-01 7.2906104380e-01
      vertex -9.6546846397e-02 5.5966923258e-01 7.2275163105e-01
    endloop
  endfacet
  facet normal -3.067980e-01 3.648012e-01 8.790876e-01
    outer loop
      vertex -6.4972978252e-02 6.0847214114e-01 7.1566712010e-01
      vertex -9.5903433171e-02 5.9375964187e-01 7.1097786866e-01
      vertex -6.6020687665e-02 5.7531471977e-01 7.2906104380e-01
    endloop
  endfacet
  facet normal -3.431966e-01 3.124011e-01 8.857887e-01
    outer loop
      vertex -9.6546846397e-02 5.5966923258e-01 7.2275163105e-01
      vertex -6.6020687665e-02 5.7531471977e-01 7.2906104380e-01
      vertex -9.5903433171e-02 5.9375964187e-01 7.1097786866e-01
    endloop
  endfacet
  facet normal -4.950537e-02 6.905681e-02 9.963836e-01
    outer loop
      vertex 0.0000000000e+00 5.0000000000e-01 7.5000000000e-01
      vertex 0.0000000000e+00 5.3448806053e-01 7.4760972049e-01
      vertex -3.3267776035e-02 5.2056061632e-01 7.4692208515e-01
    endloop
  endfacet
  facet normal -4.960764e-02 2.058489e-01 9.773256e-01
    outer loop
      vertex 0.0000000000e+00 5.6831663223e-01 7.4048458945e-01
      vertex -3.3198119207e-02 5.5502925687e-01 7.4159814935e-01
      vertex 0.0000000000e+00 5.3448806053e-01 7.4760972049e-01
    endloop
  endfacet
  facet normal -1.812856e-01 1.504758e-01 9.718501e-01
    outer loop
      vertex -6.5716389015e-02 5.4061496203e-01 7.3776412907e-01
      vertex -3.3267776035e-02 5.2056061632e-01 7.4692208515e-01
      vertex -3.3198119207e-02 5.5502925687e-01 7.4159814935e-01
    endloop
  endfacet
  facet normal -8.410292e-02 1.522724e-01 9.847537e-01
    outer loop
      vertex 0.0000000000e+00 5.3448806053e-01 7.4760972049e-01
      vertex -3.3198119207e-02 5.5502925687e-01 7.4159814935e-01
      vertex -3.3267776035e-02 5.2056061632e-01 7.4692208515e-01
    endloop
  endfacet
  facet normal -2.148469e-01 3.716277e-01 9.031797e-01
    outer loop
      vertex -6.4972978252e-02 6.0847214114e-01 7.1566712010e-01
      vertex -6.6020687665e-02 5.7531471977e-01 7.2906104380e-01
      vertex -3.2913842838e-02 5.8955719837e-01 7.3107615015e-01
    endloop
  endfacet
  facet normal -2.162041e-01 2.357379e-01 9.474616e-01
    outer loop
      vertex -6.5716389015e-02 5.4061496203e-01 7.3776412907e-01
      vertex -3.3198119207e-02 5.5502925687e-01 7.4159814935e-01
      vertex -6.6020687665e-02 5.7531471977e-01 7.2906104380e-01
    endloop
  endfacet
  facet normal -8.454536e-02 2.910970e-01 9.529505e-01
    outer loop
      vertex 0.0000000000e+00 5.6831663223e-01 7.4048458945e-01
      vertex -3.2913842838e-02 5.8955719837e-01 7.3107615015e-01
      vertex -3.3198119207e-02 5.5502925687e-01 7.4159814935e-01
    endloop
  endfacet
  facet normal -1.811510e-01 2.880454e-01 9.403266e-01
    outer loop
      vertex -6.6020687665e-02 5.7531471977e-01 7.2906104380e-01
      vertex -3.3198119207e-02 5.5502925687e-01 7.4159814935e-01
      vertex -3.2913842838e-02 5.8955719837e-01 7.3107615015e-01
    endloop
  endfacet
  facet normal -8.026720e-01 0.000000e+00 5.964207e-01
    outer loop
      vertex -2.1266270209e-01 5.0000000000e-01 6.3143277803e-01
      vertex -1.9596076060e-01 4.7972842664e-01 6.5391050522e-01
      vertex -1.9596076060e-01 5.2027157336e-01 6.5391050522e-01
    endloop
  endfacet
  facet normal -7.283445e-01 -8.054149e-02 6.804611e-01
    outer loop
      vertex -1.7551161119e-01 4.5984449109e-01 6.7344511939e-01
      vertex -1.7782043374e-01 5.0000000000e-01 6.7572675762e-01
      vertex -1.9596076060e-01 4.7972842664e-01 6.5391050522e-01
    endloop
  endfacet
  facet normal -7.283445e-01 8.054149e-02 6.804611e-01
    outer loop
      vertex -1.7551161119e-01 5.4015550891e-01 6.7344511939e-01
      vertex -1.9596076060e-01 5.2027157336e-01 6.5391050522e-01
      vertex -1.7782043374e-01 5.0000000000e-01 6.7572675762e-01
    endloop
  endfacet
  facet normal -7.689122e-01 0.000000e+00 6.393544e-01
    outer loop
      vertex -1.9596076060e-01 4.7972842664e-01 6.5391050522e-01
      vertex -1.7782043374e-01 5.0000000000e-01 6.7572675762e-01
      vertex -1.9596076060e-01 5.2027157336e-01 6.5391050522e-01
    endloop
  endfacet
  facet normal -5.387620e-01 -2.333204e-01 8.095043e-01
    outer loop
      vertex -1.2500000000e-01 4.2274575141e-01 7.0225424859e-01
      vertex -1.2981462243e-01 4.6089138374e-01 7.1004447133e-01
      vertex -1.5170628732e-01 4.4072841866e-01 6.8966307504e-01
    endloop
  endfacet
  facet normal -5.516422e-01 -7.841715e-02 8.303865e-01
    outer loop
      vertex -1.3143277803e-01 5.0000000000e-01 7.1266270209e-01
      vertex -1.5505989565e-01 4.7971453710e-01 6.9505109268e-01
      vertex -1.2981462243e-01 4.6089138374e-01 7.1004447133e-01
    endloop
  endfacet
  facet normal -6.398684e-01 -1.589524e-01 7.518660e-01
    outer loop
      vertex -1.7551161119e-01 4.5984449109e-01 6.7344511939e-01
      vertex -1.5170628732e-01 4.4072841866e-01 6.8966307504e-01
      vertex -1.5505989565e-01 4.7971453710e-01 6.9505109268e-01
    endloop
  endfacet
  facet normal -5.895786e-01 -1.601287e-01 7.916792e-01
    outer loop
      vertex -1.2981462243e-01 4.6089138374e-01 7.1004447133e-01
      vertex -1.5505989565e-01 4.7971453710e-01 6.9505109268e-01
      vertex -1.5170628732e-01 4.4072841866e-01 6.8966307504e-01
    endloop
  endfacet
  facet normal -5.387620e-01 2.333204e-01 8.095043e-01
    outer loop
      vertex -1.2500000000e-01 5.7725424859e-01 7.0225424859e-01
      vertex -1.5170628732e-01 5.5927158134e-01 6.8966307504e-01
      vertex -1.2981462243e-01 5.3910861626e-01 7.1004447133e-01
    endloop
  endfacet
  facet normal -6.398684e-01 1.589524e-01 7.518660e-01
    outer loop
      vertex -1.7551161119e-01 5.4015550891e-01 6.7344511939e-01
      vertex -1.5505989565e-01 5.2028546290e-01 6.9505109268e-01
      vertex -1.5170628732e-01 5.5927158134e-01 6.8966307504e-01
    endloop
  endfacet
  facet normal -5.516422e-01 7.841715e-02 8.303865e-01
    outer loop
      vertex -1.3143277803e-01 5.0000000000e-01 7.1266270209e-01
      vertex -1.2981462243e-01 5.3910861626e-01 7.1004447133e-01
      vertex -1.5505989565e-01 5.2028546290e-01 6.9505109268e-01
    endloop
  endfacet
  facet normal -5.895786e-01 1.601287e-01 7.916792e-01
    outer loop
      vertex -1.5170628732e-01 5.5927158134e-01 6.8966307504e-01
      vertex -1.5505989565e-01 5.2028546290e-01 6.9505109268e-01
      vertex -1.2981462243e-01 5.3910861626e-01 7.1004447133e-01
    endloop
  endfacet
  facet normal -6.858517e-01 -8.053079e-02 7.232719e-01
    outer loop
      vertex -1.7551161119e-01 4.5984449109e-01 6.7344511939e-01
      vertex -1.5505989565e-01 4.7971453710e-01 6.9505109268e-01
      vertex -1.7782043374e-01 5.0000000000e-01 6.7572675762e-01
    endloop
  endfacet
  facet normal -5.976360e-01 0.000000e+00 8.017675e-01
    outer loop
      vertex -1.3143277803e-01 5.0000000000e-01 7.1266270209e-01
      vertex -1.5505989565e-01 5.2028546290e-01 6.9505109268e-01
      vertex -1.5505989565e-01 4.7971453710e-01 6.9505109268e-01
    endloop
  endfacet
  facet normal -6.858517e-01 8.053079e-02 7.232719e-01
    outer loop
      vertex -1.7551161119e-01 5.4015550891e-01 6.7344511939e-01
      vertex -1.7782043374e-01 5.0000000000e-01 6.7572675762e-01
      vertex -1.5505989565e-01 5.2028546290e-01 6.9505109268e-01
    endloop
  endfacet
  facet normal -6.472182e-01 0.000000e+00 7.623048e-01
    outer loop
      vertex -1.5505989565e-01 4.7971453710e-01 6.9505109268e-01
      vertex -1.5505989565e-01 5.2028546290e-01 6.9505109268e-01
      vertex -1.7782043374e-01 5.0000000000e-01 6.7572675762e-01
    endloop
  endfacet
  facet normal -5.017104e-02 -4.650712e-01 8.838505e-01
    outer loop
      vertex 0.0000000000e+00 3.6856722197e-01 7.1266270209e-01
      vertex 0.0000000000e+00 3.9916116285e-01 7.2876085531e-01
      vertex -3.2800094703e-02 3.7888958948e-01 7.1623233397e-01
    endloop
  endfacet
  facet normal -5.000027e-02 -3.386983e-01 9.395655e-01
    outer loop
      vertex 0.0000000000e+00 4.3168336777e-01 7.4048458945e-01
      vertex -3.2913842838e-02 4.1044280163e-01 7.3107615015e-01
      vertex 0.0000000000e+00 3.9916116285e-01 7.2876085531e-01
    endloop
  endfacet
  facet normal -1.803191e-01 -4.192398e-01 8.897882e-01
    outer loop
      vertex -6.4972978252e-02 3.9152785886e-01 7.1566712010e-01
      vertex -3.2800094703e-02 3.7888958948e-01 7.1623233397e-01
      vertex -3.2913842838e-02 4.1044280163e-01 7.3107615015e-01
    endloop
  endfacet
  facet normal -8.207030e-02 -4.244916e-01 9.017047e-01
    outer loop
      vertex 0.0000000000e+00 3.9916116285e-01 7.2876085531e-01
      vertex -3.2913842838e-02 4.1044280163e-01 7.3107615015e-01
      vertex -3.2800094703e-02 3.7888958948e-01 7.1623233397e-01
    endloop
  endfacet
  facet normal -4.950537e-02 -6.905681e-02 9.963836e-01
    outer loop
      vertex 0.0000000000e+00 5.0000000000e-01 7.5000000000e-01
      vertex -3.3267776035e-02 4.7943938368e-01 7.4692208515e-01
      vertex 0.0000000000e+00 4.6551193947e-01 7.4760972049e-01
    endloop
  endfacet
  facet normal -1.812856e-01 -1.504758e-01 9.718501e-01
    outer loop
      vertex -6.5716389015e-02 4.5938503797e-01 7.3776412907e-01
      vertex -3.3198119207e-02 4.4497074313e-01 7.4159814935e-01
      vertex -3.3267776035e-02 4.7943938368e-01 7.4692208515e-01
    endloop
  endfacet
  facet normal -4.960764e-02 -2.058489e-01 9.773256e-01
    outer loop
      vertex 0.0000000000e+00 4.3168336777e-01 7.4048458945e-01
      vertex 0.0000000000e+00 4.6551193947e-01 7.4760972049e-01
      vertex -3.3198119207e-02 4.4497074313e-01 7.4159814935e-01
    endloop
  endfacet
  facet normal -8.410292e-02 -1.522724e-01 9.847537e-01
    outer loop
      vertex -3.3267776035e-02 4.7943938368e-01 7.4692208515e-01
      vertex -3.3198119207e-02 4.4497074313e-01 7.4159814935e-01
      vertex 0.0000000000e+00 4.6551193947e-01 7.4760972049e-01
    endloop
  endfacet
  facet normal -4.270257e-01 -3.023772e-01 8.521837e-01
    outer loop
      vertex -1.2500000000e-01 4.2274575141e-01 7.0225424859e-01
      vertex -9.5903433171e-02 4.0624035813e-01 7.1097786866e-01
      vertex -9.6546846397e-02 4.4033076742e-01 7.2275163105e-01
    endloop
  endfacet
  facet normal -3.067980e-01 -3.648012e-01 8.790876e-01
    outer loop
      vertex -6.4972978252e-02 3.9152785886e-01 7.1566712010e-01
      vertex -6.6020687665e-02 4.2468528023e-01 7.2906104380e-01
      vertex -9.5903433171e-02 4.0624035813e-01 7.1097786866e-01
    endloop
  endfacet
  facet normal -3.081672e-01 -2.288929e-01 9.233856e-01
    outer loop
      vertex -6.5716389015e-02 4.5938503797e-01 7.3776412907e-01
      vertex -9.6546846397e-02 4.4033076742e-01 7.2275163105e-01
      vertex -6.6020687665e-02 4.2468528023e-01 7.2906104380e-01
    endloop
  endfacet
  facet normal -3.431966e-01 -3.124011e-01 8.857887e-01
    outer loop
      vertex -9.5903433171e-02 4.0624035813e-01 7.1097786866e-01
      vertex -6.6020687665e-02 4.2468528023e-01 7.2906104380e-01
      vertex -9.6546846397e-02 4.4033076742e-01 7.2275163105e-01
    endloop
  endfacet
  facet normal -8.454536e-02 -2.910970e-01 9.529505e-01
    outer loop
      vertex 0.0000000000e+00 4.3168336777e-01 7.4048458945e-01
      vertex -3.3198119207e-02 4.4497074313e-01 7.4159814935e-01
      vertex -3.2913842838e-02 4.1044280163e-01 7.3107615015e-01
    endloop
  endfacet
  facet normal -2.162041e-01 -2.357379e-01 9.474616e-01
    outer loop
      vertex -6.5716389015e-02 4.5938503797e-01 7.3776412907e-01
      vertex -6.6020687665e-02 4.2468528023e-01 7.2906104380e-01
      vertex -3.3198119207e-02 4.4497074313e-01 7.4159814935e-01
    endloop
  endfacet
  facet normal -2.148469e-01 -3.716277e-01 9.031797e-01
    outer loop
      vertex -6.4972978252e-02 3.9152785886e-01 7.1566712010e-01
      vertex -3.2913842838e-02 4.1044280163e-01 7.3107615015e-01
      vertex -6.6020687665e-02 4.2468528023e-01 7.2906104380e-01
    endloop
  endfacet
  facet normal -1.811510e-01 -2.880454e-01 9.403266e-01
    outer loop
      vertex -3.3198119207e-02 4.4497074313e-01 7.4159814935e-01
      vertex -6.6020687665e-02 4.2468528023e-01 7.2906104380e-01
      vertex -3.2913842838e-02 4.1044280163e-01 7.3107615015e-01
    endloop
  endfacet
  facet normal -4.694052e-01 2.331714e-01 8.516395e-01
    outer loop
      vertex -1.2500000000e-01 5.7725424859e-01 7.0225424859e-01
      vertex -1.2981462243e-01 5.3910861626e-01 7.1004447133e-01
      vertex -9.6546846397e-02 5.5966923258e-01 7.2275163105e-01
    endloop
  endfacet
  facet normal -4.823363e-01 7.836719e-02 8.724736e-01
    outer loop
      vertex -1.3143277803e-01 5.0000000000e-01 7.1266270209e-01
      vertex -9.9901762925e-02 5.2058089501e-01 7.2824562323e-01
      vertex -1.2981462243e-01 5.3910861626e-01 7.1004447133e-01
    endloop
  endfacet
  facet normal -3.505871e-01 1.597927e-01 9.227974e-01
    outer loop
      vertex -6.5716389015e-02 5.4061496203e-01 7.3776412907e-01
      vertex -9.6546846397e-02 5.5966923258e-01 7.2275163105e-01
      vertex -9.9901762925e-02 5.2058089501e-01 7.2824562323e-01
    endloop
  endfacet
  facet normal -4.378416e-01 1.618790e-01 8.843585e-01
    outer loop
      vertex -1.2981462243e-01 5.3910861626e-01 7.1004447133e-01
      vertex -9.9901762925e-02 5.2058089501e-01 7.2824562323e-01
      vertex -9.6546846397e-02 5.5966923258e-01 7.2275163105e-01
    endloop
  endfacet
  facet normal -4.694052e-01 -2.331714e-01 8.516395e-01
    outer loop
      vertex -1.2500000000e-01 4.2274575141e-01 7.0225424859e-01
      vertex -9.6546846397e-02 4.4033076742e-01 7.2275163105e-01
      vertex -1.2981462243e-01 4.6089138374e-01 7.1004447133e-01
    endloop
  endfacet
  facet normal -3.505871e-01 -1.597927e-01 9.227974e-01
    outer loop
      vertex -6.5716389015e-02 4.5938503797e-01 7.3776412907e-01
      vertex -9.9901762925e-02 4.7941910499e-01 7.2824562323e-01
      vertex -9.6546846397e-02 4.4033076742e-01 7.2275163105e-01
    endloop
  endfacet
  facet normal -4.823363e-01 -7.836719e-02 8.724736e-01
    outer loop
      vertex -1.3143277803e-01 5.0000000000e-01 7.1266270209e-01
      vertex -1.2981462243e-01 4.6089138374e-01 7.1004447133e-01
      vertex -9.9901762925e-02 4.7941910499e-01 7.2824562323e-01
    endloop
  endfacet
  facet normal -4.378416e-01 -1.618790e-01 8.843585e-01
    outer loop
      vertex -9.6546846397e-02 4.4033076742e-01 7.2275163105e-01
      vertex -9.9901762925e-02 4.7941910499e-01 7.2824562323e-01
      vertex -1.2981462243e-01 4.6089138374e-01 7.1004447133e-01
    endloop
  endfacet
  facet normal -9.212595e-02 0.000000e+00 9.957474e-01
    outer loop
      vertex 0.0000000000e+00 5.0000000000e-01 7.5000000000e-01
      vertex -3.3267776035e-02 5.2056061632e-01 7.4692208515e-01
      vertex -3.3267776035e-02 4.7943938368e-01 7.4692208515e-01
    endloop
  endfacet
  facet normal -2.237863e-01 8.142553e-02 9.712310e-01
    outer loop
      vertex -6.5716389015e-02 5.4061496203e-01 7.3776412907e-01
      vertex -6.6601175284e-02 5.0000000000e-01 7.4096531587e-01
      vertex -3.3267776035e-02 5.2056061632e-01 7.4692208515e-01
    endloop
  endfacet
  facet normal -2.237863e-01 -8.142553e-02 9.712310e-01
    outer loop
      vertex -6.5716389015e-02 4.5938503797e-01 7.3776412907e-01
      vertex -3.3267776035e-02 4.7943938368e-01 7.4692208515e-01
      vertex -6.6601175284e-02 5.0000000000e-01 7.4096531587e-01
    endloop
  endfacet
  facet normal -1.759159e-01 0.000000e+00 9.844052e-01
    outer loop
      vertex -3.3267776035e-02 5.2056061632e-01 7.4692208515e-01
      vertex -6.6601175284e-02 5.0000000000e-01 7.4096531587e-01
      vertex -3.3267776035e-02 4.7943938368e-01 7.4692208515e-01
    endloop
  endfacet
  facet normal -4.430557e-01 0.000000e+00 8.964941e-01
    outer loop
      vertex -1.3143277803e-01 5.0000000000e-01 7.1266270209e-01
      vertex -9.9901762925e-02 4.7941910499e-01 7.2824562323e-01
      vertex -9.9901762925e-02 5.2058089501e-01 7.2824562323e-01
    endloop
  endfacet
  facet normal -3.113353e-01 -8.140770e-02 9.468068e-01
    outer loop
      vertex -6.5716389015e-02 4.5938503797e-01 7.3776412907e-01
      vertex -6.6601175284e-02 5.0000000000e-01 7.4096531587e-01
      vertex -9.9901762925e-02 4.7941910499e-01 7.2824562323e-01
    endloop
  endfacet
  facet normal -3.113353e-01 8.140770e-02 9.468068e-01
    outer loop
      vertex -6.5716389015e-02 5.4061496203e-01 7.3776412907e-01
      vertex -9.9901762925e-02 5.2058089501e-01 7.2824562323e-01
      vertex -6.6601175284e-02 5.0000000000e-01 7.4096531587e-01
    endloop
  endfacet
  facet normal -3.568221e-01 0.000000e+00 9.341724e-01
    outer loop
      vertex -9.9901762925e-02 4.7941910499e-01 7.2824562323e-01
      vertex -6.6601175284e-02 5.0000000000e-01 7.4096531587e-01
      vertex -9.9901762925e-02 5.2058089501e-01 7.2824562323e-01
    endloop
  endfacet
  facet normal -8.838505e-01 -5.017104e-02 4.650712e-01
    outer loop
      vertex -2.1266270209e-01 5.0000000000e-01 6.3143277803e-01
      vertex -2.2876085531e-01 5.0000000000e-01 6.0083883715e-01
      vertex -2.1623233397e-01 4.6719990530e-01 6.2111041052e-01
    endloop
  endfacet
  facet normal -9.395655e-01 -5.000027e-02 3.386983e-01
    outer loop
      vertex -2.4048458945e-01 5.0000000000e-01 5.6831663223e-01
      vertex -2.3107615015e-01 4.6708615716e-01 5.8955719837e-01
      vertex -2.2876085531e-01 5.0000000000e-01 6.0083883715e-01
    endloop
  endfacet
  facet normal -8.897882e-01 -1.803191e-01 4.192398e-01
    outer loop
      vertex -2.1566712010e-01 4.3502702175e-01 6.0847214114e-01
      vertex -2.1623233397e-01 4.6719990530e-01 6.2111041052e-01
      vertex -2.3107615015e-01 4.6708615716e-01 5.8955719837e-01
    endloop
  endfacet
  facet normal -9.017047e-01 -8.207030e-02 4.244916e-01
    outer loop
      vertex -2.2876085531e-01 5.0000000000e-01 6.0083883715e-01
      vertex -2.3107615015e-01 4.6708615716e-01 5.8955719837e-01
      vertex -2.1623233397e-01 4.6719990530e-01 6.2111041052e-01
    endloop
  endfacet
  facet normal -9.963836e-01 -4.950537e-02 6.905681e-02
    outer loop
      vertex -2.5000000000e-01 5.0000000000e-01 5.0000000000e-01
      vertex -2.4692208515e-01 4.6673222396e-01 5.2056061632e-01
      vertex -2.4760972049e-01 5.0000000000e-01 5.3448806053e-01
    endloop
  endfacet
  facet normal -9.718501e-01 -1.812856e-01 1.504758e-01
    outer loop
      vertex -2.3776412907e-01 4.3428361099e-01 5.4061496203e-01
      vertex -2.4159814935e-01 4.6680188079e-01 5.5502925687e-01
      vertex -2.4692208515e-01 4.6673222396e-01 5.2056061632e-01
    endloop
  endfacet
  facet normal -9.773256e-01 -4.960764e-02 2.058489e-01
    outer loop
      vertex -2.4048458945e-01 5.0000000000e-01 5.6831663223e-01
      vertex -2.4760972049e-01 5.0000000000e-01 5.3448806053e-01
      vertex -2.4159814935e-01 4.6680188079e-01 5.5502925687e-01
    endloop
  endfacet
  facet normal -9.847537e-01 -8.410292e-02 1.522724e-01
    outer loop
      vertex -2.4692208515e-01 4.6673222396e-01 5.2056061632e-01
      vertex -2.4159814935e-01 4.6680188079e-01 5.5502925687e-01
      vertex -2.4760972049e-01 5.0000000000e-01 5.3448806053e-01
    endloop
  endfacet
  facet normal -8.521837e-01 -4.270257e-01 3.023772e-01
    outer loop
      vertex -2.0225424859e-01 3.7500000000e-01 5.7725424859e-01
      vertex -2.1097786866e-01 4.0409656683e-01 5.9375964187e-01
      vertex -2.2275163105e-01 4.0345315360e-01 5.5966923258e-01
    endloop
  endfacet
  facet normal -8.790876e-01 -3.067980e-01 3.648012e-01
    outer loop
      vertex -2.1566712010e-01 4.3502702175e-01 6.0847214114e-01
      vertex -2.2906104380e-01 4.3397931234e-01 5.7531471977e-01
      vertex -2.1097786866e-01 4.0409656683e-01 5.9375964187e-01
    endloop
  endfacet
  facet normal -9.233856e-01 -3.081672e-01 2.288929e-01
    outer loop
      vertex -2.3776412907e-01 4.3428361099e-01 5.4061496203e-01
      vertex -2.2275163105e-01 4.0345315360e-01 5.5966923258e-01
      vertex -2.2906104380e-01 4.3397931234e-01 5.7531471977e-01
    endloop
  endfacet
  facet normal -8.857887e-01 -3.431966e-01 3.124011e-01
    outer loop
      vertex -2.1097786866e-01 4.0409656683e-01 5.9375964187e-01
      vertex -2.2906104380e-01 4.3397931234e-01 5.7531471977e-01
      vertex -2.2275163105e-01 4.0345315360e-01 5.5966923258e-01
    endloop
  endfacet
  facet normal -9.529505e-01 -8.454536e-02 2.910970e-01
    outer loop
      vertex -2.4048458945e-01 5.0000000000e-01 5.6831663223e-01
      vertex -2.4159814935e-01 4.6680188079e-01 5.5502925687e-01
      vertex -2.3107615015e-01 4.6708615716e-01 5.8955719837e-01
    endloop
  endfacet
  facet normal -9.474616e-01 -2.162041e-01 2.357379e-01
    outer loop
      vertex -2.3776412907e-01 4.3428361099e-01 5.4061496203e-01
      vertex -2.2906104380e-01 4.3397931234e-01 5.7531471977e-01
      vertex -2.4159814935e-01 4.6680188079e-01 5.5502925687e-01
    endloop
  endfacet
  facet normal -9.031797e-01 -2.148469e-01 3.716277e-01
    outer loop
      vertex -2.1566712010e-01 4.3502702175e-01 6.0847214114e-01
      vertex -2.3107615015e-01 4.6708615716e-01 5.8955719837e-01
      vertex -2.2906104380e-01 4.3397931234e-01 5.7531471977e-01
    endloop
  endfacet
  facet normal -9.403266e-01 -1.811510e-01 2.880454e-01
    outer loop
      vertex -2.4159814935e-01 4.6680188079e-01 5.5502925687e-01
      vertex -2.2906104380e-01 4.3397931234e-01 5.7531471977e-01
      vertex -2.3107615015e-01 4.6708615716e-01 5.8955719837e-01
    endloop
  endfacet
  facet normal -8.838505e-01 -5.017104e-02 -4.650712e-01
    outer loop
      vertex -2.1266270209e-01 5.0000000000e-01 3.6856722197e-01
      vertex -2.1623233397e-01 4.6719990530e-01 3.7888958948e-01
      vertex -2.2876085531e-01 5.0000000000e-01 3.9916116285e-01
    endloop
  endfacet
  facet normal -8.897882e-01 -1.803191e-01 -4.192398e-01
    outer loop
      vertex -2.1566712010e-01 4.3502702175e-01 3.9152785886e-01
      vertex -2.3107615015e-01 4.6708615716e-01 4.1044280163e-01
      vertex -2.1623233397e-01 4.6719990530e-01 3.7888958948e-01
    endloop
  endfacet
  facet normal -9.395655e-01 -5.000027e-02 -3.386983e-01
    outer loop
      vertex -2.4048458945e-01 5.0000000000e-01 4.3168336777e-01
      vertex -2.2876085531e-01 5.0000000000e-01 3.9916116285e-01
      vertex -2.3107615015e-01 4.6708615716e-01 4.1044280163e-01
    endloop
  endfacet
  facet normal -9.017047e-01 -8.207030e-02 -4.244916e-01
    outer loop
      vertex -2.1623233397e-01 4.6719990530e-01 3.7888958948e-01
      vertex -2.3107615015e-01 4.6708615716e-01 4.1044280163e-01
      vertex -2.2876085531e-01 5.0000000000e-01 3.9916116285e-01
    endloop
  endfacet
  facet normal -8.521837e-01 -4.270257e-01 -3.023772e-01
    outer loop
      vertex -2.0225424859e-01 3.7500000000e-01 4.2274575141e-01
      vertex -2.2275163105e-01 4.0345315360e-01 4.4033076742e-01
      vertex -2.1097786866e-01 4.0409656683e-01 4.0624035813e-01
    endloop
  endfacet
  facet normal -9.233856e-01 -3.081672e-01 -2.288929e-01
    outer loop
      vertex -2.3776412907e-01 4.3428361099e-01 4.5938503797e-01
      vertex -2.2906104380e-01 4.3397931234e-01 4.2468528023e-01
      vertex -2.2275163105e-01 4.0345315360e-01 4.4033076742e-01
    endloop
  endfacet
  facet normal -8.790876e-01 -3.067980e-01 -3.648012e-01
    outer loop
      vertex -2.1566712010e-01 4.3502702175e-01 3.9152785886e-01
      vertex -2.1097786866e-01 4.0409656683e-01 4.0624035813e-01
      vertex -2.2906104380e-01 4.3397931234e-01 4.2468528023e-01
    endloop
  endfacet
  facet normal -8.857887e-01 -3.431966e-01 -3.124011e-01
    outer loop
      vertex -2.2275163105e-01 4.0345315360e-01 4.4033076742e-01
      vertex -2.2906104380e-01 4.3397931234e-01 4.2468528023e-01
      vertex -2.1097786866e-01 4.0409656683e-01 4.0624035813e-01
    endloop
  endfacet
  facet normal -9.963836e-01 -4.950537e-02 -6.905681e-02
    outer loop
      vertex -2.5000000000e-01 5.0000000000e-01 5.0000000000e-01
      vertex -2.4760972049e-01 5.0000000000e-01 4.6551193947e-01
      vertex -2.4692208515e-01 4.6673222396e-01 4.7943938368e-01
    endloop
  endfacet
  facet normal -9.773256e-01 -4.960764e-02 -2.058489e-01
    outer loop
      vertex -2.4048458945e-01 5.0000000000e-01 4.3168336777e-01
      vertex -2.4159814935e-01 4.6680188079e-01 4.4497074313e-01
      vertex -2.4760972049e-01 5.0000000000e-01 4.6551193947e-01
    endloop
  endfacet
  facet normal -9.718501e-01 -1.812856e-01 -1.504758e-01
    outer loop
      vertex -2.3776412907e-01 4.3428361099e-01 4.5938503797e-01
      vertex -2.4692208515e-01 4.6673222396e-01 4.7943938368e-01
      vertex -2.4159814935e-01 4.6680188079e-01 4.4497074313e-01
    endloop
  endfacet
  facet normal -9.847537e-01 -8.410292e-02 -1.522724e-01
    outer loop
      vertex -2.4760972049e-01 5.0000000000e-01 4.6551193947e-01
      vertex -2.4159814935e-01 4.6680188079e-01 4.4497074313e-01
      vertex -2.4692208515e-01 4.6673222396e-01 4.7943938368e-01
    endloop
  endfacet
  facet normal -9.031797e-01 -2.148469e-01 -3.716277e-01
    outer loop
      vertex -2.1566712010e-01 4.3502702175e-01 3.9152785886e-01
      vertex -2.2906104380e-01 4.3397931234e-01 4.2468528023e-01
      vertex -2.3107615015e-01 4.6708615716e-01 4.1044280163e-01
    endloop
  endfacet
  facet normal -9.474616e-01 -2.162041e-01 -2.357379e-01
    outer loop
      vertex -2.3776412907e-01 4.3428361099e-01 4.5938503797e-01
      vertex -2.4159814935e-01 4.6680188079e-01 4.4497074313e-01
      vertex -2.2906104380e-01 4.3397931234e-01 4.2468528023e-01
    endloop
  endfacet
  facet normal -9.529505e-01 -8.454536e-02 -2.910970e-01
    outer loop
      vertex -2.4048458945e-01 5.0000000000e-01 4.3168336777e-01
      vertex -2.3107615015e-01 4.6708615716e-01 4.1044280163e-01
      vertex -2.4159814935e-01 4.6680188079e-01 4.4497074313e-01
    endloop
  endfacet
  facet normal -9.403266e-01 -1.811510e-01 -2.880454e-01
    outer loop
      vertex -2.2906104380e-01 4.3397931234e-01 4.2468528023e-01
      vertex -2.4159814935e-01 4.6680188079e-01 4.4497074313e-01
      vertex -2.3107615015e-01 4.6708615716e-01 4.1044280163e-01
    endloop
  endfacet
  facet normal -5.964207e-01 -8.026720e-01 0.000000e+00
    outer loop
      vertex -1.3143277803e-01 2.8733729791e-01 5.0000000000e-01
      vertex -1.5391050522e-01 3.0403923940e-01 5.2027157336e-01
      vertex -1.5391050522e-01 3.0403923940e-01 4.7972842664e-01
    endloop
  endfacet
  facet normal -6.804611e-01 -7.283445e-01 8.054149e-02
    outer loop
      vertex -1.7344511939e-01 3.2448838881e-01 5.4015550891e-01
      vertex -1.7572675762e-01 3.2217956626e-01 5.0000000000e-01
      vertex -1.5391050522e-01 3.0403923940e-01 5.2027157336e-01
    endloop
  endfacet
  facet normal -6.804611e-01 -7.283445e-01 -8.054149e-02
    outer loop
      vertex -1.7344511939e-01 3.2448838881e-01 4.5984449109e-01
      vertex -1.5391050522e-01 3.0403923940e-01 4.7972842664e-01
      vertex -1.7572675762e-01 3.2217956626e-01 5.0000000000e-01
    endloop
  endfacet
  facet normal -6.393544e-01 -7.689122e-01 -0.000000e+00
    outer loop
      vertex -1.5391050522e-01 3.0403923940e-01 5.2027157336e-01
      vertex -1.7572675762e-01 3.2217956626e-01 5.0000000000e-01
      vertex -1.5391050522e-01 3.0403923940e-01 4.7972842664e-01
    endloop
  endfacet
  facet normal -8.095043e-01 -5.387620e-01 2.333204e-01
    outer loop
      vertex -2.0225424859e-01 3.7500000000e-01 5.7725424859e-01
      vertex -2.1004447133e-01 3.7018537757e-01 5.3910861626e-01
      vertex -1.8966307504e-01 3.4829371268e-01 5.5927158134e-01
    endloop
  endfacet
  facet normal -8.303865e-01 -5.516422e-01 7.841715e-02
    outer loop
      vertex -2.1266270209e-01 3.6856722197e-01 5.0000000000e-01
      vertex -1.9505109268e-01 3.4494010435e-01 5.2028546290e-01
      vertex -2.1004447133e-01 3.7018537757e-01 5.3910861626e-01
    endloop
  endfacet
  facet normal -7.518660e-01 -6.398684e-01 1.589524e-01
    outer loop
      vertex -1.7344511939e-01 3.2448838881e-01 5.4015550891e-01
      vertex -1.8966307504e-01 3.4829371268e-01 5.5927158134e-01
      vertex -1.9505109268e-01 3.4494010435e-01 5.2028546290e-01
    endloop
  endfacet
  facet normal -7.916792e-01 -5.895786e-01 1.601287e-01
    outer loop
      vertex -2.1004447133e-01 3.7018537757e-01 5.3910861626e-01
      vertex -1.9505109268e-01 3.4494010435e-01 5.2028546290e-01
      vertex -1.8966307504e-01 3.4829371268e-01 5.5927158134e-01
    endloop
  endfacet
  facet normal -8.095043e-01 -5.387620e-01 -2.333204e-01
    outer loop
      vertex -2.0225424859e-01 3.7500000000e-01 4.2274575141e-01
      vertex -1.8966307504e-01 3.4829371268e-01 4.4072841866e-01
      vertex -2.1004447133e-01 3.7018537757e-01 4.6089138374e-01
    endloop
  endfacet
  facet normal -7.518660e-01 -6.398684e-01 -1.589524e-01
    outer loop
      vertex -1.7344511939e-01 3.2448838881e-01 4.5984449109e-01
      vertex -1.9505109268e-01 3.4494010435e-01 4.7971453710e-01
      vertex -1.8966307504e-01 3.4829371268e-01 4.4072841866e-01
    endloop
  endfacet
  facet normal -8.303865e-01 -5.516422e-01 -7.841715e-02
    outer loop
      vertex -2.1266270209e-01 3.6856722197e-01 5.0000000000e-01
      vertex -2.1004447133e-01 3.7018537757e-01 4.6089138374e-01
      vertex -1.9505109268e-01 3.4494010435e-01 4.7971453710e-01
    endloop
  endfacet
  facet normal -7.916792e-01 -5.895786e-01 -1.601287e-01
    outer loop
      vertex -1.8966307504e-01 3.4829371268e-01 4.4072841866e-01
      vertex -1.9505109268e-01 3.4494010435e-01 4.7971453710e-01
      vertex -2.1004447133e-01 3.7018537757e-01 4.6089138374e-01
    endloop
  endfacet
  facet normal -7.232719e-01 -6.858517e-01 8.053079e-02
    outer loop
      vertex -1.7344511939e-01 3.2448838881e-01 5.4015550891e-01
      vertex -1.9505109268e-01 3.4494010435e-01 5.2028546290e-01
      vertex -1.7572675762e-01 3.2217956626e-01 5.0000000000e-01
    endloop
  endfacet
  facet normal -8.017675e-01 -5.976360e-01 0.000000e+00
    outer loop
      vertex -2.1266270209e-01 3.6856722197e-01 5.0000000000e-01
      vertex -1.9505109268e-01 3.4494010435e-01 4.7971453710e-01
      vertex -1.9505109268e-01 3.4494010435e-01 5.2028546290e-01
    endloop
  endfacet
  facet normal -7.232719e-01 -6.858517e-01 -8.053079e-02
    outer loop
      vertex -1.7344511939e-01 3.2448838881e-01 4.5984449109e-01
      vertex -1.7572675762e-01 3.2217956626e-01 5.0000000000e-01
      vertex -1.9505109268e-01 3.4494010435e-01 4.7971453710e-01
    endloop
  endfacet
  facet normal -7.623048e-01 -6.472182e-01 -0.000000e+00
    outer loop
      vertex -1.9505109268e-01 3.4494010435e-01 5.2028546290e-01
      vertex -1.9505109268e-01 3.4494010435e-01 4.7971453710e-01
      vertex -1.7572675762e-01 3.2217956626e-01 5.0000000000e-01
    endloop
  endfacet
  facet normal -9.957474e-01 -9.212595e-02 0.000000e+00
    outer loop
      vertex -2.5000000000e-01 5.0000000000e-01 5.0000000000e-01
      vertex -2.4692208515e-01 4.6673222396e-01 4.7943938368e-01
      vertex -2.4692208515e-01 4.6673222396e-01 5.2056061632e-01
    endloop
  endfacet
  facet normal -9.712310e-01 -2.237863e-01 -8.142553e-02
    outer loop
      vertex -2.3776412907e-01 4.3428361099e-01 4.5938503797e-01
      vertex -2.4096531587e-01 4.3339882472e-01 5.0000000000e-01
      vertex -2.4692208515e-01 4.6673222396e-01 4.7943938368e-01
    endloop
  endfacet
  facet normal -9.712310e-01 -2.237863e-01 8.142553e-02
    outer loop
      vertex -2.3776412907e-01 4.3428361099e-01 5.4061496203e-01
      vertex -2.4692208515e-01 4.6673222396e-01 5.2056061632e-01
      vertex -2.4096531587e-01 4.3339882472e-01 5.0000000000e-01
    endloop
  endfacet
  facet normal -9.844052e-01 -1.759159e-01 0.000000e+00
    outer loop
      vertex -2.4692208515e-01 4.6673222396e-01 4.7943938368e-01
      vertex -2.4096531587e-01 4.3339882472e-01 5.0000000000e-01
      vertex -2.4692208515e-01 4.6673222396e-01 5.2056061632e-01
    endloop
  endfacet
  facet normal -8.516395e-01 -4.694052e-01 -2.331714e-01
    outer loop
      vertex -2.0225424859e-01 3.7500000000e-01 4.2274575141e-01
      vertex -2.1004447133e-01 3.7018537757e-01 4.6089138374e-01
      vertex -2.2275163105e-01 4.0345315360e-01 4.4033076742e-01
    endloop
  endfacet
  facet normal -8.724736e-01 -4.823363e-01 -7.836719e-02
    outer loop
      vertex -2.1266270209e-01 3.6856722197e-01 5.0000000000e-01
      vertex -2.2824562323e-01 4.0009823707e-01 4.7941910499e-01
      vertex -2.1004447133e-01 3.7018537757e-01 4.6089138374e-01
    endloop
  endfacet
  facet normal -9.227974e-01 -3.505871e-01 -1.597927e-01
    outer loop
      vertex -2.3776412907e-01 4.3428361099e-01 4.5938503797e-01
      vertex -2.2275163105e-01 4.0345315360e-01 4.4033076742e-01
      vertex -2.2824562323e-01 4.0009823707e-01 4.7941910499e-01
    endloop
  endfacet
  facet normal -8.843585e-01 -4.378416e-01 -1.618790e-01
    outer loop
      vertex -2.1004447133e-01 3.7018537757e-01 4.6089138374e-01
      vertex -2.2824562323e-01 4.0009823707e-01 4.7941910499e-01
      vertex -2.2275163105e-01 4.0345315360e-01 4.4033076742e-01
    endloop
  endfacet
  facet normal -8.516395e-01 -4.694052e-01 2.331714e-01
    outer loop
      vertex -2.0225424859e-01 3.7500000000e-01 5.7725424859e-01
      vertex -2.2275163105e-01 4.0345315360e-01 5.5966923258e-01
      vertex -2.1004447133e-01 3.7018537757e-01 5.3910861626e-01
    endloop
  endfacet
  facet normal -9.227974e-01 -3.505871e-01 1.597927e-01
    outer loop
      vertex -2.3776412907e-01 4.3428361099e-01 5.4061496203e-01
      vertex -2.2824562323e-01 4.0009823707e-01 5.2058089501e-01
      vertex -2.2275163105e-01 4.0345315360e-01 5.5966923258e-01
    endloop
  endfacet
  facet normal -8.724736e-01 -4.823363e-01 7.836719e-02
    outer loop
      vertex -2.1266270209e-01 3.6856722197e-01 5.0000000000e-01
      vertex -2.1004447133e-01 3.7018537757e-01 5.3910861626e-01
      vertex -2.2824562323e-01 4.0009823707e-01 5.2058089501e-01
    endloop
  endfacet
  facet normal -8.843585e-01 -4.378416e-01 1.618790e-01
    outer loop
      vertex -2.2275163105e-01 4.0345315360e-01 5.5966923258e-01
      vertex -2.2824562323e-01 4.0009823707e-01 5.2058089501e-01
      vertex -2.1004447133e-01 3.7018537757e-01 5.3910861626e-01
    endloop
  endfacet
  facet normal -9.468068e-01 -3.113353e-01 -8.140770e-02
    outer loop
      vertex -2.3776412907e-01 4.3428361099e-01 4.5938503797e-01
      vertex -2.2824562323e-01 4.0009823707e-01 4.7941910499e-01
      vertex -2.4096531587e-01 4.3339882472e-01 5.0000000000e-01
    endloop
  endfacet
  facet normal -8.964941e-01 -4.430557e-01 0.000000e+00
    outer loop
      vertex -2.1266270209e-01 3.6856722197e-01 5.0000000000e-01
      vertex -2.2824562323e-01 4.0009823707e-01 5.2058089501e-01
      vertex -2.2824562323e-01 4.0009823707e-01 4.7941910499e-01
    endloop
  endfacet
  facet normal -9.468068e-01 -3.113353e-01 8.140770e-02
    outer loop
      vertex -2.3776412907e-01 4.3428361099e-01 5.4061496203e-01
      vertex -2.4096531587e-01 4.3339882472e-01 5.0000000000e-01
      vertex -2.2824562323e-01 4.0009823707e-01 5.2058089501e-01
    endloop
  endfacet
  facet normal -9.341724e-01 -3.568221e-01 0.000000e+00
    outer loop
      vertex -2.2824562323e-01 4.0009823707e-01 4.7941910499e-01
      vertex -2.2824562323e-01 4.0009823707e-01 5.2058089501e-01
      vertex -2.4096531587e-01 4.3339882472e-01 5.0000000000e-01
    endloop
  endfacet
  facet normal -8.026720e-01 0.000000e+00 -5.964207e-01
    outer loop
      vertex -2.1266270209e-01 5.0000000000e-01 3.6856722197e-01
      vertex -1.9596076060e-01 5.2027157336e-01 3.4608949478e-01
      vertex -1.9596076060e-01 4.7972842664e-01 3.4608949478e-01
    endloop
  endfacet
  facet normal -7.283445e-01 8.054149e-02 -6.804611e-01
    outer loop
      vertex -1.7551161119e-01 5.4015550891e-01 3.2655488061e-01
      vertex -1.7782043374e-01 5.0000000000e-01 3.2427324238e-01
      vertex -1.9596076060e-01 5.2027157336e-01 3.4608949478e-01
    endloop
  endfacet
  facet normal -7.283445e-01 -8.054149e-02 -6.804611e-01
    outer loop
      vertex -1.7551161119e-01 4.5984449109e-01 3.2655488061e-01
      vertex -1.9596076060e-01 4.7972842664e-01 3.4608949478e-01
      vertex -1.7782043374e-01 5.0000000000e-01 3.2427324238e-01
    endloop
  endfacet
  facet normal -7.689122e-01 -0.000000e+00 -6.393544e-01
    outer loop
      vertex -1.9596076060e-01 5.2027157336e-01 3.4608949478e-01
      vertex -1.7782043374e-01 5.0000000000e-01 3.2427324238e-01
      vertex -1.9596076060e-01 4.7972842664e-01 3.4608949478e-01
    endloop
  endfacet
  facet normal -5.387620e-01 2.333204e-01 -8.095043e-01
    outer loop
      vertex -1.2500000000e-01 5.7725424859e-01 2.9774575141e-01
      vertex -1.2981462243e-01 5.3910861626e-01 2.8995552867e-01
      vertex -1.5170628732e-01 5.5927158134e-01 3.1033692496e-01
    endloop
  endfacet
  facet normal -5.516422e-01 7.841715e-02 -8.303865e-01
    outer loop
      vertex -1.3143277803e-01 5.0000000000e-01 2.8733729791e-01
      vertex -1.5505989565e-01 5.2028546290e-01 3.0494890732e-01
      vertex -1.2981462243e-01 5.3910861626e-01 2.8995552867e-01
    endloop
  endfacet
  facet normal -6.398684e-01 1.589524e-01 -7.518660e-01
    outer loop
      vertex -1.7551161119e-01 5.4015550891e-01 3.2655488061e-01
      vertex -1.5170628732e-01 5.5927158134e-01 3.1033692496e-01
      vertex -1.5505989565e-01 5.2028546290e-01 3.0494890732e-01
    endloop
  endfacet
  facet normal -5.895786e-01 1.601287e-01 -7.916792e-01
    outer loop
      vertex -1.2981462243e-01 5.3910861626e-01 2.8995552867e-01
      vertex -1.5505989565e-01 5.2028546290e-01 3.0494890732e-01
      vertex -1.5170628732e-01 5.5927158134e-01 3.1033692496e-01
    endloop
  endfacet
  facet normal -5.387620e-01 -2.333204e-01 -8.095043e-01
    outer loop
      vertex -1.2500000000e-01 4.2274575141e-01 2.9774575141e-01
      vertex -1.5170628732e-01 4.4072841866e-01 3.1033692496e-01
      vertex -1.2981462243e-01 4.6089138374e-01 2.8995552867e-01
    endloop
  endfacet
  facet normal -6.398684e-01 -1.589524e-01 -7.518660e-01
    outer loop
      vertex -1.7551161119e-01 4.5984449109e-01 3.2655488061e-01
      vertex -1.5505989565e-01 4.7971453710e-01 3.0494890732e-01
      vertex -1.5170628732e-01 4.4072841866e-01 3.1033692496e-01
    endloop
  endfacet
  facet normal -5.516422e-01 -7.841715e-02 -8.303865e-01
    outer loop
      vertex -1.3143277803e-01 5.0000000000e-01 2.8733729791e-01
      vertex -1.2981462243e-01 4.6089138374e-01 2.8995552867e-01
      vertex -1.5505989565e-01 4.7971453710e-01 3.0494890732e-01
    endloop
  endfacet
  facet normal -5.895786e-01 -1.601287e-01 -7.916792e-01
    outer loop
      vertex -1.5170628732e-01 4.4072841866e-01 3.1033692496e-01
      vertex -1.5505989565e-01 4.7971453710e-01 3.0494890732e-01
      vertex -1.2981462243e-01 4.6089138374e-01 2.8995552867e-01
    endloop
  endfacet
  facet normal -6.858517e-01 8.053079e-02 -7.232719e-01
    outer loop
      vertex -1.7551161119e-01 5.4015550891e-01 3.2655488061e-01
      vertex -1.5505989565e-01 5.2028546290e-01 3.0494890732e-01
      vertex -1.7782043374e-01 5.0000000000e-01 3.2427324238e-01
    endloop
  endfacet
  facet normal -5.976360e-01 0.000000e+00 -8.017675e-01
    outer loop
      vertex -1.3143277803e-01 5.0000000000e-01 2.8733729791e-01
      vertex -1.5505989565e-01 4.7971453710e-01 3.0494890732e-01
      vertex -1.5505989565e-01 5.2028546290e-01 3.0494890732e-01
    endloop
  endfacet
  facet normal -6.858517e-01 -8.053079e-02 -7.232719e-01
    outer loop
      vertex -1.7551161119e-01 4.5984449109e-01 3.2655488061e-01
      vertex -1.7782043374e-01 5.0000000000e-01 3.2427324238e-01
      vertex -1.5505989565e-01 4.7971453710e-01 3.0494890732e-01
    endloop
  endfacet
  facet normal -6.472182e-01 -0.000000e+00 -7.623048e-01
    outer loop
      vertex -1.5505989565e-01 5.2028546290e-01 3.0494890732e-01
      vertex -1.5505989565e-01 4.7971453710e-01 3.0494890732e-01
      vertex -1.7782043374e-01 5.0000000000e-01 3.2427324238e-01
    endloop
  endfacet
  facet normal -5.017104e-02 4.650712e-01 -8.838505e-01
    outer loop
      vertex 0.0000000000e+00 6.3143277803e-01 2.8733729791e-01
      vertex 0.0000000000e+00 6.0083883715e-01 2.7123914469e-01
      vertex -3.2800094703e-02 6.2111041052e-01 2.8376766603e-01
    endloop
  endfacet
  facet normal -5.000027e-02 3.386983e-01 -9.395655e-01
    outer loop
      vertex 0.0000000000e+00 5.6831663223e-01 2.5951541055e-01
      vertex -3.2913842838e-02 5.8955719837e-01 2.6892384985e-01
      vertex 0.0000000000e+00 6.0083883715e-01 2.7123914469e-01
    endloop
  endfacet
  facet normal -1.803191e-01 4.192398e-01 -8.897882e-01
    outer loop
      vertex -6.4972978252e-02 6.0847214114e-01 2.8433287990e-01
      vertex -3.2800094703e-02 6.2111041052e-01 2.8376766603e-01
      vertex -3.2913842838e-02 5.8955719837e-01 2.6892384985e-01
    endloop
  endfacet
  facet normal -8.207030e-02 4.244916e-01 -9.017047e-01
    outer loop
      vertex 0.0000000000e+00 6.0083883715e-01 2.7123914469e-01
      vertex -3.2913842838e-02 5.8955719837e-01 2.6892384985e-01
      vertex -3.2800094703e-02 6.2111041052e-01 2.8376766603e-01
    endloop
  endfacet
  facet normal -4.950537e-02 6.905681e-02 -9.963836e-01
    outer loop
      vertex 0.0000000000e+00 5.0000000000e-01 2.5000000000e-01
      vertex -3.3267776035e-02 5.2056061632e-01 2.5307791485e-01
      vertex 0.0000000000e+00 5.3448806053e-01 2.5239027951e-01
    endloop
  endfacet
  facet normal -1.812856e-01 1.504758e-01 -9.718501e-01
    outer loop
      vertex -6.5716389015e-02 5.4061496203e-01 2.6223587093e-01
      vertex -3.3198119207e-02 5.5502925687e-01 2.5840185065e-01
      vertex -3.3267776035e-02 5.2056061632e-01 2.5307791485e-01
    endloop
  endfacet
  facet normal -4.960764e-02 2.058489e-01 -9.773256e-01
    outer loop
      vertex 0.0000000000e+00 5.6831663223e-01 2.5951541055e-01
      vertex 0.0000000000e+00 5.3448806053e-01 2.5239027951e-01
      vertex -3.3198119207e-02 5.5502925687e-01 2.5840185065e-01
    endloop
  endfacet
  facet normal -8.410292e-02 1.522724e-01 -9.847537e-01
    outer loop
      vertex -3.3267776035e-02 5.2056061632e-01 2.5307791485e-01
      vertex -3.3198119207e-02 5.5502925687e-01 2.5840185065e-01
      vertex 0.0000000000e+00 5.3448806053e-01 2.5239027951e-01
    endloop
  endfacet
  facet normal -4.270257e-01 3.023772e-01 -8.521837e-01
    outer loop
      vertex -1.2500000000e-01 5.7725424859e-01 2.9774575141e-01
      vertex -9.5903433171e-02 5.9375964187e-01 2.8902213134e-01
      vertex -9.6546846397e-02 5.5966923258e-01 2.7724836895e-01
    endloop
  endfacet
  facet normal -3.067980e-01 3.648012e-01 -8.790876e-01
    outer loop
      vertex -6.4972978252e-02 6.0847214114e-01 2.8433287990e-01
      vertex -6.6020687665e-02 5.7531471977e-01 2.7093895620e-01
      vertex -9.5903433171e-02 5.9375964187e-01 2.8902213134e-01
    endloop
  endfacet
  facet normal -3.081672e-01 2.288929e-01 -9.233856e-01
    outer loop
      vertex -6.5716389015e-02 5.4061496203e-01 2.6223587093e-01
      vertex -9.6546846397e-02 5.5966923258e-01 2.7724836895e-01
      vertex -6.6020687665e-02 5.7531471977e-01 2.7093895620e-01
    endloop
  endfacet
  facet normal -3.431966e-01 3.124011e-01 -8.857887e-01
    outer loop
      vertex -9.5903433171e-02 5.9375964187e-01 2.8902213134e-01
      vertex -6.6020687665e-02 5.7531471977e-01 2.7093895620e-01
      vertex -9.6546846397e-02 5.5966923258e-01 2.7724836895e-01
    endloop
  endfacet
  facet normal -8.454536e-02 2.910970e-01 -9.529505e-01
    outer loop
      vertex 0.0000000000e+00 5.6831663223e-01 2.5951541055e-01
      vertex -3.3198119207e-02 5.5502925687e-01 2.5840185065e-01
      vertex -3.2913842838e-02 5.8955719837e-01 2.6892384985e-01
    endloop
  endfacet
  facet normal -2.162041e-01 2.357379e-01 -9.474616e-01
    outer loop
      vertex -6.5716389015e-02 5.4061496203e-01 2.6223587093e-01
      vertex -6.6020687665e-02 5.7531471977e-01 2.7093895620e-01
      vertex -3.3198119207e-02 5.5502925687e-01 2.5840185065e-01
    endloop
  endfacet
  facet normal -2.148469e-01 3.716277e-01 -9.031797e-01
    outer loop
      vertex -6.4972978252e-02 6.0847214114e-01 2.8433287990e-01
      vertex -3.2913842838e-02 5.8955719837e-01 2.6892384985e-01
      vertex -6.6020687665e-02 5.7531471977e-01 2.7093895620e-01
    endloop
  endfacet
  facet normal -1.811510e-01 2.880454e-01 -9.403266e-01
    outer loop
      vertex -3.3198119207e-02 5.5502925687e-01 2.5840185065e-01
      vertex -6.6020687665e-02 5.7531471977e-01 2.7093895620e-01
      vertex -3.2913842838e-02 5.8955719837e-01 2.6892384985e-01
    endloop
  endfacet
  facet normal -5.017104e-02 -4.650712e-01 -8.838505e-01
    outer loop
      vertex 0.0000000000e+00 3.6856722197e-01 2.8733729791e-01
      vertex -3.2800094703e-02 3.7888958948e-01 2.8376766603e-01
      vertex 0.0000000000e+00 3.9916116285e-01 2.7123914469e-01
    endloop
  endfacet
  facet normal -1.803191e-01 -4.192398e-01 -8.897882e-01
    outer loop
      vertex -6.4972978252e-02 3.9152785886e-01 2.8433287990e-01
      vertex -3.2913842838e-02 4.1044280163e-01 2.6892384985e-01
      vertex -3.2800094703e-02 3.7888958948e-01 2.8376766603e-01
    endloop
  endfacet
  facet normal -5.000027e-02 -3.386983e-01 -9.395655e-01
    outer loop
      vertex 0.0000000000e+00 4.3168336777e-01 2.5951541055e-01
      vertex 0.0000000000e+00 3.9916116285e-01 2.7123914469e-01
      vertex -3.2913842838e-02 4.1044280163e-01 2.6892384985e-01
    endloop
  endfacet
  facet normal -8.207030e-02 -4.244916e-01 -9.017047e-01
    outer loop
      vertex -3.2800094703e-02 3.7888958948e-01 2.8376766603e-01
      vertex -3.2913842838e-02 4.1044280163e-01 2.6892384985e-01
      vertex 0.0000000000e+00 3.9916116285e-01 2.7123914469e-01
    endloop
  endfacet
  facet normal -4.270257e-01 -3.023772e-01 -8.521837e-01
    outer loop
      vertex -1.2500000000e-01 4.2274575141e-01 2.9774575141e-01
      vertex -9.6546846397e-02 4.4033076742e-01 2.7724836895e-01
      vertex -9.5903433171e-02 4.0624035813e-01 2.8902213134e-01
    endloop
  endfacet
  facet normal -3.081672e-01 -2.288929e-01 -9.233856e-01
    outer loop
      vertex -6.5716389015e-02 4.5938503797e-01 2.6223587093e-01
      vertex -6.6020687665e-02 4.2468528023e-01 2.7093895620e-01
      vertex -9.6546846397e-02 4.4033076742e-01 2.7724836895e-01
    endloop
  endfacet
  facet normal -3.067980e-01 -3.648012e-01 -8.790876e-01
    outer loop
      vertex -6.4972978252e-02 3.9152785886e-01 2.8433287990e-01
      vertex -9.5903433171e-02 4.0624035813e-01 2.8902213134e-01
      vertex -6.6020687665e-02 4.2468528023e-01 2.7093895620e-01
    endloop
  endfacet
  facet normal -3.431966e-01 -3.124011e-01 -8.857887e-01
    outer loop
      vertex -9.6546846397e-02 4.4033076742e-01 2.7724836895e-01
      vertex -6.6020687665e-02 4.2468528023e-01 2.7093895620e-01
      vertex -9.5903433171e-02 4.0624035813e-01 2.8902213134e-01
    endloop
  endfacet
  facet normal -4.950537e-02 -6.905681e-02 -9.963836e-01
    outer loop
      vertex 0.0000000000e+00 5.0000000000e-01 2.5000000000e-01
      vertex 0.0000000000e+00 4.6551193947e-01 2.5239027951e-01
      vertex -3.3267776035e-02 4.7943938368e-01 2.5307791485e-01
    endloop
  endfacet
  facet normal -4.960764e-02 -2.058489e-01 -9.773256e-01
    outer loop
      vertex 0.0000000000e+00 4.3168336777e-01 2.5951541055e-01
      vertex -3.3198119207e-02 4.4497074313e-01 2.5840185065e-01
      vertex 0.0000000000e+00 4.6551193947e-01 2.5239027951e-01
    endloop
  endfacet
  facet normal -1.812856e-01 -1.504758e-01 -9.718501e-01
    outer loop
      vertex -6.5716389015e-02 4.5938503797e-01 2.6223587093e-01
      vertex -3.3267776035e-02 4.7943938368e-01 2.5307791485e-01
      vertex -3.3198119207e-02 4.4497074313e-01 2.5840185065e-01
    endloop
  endfacet
  facet normal -8.410292e-02 -1.522724e-01 -9.847537e-01
    outer loop
      vertex 0.0000000000e+00 4.6551193947e-01 2.5239027951e-01
      vertex -3.3198119207e-02 4.4497074313e-01 2.5840185065e-01
      vertex -3.3267776035e-02 4.7943938368e-01 2.5307791485e-01
    endloop
  endfacet
  facet normal -2.148469e-01 -3.716277e-01 -9.031797e-01
    outer loop
      vertex -6.4972978252e-02 3.9152785886e-01 2.8433287990e-01
      vertex -6.6020687665e-02 4.2468528023e-01 2.7093895620e-01
      vertex -3.2913842838e-02 4.1044280163e-01 2.6892384985e-01
    endloop
  endfacet
  facet normal -2.162041e-01 -2.357379e-01 -9.474616e-01
    outer loop
      vertex -6.5716389015e-02 4.5938503797e-01 2.6223587093e-01
      vertex -3.3198119207e-02 4.4497074313e-01 2.5840185065e-01
      vertex -6.6020687665e-02 4.2468528023e-01 2.7093895620e-01
    endloop
  endfacet
  facet normal -8.454536e-02 -2.910970e-01 -9.529505e-01
    outer loop
      vertex 0.0000000000e+00 4.3168336777e-01 2.5951541055e-01
      vertex -3.2913842838e-02 4.1044280163e-01 2.6892384985e-01
      vertex -3.3198119207e-02 4.4497074313e-01 2.5840185065e-01
    endloop
  endfacet
  facet normal -1.811510e-01 -2.880454e-01 -9.403266e-01
    outer loop
      vertex -6.6020687665e-02 4.2468528023e-01 2.7093895620e-01
      vertex -3.3198119207e-02 4.4497074313e-01 2.5840185065e-01
      vertex -3.2913842838e-02 4.1044280163e-01 2.6892384985e-01
    endloop
  endfacet
  facet normal -4.694052e-01 2.331714e-01 -8.516395e-01
    outer loop
      vertex -1.2500000000e-01 5.7725424859e-01 2.9774575141e-01
      vertex -9.6546846397e-02 5.5966923258e-01 2.7724836895e-01
      vertex -1.2981462243e-01 5.3910861626e-01 2.8995552867e-01
    endloop
  endfacet
  facet normal -3.505871e-01 1.597927e-01 -9.227974e-01
    outer loop
      vertex -6.5716389015e-02 5.4061496203e-01 2.6223587093e-01
      vertex -9.9901762925e-02 5.2058089501e-01 2.7175437677e-01
      vertex -9.6546846397e-02 5.5966923258e-01 2.7724836895e-01
    endloop
  endfacet
  facet normal -4.823363e-01 7.836719e-02 -8.724736e-01
    outer loop
      vertex -1.3143277803e-01 5.0000000000e-01 2.8733729791e-01
      vertex -1.2981462243e-01 5.3910861626e-01 2.8995552867e-01
      vertex -9.9901762925e-02 5.2058089501e-01 2.7175437677e-01
    endloop
  endfacet
  facet normal -4.378416e-01 1.618790e-01 -8.843585e-01
    outer loop
      vertex -9.6546846397e-02 5.5966923258e-01 2.7724836895e-01
      vertex -9.9901762925e-02 5.2058089501e-01 2.7175437677e-01
      vertex -1.2981462243e-01 5.3910861626e-01 2.8995552867e-01
    endloop
  endfacet
  facet normal -9.212595e-02 0.000000e+00 -9.957474e-01
    outer loop
      vertex 0.0000000000e+00 5.0000000000e-01 2.5000000000e-01
      vertex -3.3267776035e-02 4.7943938368e-01 2.5307791485e-01
      vertex -3.3267776035e-02 5.2056061632e-01 2.5307791485e-01
    endloop
  endfacet
  facet normal -2.237863e-01 -8.142553e-02 -9.712310e-01
    outer loop
      vertex -6.5716389015e-02 4.5938503797e-01 2.6223587093e-01
      vertex -6.6601175284e-02 5.0000000000e-01 2.5903468413e-01
      vertex -3.3267776035e-02 4.7943938368e-01 2.5307791485e-01
    endloop
  endfacet
  facet normal -2.237863e-01 8.142553e-02 -9.712310e-01
    outer loop
      vertex -6.5716389015e-02 5.4061496203e-01 2.6223587093e-01
      vertex -3.3267776035e-02 5.2056061632e-01 2.5307791485e-01
      vertex -6.6601175284e-02 5.0000000000e-01 2.5903468413e-01
    endloop
  endfacet
  facet normal -1.759159e-01 0.000000e+00 -9.844052e-01
    outer loop
      vertex -3.3267776035e-02 4.7943938368e-01 2.5307791485e-01
      vertex -6.6601175284e-02 5.0000000000e-01 2.5903468413e-01
      vertex -3.3267776035e-02 5.2056061632e-01 2.5307791485e-01
    endloop
  endfacet
  facet normal -4.694052e-01 -2.331714e-01 -8.516395e-01
    outer loop
      vertex -1.2500000000e-01 4.2274575141e-01 2.9774575141e-01
      vertex -1.2981462243e-01 4.6089138374e-01 2.8995552867e-01
      vertex -9.6546846397e-02 4.4033076742e-01 2.7724836895e-01
    endloop
  endfacet
  facet normal -4.823363e-01 -7.836719e-02 -8.724736e-01
    outer loop
      vertex -1.3143277803e-01 5.0000000000e-01 2.8733729791e-01
      vertex -9.9901762925e-02 4.7941910499e-01 2.7175437677e-01
      vertex -1.2981462243e-01 4.6089138374e-01 2.8995552867e-01
    endloop
  endfacet
  facet normal -3.505871e-01 -1.597927e-01 -9.227974e-01
    outer loop
      vertex -6.5716389015e-02 4.5938503797e-01 2.6223587093e-01
      vertex -9.6546846397e-02 4.4033076742e-01 2.7724836895e-01
      vertex -9.9901762925e-02 4.7941910499e-01 2.7175437677e-01
    endloop
  endfacet
  facet normal -4.378416e-01 -1.618790e-01 -8.843585e-01
    outer loop
      vertex -1.2981462243e-01 4.6089138374e-01 2.8995552867e-01
      vertex -9.9901762925e-02 4.7941910499e-01 2.7175437677e-01
      vertex -9.6546846397e-02 4.4033076742e-01 2.7724836895e-01
    endloop
  endfacet
  facet normal -3.113353e-01 8.140770e-02 -9.468068e-01
    outer loop
      vertex -6.5716389015e-02 5.4061496203e-01 2.6223587093e-01
      vertex -6.6601175284e-02 5.0000000000e-01 2.5903468413e-01
      vertex -9.9901762925e-02 5.2058089501e-01 2.7175437677e-01
    endloop
  endfacet
  facet normal -3.113353e-01 -8.140770e-02 -9.468068e-01
    outer loop
      vertex -6.5716389015e-02 4.5938503797e-01 2.6223587093e-01
      vertex -9.9901762925e-02 4.7941910499e-01 2.7175437677e-01
      vertex -6.6601175284e-02 5.0000000000e-01 2.5903468413e-01
    endloop
  endfacet
  facet normal -4.430557e-01 0.000000e+00 -8.964941e-01
    outer loop
      vertex -1.3143277803e-01 5.0000000000e-01 2.8733729791e-01
      vertex -9.9901762925e-02 5.2058089501e-01 2.7175437677e-01
      vertex -9.9901762925e-02 4.7941910499e-01 2.7175437677e-01
    endloop
  endfacet
  facet normal -3.568221e-01 0.000000e+00 -9.341724e-01
    outer loop
      vertex -6.6601175284e-02 5.0000000000e-01 2.5903468413e-01
      vertex -9.9901762925e-02 4.7941910499e-01 2.7175437677e-01
      vertex -9.9901762925e-02 5.2058089501e-01 2.7175437677e-01
    endloop
  endfacet
  facet normal 8.117845e-02 5.462496e-01 -8.336794e-01
    outer loop
      vertex 0.0000000000e+00 6.3143277803e-01 2.8733729791e-01
      vertex 2.0271573361e-02 6.5391050522e-01 3.0403923940e-01
      vertex 3.2800094703e-02 6.2111041052e-01 2.8376766603e-01
    endloop
  endfacet
  facet normal 1.614436e-01 6.304608e-01 -7.592464e-01
    outer loop
      vertex 4.0155508910e-02 6.7344511939e-01 3.2448838881e-01
      vertex 5.3255716412e-02 6.4281291478e-01 3.0183769269e-01
      vertex 2.0271573361e-02 6.5391050522e-01 3.0403923940e-01
    endloop
  endfacet
  facet normal 2.112210e-01 5.001420e-01 -8.397879e-01
    outer loop
      vertex 6.4972978252e-02 6.0847214114e-01 2.8433287990e-01
      vertex 3.2800094703e-02 6.2111041052e-01 2.8376766603e-01
      vertex 5.3255716412e-02 6.4281291478e-01 3.0183769269e-01
    endloop
  endfacet
  facet normal 1.327925e-01 5.572841e-01 -8.196344e-01
    outer loop
      vertex 2.0271573361e-02 6.5391050522e-01 3.0403923940e-01
      vertex 5.3255716412e-02 6.4281291478e-01 3.0183769269e-01
      vertex 3.2800094703e-02 6.2111041052e-01 2.8376766603e-01
    endloop
  endfacet
  facet normal 3.134218e-01 7.599989e-01 -5.693580e-01
    outer loop
      vertex 7.7254248594e-02 7.0225424859e-01 3.7500000000e-01
      vertex 9.2937008615e-02 6.7677669530e-01 3.4962476125e-01
      vertex 5.9271581338e-02 6.8966307504e-01 3.4829371268e-01
    endloop
  endfacet
  facet normal 3.717435e-01 6.491008e-01 -6.636828e-01
    outer loop
      vertex 1.0633135104e-01 6.4694631307e-01 3.2795225994e-01
      vertex 7.4001148144e-02 6.6185297347e-01 3.2442253831e-01
      vertex 9.2937008615e-02 6.7677669530e-01 3.4962476125e-01
    endloop
  endfacet
  facet normal 2.392192e-01 7.022584e-01 -6.705276e-01
    outer loop
      vertex 4.0155508910e-02 6.7344511939e-01 3.2448838881e-01
      vertex 5.9271581338e-02 6.8966307504e-01 3.4829371268e-01
      vertex 7.4001148144e-02 6.6185297347e-01 3.2442253831e-01
    endloop
  endfacet
  facet normal 2.962101e-01 7.075762e-01 -6.415571e-01
    outer loop
      vertex 9.2937008615e-02 6.7677669530e-01 3.4962476125e-01
      vertex 7.4001148144e-02 6.6185297347e-01 3.2442253831e-01
      vertex 5.9271581338e-02 6.8966307504e-01 3.4829371268e-01
    endloop
  endfacet
  facet normal 4.576217e-01 3.824786e-01 -8.026783e-01
    outer loop
      vertex 1.2500000000e-01 5.7725424859e-01 2.9774575141e-01
      vertex 9.5903433171e-02 5.9375964187e-01 2.8902213134e-01
      vertex 1.1710746272e-01 6.1349762493e-01 3.1051614499e-01
    endloop
  endfacet
  facet normal 3.374572e-01 4.450681e-01 -8.294800e-01
    outer loop
      vertex 6.4972978252e-02 6.0847214114e-01 2.8433287990e-01
      vertex 8.6538253697e-02 6.2903040501e-01 3.0413707541e-01
      vertex 9.5903433171e-02 5.9375964187e-01 2.8902213134e-01
    endloop
  endfacet
  facet normal 4.202079e-01 5.222192e-01 -7.421000e-01
    outer loop
      vertex 1.0633135104e-01 6.4694631307e-01 3.2795225994e-01
      vertex 1.1710746272e-01 6.1349762493e-01 3.1051614499e-01
      vertex 8.6538253697e-02 6.2903040501e-01 3.0413707541e-01
    endloop
  endfacet
  facet normal 3.951751e-01 4.484825e-01 -8.016858e-01
    outer loop
      vertex 9.5903433171e-02 5.9375964187e-01 2.8902213134e-01
      vertex 8.6538253697e-02 6.2903040501e-01 3.0413707541e-01
      vertex 1.1710746272e-01 6.1349762493e-01 3.1051614499e-01
    endloop
  endfacet
  facet normal 2.173281e-01 6.387266e-01 -7.381036e-01
    outer loop
      vertex 4.0155508910e-02 6.7344511939e-01 3.2448838881e-01
      vertex 7.4001148144e-02 6.6185297347e-01 3.2442253831e-01
      vertex 5.3255716412e-02 6.4281291478e-01 3.0183769269e-01
    endloop
  endfacet
  facet normal 3.498255e-01 5.855635e-01 -7.312575e-01
    outer loop
      vertex 1.0633135104e-01 6.4694631307e-01 3.2795225994e-01
      vertex 8.6538253697e-02 6.2903040501e-01 3.0413707541e-01
      vertex 7.4001148144e-02 6.6185297347e-01 3.2442253831e-01
    endloop
  endfacet
  facet normal 2.670988e-01 5.084250e-01 -8.186344e-01
    outer loop
      vertex 6.4972978252e-02 6.0847214114e-01 2.8433287990e-01
      vertex 5.3255716412e-02 6.4281291478e-01 3.0183769269e-01
      vertex 8.6538253697e-02 6.2903040501e-01 3.0413707541e-01
    endloop
  endfacet
  facet normal 2.931085e-01 5.811538e-01 -7.591756e-01
    outer loop
      vertex 7.4001148144e-02 6.6185297347e-01 3.2442253831e-01
      vertex 8.6538253697e-02 6.2903040501e-01 3.0413707541e-01
      vertex 5.3255716412e-02 6.4281291478e-01 3.0183769269e-01
    endloop
  endfacet
  facet normal 5.462496e-01 8.336794e-01 -8.117845e-02
    outer loop
      vertex 1.3143277803e-01 7.1266270209e-01 5.0000000000e-01
      vertex 1.5391050522e-01 6.9596076060e-01 4.7972842664e-01
      vertex 1.2111041052e-01 7.1623233397e-01 4.6719990530e-01
    endloop
  endfacet
  facet normal 6.304608e-01 7.592464e-01 -1.614436e-01
    outer loop
      vertex 1.7344511939e-01 6.7551161119e-01 4.5984449109e-01
      vertex 1.4281291478e-01 6.9816230731e-01 4.4674428359e-01
      vertex 1.5391050522e-01 6.9596076060e-01 4.7972842664e-01
    endloop
  endfacet
  facet normal 5.001420e-01 8.397879e-01 -2.112210e-01
    outer loop
      vertex 1.0847214114e-01 7.1566712010e-01 4.3502702175e-01
      vertex 1.2111041052e-01 7.1623233397e-01 4.6719990530e-01
      vertex 1.4281291478e-01 6.9816230731e-01 4.4674428359e-01
    endloop
  endfacet
  facet normal 5.572841e-01 8.196344e-01 -1.327925e-01
    outer loop
      vertex 1.5391050522e-01 6.9596076060e-01 4.7972842664e-01
      vertex 1.4281291478e-01 6.9816230731e-01 4.4674428359e-01
      vertex 1.2111041052e-01 7.1623233397e-01 4.6719990530e-01
    endloop
  endfacet
  facet normal 7.599989e-01 5.693580e-01 -3.134218e-01
    outer loop
      vertex 2.0225424859e-01 6.2500000000e-01 4.2274575141e-01
      vertex 1.7677669530e-01 6.5037523875e-01 4.0706299138e-01
      vertex 1.8966307504e-01 6.5170628732e-01 4.4072841866e-01
    endloop
  endfacet
  facet normal 6.491008e-01 6.636828e-01 -3.717435e-01
    outer loop
      vertex 1.4694631307e-01 6.7204774006e-01 3.9366864896e-01
      vertex 1.6185297347e-01 6.7557746169e-01 4.2599885186e-01
      vertex 1.7677669530e-01 6.5037523875e-01 4.0706299138e-01
    endloop
  endfacet
  facet normal 7.022584e-01 6.705276e-01 -2.392192e-01
    outer loop
      vertex 1.7344511939e-01 6.7551161119e-01 4.5984449109e-01
      vertex 1.8966307504e-01 6.5170628732e-01 4.4072841866e-01
      vertex 1.6185297347e-01 6.7557746169e-01 4.2599885186e-01
    endloop
  endfacet
  facet normal 7.075762e-01 6.415571e-01 -2.962101e-01
    outer loop
      vertex 1.7677669530e-01 6.5037523875e-01 4.0706299138e-01
      vertex 1.6185297347e-01 6.7557746169e-01 4.2599885186e-01
      vertex 1.8966307504e-01 6.5170628732e-01 4.4072841866e-01
    endloop
  endfacet
  facet normal 3.824786e-01 8.026783e-01 -4.576217e-01
    outer loop
      vertex 7.7254248594e-02 7.0225424859e-01 3.7500000000e-01
      vertex 9.3759641870e-02 7.1097786866e-01 4.0409656683e-01
      vertex 1.1349762493e-01 6.8948385501e-01 3.8289253728e-01
    endloop
  endfacet
  facet normal 4.450681e-01 8.294800e-01 -3.374572e-01
    outer loop
      vertex 1.0847214114e-01 7.1566712010e-01 4.3502702175e-01
      vertex 1.2903040501e-01 6.9586292459e-01 4.1346174630e-01
      vertex 9.3759641870e-02 7.1097786866e-01 4.0409656683e-01
    endloop
  endfacet
  facet normal 5.222192e-01 7.421000e-01 -4.202079e-01
    outer loop
      vertex 1.4694631307e-01 6.7204774006e-01 3.9366864896e-01
      vertex 1.1349762493e-01 6.8948385501e-01 3.8289253728e-01
      vertex 1.2903040501e-01 6.9586292459e-01 4.1346174630e-01
    endloop
  endfacet
  facet normal 4.484825e-01 8.016858e-01 -3.951751e-01
    outer loop
      vertex 9.3759641870e-02 7.1097786866e-01 4.0409656683e-01
      vertex 1.2903040501e-01 6.9586292459e-01 4.1346174630e-01
      vertex 1.1349762493e-01 6.8948385501e-01 3.8289253728e-01
    endloop
  endfacet
  facet normal 6.387266e-01 7.381036e-01 -2.173281e-01
    outer loop
      vertex 1.7344511939e-01 6.7551161119e-01 4.5984449109e-01
      vertex 1.6185297347e-01 6.7557746169e-01 4.2599885186e-01
      vertex 1.4281291478e-01 6.9816230731e-01 4.4674428359e-01
    endloop
  endfacet
  facet normal 5.855635e-01 7.312575e-01 -3.498255e-01
    outer loop
      vertex 1.4694631307e-01 6.7204774006e-01 3.9366864896e-01
      vertex 1.2903040501e-01 6.9586292459e-01 4.1346174630e-01
      vertex 1.6185297347e-01 6.7557746169e-01 4.2599885186e-01
    endloop
  endfacet
  facet normal 5.084250e-01 8.186344e-01 -2.670988e-01
    outer loop
      vertex 1.0847214114e-01 7.1566712010e-01 4.3502702175e-01
      vertex 1.4281291478e-01 6.9816230731e-01 4.4674428359e-01
      vertex 1.2903040501e-01 6.9586292459e-01 4.1346174630e-01
    endloop
  endfacet
  facet normal 5.811538e-01 7.591756e-01 -2.931085e-01
    outer loop
      vertex 1.6185297347e-01 6.7557746169e-01 4.2599885186e-01
      vertex 1.2903040501e-01 6.9586292459e-01 4.1346174630e-01
      vertex 1.4281291478e-01 6.9816230731e-01 4.4674428359e-01
    endloop
  endfacet
  facet normal 8.336794e-01 8.117845e-02 -5.462496e-01
    outer loop
      vertex 2.1266270209e-01 5.0000000000e-01 3.6856722197e-01
      vertex 1.9596076060e-01 5.2027157336e-01 3.4608949478e-01
      vertex 2.1623233397e-01 5.3280009470e-01 3.7888958948e-01
    endloop
  endfacet
  facet normal 7.592464e-01 1.614436e-01 -6.304608e-01
    outer loop
      vertex 1.7551161119e-01 5.4015550891e-01 3.2655488061e-01
      vertex 1.9816230731e-01 5.5325571641e-01 3.5718708522e-01
      vertex 1.9596076060e-01 5.2027157336e-01 3.4608949478e-01
    endloop
  endfacet
  facet normal 8.397879e-01 2.112210e-01 -5.001420e-01
    outer loop
      vertex 2.1566712010e-01 5.6497297825e-01 3.9152785886e-01
      vertex 2.1623233397e-01 5.3280009470e-01 3.7888958948e-01
      vertex 1.9816230731e-01 5.5325571641e-01 3.5718708522e-01
    endloop
  endfacet
  facet normal 8.196344e-01 1.327925e-01 -5.572841e-01
    outer loop
      vertex 1.9596076060e-01 5.2027157336e-01 3.4608949478e-01
      vertex 1.9816230731e-01 5.5325571641e-01 3.5718708522e-01
      vertex 2.1623233397e-01 5.3280009470e-01 3.7888958948e-01
    endloop
  endfacet
  facet normal 5.693580e-01 3.134218e-01 -7.599989e-01
    outer loop
      vertex 1.2500000000e-01 5.7725424859e-01 2.9774575141e-01
      vertex 1.5037523875e-01 5.9293700862e-01 3.2322330470e-01
      vertex 1.5170628732e-01 5.5927158134e-01 3.1033692496e-01
    endloop
  endfacet
  facet normal 6.636828e-01 3.717435e-01 -6.491008e-01
    outer loop
      vertex 1.7204774006e-01 6.0633135104e-01 3.5305368693e-01
      vertex 1.7557746169e-01 5.7400114814e-01 3.3814702653e-01
      vertex 1.5037523875e-01 5.9293700862e-01 3.2322330470e-01
    endloop
  endfacet
  facet normal 6.705276e-01 2.392192e-01 -7.022584e-01
    outer loop
      vertex 1.7551161119e-01 5.4015550891e-01 3.2655488061e-01
      vertex 1.5170628732e-01 5.5927158134e-01 3.1033692496e-01
      vertex 1.7557746169e-01 5.7400114814e-01 3.3814702653e-01
    endloop
  endfacet
  facet normal 6.415571e-01 2.962101e-01 -7.075762e-01
    outer loop
      vertex 1.5037523875e-01 5.9293700862e-01 3.2322330470e-01
      vertex 1.7557746169e-01 5.7400114814e-01 3.3814702653e-01
      vertex 1.5170628732e-01 5.5927158134e-01 3.1033692496e-01
    endloop
  endfacet
  facet normal 8.026783e-01 4.576217e-01 -3.824786e-01
    outer loop
      vertex 2.0225424859e-01 6.2500000000e-01 4.2274575141e-01
      vertex 2.1097786866e-01 5.9590343317e-01 4.0624035813e-01
      vertex 1.8948385501e-01 6.1710746272e-01 3.8650237507e-01
    endloop
  endfacet
  facet normal 8.294800e-01 3.374572e-01 -4.450681e-01
    outer loop
      vertex 2.1566712010e-01 5.6497297825e-01 3.9152785886e-01
      vertex 1.9586292459e-01 5.8653825370e-01 3.7096959499e-01
      vertex 2.1097786866e-01 5.9590343317e-01 4.0624035813e-01
    endloop
  endfacet
  facet normal 7.421000e-01 4.202079e-01 -5.222192e-01
    outer loop
      vertex 1.7204774006e-01 6.0633135104e-01 3.5305368693e-01
      vertex 1.8948385501e-01 6.1710746272e-01 3.8650237507e-01
      vertex 1.9586292459e-01 5.8653825370e-01 3.7096959499e-01
    endloop
  endfacet
  facet normal 8.016858e-01 3.951751e-01 -4.484825e-01
    outer loop
      vertex 2.1097786866e-01 5.9590343317e-01 4.0624035813e-01
      vertex 1.9586292459e-01 5.8653825370e-01 3.7096959499e-01
      vertex 1.8948385501e-01 6.1710746272e-01 3.8650237507e-01
    endloop
  endfacet
  facet normal 7.381036e-01 2.173281e-01 -6.387266e-01
    outer loop
      vertex 1.7551161119e-01 5.4015550891e-01 3.2655488061e-01
      vertex 1.7557746169e-01 5.7400114814e-01 3.3814702653e-01
      vertex 1.9816230731e-01 5.5325571641e-01 3.5718708522e-01
    endloop
  endfacet
  facet normal 7.312575e-01 3.498255e-01 -5.855635e-01
    outer loop
      vertex 1.7204774006e-01 6.0633135104e-01 3.5305368693e-01
      vertex 1.9586292459e-01 5.8653825370e-01 3.7096959499e-01
      vertex 1.7557746169e-01 5.7400114814e-01 3.3814702653e-01
    endloop
  endfacet
  facet normal 8.186344e-01 2.670988e-01 -5.084250e-01
    outer loop
      vertex 2.1566712010e-01 5.6497297825e-01 3.9152785886e-01
      vertex 1.9816230731e-01 5.5325571641e-01 3.5718708522e-01
      vertex 1.9586292459e-01 5.8653825370e-01 3.7096959499e-01
    endloop
  endfacet
  facet normal 7.591756e-01 2.931085e-01 -5.811538e-01
    outer loop
      vertex 1.7557746169e-01 5.7400114814e-01 3.3814702653e-01
      vertex 1.9586292459e-01 5.8653825370e-01 3.7096959499e-01
      vertex 1.9816230731e-01 5.5325571641e-01 3.5718708522e-01
    endloop
  endfacet
  facet normal 3.822343e-01 7.595136e-01 -5.263422e-01
    outer loop
      vertex 7.7254248594e-02 7.0225424859e-01 3.7500000000e-01
      vertex 1.1349762493e-01 6.8948385501e-01 3.8289253728e-01
      vertex 9.2937008615e-02 6.7677669530e-01 3.4962476125e-01
    endloop
  endfacet
  facet normal 5.218865e-01 6.990111e-01 -4.888946e-01
    outer loop
      vertex 1.4694631307e-01 6.7204774006e-01 3.9366864896e-01
      vertex 1.2834386031e-01 6.6164444795e-01 3.5893644706e-01
      vertex 1.1349762493e-01 6.8948385501e-01 3.8289253728e-01
    endloop
  endfacet
  facet normal 4.404610e-01 6.486873e-01 -6.206439e-01
    outer loop
      vertex 1.0633135104e-01 6.4694631307e-01 3.2795225994e-01
      vertex 9.2937008615e-02 6.7677669530e-01 3.4962476125e-01
      vertex 1.2834386031e-01 6.6164444795e-01 3.5893644706e-01
    endloop
  endfacet
  facet normal 4.465169e-01 7.084426e-01 -5.465636e-01
    outer loop
      vertex 1.1349762493e-01 6.8948385501e-01 3.8289253728e-01
      vertex 1.2834386031e-01 6.6164444795e-01 3.5893644706e-01
      vertex 9.2937008615e-02 6.7677669530e-01 3.4962476125e-01
    endloop
  endfacet
  facet normal 7.595136e-01 5.263422e-01 -3.822343e-01
    outer loop
      vertex 2.0225424859e-01 6.2500000000e-01 4.2274575141e-01
      vertex 1.8948385501e-01 6.1710746272e-01 3.8650237507e-01
      vertex 1.7677669530e-01 6.5037523875e-01 4.0706299138e-01
    endloop
  endfacet
  facet normal 6.990111e-01 4.888946e-01 -5.218865e-01
    outer loop
      vertex 1.7204774006e-01 6.0633135104e-01 3.5305368693e-01
      vertex 1.6164444795e-01 6.4106355294e-01 3.7165613969e-01
      vertex 1.8948385501e-01 6.1710746272e-01 3.8650237507e-01
    endloop
  endfacet
  facet normal 6.486873e-01 6.206439e-01 -4.404610e-01
    outer loop
      vertex 1.4694631307e-01 6.7204774006e-01 3.9366864896e-01
      vertex 1.7677669530e-01 6.5037523875e-01 4.0706299138e-01
      vertex 1.6164444795e-01 6.4106355294e-01 3.7165613969e-01
    endloop
  endfacet
  facet normal 7.084426e-01 5.465636e-01 -4.465169e-01
    outer loop
      vertex 1.8948385501e-01 6.1710746272e-01 3.8650237507e-01
      vertex 1.6164444795e-01 6.4106355294e-01 3.7165613969e-01
      vertex 1.7677669530e-01 6.5037523875e-01 4.0706299138e-01
    endloop
  endfacet
  facet normal 5.263422e-01 3.822343e-01 -7.595136e-01
    outer loop
      vertex 1.2500000000e-01 5.7725424859e-01 2.9774575141e-01
      vertex 1.1710746272e-01 6.1349762493e-01 3.1051614499e-01
      vertex 1.5037523875e-01 5.9293700862e-01 3.2322330470e-01
    endloop
  endfacet
  facet normal 4.888946e-01 5.218865e-01 -6.990111e-01
    outer loop
      vertex 1.0633135104e-01 6.4694631307e-01 3.2795225994e-01
      vertex 1.4106355294e-01 6.2834386031e-01 3.3835555205e-01
      vertex 1.1710746272e-01 6.1349762493e-01 3.1051614499e-01
    endloop
  endfacet
  facet normal 6.206439e-01 4.404610e-01 -6.486873e-01
    outer loop
      vertex 1.7204774006e-01 6.0633135104e-01 3.5305368693e-01
      vertex 1.5037523875e-01 5.9293700862e-01 3.2322330470e-01
      vertex 1.4106355294e-01 6.2834386031e-01 3.3835555205e-01
    endloop
  endfacet
  facet normal 5.465636e-01 4.465169e-01 -7.084426e-01
    outer loop
      vertex 1.1710746272e-01 6.1349762493e-01 3.1051614499e-01
      vertex 1.4106355294e-01 6.2834386031e-01 3.3835555205e-01
      vertex 1.5037523875e-01 5.9293700862e-01 3.2322330470e-01
    endloop
  endfacet
  facet normal 5.851588e-01 6.354715e-01 -5.037511e-01
    outer loop
      vertex 1.4694631307e-01 6.7204774006e-01 3.9366864896e-01
      vertex 1.6164444795e-01 6.4106355294e-01 3.7165613969e-01
      vertex 1.2834386031e-01 6.6164444795e-01 3.5893644706e-01
    endloop
  endfacet
  facet normal 6.354715e-01 5.037511e-01 -5.851588e-01
    outer loop
      vertex 1.7204774006e-01 6.0633135104e-01 3.5305368693e-01
      vertex 1.4106355294e-01 6.2834386031e-01 3.3835555205e-01
      vertex 1.6164444795e-01 6.4106355294e-01 3.7165613969e-01
    endloop
  endfacet
  facet normal 5.037511e-01 5.851588e-01 -6.354715e-01
    outer loop
      vertex 1.0633135104e-01 6.4694631307e-01 3.2795225994e-01
      vertex 1.2834386031e-01 6.6164444795e-01 3.5893644706e-01
      vertex 1.4106355294e-01 6.2834386031e-01 3.3835555205e-01
    endloop
  endfacet
  facet normal 5.773503e-01 5.773503e-01 -5.773503e-01
    outer loop
      vertex 1.6164444795e-01 6.4106355294e-01 3.7165613969e-01
      vertex 1.4106355294e-01 6.2834386031e-01 3.3835555205e-01
      vertex 1.2834386031e-01 6.6164444795e-01 3.5893644706e-01
    endloop
  endfacet
  facet normal 5.462496e-01 -8.336794e-01 8.117845e-02
    outer loop
      vertex 1.3143277803e-01 2.8733729791e-01 5.0000000000e-01
      vertex 1.5391050522e-01 3.0403923940e-01 5.2027157336e-01
      vertex 1.2111041052e-01 2.8376766603e-01 5.3280009470e-01
    endloop
  endfacet
  facet normal 6.304608e-01 -7.592464e-01 1.614436e-01
    outer loop
      vertex 1.7344511939e-01 3.2448838881e-01 5.4015550891e-01
      vertex 1.4281291478e-01 3.0183769269e-01 5.5325571641e-01
      vertex 1.5391050522e-01 3.0403923940e-01 5.2027157336e-01
    endloop
  endfacet
  facet normal 5.001420e-01 -8.397879e-01 2.112210e-01
    outer loop
      vertex 1.0847214114e-01 2.8433287990e-01 5.6497297825e-01
      vertex 1.2111041052e-01 2.8376766603e-01 5.3280009470e-01
      vertex 1.4281291478e-01 3.0183769269e-01 5.5325571641e-01
    endloop
  endfacet
  facet normal 5.572841e-01 -8.196344e-01 1.327925e-01
    outer loop
      vertex 1.5391050522e-01 3.0403923940e-01 5.2027157336e-01
      vertex 1.4281291478e-01 3.0183769269e-01 5.5325571641e-01
      vertex 1.2111041052e-01 2.8376766603e-01 5.3280009470e-01
    endloop
  endfacet
  facet normal 7.599989e-01 -5.693580e-01 3.134218e-01
    outer loop
      vertex 2.0225424859e-01 3.7500000000e-01 5.7725424859e-01
      vertex 1.7677669530e-01 3.4962476125e-01 5.9293700862e-01
      vertex 1.8966307504e-01 3.4829371268e-01 5.5927158134e-01
    endloop
  endfacet
  facet normal 6.491008e-01 -6.636828e-01 3.717435e-01
    outer loop
      vertex 1.4694631307e-01 3.2795225994e-01 6.0633135104e-01
      vertex 1.6185297347e-01 3.2442253831e-01 5.7400114814e-01
      vertex 1.7677669530e-01 3.4962476125e-01 5.9293700862e-01
    endloop
  endfacet
  facet normal 7.022584e-01 -6.705276e-01 2.392192e-01
    outer loop
      vertex 1.7344511939e-01 3.2448838881e-01 5.4015550891e-01
      vertex 1.8966307504e-01 3.4829371268e-01 5.5927158134e-01
      vertex 1.6185297347e-01 3.2442253831e-01 5.7400114814e-01
    endloop
  endfacet
  facet normal 7.075762e-01 -6.415571e-01 2.962101e-01
    outer loop
      vertex 1.7677669530e-01 3.4962476125e-01 5.9293700862e-01
      vertex 1.6185297347e-01 3.2442253831e-01 5.7400114814e-01
      vertex 1.8966307504e-01 3.4829371268e-01 5.5927158134e-01
    endloop
  endfacet
  facet normal 3.824786e-01 -8.026783e-01 4.576217e-01
    outer loop
      vertex 7.7254248594e-02 2.9774575141e-01 6.2500000000e-01
      vertex 9.3759641870e-02 2.8902213134e-01 5.9590343317e-01
      vertex 1.1349762493e-01 3.1051614499e-01 6.1710746272e-01
    endloop
  endfacet
  facet normal 4.450681e-01 -8.294800e-01 3.374572e-01
    outer loop
      vertex 1.0847214114e-01 2.8433287990e-01 5.6497297825e-01
      vertex 1.2903040501e-01 3.0413707541e-01 5.8653825370e-01
      vertex 9.3759641870e-02 2.8902213134e-01 5.9590343317e-01
    endloop
  endfacet
  facet normal 5.222192e-01 -7.421000e-01 4.202079e-01
    outer loop
      vertex 1.4694631307e-01 3.2795225994e-01 6.0633135104e-01
      vertex 1.1349762493e-01 3.1051614499e-01 6.1710746272e-01
      vertex 1.2903040501e-01 3.0413707541e-01 5.8653825370e-01
    endloop
  endfacet
  facet normal 4.484825e-01 -8.016858e-01 3.951751e-01
    outer loop
      vertex 9.3759641870e-02 2.8902213134e-01 5.9590343317e-01
      vertex 1.2903040501e-01 3.0413707541e-01 5.8653825370e-01
      vertex 1.1349762493e-01 3.1051614499e-01 6.1710746272e-01
    endloop
  endfacet
  facet normal 6.387266e-01 -7.381036e-01 2.173281e-01
    outer loop
      vertex 1.7344511939e-01 3.2448838881e-01 5.4015550891e-01
      vertex 1.6185297347e-01 3.2442253831e-01 5.7400114814e-01
      vertex 1.4281291478e-01 3.0183769269e-01 5.5325571641e-01
    endloop
  endfacet
  facet normal 5.855635e-01 -7.312575e-01 3.498255e-01
    outer loop
      vertex 1.4694631307e-01 3.2795225994e-01 6.0633135104e-01
      vertex 1.2903040501e-01 3.0413707541e-01 5.8653825370e-01
      vertex 1.6185297347e-01 3.2442253831e-01 5.7400114814e-01
    endloop
  endfacet
  facet normal 5.084250e-01 -8.186344e-01 2.670988e-01
    outer loop
      vertex 1.0847214114e-01 2.8433287990e-01 5.6497297825e-01
      vertex 1.4281291478e-01 3.0183769269e-01 5.5325571641e-01
      vertex 1.2903040501e-01 3.0413707541e-01 5.8653825370e-01
    endloop
  endfacet
  facet normal 5.811538e-01 -7.591756e-01 2.931085e-01
    outer loop
      vertex 1.6185297347e-01 3.2442253831e-01 5.7400114814e-01
      vertex 1.2903040501e-01 3.0413707541e-01 5.8653825370e-01
      vertex 1.4281291478e-01 3.0183769269e-01 5.5325571641e-01
    endloop
  endfacet
  facet normal 8.336794e-01 -8.117845e-02 5.462496e-01
    outer loop
      vertex 2.1266270209e-01 5.0000000000e-01 6.3143277803e-01
      vertex 1.9596076060e-01 4.7972842664e-01 6.5391050522e-01
      vertex 2.1623233397e-01 4.6719990530e-01 6.2111041052e-01
    endloop
  endfacet
  facet normal 7.592464e-01 -1.614436e-01 6.304608e-01
    outer loop
      vertex 1.7551161119e-01 4.5984449109e-01 6.7344511939e-01
      vertex 1.9816230731e-01 4.4674428359e-01 6.4281291478e-01
      vertex 1.9596076060e-01 4.7972842664e-01 6.5391050522e-01
    endloop
  endfacet
  facet normal 8.397879e-01 -2.112210e-01 5.001420e-01
    outer loop
      vertex 2.1566712010e-01 4.3502702175e-01 6.0847214114e-01
      vertex 2.1623233397e-01 4.6719990530e-01 6.2111041052e-01
      vertex 1.9816230731e-01 4.4674428359e-01 6.4281291478e-01
    endloop
  endfacet
  facet normal 8.196344e-01 -1.327925e-01 5.572841e-01
    outer loop
      vertex 1.9596076060e-01 4.7972842664e-01 6.5391050522e-01
      vertex 1.9816230731e-01 4.4674428359e-01 6.4281291478e-01
      vertex 2.1623233397e-01 4.6719990530e-01 6.2111041052e-01
    endloop
  endfacet
  facet normal 5.693580e-01 -3.134218e-01 7.599989e-01
    outer loop
      vertex 1.2500000000e-01 4.2274575141e-01 7.0225424859e-01
      vertex 1.5037523875e-01 4.0706299138e-01 6.7677669530e-01
      vertex 1.5170628732e-01 4.4072841866e-01 6.8966307504e-01
    endloop
  endfacet
  facet normal 6.636828e-01 -3.717435e-01 6.491008e-01
    outer loop
      vertex 1.7204774006e-01 3.9366864896e-01 6.4694631307e-01
      vertex 1.7557746169e-01 4.2599885186e-01 6.6185297347e-01
      vertex 1.5037523875e-01 4.0706299138e-01 6.7677669530e-01
    endloop
  endfacet
  facet normal 6.705276e-01 -2.392192e-01 7.022584e-01
    outer loop
      vertex 1.7551161119e-01 4.5984449109e-01 6.7344511939e-01
      vertex 1.5170628732e-01 4.4072841866e-01 6.8966307504e-01
      vertex 1.7557746169e-01 4.2599885186e-01 6.6185297347e-01
    endloop
  endfacet
  facet normal 6.415571e-01 -2.962101e-01 7.075762e-01
    outer loop
      vertex 1.5037523875e-01 4.0706299138e-01 6.7677669530e-01
      vertex 1.7557746169e-01 4.2599885186e-01 6.6185297347e-01
      vertex 1.5170628732e-01 4.4072841866e-01 6.8966307504e-01
    endloop
  endfacet
  facet normal 8.026783e-01 -4.576217e-01 3.824786e-01
    outer loop
      vertex 2.0225424859e-01 3.7500000000e-01 5.7725424859e-01
      vertex 2.1097786866e-01 4.0409656683e-01 5.9375964187e-01
      vertex 1.8948385501e-01 3.8289253728e-01 6.1349762493e-01
    endloop
  endfacet
  facet normal 8.294800e-01 -3.374572e-01 4.450681e-01
    outer loop
      vertex 2.1566712010e-01 4.3502702175e-01 6.0847214114e-01
      vertex 1.9586292459e-01 4.1346174630e-01 6.2903040501e-01
      vertex 2.1097786866e-01 4.0409656683e-01 5.9375964187e-01
    endloop
  endfacet
  facet normal 7.421000e-01 -4.202079e-01 5.222192e-01
    outer loop
      vertex 1.7204774006e-01 3.9366864896e-01 6.4694631307e-01
      vertex 1.8948385501e-01 3.8289253728e-01 6.1349762493e-01
      vertex 1.9586292459e-01 4.1346174630e-01 6.2903040501e-01
    endloop
  endfacet
  facet normal 8.016858e-01 -3.951751e-01 4.484825e-01
    outer loop
      vertex 2.1097786866e-01 4.0409656683e-01 5.9375964187e-01
      vertex 1.9586292459e-01 4.1346174630e-01 6.2903040501e-01
      vertex 1.8948385501e-01 3.8289253728e-01 6.1349762493e-01
    endloop
  endfacet
  facet normal 7.381036e-01 -2.173281e-01 6.387266e-01
    outer loop
      vertex 1.7551161119e-01 4.5984449109e-01 6.7344511939e-01
      vertex 1.7557746169e-01 4.2599885186e-01 6.6185297347e-01
      vertex 1.9816230731e-01 4.4674428359e-01 6.4281291478e-01
    endloop
  endfacet
  facet normal 7.312575e-01 -3.498255e-01 5.855635e-01
    outer loop
      vertex 1.7204774006e-01 3.9366864896e-01 6.4694631307e-01
      vertex 1.9586292459e-01 4.1346174630e-01 6.2903040501e-01
      vertex 1.7557746169e-01 4.2599885186e-01 6.6185297347e-01
    endloop
  endfacet
  facet normal 8.186344e-01 -2.670988e-01 5.084250e-01
    outer loop
      vertex 2.1566712010e-01 4.3502702175e-01 6.0847214114e-01
      vertex 1.9816230731e-01 4.4674428359e-01 6.4281291478e-01
      vertex 1.9586292459e-01 4.1346174630e-01 6.2903040501e-01
    endloop
  endfacet
  facet normal 7.591756e-01 -2.931085e-01 5.811538e-01
    outer loop
      vertex 1.7557746169e-01 4.2599885186e-01 6.6185297347e-01
      vertex 1.9586292459e-01 4.1346174630e-01 6.2903040501e-01
      vertex 1.9816230731e-01 4.4674428359e-01 6.4281291478e-01
    endloop
  endfacet
  facet normal 8.117845e-02 -5.462496e-01 8.336794e-01
    outer loop
      vertex 0.0000000000e+00 3.6856722197e-01 7.1266270209e-01
      vertex 2.0271573361e-02 3.4608949478e-01 6.9596076060e-01
      vertex 3.2800094703e-02 3.7888958948e-01 7.1623233397e-01
    endloop
  endfacet
  facet normal 1.614436e-01 -6.304608e-01 7.592464e-01
    outer loop
      vertex 4.0155508910e-02 3.2655488061e-01 6.7551161119e-01
      vertex 5.3255716412e-02 3.5718708522e-01 6.9816230731e-01
      vertex 2.0271573361e-02 3.4608949478e-01 6.9596076060e-01
    endloop
  endfacet
  facet normal 2.112210e-01 -5.001420e-01 8.397879e-01
    outer loop
      vertex 6.4972978252e-02 3.9152785886e-01 7.1566712010e-01
      vertex 3.2800094703e-02 3.7888958948e-01 7.1623233397e-01
      vertex 5.3255716412e-02 3.5718708522e-01 6.9816230731e-01
    endloop
  endfacet
  facet normal 1.327925e-01 -5.572841e-01 8.196344e-01
    outer loop
      vertex 2.0271573361e-02 3.4608949478e-01 6.9596076060e-01
      vertex 5.3255716412e-02 3.5718708522e-01 6.9816230731e-01
      vertex 3.2800094703e-02 3.7888958948e-01 7.1623233397e-01
    endloop
  endfacet
  facet normal 3.134218e-01 -7.599989e-01 5.693580e-01
    outer loop
      vertex 7.7254248594e-02 2.9774575141e-01 6.2500000000e-01
      vertex 9.2937008615e-02 3.2322330470e-01 6.5037523875e-01
      vertex 5.9271581338e-02 3.1033692496e-01 6.5170628732e-01
    endloop
  endfacet
  facet normal 3.717435e-01 -6.491008e-01 6.636828e-01
    outer loop
      vertex 1.0633135104e-01 3.5305368693e-01 6.7204774006e-01
      vertex 7.4001148144e-02 3.3814702653e-01 6.7557746169e-01
      vertex 9.2937008615e-02 3.2322330470e-01 6.5037523875e-01
    endloop
  endfacet
  facet normal 2.392192e-01 -7.022584e-01 6.705276e-01
    outer loop
      vertex 4.0155508910e-02 3.2655488061e-01 6.7551161119e-01
      vertex 5.9271581338e-02 3.1033692496e-01 6.5170628732e-01
      vertex 7.4001148144e-02 3.3814702653e-01 6.7557746169e-01
    endloop
  endfacet
  facet normal 2.962101e-01 -7.075762e-01 6.415571e-01
    outer loop
      vertex 9.2937008615e-02 3.2322330470e-01 6.5037523875e-01
      vertex 7.4001148144e-02 3.3814702653e-01 6.7557746169e-01
      vertex 5.9271581338e-02 3.1033692496e-01 6.5170628732e-01
    endloop
  endfacet
  facet normal 4.576217e-01 -3.824786e-01 8.026783e-01
    outer loop
      vertex 1.2500000000e-01 4.2274575141e-01 7.0225424859e-01
      vertex 9.5903433171e-02 4.0624035813e-01 7.1097786866e-01
      vertex 1.1710746272e-01 3.8650237507e-01 6.8948385501e-01
    endloop
  endfacet
  facet normal 3.374572e-01 -4.450681e-01 8.294800e-01
    outer loop
      vertex 6.4972978252e-02 3.9152785886e-01 7.1566712010e-01
      vertex 8.6538253697e-02 3.7096959499e-01 6.9586292459e-01
      vertex 9.5903433171e-02 4.0624035813e-01 7.1097786866e-01
    endloop
  endfacet
  facet normal 4.202079e-01 -5.222192e-01 7.421000e-01
    outer loop
      vertex 1.0633135104e-01 3.5305368693e-01 6.7204774006e-01
      vertex 1.1710746272e-01 3.8650237507e-01 6.8948385501e-01
      vertex 8.6538253697e-02 3.7096959499e-01 6.9586292459e-01
    endloop
  endfacet
  facet normal 3.951751e-01 -4.484825e-01 8.016858e-01
    outer loop
      vertex 9.5903433171e-02 4.0624035813e-01 7.1097786866e-01
      vertex 8.6538253697e-02 3.7096959499e-01 6.9586292459e-01
      vertex 1.1710746272e-01 3.8650237507e-01 6.8948385501e-01
    endloop
  endfacet
  facet normal 2.173281e-01 -6.387266e-01 7.381036e-01
    outer loop
      vertex 4.0155508910e-02 3.2655488061e-01 6.7551161119e-01
      vertex 7.4001148144e-02 3.3814702653e-01 6.7557746169e-01
      vertex 5.3255716412e-02 3.5718708522e-01 6.9816230731e-01
    endloop
  endfacet
  facet normal 3.498255e-01 -5.855635e-01 7.312575e-01
    outer loop
      vertex 1.0633135104e-01 3.5305368693e-01 6.7204774006e-01
      vertex 8.6538253697e-02 3.7096959499e-01 6.9586292459e-01
      vertex 7.4001148144e-02 3.3814702653e-01 6.7557746169e-01
    endloop
  endfacet
  facet normal 2.670988e-01 -5.084250e-01 8.186344e-01
    outer loop
      vertex 6.4972978252e-02 3.9152785886e-01 7.1566712010e-01
      vertex 5.3255716412e-02 3.5718708522e-01 6.9816230731e-01
      vertex 8.6538253697e-02 3.7096959499e-01 6.9586292459e-01
    endloop
  endfacet
  facet normal 2.931085e-01 -5.811538e-01 7.591756e-01
    outer loop
      vertex 7.4001148144e-02 3.3814702653e-01 6.7557746169e-01
      vertex 8.6538253697e-02 3.7096959499e-01 6.9586292459e-01
      vertex 5.3255716412e-02 3.5718708522e-01 6.9816230731e-01
    endloop
  endfacet
  facet normal 7.595136e-01 -5.263422e-01 3.822343e-01
    outer loop
      vertex 2.0225424859e-01 3.7500000000e-01 5.7725424859e-01
      vertex 1.8948385501e-01 3.8289253728e-01 6.1349762493e-01
      vertex 1.7677669530e-01 3.4962476125e-01 5.9293700862e-01
    endloop
  endfacet
  facet normal 6.990111e-01 -4.888946e-01 5.218865e-01
    outer loop
      vertex 1.7204774006e-01 3.9366864896e-01 6.4694631307e-01
      vertex 1.6164444795e-01 3.5893644706e-01 6.2834386031e-01
      vertex 1.8948385501e-01 3.8289253728e-01 6.1349762493e-01
    endloop
  endfacet
  facet normal 6.486873e-01 -6.206439e-01 4.404610e-01
    outer loop
      vertex 1.4694631307e-01 3.2795225994e-01 6.0633135104e-01
      vertex 1.7677669530e-01 3.4962476125e-01 5.9293700862e-01
      vertex 1.6164444795e-01 3.5893644706e-01 6.2834386031e-01
    endloop
  endfacet
  facet normal 7.084426e-01 -5.465636e-01 4.465169e-01
    outer loop
      vertex 1.8948385501e-01 3.8289253728e-01 6.1349762493e-01
      vertex 1.6164444795e-01 3.5893644706e-01 6.2834386031e-01
      vertex 1.7677669530e-01 3.4962476125e-01 5.9293700862e-01
    endloop
  endfacet
  facet normal 5.263422e-01 -3.822343e-01 7.595136e-01
    outer loop
      vertex 1.2500000000e-01 4.2274575141e-01 7.0225424859e-01
      vertex 1.1710746272e-01 3.8650237507e-01 6.8948385501e-01
      vertex 1.5037523875e-01 4.0706299138e-01 6.7677669530e-01
    endloop
  endfacet
  facet normal 4.888946e-01 -5.218865e-01 6.990111e-01
    outer loop
      vertex 1.0633135104e-01 3.5305368693e-01 6.7204774006e-01
      vertex 1.4106355294e-01 3.7165613969e-01 6.6164444795e-01
      vertex 1.1710746272e-01 3.8650237507e-01 6.8948385501e-01
    endloop
  endfacet
  facet normal 6.206439e-01 -4.404610e-01 6.486873e-01
    outer loop
      vertex 1.7204774006e-01 3.9366864896e-01 6.4694631307e-01
      vertex 1.5037523875e-01 4.0706299138e-01 6.7677669530e-01
      vertex 1.4106355294e-01 3.7165613969e-01 6.6164444795e-01
    endloop
  endfacet
  facet normal 5.465636e-01 -4.465169e-01 7.084426e-01
    outer loop
      vertex 1.1710746272e-01 3.8650237507e-01 6.8948385501e-01
      vertex 1.4106355294e-01 3.7165613969e-01 6.6164444795e-01
      vertex 1.5037523875e-01 4.0706299138e-01 6.7677669530e-01
    endloop
  endfacet
  facet normal 3.822343e-01 -7.595136e-01 5.263422e-01
    outer loop
      vertex 7.7254248594e-02 2.9774575141e-01 6.2500000000e-01
      vertex 1.1349762493e-01 3.1051614499e-01 6.1710746272e-01
      vertex 9.2937008615e-02 3.2322330470e-01 6.5037523875e-01
    endloop
  endfacet
  facet normal 5.218865e-01 -6.990111e-01 4.888946e-01
    outer loop
      vertex 1.4694631307e-01 3.2795225994e-01 6.0633135104e-01
      vertex 1.2834386031e-01 3.3835555205e-01 6.4106355294e-01
      vertex 1.1349762493e-01 3.1051614499e-01 6.1710746272e-01
    endloop
  endfacet
  facet normal 4.404610e-01 -6.486873e-01 6.206439e-01
    outer loop
      vertex 1.0633135104e-01 3.5305368693e-01 6.7204774006e-01
      vertex 9.2937008615e-02 3.2322330470e-01 6.5037523875e-01
      vertex 1.2834386031e-01 3.3835555205e-01 6.4106355294e-01
    endloop
  endfacet
  facet normal 4.465169e-01 -7.084426e-01 5.465636e-01
    outer loop
      vertex 1.1349762493e-01 3.1051614499e-01 6.1710746272e-01
      vertex 1.2834386031e-01 3.3835555205e-01 6.4106355294e-01
      vertex 9.2937008615e-02 3.2322330470e-01 6.5037523875e-01
    endloop
  endfacet
  facet normal 6.354715e-01 -5.037511e-01 5.851588e-01
    outer loop
      vertex 1.7204774006e-01 3.9366864896e-01 6.4694631307e-01
      vertex 1.4106355294e-01 3.7165613969e-01 6.6164444795e-01
      vertex 1.6164444795e-01 3.5893644706e-01 6.2834386031e-01
    endloop
  endfacet
  facet normal 5.037511e-01 -5.851588e-01 6.354715e-01
    outer loop
      vertex 1.0633135104e-01 3.5305368693e-01 6.7204774006e-01
      vertex 1.2834386031e-01 3.3835555205e-01 6.4106355294e-01
      vertex 1.4106355294e-01 3.7165613969e-01 6.6164444795e-01
    endloop
  endfacet
  facet normal 5.851588e-01 -6.354715e-01 5.037511e-01
    outer loop
      vertex 1.4694631307e-01 3.2795225994e-01 6.0633135104e-01
      vertex 1.6164444795e-01 3.5893644706e-01 6.2834386031e-01
      vertex 1.2834386031e-01 3.3835555205e-01 6.4106355294e-01
    endloop
  endfacet
  facet normal 5.773503e-01 -5.773503e-01 5.773503e-01
    outer loop
      vertex 1.4106355294e-01 3.7165613969e-01 6.6164444795e-01
      vertex 1.2834386031e-01 3.3835555205e-01 6.4106355294e-01
      vertex 1.6164444795e-01 3.5893644706e-01 6.2834386031e-01
    endloop
  endfacet
  facet normal 4.650712e-01 -8.838505e-01 5.017104e-02
    outer loop
      vertex 1.3143277803e-01 2.8733729791e-01 5.0000000000e-01
      vertex 1.2111041052e-01 2.8376766603e-01 5.3280009470e-01
      vertex 1.0083883715e-01 2.7123914469e-01 5.0000000000e-01
    endloop
  endfacet
  facet normal 4.192398e-01 -8.897882e-01 1.803191e-01
    outer loop
      vertex 1.0847214114e-01 2.8433287990e-01 5.6497297825e-01
      vertex 8.9557198372e-02 2.6892384985e-01 5.3291384284e-01
      vertex 1.2111041052e-01 2.8376766603e-01 5.3280009470e-01
    endloop
  endfacet
  facet normal 3.386983e-01 -9.395655e-01 5.000027e-02
    outer loop
      vertex 6.8316632228e-02 2.5951541055e-01 5.0000000000e-01
      vertex 1.0083883715e-01 2.7123914469e-01 5.0000000000e-01
      vertex 8.9557198372e-02 2.6892384985e-01 5.3291384284e-01
    endloop
  endfacet
  facet normal 4.244916e-01 -9.017047e-01 8.207030e-02
    outer loop
      vertex 1.2111041052e-01 2.8376766603e-01 5.3280009470e-01
      vertex 8.9557198372e-02 2.6892384985e-01 5.3291384284e-01
      vertex 1.0083883715e-01 2.7123914469e-01 5.0000000000e-01
    endloop
  endfacet
  facet normal 3.023772e-01 -8.521837e-01 4.270257e-01
    outer loop
      vertex 7.7254248594e-02 2.9774575141e-01 6.2500000000e-01
      vertex 5.9669232580e-02 2.7724836895e-01 5.9654684640e-01
      vertex 9.3759641870e-02 2.8902213134e-01 5.9590343317e-01
    endloop
  endfacet
  facet normal 2.288929e-01 -9.233856e-01 3.081672e-01
    outer loop
      vertex 4.0614962029e-02 2.6223587093e-01 5.6571638901e-01
      vertex 7.5314719773e-02 2.7093895620e-01 5.6602068766e-01
      vertex 5.9669232580e-02 2.7724836895e-01 5.9654684640e-01
    endloop
  endfacet
  facet normal 3.648012e-01 -8.790876e-01 3.067980e-01
    outer loop
      vertex 1.0847214114e-01 2.8433287990e-01 5.6497297825e-01
      vertex 9.3759641870e-02 2.8902213134e-01 5.9590343317e-01
      vertex 7.5314719773e-02 2.7093895620e-01 5.6602068766e-01
    endloop
  endfacet
  facet normal 3.124011e-01 -8.857887e-01 3.431966e-01
    outer loop
      vertex 5.9669232580e-02 2.7724836895e-01 5.9654684640e-01
      vertex 7.5314719773e-02 2.7093895620e-01 5.6602068766e-01
      vertex 9.3759641870e-02 2.8902213134e-01 5.9590343317e-01
    endloop
  endfacet
  facet normal 6.905681e-02 -9.963836e-01 4.950537e-02
    outer loop
      vertex 0.0000000000e+00 2.5000000000e-01 5.0000000000e-01
      vertex 3.4488060532e-02 2.5239027951e-01 5.0000000000e-01
      vertex 2.0560616320e-02 2.5307791485e-01 5.3326777604e-01
    endloop
  endfacet
  facet normal 2.058489e-01 -9.773256e-01 4.960764e-02
    outer loop
      vertex 6.8316632228e-02 2.5951541055e-01 5.0000000000e-01
      vertex 5.5029256868e-02 2.5840185065e-01 5.3319811921e-01
      vertex 3.4488060532e-02 2.5239027951e-01 5.0000000000e-01
    endloop
  endfacet
  facet normal 1.504758e-01 -9.718501e-01 1.812856e-01
    outer loop
      vertex 4.0614962029e-02 2.6223587093e-01 5.6571638901e-01
      vertex 2.0560616320e-02 2.5307791485e-01 5.3326777604e-01
      vertex 5.5029256868e-02 2.5840185065e-01 5.3319811921e-01
    endloop
  endfacet
  facet normal 1.522724e-01 -9.847537e-01 8.410292e-02
    outer loop
      vertex 3.4488060532e-02 2.5239027951e-01 5.0000000000e-01
      vertex 5.5029256868e-02 2.5840185065e-01 5.3319811921e-01
      vertex 2.0560616320e-02 2.5307791485e-01 5.3326777604e-01
    endloop
  endfacet
  facet normal 3.716277e-01 -9.031797e-01 2.148469e-01
    outer loop
      vertex 1.0847214114e-01 2.8433287990e-01 5.6497297825e-01
      vertex 7.5314719773e-02 2.7093895620e-01 5.6602068766e-01
      vertex 8.9557198372e-02 2.6892384985e-01 5.3291384284e-01
    endloop
  endfacet
  facet normal 2.357379e-01 -9.474616e-01 2.162041e-01
    outer loop
      vertex 4.0614962029e-02 2.6223587093e-01 5.6571638901e-01
      vertex 5.5029256868e-02 2.5840185065e-01 5.3319811921e-01
      vertex 7.5314719773e-02 2.7093895620e-01 5.6602068766e-01
    endloop
  endfacet
  facet normal 2.910970e-01 -9.529505e-01 8.454536e-02
    outer loop
      vertex 6.8316632228e-02 2.5951541055e-01 5.0000000000e-01
      vertex 8.9557198372e-02 2.6892384985e-01 5.3291384284e-01
      vertex 5.5029256868e-02 2.5840185065e-01 5.3319811921e-01
    endloop
  endfacet
  facet normal 2.880454e-01 -9.403266e-01 1.811510e-01
    outer loop
      vertex 7.5314719773e-02 2.7093895620e-01 5.6602068766e-01
      vertex 5.5029256868e-02 2.5840185065e-01 5.3319811921e-01
      vertex 8.9557198372e-02 2.6892384985e-01 5.3291384284e-01
    endloop
  endfacet
  facet normal 0.000000e+00 -5.964207e-01 8.026720e-01
    outer loop
      vertex 0.0000000000e+00 3.6856722197e-01 7.1266270209e-01
      vertex -2.0271573361e-02 3.4608949478e-01 6.9596076060e-01
      vertex 2.0271573361e-02 3.4608949478e-01 6.9596076060e-01
    endloop
  endfacet
  facet normal -8.054149e-02 -6.804611e-01 7.283445e-01
    outer loop
      vertex -4.0155508910e-02 3.2655488061e-01 6.7551161119e-01
      vertex 0.0000000000e+00 3.2427324238e-01 6.7782043374e-01
      vertex -2.0271573361e-02 3.4608949478e-01 6.9596076060e-01
    endloop
  endfacet
  facet normal 8.054149e-02 -6.804611e-01 7.283445e-01
    outer loop
      vertex 4.0155508910e-02 3.2655488061e-01 6.7551161119e-01
      vertex 2.0271573361e-02 3.4608949478e-01 6.9596076060e-01
      vertex 0.0000000000e+00 3.2427324238e-01 6.7782043374e-01
    endloop
  endfacet
  facet normal 0.000000e+00 -6.393544e-01 7.689122e-01
    outer loop
      vertex -2.0271573361e-02 3.4608949478e-01 6.9596076060e-01
      vertex 0.0000000000e+00 3.2427324238e-01 6.7782043374e-01
      vertex 2.0271573361e-02 3.4608949478e-01 6.9596076060e-01
    endloop
  endfacet
  facet normal -2.333204e-01 -8.095043e-01 5.387620e-01
    outer loop
      vertex -7.7254248594e-02 2.9774575141e-01 6.2500000000e-01
      vertex -3.9108616260e-02 2.8995552867e-01 6.2981462243e-01
      vertex -5.9271581338e-02 3.1033692496e-01 6.5170628732e-01
    endloop
  endfacet
  facet normal -7.841715e-02 -8.303865e-01 5.516422e-01
    outer loop
      vertex 0.0000000000e+00 2.8733729791e-01 6.3143277803e-01
      vertex -2.0285462905e-02 3.0494890732e-01 6.5505989565e-01
      vertex -3.9108616260e-02 2.8995552867e-01 6.2981462243e-01
    endloop
  endfacet
  facet normal -1.589524e-01 -7.518660e-01 6.398684e-01
    outer loop
      vertex -4.0155508910e-02 3.2655488061e-01 6.7551161119e-01
      vertex -5.9271581338e-02 3.1033692496e-01 6.5170628732e-01
      vertex -2.0285462905e-02 3.0494890732e-01 6.5505989565e-01
    endloop
  endfacet
  facet normal -1.601287e-01 -7.916792e-01 5.895786e-01
    outer loop
      vertex -3.9108616260e-02 2.8995552867e-01 6.2981462243e-01
      vertex -2.0285462905e-02 3.0494890732e-01 6.5505989565e-01
      vertex -5.9271581338e-02 3.1033692496e-01 6.5170628732e-01
    endloop
  endfacet
  facet normal 2.333204e-01 -8.095043e-01 5.387620e-01
    outer loop
      vertex 7.7254248594e-02 2.9774575141e-01 6.2500000000e-01
      vertex 5.9271581338e-02 3.1033692496e-01 6.5170628732e-01
      vertex 3.9108616260e-02 2.8995552867e-01 6.2981462243e-01
    endloop
  endfacet
  facet normal 1.589524e-01 -7.518660e-01 6.398684e-01
    outer loop
      vertex 4.0155508910e-02 3.2655488061e-01 6.7551161119e-01
      vertex 2.0285462905e-02 3.0494890732e-01 6.5505989565e-01
      vertex 5.9271581338e-02 3.1033692496e-01 6.5170628732e-01
    endloop
  endfacet
  facet normal 7.841715e-02 -8.303865e-01 5.516422e-01
    outer loop
      vertex 0.0000000000e+00 2.8733729791e-01 6.3143277803e-01
      vertex 3.9108616260e-02 2.8995552867e-01 6.2981462243e-01
      vertex 2.0285462905e-02 3.0494890732e-01 6.5505989565e-01
    endloop
  endfacet
  facet normal 1.601287e-01 -7.916792e-01 5.895786e-01
    outer loop
      vertex 5.9271581338e-02 3.1033692496e-01 6.5170628732e-01
      vertex 2.0285462905e-02 3.0494890732e-01 6.5505989565e-01
      vertex 3.9108616260e-02 2.8995552867e-01 6.2981462243e-01
    endloop
  endfacet
  facet normal -8.053079e-02 -7.232719e-01 6.858517e-01
    outer loop
      vertex -4.0155508910e-02 3.2655488061e-01 6.7551161119e-01
      vertex -2.0285462905e-02 3.0494890732e-01 6.5505989565e-01
      vertex 0.0000000000e+00 3.2427324238e-01 6.7782043374e-01
    endloop
  endfacet
  facet normal 0.000000e+00 -8.017675e-01 5.976360e-01
    outer loop
      vertex 0.0000000000e+00 2.8733729791e-01 6.3143277803e-01
      vertex 2.0285462905e-02 3.0494890732e-01 6.5505989565e-01
      vertex -2.0285462905e-02 3.0494890732e-01 6.5505989565e-01
    endloop
  endfacet
  facet normal 8.053079e-02 -7.232719e-01 6.858517e-01
    outer loop
      vertex 4.0155508910e-02 3.2655488061e-01 6.7551161119e-01
      vertex 0.0000000000e+00 3.2427324238e-01 6.7782043374e-01
      vertex 2.0285462905e-02 3.0494890732e-01 6.5505989565e-01
    endloop
  endfacet
  facet normal 0.000000e+00 -7.623048e-01 6.472182e-01
    outer loop
      vertex -2.0285462905e-02 3.0494890732e-01 6.5505989565e-01
      vertex 2.0285462905e-02 3.0494890732e-01 6.5505989565e-01
      vertex 0.0000000000e+00 3.2427324238e-01 6.7782043374e-01
    endloop
  endfacet
  facet normal -4.650712e-01 -8.838505e-01 5.017104e-02
    outer loop
      vertex -1.3143277803e-01 2.8733729791e-01 5.0000000000e-01
      vertex -1.0083883715e-01 2.7123914469e-01 5.0000000000e-01
      vertex -1.2111041052e-01 2.8376766603e-01 5.3280009470e-01
    endloop
  endfacet
  facet normal -3.386983e-01 -9.395655e-01 5.000027e-02
    outer loop
      vertex -6.8316632228e-02 2.5951541055e-01 5.0000000000e-01
      vertex -8.9557198372e-02 2.6892384985e-01 5.3291384284e-01
      vertex -1.0083883715e-01 2.7123914469e-01 5.0000000000e-01
    endloop
  endfacet
  facet normal -4.192398e-01 -8.897882e-01 1.803191e-01
    outer loop
      vertex -1.0847214114e-01 2.8433287990e-01 5.6497297825e-01
      vertex -1.2111041052e-01 2.8376766603e-01 5.3280009470e-01
      vertex -8.9557198372e-02 2.6892384985e-01 5.3291384284e-01
    endloop
  endfacet
  facet normal -4.244916e-01 -9.017047e-01 8.207030e-02
    outer loop
      vertex -1.0083883715e-01 2.7123914469e-01 5.0000000000e-01
      vertex -8.9557198372e-02 2.6892384985e-01 5.3291384284e-01
      vertex -1.2111041052e-01 2.8376766603e-01 5.3280009470e-01
    endloop
  endfacet
  facet normal -6.905681e-02 -9.963836e-01 4.950537e-02
    outer loop
      vertex 0.0000000000e+00 2.5000000000e-01 5.0000000000e-01
      vertex -2.0560616320e-02 2.5307791485e-01 5.3326777604e-01
      vertex -3.4488060532e-02 2.5239027951e-01 5.0000000000e-01
    endloop
  endfacet
  facet normal -1.504758e-01 -9.718501e-01 1.812856e-01
    outer loop
      vertex -4.0614962029e-02 2.6223587093e-01 5.6571638901e-01
      vertex -5.5029256868e-02 2.5840185065e-01 5.3319811921e-01
      vertex -2.0560616320e-02 2.5307791485e-01 5.3326777604e-01
    endloop
  endfacet
  facet normal -2.058489e-01 -9.773256e-01 4.960764e-02
    outer loop
      vertex -6.8316632228e-02 2.5951541055e-01 5.0000000000e-01
      vertex -3.4488060532e-02 2.5239027951e-01 5.0000000000e-01
      vertex -5.5029256868e-02 2.5840185065e-01 5.3319811921e-01
    endloop
  endfacet
  facet normal -1.522724e-01 -9.847537e-01 8.410292e-02
    outer loop
      vertex -2.0560616320e-02 2.5307791485e-01 5.3326777604e-01
      vertex -5.5029256868e-02 2.5840185065e-01 5.3319811921e-01
      vertex -3.4488060532e-02 2.5239027951e-01 5.0000000000e-01
    endloop
  endfacet
  facet normal -3.023772e-01 -8.521837e-01 4.270257e-01
    outer loop
      vertex -7.7254248594e-02 2.9774575141e-01 6.2500000000e-01
      vertex -9.3759641870e-02 2.8902213134e-01 5.9590343317e-01
      vertex -5.9669232580e-02 2.7724836895e-01 5.9654684640e-01
    endloop
  endfacet
  facet normal -3.648012e-01 -8.790876e-01 3.067980e-01
    outer loop
      vertex -1.0847214114e-01 2.8433287990e-01 5.6497297825e-01
      vertex -7.5314719773e-02 2.7093895620e-01 5.6602068766e-01
      vertex -9.3759641870e-02 2.8902213134e-01 5.9590343317e-01
    endloop
  endfacet
  facet normal -2.288929e-01 -9.233856e-01 3.081672e-01
    outer loop
      vertex -4.0614962029e-02 2.6223587093e-01 5.6571638901e-01
      vertex -5.9669232580e-02 2.7724836895e-01 5.9654684640e-01
      vertex -7.5314719773e-02 2.7093895620e-01 5.6602068766e-01
    endloop
  endfacet
  facet normal -3.124011e-01 -8.857887e-01 3.431966e-01
    outer loop
      vertex -9.3759641870e-02 2.8902213134e-01 5.9590343317e-01
      vertex -7.5314719773e-02 2.7093895620e-01 5.6602068766e-01
      vertex -5.9669232580e-02 2.7724836895e-01 5.9654684640e-01
    endloop
  endfacet
  facet normal -2.910970e-01 -9.529505e-01 8.454536e-02
    outer loop
      vertex -6.8316632228e-02 2.5951541055e-01 5.0000000000e-01
      vertex -5.5029256868e-02 2.5840185065e-01 5.3319811921e-01
      vertex -8.9557198372e-02 2.6892384985e-01 5.3291384284e-01
    endloop
  endfacet
  facet normal -2.357379e-01 -9.474616e-01 2.162041e-01
    outer loop
      vertex -4.0614962029e-02 2.6223587093e-01 5.6571638901e-01
      vertex -7.5314719773e-02 2.7093895620e-01 5.6602068766e-01
      vertex -5.5029256868e-02 2.5840185065e-01 5.3319811921e-01
    endloop
  endfacet
  facet normal -3.716277e-01 -9.031797e-01 2.148469e-01
    outer loop
      vertex -1.0847214114e-01 2.8433287990e-01 5.6497297825e-01
      vertex -8.9557198372e-02 2.6892384985e-01 5.3291384284e-01
      vertex -7.5314719773e-02 2.7093895620e-01 5.6602068766e-01
    endloop
  endfacet
  facet normal -2.880454e-01 -9.403266e-01 1.811510e-01
    outer loop
      vertex -5.5029256868e-02 2.5840185065e-01 5.3319811921e-01
      vertex -7.5314719773e-02 2.7093895620e-01 5.6602068766e-01
      vertex -8.9557198372e-02 2.6892384985e-01 5.3291384284e-01
    endloop
  endfacet
  facet normal 2.331714e-01 -8.516395e-01 4.694052e-01
    outer loop
      vertex 7.7254248594e-02 2.9774575141e-01 6.2500000000e-01
      vertex 3.9108616260e-02 2.8995552867e-01 6.2981462243e-01
      vertex 5.9669232580e-02 2.7724836895e-01 5.9654684640e-01
    endloop
  endfacet
  facet normal 7.836719e-02 -8.724736e-01 4.823363e-01
    outer loop
      vertex 0.0000000000e+00 2.8733729791e-01 6.3143277803e-01
      vertex 2.0580895008e-02 2.7175437677e-01 5.9990176293e-01
      vertex 3.9108616260e-02 2.8995552867e-01 6.2981462243e-01
    endloop
  endfacet
  facet normal 1.597927e-01 -9.227974e-01 3.505871e-01
    outer loop
      vertex 4.0614962029e-02 2.6223587093e-01 5.6571638901e-01
      vertex 5.9669232580e-02 2.7724836895e-01 5.9654684640e-01
      vertex 2.0580895008e-02 2.7175437677e-01 5.9990176293e-01
    endloop
  endfacet
  facet normal 1.618790e-01 -8.843585e-01 4.378416e-01
    outer loop
      vertex 3.9108616260e-02 2.8995552867e-01 6.2981462243e-01
      vertex 2.0580895008e-02 2.7175437677e-01 5.9990176293e-01
      vertex 5.9669232580e-02 2.7724836895e-01 5.9654684640e-01
    endloop
  endfacet
  facet normal -2.331714e-01 -8.516395e-01 4.694052e-01
    outer loop
      vertex -7.7254248594e-02 2.9774575141e-01 6.2500000000e-01
      vertex -5.9669232580e-02 2.7724836895e-01 5.9654684640e-01
      vertex -3.9108616260e-02 2.8995552867e-01 6.2981462243e-01
    endloop
  endfacet
  facet normal -1.597927e-01 -9.227974e-01 3.505871e-01
    outer loop
      vertex -4.0614962029e-02 2.6223587093e-01 5.6571638901e-01
      vertex -2.0580895008e-02 2.7175437677e-01 5.9990176293e-01
      vertex -5.9669232580e-02 2.7724836895e-01 5.9654684640e-01
    endloop
  endfacet
  facet normal -7.836719e-02 -8.724736e-01 4.823363e-01
    outer loop
      vertex 0.0000000000e+00 2.8733729791e-01 6.3143277803e-01
      vertex -3.9108616260e-02 2.8995552867e-01 6.2981462243e-01
      vertex -2.0580895008e-02 2.7175437677e-01 5.9990176293e-01
    endloop
  endfacet
  facet normal -1.618790e-01 -8.843585e-01 4.378416e-01
    outer loop
      vertex -5.9669232580e-02 2.7724836895e-01 5.9654684640e-01
      vertex -2.0580895008e-02 2.7175437677e-01 5.9990176293e-01
      vertex -3.9108616260e-02 2.8995552867e-01 6.2981462243e-01
    endloop
  endfacet
  facet normal 0.000000e+00 -9.957474e-01 9.212595e-02
    outer loop
      vertex 0.0000000000e+00 2.5000000000e-01 5.0000000000e-01
      vertex 2.0560616320e-02 2.5307791485e-01 5.3326777604e-01
      vertex -2.0560616320e-02 2.5307791485e-01 5.3326777604e-01
    endloop
  endfacet
  facet normal 8.142553e-02 -9.712310e-01 2.237863e-01
    outer loop
      vertex 4.0614962029e-02 2.6223587093e-01 5.6571638901e-01
      vertex 0.0000000000e+00 2.5903468413e-01 5.6660117528e-01
      vertex 2.0560616320e-02 2.5307791485e-01 5.3326777604e-01
    endloop
  endfacet
  facet normal -8.142553e-02 -9.712310e-01 2.237863e-01
    outer loop
      vertex -4.0614962029e-02 2.6223587093e-01 5.6571638901e-01
      vertex -2.0560616320e-02 2.5307791485e-01 5.3326777604e-01
      vertex 0.0000000000e+00 2.5903468413e-01 5.6660117528e-01
    endloop
  endfacet
  facet normal 0.000000e+00 -9.844052e-01 1.759159e-01
    outer loop
      vertex 2.0560616320e-02 2.5307791485e-01 5.3326777604e-01
      vertex 0.0000000000e+00 2.5903468413e-01 5.6660117528e-01
      vertex -2.0560616320e-02 2.5307791485e-01 5.3326777604e-01
    endloop
  endfacet
  facet normal 0.000000e+00 -8.964941e-01 4.430557e-01
    outer loop
      vertex 0.0000000000e+00 2.8733729791e-01 6.3143277803e-01
      vertex -2.0580895008e-02 2.7175437677e-01 5.9990176293e-01
      vertex 2.0580895008e-02 2.7175437677e-01 5.9990176293e-01
    endloop
  endfacet
  facet normal -8.140770e-02 -9.468068e-01 3.113353e-01
    outer loop
      vertex -4.0614962029e-02 2.6223587093e-01 5.6571638901e-01
      vertex 0.0000000000e+00 2.5903468413e-01 5.6660117528e-01
      vertex -2.0580895008e-02 2.7175437677e-01 5.9990176293e-01
    endloop
  endfacet
  facet normal 8.140770e-02 -9.468068e-01 3.113353e-01
    outer loop
      vertex 4.0614962029e-02 2.6223587093e-01 5.6571638901e-01
      vertex 2.0580895008e-02 2.7175437677e-01 5.9990176293e-01
      vertex 0.0000000000e+00 2.5903468413e-01 5.6660117528e-01
    endloop
  endfacet
  facet normal 0.000000e+00 -9.341724e-01 3.568221e-01
    outer loop
      vertex -2.0580895008e-02 2.7175437677e-01 5.9990176293e-01
      vertex 0.0000000000e+00 2.5903468413e-01 5.6660117528e-01
      vertex 2.0580895008e-02 2.7175437677e-01 5.9990176293e-01
    endloop
  endfacet
  facet normal 4.650712e-01 -8.838505e-01 -5.017104e-02
    outer loop
      vertex 1.3143277803e-01 2.8733729791e-01 5.0000000000e-01
      vertex 1.0083883715e-01 2.7123914469e-01 5.0000000000e-01
      vertex 1.2111041052e-01 2.8376766603e-01 4.6719990530e-01
    endloop
  endfacet
  facet normal 3.386983e-01 -9.395655e-01 -5.000027e-02
    outer loop
      vertex 6.8316632228e-02 2.5951541055e-01 5.0000000000e-01
      vertex 8.9557198372e-02 2.6892384985e-01 4.6708615716e-01
      vertex 1.0083883715e-01 2.7123914469e-01 5.0000000000e-01
    endloop
  endfacet
  facet normal 4.192398e-01 -8.897882e-01 -1.803191e-01
    outer loop
      vertex 1.0847214114e-01 2.8433287990e-01 4.3502702175e-01
      vertex 1.2111041052e-01 2.8376766603e-01 4.6719990530e-01
      vertex 8.9557198372e-02 2.6892384985e-01 4.6708615716e-01
    endloop
  endfacet
  facet normal 4.244916e-01 -9.017047e-01 -8.207030e-02
    outer loop
      vertex 1.0083883715e-01 2.7123914469e-01 5.0000000000e-01
      vertex 8.9557198372e-02 2.6892384985e-01 4.6708615716e-01
      vertex 1.2111041052e-01 2.8376766603e-01 4.6719990530e-01
    endloop
  endfacet
  facet normal 6.905681e-02 -9.963836e-01 -4.950537e-02
    outer loop
      vertex 0.0000000000e+00 2.5000000000e-01 5.0000000000e-01
      vertex 2.0560616320e-02 2.5307791485e-01 4.6673222396e-01
      vertex 3.4488060532e-02 2.5239027951e-01 5.0000000000e-01
    endloop
  endfacet
  facet normal 1.504758e-01 -9.718501e-01 -1.812856e-01
    outer loop
      vertex 4.0614962029e-02 2.6223587093e-01 4.3428361099e-01
      vertex 5.5029256868e-02 2.5840185065e-01 4.6680188079e-01
      vertex 2.0560616320e-02 2.5307791485e-01 4.6673222396e-01
    endloop
  endfacet
  facet normal 2.058489e-01 -9.773256e-01 -4.960764e-02
    outer loop
      vertex 6.8316632228e-02 2.5951541055e-01 5.0000000000e-01
      vertex 3.4488060532e-02 2.5239027951e-01 5.0000000000e-01
      vertex 5.5029256868e-02 2.5840185065e-01 4.6680188079e-01
    endloop
  endfacet
  facet normal 1.522724e-01 -9.847537e-01 -8.410292e-02
    outer loop
      vertex 2.0560616320e-02 2.5307791485e-01 4.6673222396e-01
      vertex 5.5029256868e-02 2.5840185065e-01 4.6680188079e-01
      vertex 3.4488060532e-02 2.5239027951e-01 5.0000000000e-01
    endloop
  endfacet
  facet normal 3.023772e-01 -8.521837e-01 -4.270257e-01
    outer loop
      vertex 7.7254248594e-02 2.9774575141e-01 3.7500000000e-01
      vertex 9.3759641870e-02 2.8902213134e-01 4.0409656683e-01
      vertex 5.9669232580e-02 2.7724836895e-01 4.0345315360e-01
    endloop
  endfacet
  facet normal 3.648012e-01 -8.790876e-01 -3.067980e-01
    outer loop
      vertex 1.0847214114e-01 2.8433287990e-01 4.3502702175e-01
      vertex 7.5314719773e-02 2.7093895620e-01 4.3397931234e-01
      vertex 9.3759641870e-02 2.8902213134e-01 4.0409656683e-01
    endloop
  endfacet
  facet normal 2.288929e-01 -9.233856e-01 -3.081672e-01
    outer loop
      vertex 4.0614962029e-02 2.6223587093e-01 4.3428361099e-01
      vertex 5.9669232580e-02 2.7724836895e-01 4.0345315360e-01
      vertex 7.5314719773e-02 2.7093895620e-01 4.3397931234e-01
    endloop
  endfacet
  facet normal 3.124011e-01 -8.857887e-01 -3.431966e-01
    outer loop
      vertex 9.3759641870e-02 2.8902213134e-01 4.0409656683e-01
      vertex 7.5314719773e-02 2.7093895620e-01 4.3397931234e-01
      vertex 5.9669232580e-02 2.7724836895e-01 4.0345315360e-01
    endloop
  endfacet
  facet normal 2.910970e-01 -9.529505e-01 -8.454536e-02
    outer loop
      vertex 6.8316632228e-02 2.5951541055e-01 5.0000000000e-01
      vertex 5.5029256868e-02 2.5840185065e-01 4.6680188079e-01
      vertex 8.9557198372e-02 2.6892384985e-01 4.6708615716e-01
    endloop
  endfacet
  facet normal 2.357379e-01 -9.474616e-01 -2.162041e-01
    outer loop
      vertex 4.0614962029e-02 2.6223587093e-01 4.3428361099e-01
      vertex 7.5314719773e-02 2.7093895620e-01 4.3397931234e-01
      vertex 5.5029256868e-02 2.5840185065e-01 4.6680188079e-01
    endloop
  endfacet
  facet normal 3.716277e-01 -9.031797e-01 -2.148469e-01
    outer loop
      vertex 1.0847214114e-01 2.8433287990e-01 4.3502702175e-01
      vertex 8.9557198372e-02 2.6892384985e-01 4.6708615716e-01
      vertex 7.5314719773e-02 2.7093895620e-01 4.3397931234e-01
    endloop
  endfacet
  facet normal 2.880454e-01 -9.403266e-01 -1.811510e-01
    outer loop
      vertex 5.5029256868e-02 2.5840185065e-01 4.6680188079e-01
      vertex 7.5314719773e-02 2.7093895620e-01 4.3397931234e-01
      vertex 8.9557198372e-02 2.6892384985e-01 4.6708615716e-01
    endloop
  endfacet
  facet normal -4.650712e-01 -8.838505e-01 -5.017104e-02
    outer loop
      vertex -1.3143277803e-01 2.8733729791e-01 5.0000000000e-01
      vertex -1.2111041052e-01 2.8376766603e-01 4.6719990530e-01
      vertex -1.0083883715e-01 2.7123914469e-01 5.0000000000e-01
    endloop
  endfacet
  facet normal -4.192398e-01 -8.897882e-01 -1.803191e-01
    outer loop
      vertex -1.0847214114e-01 2.8433287990e-01 4.3502702175e-01
      vertex -8.9557198372e-02 2.6892384985e-01 4.6708615716e-01
      vertex -1.2111041052e-01 2.8376766603e-01 4.6719990530e-01
    endloop
  endfacet
  facet normal -3.386983e-01 -9.395655e-01 -5.000027e-02
    outer loop
      vertex -6.8316632228e-02 2.5951541055e-01 5.0000000000e-01
      vertex -1.0083883715e-01 2.7123914469e-01 5.0000000000e-01
      vertex -8.9557198372e-02 2.6892384985e-01 4.6708615716e-01
    endloop
  endfacet
  facet normal -4.244916e-01 -9.017047e-01 -8.207030e-02
    outer loop
      vertex -1.2111041052e-01 2.8376766603e-01 4.6719990530e-01
      vertex -8.9557198372e-02 2.6892384985e-01 4.6708615716e-01
      vertex -1.0083883715e-01 2.7123914469e-01 5.0000000000e-01
    endloop
  endfacet
  facet normal -3.023772e-01 -8.521837e-01 -4.270257e-01
    outer loop
      vertex -7.7254248594e-02 2.9774575141e-01 3.7500000000e-01
      vertex -5.9669232580e-02 2.7724836895e-01 4.0345315360e-01
      vertex -9.3759641870e-02 2.8902213134e-01 4.0409656683e-01
    endloop
  endfacet
  facet normal -2.288929e-01 -9.233856e-01 -3.081672e-01
    outer loop
      vertex -4.0614962029e-02 2.6223587093e-01 4.3428361099e-01
      vertex -7.5314719773e-02 2.7093895620e-01 4.3397931234e-01
      vertex -5.9669232580e-02 2.7724836895e-01 4.0345315360e-01
    endloop
  endfacet
  facet normal -3.648012e-01 -8.790876e-01 -3.067980e-01
    outer loop
      vertex -1.0847214114e-01 2.8433287990e-01 4.3502702175e-01
      vertex -9.3759641870e-02 2.8902213134e-01 4.0409656683e-01
      vertex -7.5314719773e-02 2.7093895620e-01 4.3397931234e-01
    endloop
  endfacet
  facet normal -3.124011e-01 -8.857887e-01 -3.431966e-01
    outer loop
      vertex -5.9669232580e-02 2.7724836895e-01 4.0345315360e-01
      vertex -7.5314719773e-02 2.7093895620e-01 4.3397931234e-01
      vertex -9.3759641870e-02 2.8902213134e-01 4.0409656683e-01
    endloop
  endfacet
  facet normal -6.905681e-02 -9.963836e-01 -4.950537e-02
    outer loop
      vertex 0.0000000000e+00 2.5000000000e-01 5.0000000000e-01
      vertex -3.4488060532e-02 2.5239027951e-01 5.0000000000e-01
      vertex -2.0560616320e-02 2.5307791485e-01 4.6673222396e-01
    endloop
  endfacet
  facet normal -2.058489e-01 -9.773256e-01 -4.960764e-02
    outer loop
      vertex -6.8316632228e-02 2.5951541055e-01 5.0000000000e-01
      vertex -5.5029256868e-02 2.5840185065e-01 4.6680188079e-01
      vertex -3.4488060532e-02 2.5239027951e-01 5.0000000000e-01
    endloop
  endfacet
  facet normal -1.504758e-01 -9.718501e-01 -1.812856e-01
    outer loop
      vertex -4.0614962029e-02 2.6223587093e-01 4.3428361099e-01
      vertex -2.0560616320e-02 2.5307791485e-01 4.6673222396e-01
      vertex -5.5029256868e-02 2.5840185065e-01 4.6680188079e-01
    endloop
  endfacet
  facet normal -1.522724e-01 -9.847537e-01 -8.410292e-02
    outer loop
      vertex -3.4488060532e-02 2.5239027951e-01 5.0000000000e-01
      vertex -5.5029256868e-02 2.5840185065e-01 4.6680188079e-01
      vertex -2.0560616320e-02 2.5307791485e-01 4.6673222396e-01
    endloop
  endfacet
  facet normal -3.716277e-01 -9.031797e-01 -2.148469e-01
    outer loop
      vertex -1.0847214114e-01 2.8433287990e-01 4.3502702175e-01
      vertex -7.5314719773e-02 2.7093895620e-01 4.3397931234e-01
      vertex -8.9557198372e-02 2.6892384985e-01 4.6708615716e-01
    endloop
  endfacet
  facet normal -2.357379e-01 -9.474616e-01 -2.162041e-01
    outer loop
      vertex -4.0614962029e-02 2.6223587093e-01 4.3428361099e-01
      vertex -5.5029256868e-02 2.5840185065e-01 4.6680188079e-01
      vertex -7.5314719773e-02 2.7093895620e-01 4.3397931234e-01
    endloop
  endfacet
  facet normal -2.910970e-01 -9.529505e-01 -8.454536e-02
    outer loop
      vertex -6.8316632228e-02 2.5951541055e-01 5.0000000000e-01
      vertex -8.9557198372e-02 2.6892384985e-01 4.6708615716e-01
      vertex -5.5029256868e-02 2.5840185065e-01 4.6680188079e-01
    endloop
  endfacet
  facet normal -2.880454e-01 -9.403266e-01 -1.811510e-01
    outer loop
      vertex -7.5314719773e-02 2.7093895620e-01 4.3397931234e-01
      vertex -5.5029256868e-02 2.5840185065e-01 4.6680188079e-01
      vertex -8.9557198372e-02 2.6892384985e-01 4.6708615716e-01
    endloop
  endfacet
  facet normal 0.000000e+00 -5.964207e-01 -8.026720e-01
    outer loop
      vertex 0.0000000000e+00 3.6856722197e-01 2.8733729791e-01
      vertex 2.0271573361e-02 3.4608949478e-01 3.0403923940e-01
      vertex -2.0271573361e-02 3.4608949478e-01 3.0403923940e-01
    endloop
  endfacet
  facet normal 8.054149e-02 -6.804611e-01 -7.283445e-01
    outer loop
      vertex 4.0155508910e-02 3.2655488061e-01 3.2448838881e-01
      vertex 0.0000000000e+00 3.2427324238e-01 3.2217956626e-01
      vertex 2.0271573361e-02 3.4608949478e-01 3.0403923940e-01
    endloop
  endfacet
  facet normal -8.054149e-02 -6.804611e-01 -7.283445e-01
    outer loop
      vertex -4.0155508910e-02 3.2655488061e-01 3.2448838881e-01
      vertex -2.0271573361e-02 3.4608949478e-01 3.0403923940e-01
      vertex 0.0000000000e+00 3.2427324238e-01 3.2217956626e-01
    endloop
  endfacet
  facet normal -0.000000e+00 -6.393544e-01 -7.689122e-01
    outer loop
      vertex 2.0271573361e-02 3.4608949478e-01 3.0403923940e-01
      vertex 0.0000000000e+00 3.2427324238e-01 3.2217956626e-01
      vertex -2.0271573361e-02 3.4608949478e-01 3.0403923940e-01
    endloop
  endfacet
  facet normal 2.333204e-01 -8.095043e-01 -5.387620e-01
    outer loop
      vertex 7.7254248594e-02 2.9774575141e-01 3.7500000000e-01
      vertex 3.9108616260e-02 2.8995552867e-01 3.7018537757e-01
      vertex 5.9271581338e-02 3.1033692496e-01 3.4829371268e-01
    endloop
  endfacet
  facet normal 7.841715e-02 -8.303865e-01 -5.516422e-01
    outer loop
      vertex 0.0000000000e+00 2.8733729791e-01 3.6856722197e-01
      vertex 2.0285462905e-02 3.0494890732e-01 3.4494010435e-01
      vertex 3.9108616260e-02 2.8995552867e-01 3.7018537757e-01
    endloop
  endfacet
  facet normal 1.589524e-01 -7.518660e-01 -6.398684e-01
    outer loop
      vertex 4.0155508910e-02 3.2655488061e-01 3.2448838881e-01
      vertex 5.9271581338e-02 3.1033692496e-01 3.4829371268e-01
      vertex 2.0285462905e-02 3.0494890732e-01 3.4494010435e-01
    endloop
  endfacet
  facet normal 1.601287e-01 -7.916792e-01 -5.895786e-01
    outer loop
      vertex 3.9108616260e-02 2.8995552867e-01 3.7018537757e-01
      vertex 2.0285462905e-02 3.0494890732e-01 3.4494010435e-01
      vertex 5.9271581338e-02 3.1033692496e-01 3.4829371268e-01
    endloop
  endfacet
  facet normal -2.333204e-01 -8.095043e-01 -5.387620e-01
    outer loop
      vertex -7.7254248594e-02 2.9774575141e-01 3.7500000000e-01
      vertex -5.9271581338e-02 3.1033692496e-01 3.4829371268e-01
      vertex -3.9108616260e-02 2.8995552867e-01 3.7018537757e-01
    endloop
  endfacet
  facet normal -1.589524e-01 -7.518660e-01 -6.398684e-01
    outer loop
      vertex -4.0155508910e-02 3.2655488061e-01 3.2448838881e-01
      vertex -2.0285462905e-02 3.0494890732e-01 3.4494010435e-01
      vertex -5.9271581338e-02 3.1033692496e-01 3.4829371268e-01
    endloop
  endfacet
  facet normal -7.841715e-02 -8.303865e-01 -5.516422e-01
    outer loop
      vertex 0.0000000000e+00 2.8733729791e-01 3.6856722197e-01
      vertex -3.9108616260e-02 2.8995552867e-01 3.7018537757e-01
      vertex -2.0285462905e-02 3.0494890732e-01 3.4494010435e-01
    endloop
  endfacet
  facet normal -1.601287e-01 -7.916792e-01 -5.895786e-01
    outer loop
      vertex -5.9271581338e-02 3.1033692496e-01 3.4829371268e-01
      vertex -2.0285462905e-02 3.0494890732e-01 3.4494010435e-01
      vertex -3.9108616260e-02 2.8995552867e-01 3.7018537757e-01
    endloop
  endfacet
  facet normal 8.053079e-02 -7.232719e-01 -6.858517e-01
    outer loop
      vertex 4.0155508910e-02 3.2655488061e-01 3.2448838881e-01
      vertex 2.0285462905e-02 3.0494890732e-01 3.4494010435e-01
      vertex 0.0000000000e+00 3.2427324238e-01 3.2217956626e-01
    endloop
  endfacet
  facet normal 0.000000e+00 -8.017675e-01 -5.976360e-01
    outer loop
      vertex 0.0000000000e+00 2.8733729791e-01 3.6856722197e-01
      vertex -2.0285462905e-02 3.0494890732e-01 3.4494010435e-01
      vertex 2.0285462905e-02 3.0494890732e-01 3.4494010435e-01
    endloop
  endfacet
  facet normal -8.053079e-02 -7.232719e-01 -6.858517e-01
    outer loop
      vertex -4.0155508910e-02 3.2655488061e-01 3.2448838881e-01
      vertex 0.0000000000e+00 3.2427324238e-01 3.2217956626e-01
      vertex -2.0285462905e-02 3.0494890732e-01 3.4494010435e-01
    endloop
  endfacet
  facet normal -0.000000e+00 -7.623048e-01 -6.472182e-01
    outer loop
      vertex 2.0285462905e-02 3.0494890732e-01 3.4494010435e-01
      vertex -2.0285462905e-02 3.0494890732e-01 3.4494010435e-01
      vertex 0.0000000000e+00 3.2427324238e-01 3.2217956626e-01
    endloop
  endfacet
  facet normal 0.000000e+00 -9.957474e-01 -9.212595e-02
    outer loop
      vertex 0.0000000000e+00 2.5000000000e-01 5.0000000000e-01
      vertex -2.0560616320e-02 2.5307791485e-01 4.6673222396e-01
      vertex 2.0560616320e-02 2.5307791485e-01 4.6673222396e-01
    endloop
  endfacet
  facet normal -8.142553e-02 -9.712310e-01 -2.237863e-01
    outer loop
      vertex -4.0614962029e-02 2.6223587093e-01 4.3428361099e-01
      vertex 0.0000000000e+00 2.5903468413e-01 4.3339882472e-01
      vertex -2.0560616320e-02 2.5307791485e-01 4.6673222396e-01
    endloop
  endfacet
  facet normal 8.142553e-02 -9.712310e-01 -2.237863e-01
    outer loop
      vertex 4.0614962029e-02 2.6223587093e-01 4.3428361099e-01
      vertex 2.0560616320e-02 2.5307791485e-01 4.6673222396e-01
      vertex 0.0000000000e+00 2.5903468413e-01 4.3339882472e-01
    endloop
  endfacet
  facet normal 0.000000e+00 -9.844052e-01 -1.759159e-01
    outer loop
      vertex -2.0560616320e-02 2.5307791485e-01 4.6673222396e-01
      vertex 0.0000000000e+00 2.5903468413e-01 4.3339882472e-01
      vertex 2.0560616320e-02 2.5307791485e-01 4.6673222396e-01
    endloop
  endfacet
  facet normal -2.331714e-01 -8.516395e-01 -4.694052e-01
    outer loop
      vertex -7.7254248594e-02 2.9774575141e-01 3.7500000000e-01
      vertex -3.9108616260e-02 2.8995552867e-01 3.7018537757e-01
      vertex -5.9669232580e-02 2.7724836895e-01 4.0345315360e-01
    endloop
  endfacet
  facet normal -7.836719e-02 -8.724736e-01 -4.823363e-01
    outer loop
      vertex 0.0000000000e+00 2.8733729791e-01 3.6856722197e-01
      vertex -2.0580895008e-02 2.7175437677e-01 4.0009823707e-01
      vertex -3.9108616260e-02 2.8995552867e-01 3.7018537757e-01
    endloop
  endfacet
  facet normal -1.597927e-01 -9.227974e-01 -3.505871e-01
    outer loop
      vertex -4.0614962029e-02 2.6223587093e-01 4.3428361099e-01
      vertex -5.9669232580e-02 2.7724836895e-01 4.0345315360e-01
      vertex -2.0580895008e-02 2.7175437677e-01 4.0009823707e-01
    endloop
  endfacet
  facet normal -1.618790e-01 -8.843585e-01 -4.378416e-01
    outer loop
      vertex -3.9108616260e-02 2.8995552867e-01 3.7018537757e-01
      vertex -2.0580895008e-02 2.7175437677e-01 4.0009823707e-01
      vertex -5.9669232580e-02 2.7724836895e-01 4.0345315360e-01
    endloop
  endfacet
  facet normal 2.331714e-01 -8.516395e-01 -4.694052e-01
    outer loop
      vertex 7.7254248594e-02 2.9774575141e-01 3.7500000000e-01
      vertex 5.9669232580e-02 2.7724836895e-01 4.0345315360e-01
      vertex 3.9108616260e-02 2.8995552867e-01 3.7018537757e-01
    endloop
  endfacet
  facet normal 1.597927e-01 -9.227974e-01 -3.505871e-01
    outer loop
      vertex 4.0614962029e-02 2.6223587093e-01 4.3428361099e-01
      vertex 2.0580895008e-02 2.7175437677e-01 4.0009823707e-01
      vertex 5.9669232580e-02 2.7724836895e-01 4.0345315360e-01
    endloop
  endfacet
  facet normal 7.836719e-02 -8.724736e-01 -4.823363e-01
    outer loop
      vertex 0.0000000000e+00 2.8733729791e-01 3.6856722197e-01
      vertex 3.9108616260e-02 2.8995552867e-01 3.7018537757e-01
      vertex 2.0580895008e-02 2.7175437677e-01 4.0009823707e-01
    endloop
  endfacet
  facet normal 1.618790e-01 -8.843585e-01 -4.378416e-01
    outer loop
      vertex 5.9669232580e-02 2.7724836895e-01 4.0345315360e-01
      vertex 2.0580895008e-02 2.7175437677e-01 4.0009823707e-01
      vertex 3.9108616260e-02 2.8995552867e-01 3.7018537757e-01
    endloop
  endfacet
  facet normal -8.140770e-02 -9.468068e-01 -3.113353e-01
    outer loop
      vertex -4.0614962029e-02 2.6223587093e-01 4.3428361099e-01
      vertex -2.0580895008e-02 2.7175437677e-01 4.0009823707e-01
      vertex 0.0000000000e+00 2.5903468413e-01 4.3339882472e-01
    endloop
  endfacet
  facet normal 0.000000e+00 -8.964941e-01 -4.430557e-01
    outer loop
      vertex 0.0000000000e+00 2.8733729791e-01 3.6856722197e-01
      vertex 2.0580895008e-02 2.7175437677e-01 4.0009823707e-01
      vertex -2.0580895008e-02 2.7175437677e-01 4.0009823707e-01
    endloop
  endfacet
  facet normal 8.140770e-02 -9.468068e-01 -3.113353e-01
    outer loop
      vertex 4.0614962029e-02 2.6223587093e-01 4.3428361099e-01
      vertex 0.0000000000e+00 2.5903468413e-01 4.3339882472e-01
      vertex 2.0580895008e-02 2.7175437677e-01 4.0009823707e-01
    endloop
  endfacet
  facet normal 0.000000e+00 -9.341724e-01 -3.568221e-01
    outer loop
      vertex -2.0580895008e-02 2.7175437677e-01 4.0009823707e-01
      vertex 2.0580895008e-02 2.7175437677e-01 4.0009823707e-01
      vertex 0.0000000000e+00 2.5903468413e-01 4.3339882472e-01
    endloop
  endfacet
  facet normal 5.462496e-01 -8.336794e-01 -8.117845e-02
    outer loop
      vertex 1.3143277803e-01 2.8733729791e-01 5.0000000000e-01
      vertex 1.2111041052e-01 2.8376766603e-01 4.6719990530e-01
      vertex 1.5391050522e-01 3.0403923940e-01 4.7972842664e-01
    endloop
  endfacet
  facet normal 5.001420e-01 -8.397879e-01 -2.112210e-01
    outer loop
      vertex 1.0847214114e-01 2.8433287990e-01 4.3502702175e-01
      vertex 1.4281291478e-01 3.0183769269e-01 4.4674428359e-01
      vertex 1.2111041052e-01 2.8376766603e-01 4.6719990530e-01
    endloop
  endfacet
  facet normal 6.304608e-01 -7.592464e-01 -1.614436e-01
    outer loop
      vertex 1.7344511939e-01 3.2448838881e-01 4.5984449109e-01
      vertex 1.5391050522e-01 3.0403923940e-01 4.7972842664e-01
      vertex 1.4281291478e-01 3.0183769269e-01 4.4674428359e-01
    endloop
  endfacet
  facet normal 5.572841e-01 -8.196344e-01 -1.327925e-01
    outer loop
      vertex 1.2111041052e-01 2.8376766603e-01 4.6719990530e-01
      vertex 1.4281291478e-01 3.0183769269e-01 4.4674428359e-01
      vertex 1.5391050522e-01 3.0403923940e-01 4.7972842664e-01
    endloop
  endfacet
  facet normal 3.824786e-01 -8.026783e-01 -4.576217e-01
    outer loop
      vertex 7.7254248594e-02 2.9774575141e-01 3.7500000000e-01
      vertex 1.1349762493e-01 3.1051614499e-01 3.8289253728e-01
      vertex 9.3759641870e-02 2.8902213134e-01 4.0409656683e-01
    endloop
  endfacet
  facet normal 5.222192e-01 -7.421000e-01 -4.202079e-01
    outer loop
      vertex 1.4694631307e-01 3.2795225994e-01 3.9366864896e-01
      vertex 1.2903040501e-01 3.0413707541e-01 4.1346174630e-01
      vertex 1.1349762493e-01 3.1051614499e-01 3.8289253728e-01
    endloop
  endfacet
  facet normal 4.450681e-01 -8.294800e-01 -3.374572e-01
    outer loop
      vertex 1.0847214114e-01 2.8433287990e-01 4.3502702175e-01
      vertex 9.3759641870e-02 2.8902213134e-01 4.0409656683e-01
      vertex 1.2903040501e-01 3.0413707541e-01 4.1346174630e-01
    endloop
  endfacet
  facet normal 4.484825e-01 -8.016858e-01 -3.951751e-01
    outer loop
      vertex 1.1349762493e-01 3.1051614499e-01 3.8289253728e-01
      vertex 1.2903040501e-01 3.0413707541e-01 4.1346174630e-01
      vertex 9.3759641870e-02 2.8902213134e-01 4.0409656683e-01
    endloop
  endfacet
  facet normal 7.599989e-01 -5.693580e-01 -3.134218e-01
    outer loop
      vertex 2.0225424859e-01 3.7500000000e-01 4.2274575141e-01
      vertex 1.8966307504e-01 3.4829371268e-01 4.4072841866e-01
      vertex 1.7677669530e-01 3.4962476125e-01 4.0706299138e-01
    endloop
  endfacet
  facet normal 7.022584e-01 -6.705276e-01 -2.392192e-01
    outer loop
      vertex 1.7344511939e-01 3.2448838881e-01 4.5984449109e-01
      vertex 1.6185297347e-01 3.2442253831e-01 4.2599885186e-01
      vertex 1.8966307504e-01 3.4829371268e-01 4.4072841866e-01
    endloop
  endfacet
  facet normal 6.491008e-01 -6.636828e-01 -3.717435e-01
    outer loop
      vertex 1.4694631307e-01 3.2795225994e-01 3.9366864896e-01
      vertex 1.7677669530e-01 3.4962476125e-01 4.0706299138e-01
      vertex 1.6185297347e-01 3.2442253831e-01 4.2599885186e-01
    endloop
  endfacet
  facet normal 7.075762e-01 -6.415571e-01 -2.962101e-01
    outer loop
      vertex 1.8966307504e-01 3.4829371268e-01 4.4072841866e-01
      vertex 1.6185297347e-01 3.2442253831e-01 4.2599885186e-01
      vertex 1.7677669530e-01 3.4962476125e-01 4.0706299138e-01
    endloop
  endfacet
  facet normal 5.084250e-01 -8.186344e-01 -2.670988e-01
    outer loop
      vertex 1.0847214114e-01 2.8433287990e-01 4.3502702175e-01
      vertex 1.2903040501e-01 3.0413707541e-01 4.1346174630e-01
      vertex 1.4281291478e-01 3.0183769269e-01 4.4674428359e-01
    endloop
  endfacet
  facet normal 5.855635e-01 -7.312575e-01 -3.498255e-01
    outer loop
      vertex 1.4694631307e-01 3.2795225994e-01 3.9366864896e-01
      vertex 1.6185297347e-01 3.2442253831e-01 4.2599885186e-01
      vertex 1.2903040501e-01 3.0413707541e-01 4.1346174630e-01
    endloop
  endfacet
  facet normal 6.387266e-01 -7.381036e-01 -2.173281e-01
    outer loop
      vertex 1.7344511939e-01 3.2448838881e-01 4.5984449109e-01
      vertex 1.4281291478e-01 3.0183769269e-01 4.4674428359e-01
      vertex 1.6185297347e-01 3.2442253831e-01 4.2599885186e-01
    endloop
  endfacet
  facet normal 5.811538e-01 -7.591756e-01 -2.931085e-01
    outer loop
      vertex 1.2903040501e-01 3.0413707541e-01 4.1346174630e-01
      vertex 1.6185297347e-01 3.2442253831e-01 4.2599885186e-01
      vertex 1.4281291478e-01 3.0183769269e-01 4.4674428359e-01
    endloop
  endfacet
  facet normal 8.117845e-02 -5.462496e-01 -8.336794e-01
    outer loop
      vertex 0.0000000000e+00 3.6856722197e-01 2.8733729791e-01
      vertex 3.2800094703e-02 3.7888958948e-01 2.8376766603e-01
      vertex 2.0271573361e-02 3.4608949478e-01 3.0403923940e-01
    endloop
  endfacet
  facet normal 2.112210e-01 -5.001420e-01 -8.397879e-01
    outer loop
      vertex 6.4972978252e-02 3.9152785886e-01 2.8433287990e-01
      vertex 5.3255716412e-02 3.5718708522e-01 3.0183769269e-01
      vertex 3.2800094703e-02 3.7888958948e-01 2.8376766603e-01
    endloop
  endfacet
  facet normal 1.614436e-01 -6.304608e-01 -7.592464e-01
    outer loop
      vertex 4.0155508910e-02 3.2655488061e-01 3.2448838881e-01
      vertex 2.0271573361e-02 3.4608949478e-01 3.0403923940e-01
      vertex 5.3255716412e-02 3.5718708522e-01 3.0183769269e-01
    endloop
  endfacet
  facet normal 1.327925e-01 -5.572841e-01 -8.196344e-01
    outer loop
      vertex 3.2800094703e-02 3.7888958948e-01 2.8376766603e-01
      vertex 5.3255716412e-02 3.5718708522e-01 3.0183769269e-01
      vertex 2.0271573361e-02 3.4608949478e-01 3.0403923940e-01
    endloop
  endfacet
  facet normal 4.576217e-01 -3.824786e-01 -8.026783e-01
    outer loop
      vertex 1.2500000000e-01 4.2274575141e-01 2.9774575141e-01
      vertex 1.1710746272e-01 3.8650237507e-01 3.1051614499e-01
      vertex 9.5903433171e-02 4.0624035813e-01 2.8902213134e-01
    endloop
  endfacet
  facet normal 4.202079e-01 -5.222192e-01 -7.421000e-01
    outer loop
      vertex 1.0633135104e-01 3.5305368693e-01 3.2795225994e-01
      vertex 8.6538253697e-02 3.7096959499e-01 3.0413707541e-01
      vertex 1.1710746272e-01 3.8650237507e-01 3.1051614499e-01
    endloop
  endfacet
  facet normal 3.374572e-01 -4.450681e-01 -8.294800e-01
    outer loop
      vertex 6.4972978252e-02 3.9152785886e-01 2.8433287990e-01
      vertex 9.5903433171e-02 4.0624035813e-01 2.8902213134e-01
      vertex 8.6538253697e-02 3.7096959499e-01 3.0413707541e-01
    endloop
  endfacet
  facet normal 3.951751e-01 -4.484825e-01 -8.016858e-01
    outer loop
      vertex 1.1710746272e-01 3.8650237507e-01 3.1051614499e-01
      vertex 8.6538253697e-02 3.7096959499e-01 3.0413707541e-01
      vertex 9.5903433171e-02 4.0624035813e-01 2.8902213134e-01
    endloop
  endfacet
  facet normal 3.134218e-01 -7.599989e-01 -5.693580e-01
    outer loop
      vertex 7.7254248594e-02 2.9774575141e-01 3.7500000000e-01
      vertex 5.9271581338e-02 3.1033692496e-01 3.4829371268e-01
      vertex 9.2937008615e-02 3.2322330470e-01 3.4962476125e-01
    endloop
  endfacet
  facet normal 2.392192e-01 -7.022584e-01 -6.705276e-01
    outer loop
      vertex 4.0155508910e-02 3.2655488061e-01 3.2448838881e-01
      vertex 7.4001148144e-02 3.3814702653e-01 3.2442253831e-01
      vertex 5.9271581338e-02 3.1033692496e-01 3.4829371268e-01
    endloop
  endfacet
  facet normal 3.717435e-01 -6.491008e-01 -6.636828e-01
    outer loop
      vertex 1.0633135104e-01 3.5305368693e-01 3.2795225994e-01
      vertex 9.2937008615e-02 3.2322330470e-01 3.4962476125e-01
      vertex 7.4001148144e-02 3.3814702653e-01 3.2442253831e-01
    endloop
  endfacet
  facet normal 2.962101e-01 -7.075762e-01 -6.415571e-01
    outer loop
      vertex 5.9271581338e-02 3.1033692496e-01 3.4829371268e-01
      vertex 7.4001148144e-02 3.3814702653e-01 3.2442253831e-01
      vertex 9.2937008615e-02 3.2322330470e-01 3.4962476125e-01
    endloop
  endfacet
  facet normal 2.670988e-01 -5.084250e-01 -8.186344e-01
    outer loop
      vertex 6.4972978252e-02 3.9152785886e-01 2.8433287990e-01
      vertex 8.6538253697e-02 3.7096959499e-01 3.0413707541e-01
      vertex 5.3255716412e-02 3.5718708522e-01 3.0183769269e-01
    endloop
  endfacet
  facet normal 3.498255e-01 -5.855635e-01 -7.312575e-01
    outer loop
      vertex 1.0633135104e-01 3.5305368693e-01 3.2795225994e-01
      vertex 7.4001148144e-02 3.3814702653e-01 3.2442253831e-01
      vertex 8.6538253697e-02 3.7096959499e-01 3.0413707541e-01
    endloop
  endfacet
  facet normal 2.173281e-01 -6.387266e-01 -7.381036e-01
    outer loop
      vertex 4.0155508910e-02 3.2655488061e-01 3.2448838881e-01
      vertex 5.3255716412e-02 3.5718708522e-01 3.0183769269e-01
      vertex 7.4001148144e-02 3.3814702653e-01 3.2442253831e-01
    endloop
  endfacet
  facet normal 2.931085e-01 -5.811538e-01 -7.591756e-01
    outer loop
      vertex 8.6538253697e-02 3.7096959499e-01 3.0413707541e-01
      vertex 7.4001148144e-02 3.3814702653e-01 3.2442253831e-01
      vertex 5.3255716412e-02 3.5718708522e-01 3.0183769269e-01
    endloop
  endfacet
  facet normal 8.336794e-01 -8.117845e-02 -5.462496e-01
    outer loop
      vertex 2.1266270209e-01 5.0000000000e-01 3.6856722197e-01
      vertex 2.1623233397e-01 4.6719990530e-01 3.7888958948e-01
      vertex 1.9596076060e-01 4.7972842664e-01 3.4608949478e-01
    endloop
  endfacet
  facet normal 8.397879e-01 -2.112210e-01 -5.001420e-01
    outer loop
      vertex 2.1566712010e-01 4.3502702175e-01 3.9152785886e-01
      vertex 1.9816230731e-01 4.4674428359e-01 3.5718708522e-01
      vertex 2.1623233397e-01 4.6719990530e-01 3.7888958948e-01
    endloop
  endfacet
  facet normal 7.592464e-01 -1.614436e-01 -6.304608e-01
    outer loop
      vertex 1.7551161119e-01 4.5984449109e-01 3.2655488061e-01
      vertex 1.9596076060e-01 4.7972842664e-01 3.4608949478e-01
      vertex 1.9816230731e-01 4.4674428359e-01 3.5718708522e-01
    endloop
  endfacet
  facet normal 8.196344e-01 -1.327925e-01 -5.572841e-01
    outer loop
      vertex 2.1623233397e-01 4.6719990530e-01 3.7888958948e-01
      vertex 1.9816230731e-01 4.4674428359e-01 3.5718708522e-01
      vertex 1.9596076060e-01 4.7972842664e-01 3.4608949478e-01
    endloop
  endfacet
  facet normal 8.026783e-01 -4.576217e-01 -3.824786e-01
    outer loop
      vertex 2.0225424859e-01 3.7500000000e-01 4.2274575141e-01
      vertex 1.8948385501e-01 3.8289253728e-01 3.8650237507e-01
      vertex 2.1097786866e-01 4.0409656683e-01 4.0624035813e-01
    endloop
  endfacet
  facet normal 7.421000e-01 -4.202079e-01 -5.222192e-01
    outer loop
      vertex 1.7204774006e-01 3.9366864896e-01 3.5305368693e-01
      vertex 1.9586292459e-01 4.1346174630e-01 3.7096959499e-01
      vertex 1.8948385501e-01 3.8289253728e-01 3.8650237507e-01
    endloop
  endfacet
  facet normal 8.294800e-01 -3.374572e-01 -4.450681e-01
    outer loop
      vertex 2.1566712010e-01 4.3502702175e-01 3.9152785886e-01
      vertex 2.1097786866e-01 4.0409656683e-01 4.0624035813e-01
      vertex 1.9586292459e-01 4.1346174630e-01 3.7096959499e-01
    endloop
  endfacet
  facet normal 8.016858e-01 -3.951751e-01 -4.484825e-01
    outer loop
      vertex 1.8948385501e-01 3.8289253728e-01 3.8650237507e-01
      vertex 1.9586292459e-01 4.1346174630e-01 3.7096959499e-01
      vertex 2.1097786866e-01 4.0409656683e-01 4.0624035813e-01
    endloop
  endfacet
  facet normal 5.693580e-01 -3.134218e-01 -7.599989e-01
    outer loop
      vertex 1.2500000000e-01 4.2274575141e-01 2.9774575141e-01
      vertex 1.5170628732e-01 4.4072841866e-01 3.1033692496e-01
      vertex 1.5037523875e-01 4.0706299138e-01 3.2322330470e-01
    endloop
  endfacet
  facet normal 6.705276e-01 -2.392192e-01 -7.022584e-01
    outer loop
      vertex 1.7551161119e-01 4.5984449109e-01 3.2655488061e-01
      vertex 1.7557746169e-01 4.2599885186e-01 3.3814702653e-01
      vertex 1.5170628732e-01 4.4072841866e-01 3.1033692496e-01
    endloop
  endfacet
  facet normal 6.636828e-01 -3.717435e-01 -6.491008e-01
    outer loop
      vertex 1.7204774006e-01 3.9366864896e-01 3.5305368693e-01
      vertex 1.5037523875e-01 4.0706299138e-01 3.2322330470e-01
      vertex 1.7557746169e-01 4.2599885186e-01 3.3814702653e-01
    endloop
  endfacet
  facet normal 6.415571e-01 -2.962101e-01 -7.075762e-01
    outer loop
      vertex 1.5170628732e-01 4.4072841866e-01 3.1033692496e-01
      vertex 1.7557746169e-01 4.2599885186e-01 3.3814702653e-01
      vertex 1.5037523875e-01 4.0706299138e-01 3.2322330470e-01
    endloop
  endfacet
  facet normal 8.186344e-01 -2.670988e-01 -5.084250e-01
    outer loop
      vertex 2.1566712010e-01 4.3502702175e-01 3.9152785886e-01
      vertex 1.9586292459e-01 4.1346174630e-01 3.7096959499e-01
      vertex 1.9816230731e-01 4.4674428359e-01 3.5718708522e-01
    endloop
  endfacet
  facet normal 7.312575e-01 -3.498255e-01 -5.855635e-01
    outer loop
      vertex 1.7204774006e-01 3.9366864896e-01 3.5305368693e-01
      vertex 1.7557746169e-01 4.2599885186e-01 3.3814702653e-01
      vertex 1.9586292459e-01 4.1346174630e-01 3.7096959499e-01
    endloop
  endfacet
  facet normal 7.381036e-01 -2.173281e-01 -6.387266e-01
    outer loop
      vertex 1.7551161119e-01 4.5984449109e-01 3.2655488061e-01
      vertex 1.9816230731e-01 4.4674428359e-01 3.5718708522e-01
      vertex 1.7557746169e-01 4.2599885186e-01 3.3814702653e-01
    endloop
  endfacet
  facet normal 7.591756e-01 -2.931085e-01 -5.811538e-01
    outer loop
      vertex 1.9586292459e-01 4.1346174630e-01 3.7096959499e-01
      vertex 1.7557746169e-01 4.2599885186e-01 3.3814702653e-01
      vertex 1.9816230731e-01 4.4674428359e-01 3.5718708522e-01
    endloop
  endfacet
  facet normal 3.822343e-01 -7.595136e-01 -5.263422e-01
    outer loop
      vertex 7.7254248594e-02 2.9774575141e-01 3.7500000000e-01
      vertex 9.2937008615e-02 3.2322330470e-01 3.4962476125e-01
      vertex 1.1349762493e-01 3.1051614499e-01 3.8289253728e-01
    endloop
  endfacet
  facet normal 4.404610e-01 -6.486873e-01 -6.206439e-01
    outer loop
      vertex 1.0633135104e-01 3.5305368693e-01 3.2795225994e-01
      vertex 1.2834386031e-01 3.3835555205e-01 3.5893644706e-01
      vertex 9.2937008615e-02 3.2322330470e-01 3.4962476125e-01
    endloop
  endfacet
  facet normal 5.218865e-01 -6.990111e-01 -4.888946e-01
    outer loop
      vertex 1.4694631307e-01 3.2795225994e-01 3.9366864896e-01
      vertex 1.1349762493e-01 3.1051614499e-01 3.8289253728e-01
      vertex 1.2834386031e-01 3.3835555205e-01 3.5893644706e-01
    endloop
  endfacet
  facet normal 4.465169e-01 -7.084426e-01 -5.465636e-01
    outer loop
      vertex 9.2937008615e-02 3.2322330470e-01 3.4962476125e-01
      vertex 1.2834386031e-01 3.3835555205e-01 3.5893644706e-01
      vertex 1.1349762493e-01 3.1051614499e-01 3.8289253728e-01
    endloop
  endfacet
  facet normal 5.263422e-01 -3.822343e-01 -7.595136e-01
    outer loop
      vertex 1.2500000000e-01 4.2274575141e-01 2.9774575141e-01
      vertex 1.5037523875e-01 4.0706299138e-01 3.2322330470e-01
      vertex 1.1710746272e-01 3.8650237507e-01 3.1051614499e-01
    endloop
  endfacet
  facet normal 6.206439e-01 -4.404610e-01 -6.486873e-01
    outer loop
      vertex 1.7204774006e-01 3.9366864896e-01 3.5305368693e-01
      vertex 1.4106355294e-01 3.7165613969e-01 3.3835555205e-01
      vertex 1.5037523875e-01 4.0706299138e-01 3.2322330470e-01
    endloop
  endfacet
  facet normal 4.888946e-01 -5.218865e-01 -6.990111e-01
    outer loop
      vertex 1.0633135104e-01 3.5305368693e-01 3.2795225994e-01
      vertex 1.1710746272e-01 3.8650237507e-01 3.1051614499e-01
      vertex 1.4106355294e-01 3.7165613969e-01 3.3835555205e-01
    endloop
  endfacet
  facet normal 5.465636e-01 -4.465169e-01 -7.084426e-01
    outer loop
      vertex 1.5037523875e-01 4.0706299138e-01 3.2322330470e-01
      vertex 1.4106355294e-01 3.7165613969e-01 3.3835555205e-01
      vertex 1.1710746272e-01 3.8650237507e-01 3.1051614499e-01
    endloop
  endfacet
  facet normal 7.595136e-01 -5.263422e-01 -3.822343e-01
    outer loop
      vertex 2.0225424859e-01 3.7500000000e-01 4.2274575141e-01
      vertex 1.7677669530e-01 3.4962476125e-01 4.0706299138e-01
      vertex 1.8948385501e-01 3.8289253728e-01 3.8650237507e-01
    endloop
  endfacet
  facet normal 6.486873e-01 -6.206439e-01 -4.404610e-01
    outer loop
      vertex 1.4694631307e-01 3.2795225994e-01 3.9366864896e-01
      vertex 1.6164444795e-01 3.5893644706e-01 3.7165613969e-01
      vertex 1.7677669530e-01 3.4962476125e-01 4.0706299138e-01
    endloop
  endfacet
  facet normal 6.990111e-01 -4.888946e-01 -5.218865e-01
    outer loop
      vertex 1.7204774006e-01 3.9366864896e-01 3.5305368693e-01
      vertex 1.8948385501e-01 3.8289253728e-01 3.8650237507e-01
      vertex 1.6164444795e-01 3.5893644706e-01 3.7165613969e-01
    endloop
  endfacet
  facet normal 7.084426e-01 -5.465636e-01 -4.465169e-01
    outer loop
      vertex 1.7677669530e-01 3.4962476125e-01 4.0706299138e-01
      vertex 1.6164444795e-01 3.5893644706e-01 3.7165613969e-01
      vertex 1.8948385501e-01 3.8289253728e-01 3.8650237507e-01
    endloop
  endfacet
  facet normal 5.037511e-01 -5.851588e-01 -6.354715e-01
    outer loop
      vertex 1.0633135104e-01 3.5305368693e-01 3.2795225994e-01
      vertex 1.4106355294e-01 3.7165613969e-01 3.3835555205e-01
      vertex 1.2834386031e-01 3.3835555205e-01 3.5893644706e-01
    endloop
  endfacet
  facet normal 6.354715e-01 -5.037511e-01 -5.851588e-01
    outer loop
      vertex 1.7204774006e-01 3.9366864896e-01 3.5305368693e-01
      vertex 1.6164444795e-01 3.5893644706e-01 3.7165613969e-01
      vertex 1.4106355294e-01 3.7165613969e-01 3.3835555205e-01
    endloop
  endfacet
  facet normal 5.851588e-01 -6.354715e-01 -5.037511e-01
    outer loop
      vertex 1.4694631307e-01 3.2795225994e-01 3.9366864896e-01
      vertex 1.2834386031e-01 3.3835555205e-01 3.5893644706e-01
      vertex 1.6164444795e-01 3.5893644706e-01 3.7165613969e-01
    endloop
  endfacet
  facet normal 5.773503e-01 -5.773503e-01 -5.773503e-01
    outer loop
      vertex 1.4106355294e-01 3.7165613969e-01 3.3835555205e-01
      vertex 1.6164444795e-01 3.5893644706e-01 3.7165613969e-01
      vertex 1.2834386031e-01 3.3835555205e-01 3.5893644706e-01
    endloop
  endfacet
  facet normal 5.964207e-01 -8.026720e-01 0.000000e+00
    outer loop
      vertex 1.3143277803e-01 2.8733729791e-01 5.0000000000e-01
      vertex 1.5391050522e-01 3.0403923940e-01 4.7972842664e-01
      vertex 1.5391050522e-01 3.0403923940e-01 5.2027157336e-01
    endloop
  endfacet
  facet normal 6.804611e-01 -7.283445e-01 -8.054149e-02
    outer loop
      vertex 1.7344511939e-01 3.2448838881e-01 4.5984449109e-01
      vertex 1.7572675762e-01 3.2217956626e-01 5.0000000000e-01
      vertex 1.5391050522e-01 3.0403923940e-01 4.7972842664e-01
    endloop
  endfacet
  facet normal 6.804611e-01 -7.283445e-01 8.054149e-02
    outer loop
      vertex 1.7344511939e-01 3.2448838881e-01 5.4015550891e-01
      vertex 1.5391050522e-01 3.0403923940e-01 5.2027157336e-01
      vertex 1.7572675762e-01 3.2217956626e-01 5.0000000000e-01
    endloop
  endfacet
  facet normal 6.393544e-01 -7.689122e-01 0.000000e+00
    outer loop
      vertex 1.5391050522e-01 3.0403923940e-01 4.7972842664e-01
      vertex 1.7572675762e-01 3.2217956626e-01 5.0000000000e-01
      vertex 1.5391050522e-01 3.0403923940e-01 5.2027157336e-01
    endloop
  endfacet
  facet normal 8.095043e-01 -5.387620e-01 -2.333204e-01
    outer loop
      vertex 2.0225424859e-01 3.7500000000e-01 4.2274575141e-01
      vertex 2.1004447133e-01 3.7018537757e-01 4.6089138374e-01
      vertex 1.8966307504e-01 3.4829371268e-01 4.4072841866e-01
    endloop
  endfacet
  facet normal 8.303865e-01 -5.516422e-01 -7.841715e-02
    outer loop
      vertex 2.1266270209e-01 3.6856722197e-01 5.0000000000e-01
      vertex 1.9505109268e-01 3.4494010435e-01 4.7971453710e-01
      vertex 2.1004447133e-01 3.7018537757e-01 4.6089138374e-01
    endloop
  endfacet
  facet normal 7.518660e-01 -6.398684e-01 -1.589524e-01
    outer loop
      vertex 1.7344511939e-01 3.2448838881e-01 4.5984449109e-01
      vertex 1.8966307504e-01 3.4829371268e-01 4.4072841866e-01
      vertex 1.9505109268e-01 3.4494010435e-01 4.7971453710e-01
    endloop
  endfacet
  facet normal 7.916792e-01 -5.895786e-01 -1.601287e-01
    outer loop
      vertex 2.1004447133e-01 3.7018537757e-01 4.6089138374e-01
      vertex 1.9505109268e-01 3.4494010435e-01 4.7971453710e-01
      vertex 1.8966307504e-01 3.4829371268e-01 4.4072841866e-01
    endloop
  endfacet
  facet normal 8.095043e-01 -5.387620e-01 2.333204e-01
    outer loop
      vertex 2.0225424859e-01 3.7500000000e-01 5.7725424859e-01
      vertex 1.8966307504e-01 3.4829371268e-01 5.5927158134e-01
      vertex 2.1004447133e-01 3.7018537757e-01 5.3910861626e-01
    endloop
  endfacet
  facet normal 7.518660e-01 -6.398684e-01 1.589524e-01
    outer loop
      vertex 1.7344511939e-01 3.2448838881e-01 5.4015550891e-01
      vertex 1.9505109268e-01 3.4494010435e-01 5.2028546290e-01
      vertex 1.8966307504e-01 3.4829371268e-01 5.5927158134e-01
    endloop
  endfacet
  facet normal 8.303865e-01 -5.516422e-01 7.841715e-02
    outer loop
      vertex 2.1266270209e-01 3.6856722197e-01 5.0000000000e-01
      vertex 2.1004447133e-01 3.7018537757e-01 5.3910861626e-01
      vertex 1.9505109268e-01 3.4494010435e-01 5.2028546290e-01
    endloop
  endfacet
  facet normal 7.916792e-01 -5.895786e-01 1.601287e-01
    outer loop
      vertex 1.8966307504e-01 3.4829371268e-01 5.5927158134e-01
      vertex 1.9505109268e-01 3.4494010435e-01 5.2028546290e-01
      vertex 2.1004447133e-01 3.7018537757e-01 5.3910861626e-01
    endloop
  endfacet
  facet normal 7.232719e-01 -6.858517e-01 -8.053079e-02
    outer loop
      vertex 1.7344511939e-01 3.2448838881e-01 4.5984449109e-01
      vertex 1.9505109268e-01 3.4494010435e-01 4.7971453710e-01
      vertex 1.7572675762e-01 3.2217956626e-01 5.0000000000e-01
    endloop
  endfacet
  facet normal 8.017675e-01 -5.976360e-01 0.000000e+00
    outer loop
      vertex 2.1266270209e-01 3.6856722197e-01 5.0000000000e-01
      vertex 1.9505109268e-01 3.4494010435e-01 5.2028546290e-01
      vertex 1.9505109268e-01 3.4494010435e-01 4.7971453710e-01
    endloop
  endfacet
  facet normal 7.232719e-01 -6.858517e-01 8.053079e-02
    outer loop
      vertex 1.7344511939e-01 3.2448838881e-01 5.4015550891e-01
      vertex 1.7572675762e-01 3.2217956626e-01 5.0000000000e-01
      vertex 1.9505109268e-01 3.4494010435e-01 5.2028546290e-01
    endloop
  endfacet
  facet normal 7.623048e-01 -6.472182e-01 0.000000e+00
    outer loop
      vertex 1.9505109268e-01 3.4494010435e-01 4.7971453710e-01
      vertex 1.9505109268e-01 3.4494010435e-01 5.2028546290e-01
      vertex 1.7572675762e-01 3.2217956626e-01 5.0000000000e-01
    endloop
  endfacet
  facet normal 8.838505e-01 -5.017104e-02 -4.650712e-01
    outer loop
      vertex 2.1266270209e-01 5.0000000000e-01 3.6856722197e-01
      vertex 2.2876085531e-01 5.0000000000e-01 3.9916116285e-01
      vertex 2.1623233397e-01 4.6719990530e-01 3.7888958948e-01
    endloop
  endfacet
  facet normal 9.395655e-01 -5.000027e-02 -3.386983e-01
    outer loop
      vertex 2.4048458945e-01 5.0000000000e-01 4.3168336777e-01
      vertex 2.3107615015e-01 4.6708615716e-01 4.1044280163e-01
      vertex 2.2876085531e-01 5.0000000000e-01 3.9916116285e-01
    endloop
  endfacet
  facet normal 8.897882e-01 -1.803191e-01 -4.192398e-01
    outer loop
      vertex 2.1566712010e-01 4.3502702175e-01 3.9152785886e-01
      vertex 2.1623233397e-01 4.6719990530e-01 3.7888958948e-01
      vertex 2.3107615015e-01 4.6708615716e-01 4.1044280163e-01
    endloop
  endfacet
  facet normal 9.017047e-01 -8.207030e-02 -4.244916e-01
    outer loop
      vertex 2.2876085531e-01 5.0000000000e-01 3.9916116285e-01
      vertex 2.3107615015e-01 4.6708615716e-01 4.1044280163e-01
      vertex 2.1623233397e-01 4.6719990530e-01 3.7888958948e-01
    endloop
  endfacet
  facet normal 9.963836e-01 -4.950537e-02 -6.905681e-02
    outer loop
      vertex 2.5000000000e-01 5.0000000000e-01 5.0000000000e-01
      vertex 2.4692208515e-01 4.6673222396e-01 4.7943938368e-01
      vertex 2.4760972049e-01 5.0000000000e-01 4.6551193947e-01
    endloop
  endfacet
  facet normal 9.718501e-01 -1.812856e-01 -1.504758e-01
    outer loop
      vertex 2.3776412907e-01 4.3428361099e-01 4.5938503797e-01
      vertex 2.4159814935e-01 4.6680188079e-01 4.4497074313e-01
      vertex 2.4692208515e-01 4.6673222396e-01 4.7943938368e-01
    endloop
  endfacet
  facet normal 9.773256e-01 -4.960764e-02 -2.058489e-01
    outer loop
      vertex 2.4048458945e-01 5.0000000000e-01 4.3168336777e-01
      vertex 2.4760972049e-01 5.0000000000e-01 4.6551193947e-01
      vertex 2.4159814935e-01 4.6680188079e-01 4.4497074313e-01
    endloop
  endfacet
  facet normal 9.847537e-01 -8.410292e-02 -1.522724e-01
    outer loop
      vertex 2.4692208515e-01 4.6673222396e-01 4.7943938368e-01
      vertex 2.4159814935e-01 4.6680188079e-01 4.4497074313e-01
      vertex 2.4760972049e-01 5.0000000000e-01 4.6551193947e-01
    endloop
  endfacet
  facet normal 8.521837e-01 -4.270257e-01 -3.023772e-01
    outer loop
      vertex 2.0225424859e-01 3.7500000000e-01 4.2274575141e-01
      vertex 2.1097786866e-01 4.0409656683e-01 4.0624035813e-01
      vertex 2.2275163105e-01 4.0345315360e-01 4.4033076742e-01
    endloop
  endfacet
  facet normal 8.790876e-01 -3.067980e-01 -3.648012e-01
    outer loop
      vertex 2.1566712010e-01 4.3502702175e-01 3.9152785886e-01
      vertex 2.2906104380e-01 4.3397931234e-01 4.2468528023e-01
      vertex 2.1097786866e-01 4.0409656683e-01 4.0624035813e-01
    endloop
  endfacet
  facet normal 9.233856e-01 -3.081672e-01 -2.288929e-01
    outer loop
      vertex 2.3776412907e-01 4.3428361099e-01 4.5938503797e-01
      vertex 2.2275163105e-01 4.0345315360e-01 4.4033076742e-01
      vertex 2.2906104380e-01 4.3397931234e-01 4.2468528023e-01
    endloop
  endfacet
  facet normal 8.857887e-01 -3.431966e-01 -3.124011e-01
    outer loop
      vertex 2.1097786866e-01 4.0409656683e-01 4.0624035813e-01
      vertex 2.2906104380e-01 4.3397931234e-01 4.2468528023e-01
      vertex 2.2275163105e-01 4.0345315360e-01 4.4033076742e-01
    endloop
  endfacet
  facet normal 9.529505e-01 -8.454536e-02 -2.910970e-01
    outer loop
      vertex 2.4048458945e-01 5.0000000000e-01 4.3168336777e-01
      vertex 2.4159814935e-01 4.6680188079e-01 4.4497074313e-01
      vertex 2.3107615015e-01 4.6708615716e-01 4.1044280163e-01
    endloop
  endfacet
  facet normal 9.474616e-01 -2.162041e-01 -2.357379e-01
    outer loop
      vertex 2.3776412907e-01 4.3428361099e-01 4.5938503797e-01
      vertex 2.2906104380e-01 4.3397931234e-01 4.2468528023e-01
      vertex 2.4159814935e-01 4.6680188079e-01 4.4497074313e-01
    endloop
  endfacet
  facet normal 9.031797e-01 -2.148469e-01 -3.716277e-01
    outer loop
      vertex 2.1566712010e-01 4.3502702175e-01 3.9152785886e-01
      vertex 2.3107615015e-01 4.6708615716e-01 4.1044280163e-01
      vertex 2.2906104380e-01 4.3397931234e-01 4.2468528023e-01
    endloop
  endfacet
  facet normal 9.403266e-01 -1.811510e-01 -2.880454e-01
    outer loop
      vertex 2.4159814935e-01 4.6680188079e-01 4.4497074313e-01
      vertex 2.2906104380e-01 4.3397931234e-01 4.2468528023e-01
      vertex 2.3107615015e-01 4.6708615716e-01 4.1044280163e-01
    endloop
  endfacet
  facet normal 8.838505e-01 -5.017104e-02 4.650712e-01
    outer loop
      vertex 2.1266270209e-01 5.0000000000e-01 6.3143277803e-01
      vertex 2.1623233397e-01 4.6719990530e-01 6.2111041052e-01
      vertex 2.2876085531e-01 5.0000000000e-01 6.0083883715e-01
    endloop
  endfacet
  facet normal 8.897882e-01 -1.803191e-01 4.192398e-01
    outer loop
      vertex 2.1566712010e-01 4.3502702175e-01 6.0847214114e-01
      vertex 2.3107615015e-01 4.6708615716e-01 5.8955719837e-01
      vertex 2.1623233397e-01 4.6719990530e-01 6.2111041052e-01
    endloop
  endfacet
  facet normal 9.395655e-01 -5.000027e-02 3.386983e-01
    outer loop
      vertex 2.4048458945e-01 5.0000000000e-01 5.6831663223e-01
      vertex 2.2876085531e-01 5.0000000000e-01 6.0083883715e-01
      vertex 2.3107615015e-01 4.6708615716e-01 5.8955719837e-01
    endloop
  endfacet
  facet normal 9.017047e-01 -8.207030e-02 4.244916e-01
    outer loop
      vertex 2.1623233397e-01 4.6719990530e-01 6.2111041052e-01
      vertex 2.3107615015e-01 4.6708615716e-01 5.8955719837e-01
      vertex 2.2876085531e-01 5.0000000000e-01 6.0083883715e-01
    endloop
  endfacet
  facet normal 8.521837e-01 -4.270257e-01 3.023772e-01
    outer loop
      vertex 2.0225424859e-01 3.7500000000e-01 5.7725424859e-01
      vertex 2.2275163105e-01 4.0345315360e-01 5.5966923258e-01
      vertex 2.1097786866e-01 4.0409656683e-01 5.9375964187e-01
    endloop
  endfacet
  facet normal 9.233856e-01 -3.081672e-01 2.288929e-01
    outer loop
      vertex 2.3776412907e-01 4.3428361099e-01 5.4061496203e-01
      vertex 2.2906104380e-01 4.3397931234e-01 5.7531471977e-01
      vertex 2.2275163105e-01 4.0345315360e-01 5.5966923258e-01
    endloop
  endfacet
  facet normal 8.790876e-01 -3.067980e-01 3.648012e-01
    outer loop
      vertex 2.1566712010e-01 4.3502702175e-01 6.0847214114e-01
      vertex 2.1097786866e-01 4.0409656683e-01 5.9375964187e-01
      vertex 2.2906104380e-01 4.3397931234e-01 5.7531471977e-01
    endloop
  endfacet
  facet normal 8.857887e-01 -3.431966e-01 3.124011e-01
    outer loop
      vertex 2.2275163105e-01 4.0345315360e-01 5.5966923258e-01
      vertex 2.2906104380e-01 4.3397931234e-01 5.7531471977e-01
      vertex 2.1097786866e-01 4.0409656683e-01 5.9375964187e-01
    endloop
  endfacet
  facet normal 9.963836e-01 -4.950537e-02 6.905681e-02
    outer loop
      vertex 2.5000000000e-01 5.0000000000e-01 5.0000000000e-01
      vertex 2.4760972049e-01 5.0000000000e-01 5.3448806053e-01
      vertex 2.4692208515e-01 4.6673222396e-01 5.2056061632e-01
    endloop
  endfacet
  facet normal 9.773256e-01 -4.960764e-02 2.058489e-01
    outer loop
      vertex 2.4048458945e-01 5.0000000000e-01 5.6831663223e-01
      vertex 2.4159814935e-01 4.6680188079e-01 5.5502925687e-01
      vertex 2.4760972049e-01 5.0000000000e-01 5.3448806053e-01
    endloop
  endfacet
  facet normal 9.718501e-01 -1.812856e-01 1.504758e-01
    outer loop
      vertex 2.3776412907e-01 4.3428361099e-01 5.4061496203e-01
      vertex 2.4692208515e-01 4.6673222396e-01 5.2056061632e-01
      vertex 2.4159814935e-01 4.6680188079e-01 5.5502925687e-01
    endloop
  endfacet
  facet normal 9.847537e-01 -8.410292e-02 1.522724e-01
    outer loop
      vertex 2.4760972049e-01 5.0000000000e-01 5.3448806053e-01
      vertex 2.4159814935e-01 4.6680188079e-01 5.5502925687e-01
      vertex 2.4692208515e-01 4.6673222396e-01 5.2056061632e-01
    endloop
  endfacet
  facet normal 9.031797e-01 -2.148469e-01 3.716277e-01
    outer loop
      vertex 2.1566712010e-01 4.3502702175e-01 6.0847214114e-01
      vertex 2.2906104380e-01 4.3397931234e-01 5.7531471977e-01
      vertex 2.3107615015e-01 4.6708615716e-01 5.8955719837e-01
    endloop
  endfacet
  facet normal 9.474616e-01 -2.162041e-01 2.357379e-01
    outer loop
      vertex 2.3776412907e-01 4.3428361099e-01 5.4061496203e-01
      vertex 2.4159814935e-01 4.6680188079e-01 5.5502925687e-01
      vertex 2.2906104380e-01 4.3397931234e-01 5.7531471977e-01
    endloop
  endfacet
  facet normal 9.529505e-01 -8.454536e-02 2.910970e-01
    outer loop
      vertex 2.4048458945e-01 5.0000000000e-01 5.6831663223e-01
      vertex 2.3107615015e-01 4.6708615716e-01 5.8955719837e-01
      vertex 2.4159814935e-01 4.6680188079e-01 5.5502925687e-01
    endloop
  endfacet
  facet normal 9.403266e-01 -1.811510e-01 2.880454e-01
    outer loop
      vertex 2.2906104380e-01 4.3397931234e-01 5.7531471977e-01
      vertex 2.4159814935e-01 4.6680188079e-01 5.5502925687e-01
      vertex 2.3107615015e-01 4.6708615716e-01 5.8955719837e-01
    endloop
  endfacet
  facet normal 8.516395e-01 -4.694052e-01 -2.331714e-01
    outer loop
      vertex 2.0225424859e-01 3.7500000000e-01 4.2274575141e-01
      vertex 2.2275163105e-01 4.0345315360e-01 4.4033076742e-01
      vertex 2.1004447133e-01 3.7018537757e-01 4.6089138374e-01
    endloop
  endfacet
  facet normal 9.227974e-01 -3.505871e-01 -1.597927e-01
    outer loop
      vertex 2.3776412907e-01 4.3428361099e-01 4.5938503797e-01
      vertex 2.2824562323e-01 4.0009823707e-01 4.7941910499e-01
      vertex 2.2275163105e-01 4.0345315360e-01 4.4033076742e-01
    endloop
  endfacet
  facet normal 8.724736e-01 -4.823363e-01 -7.836719e-02
    outer loop
      vertex 2.1266270209e-01 3.6856722197e-01 5.0000000000e-01
      vertex 2.1004447133e-01 3.7018537757e-01 4.6089138374e-01
      vertex 2.2824562323e-01 4.0009823707e-01 4.7941910499e-01
    endloop
  endfacet
  facet normal 8.843585e-01 -4.378416e-01 -1.618790e-01
    outer loop
      vertex 2.2275163105e-01 4.0345315360e-01 4.4033076742e-01
      vertex 2.2824562323e-01 4.0009823707e-01 4.7941910499e-01
      vertex 2.1004447133e-01 3.7018537757e-01 4.6089138374e-01
    endloop
  endfacet
  facet normal 9.957474e-01 -9.212595e-02 0.000000e+00
    outer loop
      vertex 2.5000000000e-01 5.0000000000e-01 5.0000000000e-01
      vertex 2.4692208515e-01 4.6673222396e-01 5.2056061632e-01
      vertex 2.4692208515e-01 4.6673222396e-01 4.7943938368e-01
    endloop
  endfacet
  facet normal 9.712310e-01 -2.237863e-01 8.142553e-02
    outer loop
      vertex 2.3776412907e-01 4.3428361099e-01 5.4061496203e-01
      vertex 2.4096531587e-01 4.3339882472e-01 5.0000000000e-01
      vertex 2.4692208515e-01 4.6673222396e-01 5.2056061632e-01
    endloop
  endfacet
  facet normal 9.712310e-01 -2.237863e-01 -8.142553e-02
    outer loop
      vertex 2.3776412907e-01 4.3428361099e-01 4.5938503797e-01
      vertex 2.4692208515e-01 4.6673222396e-01 4.7943938368e-01
      vertex 2.4096531587e-01 4.3339882472e-01 5.0000000000e-01
    endloop
  endfacet
  facet normal 9.844052e-01 -1.759159e-01 0.000000e+00
    outer loop
      vertex 2.4692208515e-01 4.6673222396e-01 5.2056061632e-01
      vertex 2.4096531587e-01 4.3339882472e-01 5.0000000000e-01
      vertex 2.4692208515e-01 4.6673222396e-01 4.7943938368e-01
    endloop
  endfacet
  facet normal 8.516395e-01 -4.694052e-01 2.331714e-01
    outer loop
      vertex 2.0225424859e-01 3.7500000000e-01 5.7725424859e-01
      vertex 2.1004447133e-01 3.7018537757e-01 5.3910861626e-01
      vertex 2.2275163105e-01 4.0345315360e-01 5.5966923258e-01
    endloop
  endfacet
  facet normal 8.724736e-01 -4.823363e-01 7.836719e-02
    outer loop
      vertex 2.1266270209e-01 3.6856722197e-01 5.0000000000e-01
      vertex 2.2824562323e-01 4.0009823707e-01 5.2058089501e-01
      vertex 2.1004447133e-01 3.7018537757e-01 5.3910861626e-01
    endloop
  endfacet
  facet normal 9.227974e-01 -3.505871e-01 1.597927e-01
    outer loop
      vertex 2.3776412907e-01 4.3428361099e-01 5.4061496203e-01
      vertex 2.2275163105e-01 4.0345315360e-01 5.5966923258e-01
      vertex 2.2824562323e-01 4.0009823707e-01 5.2058089501e-01
    endloop
  endfacet
  facet normal 8.843585e-01 -4.378416e-01 1.618790e-01
    outer loop
      vertex 2.1004447133e-01 3.7018537757e-01 5.3910861626e-01
      vertex 2.2824562323e-01 4.0009823707e-01 5.2058089501e-01
      vertex 2.2275163105e-01 4.0345315360e-01 5.5966923258e-01
    endloop
  endfacet
  facet normal 9.468068e-01 -3.113353e-01 -8.140770e-02
    outer loop
      vertex 2.3776412907e-01 4.3428361099e-01 4.5938503797e-01
      vertex 2.4096531587e-01 4.3339882472e-01 5.0000000000e-01
      vertex 2.2824562323e-01 4.0009823707e-01 4.7941910499e-01
    endloop
  endfacet
  facet normal 9.468068e-01 -3.113353e-01 8.140770e-02
    outer loop
      vertex 2.3776412907e-01 4.3428361099e-01 5.4061496203e-01
      vertex 2.2824562323e-01 4.0009823707e-01 5.2058089501e-01
      vertex 2.4096531587e-01 4.3339882472e-01 5.0000000000e-01
    endloop
  endfacet
  facet normal 8.964941e-01 -4.430557e-01 0.000000e+00
    outer loop
      vertex 2.1266270209e-01 3.6856722197e-01 5.0000000000e-01
      vertex 2.2824562323e-01 4.0009823707e-01 4.7941910499e-01
      vertex 2.2824562323e-01 4.0009823707e-01 5.2058089501e-01
    endloop
  endfacet
  facet normal 9.341724e-01 -3.568221e-01 0.000000e+00
    outer loop
      vertex 2.4096531587e-01 4.3339882472e-01 5.0000000000e-01
      vertex 2.2824562323e-01 4.0009823707e-01 5.2058089501e-01
      vertex 2.2824562323e-01 4.0009823707e-01 4.7941910499e-01
    endloop
  endfacet
  facet normal 5.017104e-02 -4.650712e-01 8.838505e-01
    outer loop
      vertex 0.0000000000e+00 3.6856722197e-01 7.1266270209e-01
      vertex 3.2800094703e-02 3.7888958948e-01 7.1623233397e-01
      vertex 0.0000000000e+00 3.9916116285e-01 7.2876085531e-01
    endloop
  endfacet
  facet normal 1.803191e-01 -4.192398e-01 8.897882e-01
    outer loop
      vertex 6.4972978252e-02 3.9152785886e-01 7.1566712010e-01
      vertex 3.2913842838e-02 4.1044280163e-01 7.3107615015e-01
      vertex 3.2800094703e-02 3.7888958948e-01 7.1623233397e-01
    endloop
  endfacet
  facet normal 5.000027e-02 -3.386983e-01 9.395655e-01
    outer loop
      vertex 0.0000000000e+00 4.3168336777e-01 7.4048458945e-01
      vertex 0.0000000000e+00 3.9916116285e-01 7.2876085531e-01
      vertex 3.2913842838e-02 4.1044280163e-01 7.3107615015e-01
    endloop
  endfacet
  facet normal 8.207030e-02 -4.244916e-01 9.017047e-01
    outer loop
      vertex 3.2800094703e-02 3.7888958948e-01 7.1623233397e-01
      vertex 3.2913842838e-02 4.1044280163e-01 7.3107615015e-01
      vertex 0.0000000000e+00 3.9916116285e-01 7.2876085531e-01
    endloop
  endfacet
  facet normal 4.270257e-01 -3.023772e-01 8.521837e-01
    outer loop
      vertex 1.2500000000e-01 4.2274575141e-01 7.0225424859e-01
      vertex 9.6546846397e-02 4.4033076742e-01 7.2275163105e-01
      vertex 9.5903433171e-02 4.0624035813e-01 7.1097786866e-01
    endloop
  endfacet
  facet normal 3.081672e-01 -2.288929e-01 9.233856e-01
    outer loop
      vertex 6.5716389015e-02 4.5938503797e-01 7.3776412907e-01
      vertex 6.6020687665e-02 4.2468528023e-01 7.2906104380e-01
      vertex 9.6546846397e-02 4.4033076742e-01 7.2275163105e-01
    endloop
  endfacet
  facet normal 3.067980e-01 -3.648012e-01 8.790876e-01
    outer loop
      vertex 6.4972978252e-02 3.9152785886e-01 7.1566712010e-01
      vertex 9.5903433171e-02 4.0624035813e-01 7.1097786866e-01
      vertex 6.6020687665e-02 4.2468528023e-01 7.2906104380e-01
    endloop
  endfacet
  facet normal 3.431966e-01 -3.124011e-01 8.857887e-01
    outer loop
      vertex 9.6546846397e-02 4.4033076742e-01 7.2275163105e-01
      vertex 6.6020687665e-02 4.2468528023e-01 7.2906104380e-01
      vertex 9.5903433171e-02 4.0624035813e-01 7.1097786866e-01
    endloop
  endfacet
  facet normal 4.950537e-02 -6.905681e-02 9.963836e-01
    outer loop
      vertex 0.0000000000e+00 5.0000000000e-01 7.5000000000e-01
      vertex 0.0000000000e+00 4.6551193947e-01 7.4760972049e-01
      vertex 3.3267776035e-02 4.7943938368e-01 7.4692208515e-01
    endloop
  endfacet
  facet normal 4.960764e-02 -2.058489e-01 9.773256e-01
    outer loop
      vertex 0.0000000000e+00 4.3168336777e-01 7.4048458945e-01
      vertex 3.3198119207e-02 4.4497074313e-01 7.4159814935e-01
      vertex 0.0000000000e+00 4.6551193947e-01 7.4760972049e-01
    endloop
  endfacet
  facet normal 1.812856e-01 -1.504758e-01 9.718501e-01
    outer loop
      vertex 6.5716389015e-02 4.5938503797e-01 7.3776412907e-01
      vertex 3.3267776035e-02 4.7943938368e-01 7.4692208515e-01
      vertex 3.3198119207e-02 4.4497074313e-01 7.4159814935e-01
    endloop
  endfacet
  facet normal 8.410292e-02 -1.522724e-01 9.847537e-01
    outer loop
      vertex 0.0000000000e+00 4.6551193947e-01 7.4760972049e-01
      vertex 3.3198119207e-02 4.4497074313e-01 7.4159814935e-01
      vertex 3.3267776035e-02 4.7943938368e-01 7.4692208515e-01
    endloop
  endfacet
  facet normal 2.148469e-01 -3.716277e-01 9.031797e-01
    outer loop
      vertex 6.4972978252e-02 3.9152785886e-01 7.1566712010e-01
      vertex 6.6020687665e-02 4.2468528023e-01 7.2906104380e-01
      vertex 3.2913842838e-02 4.1044280163e-01 7.3107615015e-01
    endloop
  endfacet
  facet normal 2.162041e-01 -2.357379e-01 9.474616e-01
    outer loop
      vertex 6.5716389015e-02 4.5938503797e-01 7.3776412907e-01
      vertex 3.3198119207e-02 4.4497074313e-01 7.4159814935e-01
      vertex 6.6020687665e-02 4.2468528023e-01 7.2906104380e-01
    endloop
  endfacet
  facet normal 8.454536e-02 -2.910970e-01 9.529505e-01
    outer loop
      vertex 0.0000000000e+00 4.3168336777e-01 7.4048458945e-01
      vertex 3.2913842838e-02 4.1044280163e-01 7.3107615015e-01
      vertex 3.3198119207e-02 4.4497074313e-01 7.4159814935e-01
    endloop
  endfacet
  facet normal 1.811510e-01 -2.880454e-01 9.403266e-01
    outer loop
      vertex 6.6020687665e-02 4.2468528023e-01 7.2906104380e-01
      vertex 3.3198119207e-02 4.4497074313e-01 7.4159814935e-01
      vertex 3.2913842838e-02 4.1044280163e-01 7.3107615015e-01
    endloop
  endfacet
  facet normal 8.026720e-01 0.000000e+00 5.964207e-01
    outer loop
      vertex 2.1266270209e-01 5.0000000000e-01 6.3143277803e-01
      vertex 1.9596076060e-01 5.2027157336e-01 6.5391050522e-01
      vertex 1.9596076060e-01 4.7972842664e-01 6.5391050522e-01
    endloop
  endfacet
  facet normal 7.283445e-01 8.054149e-02 6.804611e-01
    outer loop
      vertex 1.7551161119e-01 5.4015550891e-01 6.7344511939e-01
      vertex 1.7782043374e-01 5.0000000000e-01 6.7572675762e-01
      vertex 1.9596076060e-01 5.2027157336e-01 6.5391050522e-01
    endloop
  endfacet
  facet normal 7.283445e-01 -8.054149e-02 6.804611e-01
    outer loop
      vertex 1.7551161119e-01 4.5984449109e-01 6.7344511939e-01
      vertex 1.9596076060e-01 4.7972842664e-01 6.5391050522e-01
      vertex 1.7782043374e-01 5.0000000000e-01 6.7572675762e-01
    endloop
  endfacet
  facet normal 7.689122e-01 0.000000e+00 6.393544e-01
    outer loop
      vertex 1.9596076060e-01 5.2027157336e-01 6.5391050522e-01
      vertex 1.7782043374e-01 5.0000000000e-01 6.7572675762e-01
      vertex 1.9596076060e-01 4.7972842664e-01 6.5391050522e-01
    endloop
  endfacet
  facet normal 5.387620e-01 2.333204e-01 8.095043e-01
    outer loop
      vertex 1.2500000000e-01 5.7725424859e-01 7.0225424859e-01
      vertex 1.2981462243e-01 5.3910861626e-01 7.1004447133e-01
      vertex 1.5170628732e-01 5.5927158134e-01 6.8966307504e-01
    endloop
  endfacet
  facet normal 5.516422e-01 7.841715e-02 8.303865e-01
    outer loop
      vertex 1.3143277803e-01 5.0000000000e-01 7.1266270209e-01
      vertex 1.5505989565e-01 5.2028546290e-01 6.9505109268e-01
      vertex 1.2981462243e-01 5.3910861626e-01 7.1004447133e-01
    endloop
  endfacet
  facet normal 6.398684e-01 1.589524e-01 7.518660e-01
    outer loop
      vertex 1.7551161119e-01 5.4015550891e-01 6.7344511939e-01
      vertex 1.5170628732e-01 5.5927158134e-01 6.8966307504e-01
      vertex 1.5505989565e-01 5.2028546290e-01 6.9505109268e-01
    endloop
  endfacet
  facet normal 5.895786e-01 1.601287e-01 7.916792e-01
    outer loop
      vertex 1.2981462243e-01 5.3910861626e-01 7.1004447133e-01
      vertex 1.5505989565e-01 5.2028546290e-01 6.9505109268e-01
      vertex 1.5170628732e-01 5.5927158134e-01 6.8966307504e-01
    endloop
  endfacet
  facet normal 5.387620e-01 -2.333204e-01 8.095043e-01
    outer loop
      vertex 1.2500000000e-01 4.2274575141e-01 7.0225424859e-01
      vertex 1.5170628732e-01 4.4072841866e-01 6.8966307504e-01
      vertex 1.2981462243e-01 4.6089138374e-01 7.1004447133e-01
    endloop
  endfacet
  facet normal 6.398684e-01 -1.589524e-01 7.518660e-01
    outer loop
      vertex 1.7551161119e-01 4.5984449109e-01 6.7344511939e-01
      vertex 1.5505989565e-01 4.7971453710e-01 6.9505109268e-01
      vertex 1.5170628732e-01 4.4072841866e-01 6.8966307504e-01
    endloop
  endfacet
  facet normal 5.516422e-01 -7.841715e-02 8.303865e-01
    outer loop
      vertex 1.3143277803e-01 5.0000000000e-01 7.1266270209e-01
      vertex 1.2981462243e-01 4.6089138374e-01 7.1004447133e-01
      vertex 1.5505989565e-01 4.7971453710e-01 6.9505109268e-01
    endloop
  endfacet
  facet normal 5.895786e-01 -1.601287e-01 7.916792e-01
    outer loop
      vertex 1.5170628732e-01 4.4072841866e-01 6.8966307504e-01
      vertex 1.5505989565e-01 4.7971453710e-01 6.9505109268e-01
      vertex 1.2981462243e-01 4.6089138374e-01 7.1004447133e-01
    endloop
  endfacet
  facet normal 6.858517e-01 8.053079e-02 7.232719e-01
    outer loop
      vertex 1.7551161119e-01 5.4015550891e-01 6.7344511939e-01
      vertex 1.5505989565e-01 5.2028546290e-01 6.9505109268e-01
      vertex 1.7782043374e-01 5.0000000000e-01 6.7572675762e-01
    endloop
  endfacet
  facet normal 5.976360e-01 0.000000e+00 8.017675e-01
    outer loop
      vertex 1.3143277803e-01 5.0000000000e-01 7.1266270209e-01
      vertex 1.5505989565e-01 4.7971453710e-01 6.9505109268e-01
      vertex 1.5505989565e-01 5.2028546290e-01 6.9505109268e-01
    endloop
  endfacet
  facet normal 6.858517e-01 -8.053079e-02 7.232719e-01
    outer loop
      vertex 1.7551161119e-01 4.5984449109e-01 6.7344511939e-01
      vertex 1.7782043374e-01 5.0000000000e-01 6.7572675762e-01
      vertex 1.5505989565e-01 4.7971453710e-01 6.9505109268e-01
    endloop
  endfacet
  facet normal 6.472182e-01 0.000000e+00 7.623048e-01
    outer loop
      vertex 1.5505989565e-01 5.2028546290e-01 6.9505109268e-01
      vertex 1.5505989565e-01 4.7971453710e-01 6.9505109268e-01
      vertex 1.7782043374e-01 5.0000000000e-01 6.7572675762e-01
    endloop
  endfacet
  facet normal 5.017104e-02 4.650712e-01 8.838505e-01
    outer loop
      vertex 0.0000000000e+00 6.3143277803e-01 7.1266270209e-01
      vertex 0.0000000000e+00 6.0083883715e-01 7.2876085531e-01
      vertex 3.2800094703e-02 6.2111041052e-01 7.1623233397e-01
    endloop
  endfacet
  facet normal 5.000027e-02 3.386983e-01 9.395655e-01
    outer loop
      vertex 0.0000000000e+00 5.6831663223e-01 7.4048458945e-01
      vertex 3.2913842838e-02 5.8955719837e-01 7.3107615015e-01
      vertex 0.0000000000e+00 6.0083883715e-01 7.2876085531e-01
    endloop
  endfacet
  facet normal 1.803191e-01 4.192398e-01 8.897882e-01
    outer loop
      vertex 6.4972978252e-02 6.0847214114e-01 7.1566712010e-01
      vertex 3.2800094703e-02 6.2111041052e-01 7.1623233397e-01
      vertex 3.2913842838e-02 5.8955719837e-01 7.3107615015e-01
    endloop
  endfacet
  facet normal 8.207030e-02 4.244916e-01 9.017047e-01
    outer loop
      vertex 0.0000000000e+00 6.0083883715e-01 7.2876085531e-01
      vertex 3.2913842838e-02 5.8955719837e-01 7.3107615015e-01
      vertex 3.2800094703e-02 6.2111041052e-01 7.1623233397e-01
    endloop
  endfacet
  facet normal 4.950537e-02 6.905681e-02 9.963836e-01
    outer loop
      vertex 0.0000000000e+00 5.0000000000e-01 7.5000000000e-01
      vertex 3.3267776035e-02 5.2056061632e-01 7.4692208515e-01
      vertex 0.0000000000e+00 5.3448806053e-01 7.4760972049e-01
    endloop
  endfacet
  facet normal 1.812856e-01 1.504758e-01 9.718501e-01
    outer loop
      vertex 6.5716389015e-02 5.4061496203e-01 7.3776412907e-01
      vertex 3.3198119207e-02 5.5502925687e-01 7.4159814935e-01
      vertex 3.3267776035e-02 5.2056061632e-01 7.4692208515e-01
    endloop
  endfacet
  facet normal 4.960764e-02 2.058489e-01 9.773256e-01
    outer loop
      vertex 0.0000000000e+00 5.6831663223e-01 7.4048458945e-01
      vertex 0.0000000000e+00 5.3448806053e-01 7.4760972049e-01
      vertex 3.3198119207e-02 5.5502925687e-01 7.4159814935e-01
    endloop
  endfacet
  facet normal 8.410292e-02 1.522724e-01 9.847537e-01
    outer loop
      vertex 3.3267776035e-02 5.2056061632e-01 7.4692208515e-01
      vertex 3.3198119207e-02 5.5502925687e-01 7.4159814935e-01
      vertex 0.0000000000e+00 5.3448806053e-01 7.4760972049e-01
    endloop
  endfacet
  facet normal 4.270257e-01 3.023772e-01 8.521837e-01
    outer loop
      vertex 1.2500000000e-01 5.7725424859e-01 7.0225424859e-01
      vertex 9.5903433171e-02 5.9375964187e-01 7.1097786866e-01
      vertex 9.6546846397e-02 5.5966923258e-01 7.2275163105e-01
    endloop
  endfacet
  facet normal 3.067980e-01 3.648012e-01 8.790876e-01
    outer loop
      vertex 6.4972978252e-02 6.0847214114e-01 7.1566712010e-01
      vertex 6.6020687665e-02 5.7531471977e-01 7.2906104380e-01
      vertex 9.5903433171e-02 5.9375964187e-01 7.1097786866e-01
    endloop
  endfacet
  facet normal 3.081672e-01 2.288929e-01 9.233856e-01
    outer loop
      vertex 6.5716389015e-02 5.4061496203e-01 7.3776412907e-01
      vertex 9.6546846397e-02 5.5966923258e-01 7.2275163105e-01
      vertex 6.6020687665e-02 5.7531471977e-01 7.2906104380e-01
    endloop
  endfacet
  facet normal 3.431966e-01 3.124011e-01 8.857887e-01
    outer loop
      vertex 9.5903433171e-02 5.9375964187e-01 7.1097786866e-01
      vertex 6.6020687665e-02 5.7531471977e-01 7.2906104380e-01
      vertex 9.6546846397e-02 5.5966923258e-01 7.2275163105e-01
    endloop
  endfacet
  facet normal 8.454536e-02 2.910970e-01 9.529505e-01
    outer loop
      vertex 0.0000000000e+00 5.6831663223e-01 7.4048458945e-01
      vertex 3.3198119207e-02 5.5502925687e-01 7.4159814935e-01
      vertex 3.2913842838e-02 5.8955719837e-01 7.3107615015e-01
    endloop
  endfacet
  facet normal 2.162041e-01 2.357379e-01 9.474616e-01
    outer loop
      vertex 6.5716389015e-02 5.4061496203e-01 7.3776412907e-01
      vertex 6.6020687665e-02 5.7531471977e-01 7.2906104380e-01
      vertex 3.3198119207e-02 5.5502925687e-01 7.4159814935e-01
    endloop
  endfacet
  facet normal 2.148469e-01 3.716277e-01 9.031797e-01
    outer loop
      vertex 6.4972978252e-02 6.0847214114e-01 7.1566712010e-01
      vertex 3.2913842838e-02 5.8955719837e-01 7.3107615015e-01
      vertex 6.6020687665e-02 5.7531471977e-01 7.2906104380e-01
    endloop
  endfacet
  facet normal 1.811510e-01 2.880454e-01 9.403266e-01
    outer loop
      vertex 3.3198119207e-02 5.5502925687e-01 7.4159814935e-01
      vertex 6.6020687665e-02 5.7531471977e-01 7.2906104380e-01
      vertex 3.2913842838e-02 5.8955719837e-01 7.3107615015e-01
    endloop
  endfacet
  facet normal 4.694052e-01 -2.331714e-01 8.516395e-01
    outer loop
      vertex 1.2500000000e-01 4.2274575141e-01 7.0225424859e-01
      vertex 1.2981462243e-01 4.6089138374e-01 7.1004447133e-01
      vertex 9.6546846397e-02 4.4033076742e-01 7.2275163105e-01
    endloop
  endfacet
  facet normal 4.823363e-01 -7.836719e-02 8.724736e-01
    outer loop
      vertex 1.3143277803e-01 5.0000000000e-01 7.1266270209e-01
      vertex 9.9901762925e-02 4.7941910499e-01 7.2824562323e-01
      vertex 1.2981462243e-01 4.6089138374e-01 7.1004447133e-01
    endloop
  endfacet
  facet normal 3.505871e-01 -1.597927e-01 9.227974e-01
    outer loop
      vertex 6.5716389015e-02 4.5938503797e-01 7.3776412907e-01
      vertex 9.6546846397e-02 4.4033076742e-01 7.2275163105e-01
      vertex 9.9901762925e-02 4.7941910499e-01 7.2824562323e-01
    endloop
  endfacet
  facet normal 4.378416e-01 -1.618790e-01 8.843585e-01
    outer loop
      vertex 1.2981462243e-01 4.6089138374e-01 7.1004447133e-01
      vertex 9.9901762925e-02 4.7941910499e-01 7.2824562323e-01
      vertex 9.6546846397e-02 4.4033076742e-01 7.2275163105e-01
    endloop
  endfacet
  facet normal 4.694052e-01 2.331714e-01 8.516395e-01
    outer loop
      vertex 1.2500000000e-01 5.7725424859e-01 7.0225424859e-01
      vertex 9.6546846397e-02 5.5966923258e-01 7.2275163105e-01
      vertex 1.2981462243e-01 5.3910861626e-01 7.1004447133e-01
    endloop
  endfacet
  facet normal 3.505871e-01 1.597927e-01 9.227974e-01
    outer loop
      vertex 6.5716389015e-02 5.4061496203e-01 7.3776412907e-01
      vertex 9.9901762925e-02 5.2058089501e-01 7.2824562323e-01
      vertex 9.6546846397e-02 5.5966923258e-01 7.2275163105e-01
    endloop
  endfacet
  facet normal 4.823363e-01 7.836719e-02 8.724736e-01
    outer loop
      vertex 1.3143277803e-01 5.0000000000e-01 7.1266270209e-01
      vertex 1.2981462243e-01 5.3910861626e-01 7.1004447133e-01
      vertex 9.9901762925e-02 5.2058089501e-01 7.2824562323e-01
    endloop
  endfacet
  facet normal 4.378416e-01 1.618790e-01 8.843585e-01
    outer loop
      vertex 9.6546846397e-02 5.5966923258e-01 7.2275163105e-01
      vertex 9.9901762925e-02 5.2058089501e-01 7.2824562323e-01
      vertex 1.2981462243e-01 5.3910861626e-01 7.1004447133e-01
    endloop
  endfacet
  facet normal 9.212595e-02 0.000000e+00 9.957474e-01
    outer loop
      vertex 0.0000000000e+00 5.0000000000e-01 7.5000000000e-01
      vertex 3.3267776035e-02 4.7943938368e-01 7.4692208515e-01
      vertex 3.3267776035e-02 5.2056061632e-01 7.4692208515e-01
    endloop
  endfacet
  facet normal 2.237863e-01 -8.142553e-02 9.712310e-01
    outer loop
      vertex 6.5716389015e-02 4.5938503797e-01 7.3776412907e-01
      vertex 6.6601175284e-02 5.0000000000e-01 7.4096531587e-01
      vertex 3.3267776035e-02 4.7943938368e-01 7.4692208515e-01
    endloop
  endfacet
  facet normal 2.237863e-01 8.142553e-02 9.712310e-01
    outer loop
      vertex 6.5716389015e-02 5.4061496203e-01 7.3776412907e-01
      vertex 3.3267776035e-02 5.2056061632e-01 7.4692208515e-01
      vertex 6.6601175284e-02 5.0000000000e-01 7.4096531587e-01
    endloop
  endfacet
  facet normal 1.759159e-01 -0.000000e+00 9.844052e-01
    outer loop
      vertex 3.3267776035e-02 4.7943938368e-01 7.4692208515e-01
      vertex 6.6601175284e-02 5.0000000000e-01 7.4096531587e-01
      vertex 3.3267776035e-02 5.2056061632e-01 7.4692208515e-01
    endloop
  endfacet
  facet normal 4.430557e-01 0.000000e+00 8.964941e-01
    outer loop
      vertex 1.3143277803e-01 5.0000000000e-01 7.1266270209e-01
      vertex 9.9901762925e-02 5.2058089501e-01 7.2824562323e-01
      vertex 9.9901762925e-02 4.7941910499e-01 7.2824562323e-01
    endloop
  endfacet
  facet normal 3.113353e-01 8.140770e-02 9.468068e-01
    outer loop
      vertex 6.5716389015e-02 5.4061496203e-01 7.3776412907e-01
      vertex 6.6601175284e-02 5.0000000000e-01 7.4096531587e-01
      vertex 9.9901762925e-02 5.2058089501e-01 7.2824562323e-01
    endloop
  endfacet
  facet normal 3.113353e-01 -8.140770e-02 9.468068e-01
    outer loop
      vertex 6.5716389015e-02 4.5938503797e-01 7.3776412907e-01
      vertex 9.9901762925e-02 4.7941910499e-01 7.2824562323e-01
      vertex 6.6601175284e-02 5.0000000000e-01 7.4096531587e-01
    endloop
  endfacet
  facet normal 3.568221e-01 0.000000e+00 9.341724e-01
    outer loop
      vertex 9.9901762925e-02 5.2058089501e-01 7.2824562323e-01
      vertex 6.6601175284e-02 5.0000000000e-01 7.4096531587e-01
      vertex 9.9901762925e-02 4.7941910499e-01 7.2824562323e-01
    endloop
  endfacet
  facet normal -5.462496e-01 -8.336794e-01 8.117845e-02
    outer loop
      vertex -1.3143277803e-01 2.8733729791e-01 5.0000000000e-01
      vertex -1.2111041052e-01 2.8376766603e-01 5.3280009470e-01
      vertex -1.5391050522e-01 3.0403923940e-01 5.2027157336e-01
    endloop
  endfacet
  facet normal -5.001420e-01 -8.397879e-01 2.112210e-01
    outer loop
      vertex -1.0847214114e-01 2.8433287990e-01 5.6497297825e-01
      vertex -1.4281291478e-01 3.0183769269e-01 5.5325571641e-01
      vertex -1.2111041052e-01 2.8376766603e-01 5.3280009470e-01
    endloop
  endfacet
  facet normal -6.304608e-01 -7.592464e-01 1.614436e-01
    outer loop
      vertex -1.7344511939e-01 3.2448838881e-01 5.4015550891e-01
      vertex -1.5391050522e-01 3.0403923940e-01 5.2027157336e-01
      vertex -1.4281291478e-01 3.0183769269e-01 5.5325571641e-01
    endloop
  endfacet
  facet normal -5.572841e-01 -8.196344e-01 1.327925e-01
    outer loop
      vertex -1.2111041052e-01 2.8376766603e-01 5.3280009470e-01
      vertex -1.4281291478e-01 3.0183769269e-01 5.5325571641e-01
      vertex -1.5391050522e-01 3.0403923940e-01 5.2027157336e-01
    endloop
  endfacet
  facet normal -3.824786e-01 -8.026783e-01 4.576217e-01
    outer loop
      vertex -7.7254248594e-02 2.9774575141e-01 6.2500000000e-01
      vertex -1.1349762493e-01 3.1051614499e-01 6.1710746272e-01
      vertex -9.3759641870e-02 2.8902213134e-01 5.9590343317e-01
    endloop
  endfacet
  facet normal -5.222192e-01 -7.421000e-01 4.202079e-01
    outer loop
      vertex -1.4694631307e-01 3.2795225994e-01 6.0633135104e-01
      vertex -1.2903040501e-01 3.0413707541e-01 5.8653825370e-01
      vertex -1.1349762493e-01 3.1051614499e-01 6.1710746272e-01
    endloop
  endfacet
  facet normal -4.450681e-01 -8.294800e-01 3.374572e-01
    outer loop
      vertex -1.0847214114e-01 2.8433287990e-01 5.6497297825e-01
      vertex -9.3759641870e-02 2.8902213134e-01 5.9590343317e-01
      vertex -1.2903040501e-01 3.0413707541e-01 5.8653825370e-01
    endloop
  endfacet
  facet normal -4.484825e-01 -8.016858e-01 3.951751e-01
    outer loop
      vertex -1.1349762493e-01 3.1051614499e-01 6.1710746272e-01
      vertex -1.2903040501e-01 3.0413707541e-01 5.8653825370e-01
      vertex -9.3759641870e-02 2.8902213134e-01 5.9590343317e-01
    endloop
  endfacet
  facet normal -7.599989e-01 -5.693580e-01 3.134218e-01
    outer loop
      vertex -2.0225424859e-01 3.7500000000e-01 5.7725424859e-01
      vertex -1.8966307504e-01 3.4829371268e-01 5.5927158134e-01
      vertex -1.7677669530e-01 3.4962476125e-01 5.9293700862e-01
    endloop
  endfacet
  facet normal -7.022584e-01 -6.705276e-01 2.392192e-01
    outer loop
      vertex -1.7344511939e-01 3.2448838881e-01 5.4015550891e-01
      vertex -1.6185297347e-01 3.2442253831e-01 5.7400114814e-01
      vertex -1.8966307504e-01 3.4829371268e-01 5.5927158134e-01
    endloop
  endfacet
  facet normal -6.491008e-01 -6.636828e-01 3.717435e-01
    outer loop
      vertex -1.4694631307e-01 3.2795225994e-01 6.0633135104e-01
      vertex -1.7677669530e-01 3.4962476125e-01 5.9293700862e-01
      vertex -1.6185297347e-01 3.2442253831e-01 5.7400114814e-01
    endloop
  endfacet
  facet normal -7.075762e-01 -6.415571e-01 2.962101e-01
    outer loop
      vertex -1.8966307504e-01 3.4829371268e-01 5.5927158134e-01
      vertex -1.6185297347e-01 3.2442253831e-01 5.7400114814e-01
      vertex -1.7677669530e-01 3.4962476125e-01 5.9293700862e-01
    endloop
  endfacet
  facet normal -5.084250e-01 -8.186344e-01 2.670988e-01
    outer loop
      vertex -1.0847214114e-01 2.8433287990e-01 5.6497297825e-01
      vertex -1.2903040501e-01 3.0413707541e-01 5.8653825370e-01
      vertex -1.4281291478e-01 3.0183769269e-01 5.5325571641e-01
    endloop
  endfacet
  facet normal -5.855635e-01 -7.312575e-01 3.498255e-01
    outer loop
      vertex -1.4694631307e-01 3.2795225994e-01 6.0633135104e-01
      vertex -1.6185297347e-01 3.2442253831e-01 5.7400114814e-01
      vertex -1.2903040501e-01 3.0413707541e-01 5.8653825370e-01
    endloop
  endfacet
  facet normal -6.387266e-01 -7.381036e-01 2.173281e-01
    outer loop
      vertex -1.7344511939e-01 3.2448838881e-01 5.4015550891e-01
      vertex -1.4281291478e-01 3.0183769269e-01 5.5325571641e-01
      vertex -1.6185297347e-01 3.2442253831e-01 5.7400114814e-01
    endloop
  endfacet
  facet normal -5.811538e-01 -7.591756e-01 2.931085e-01
    outer loop
      vertex -1.2903040501e-01 3.0413707541e-01 5.8653825370e-01
      vertex -1.6185297347e-01 3.2442253831e-01 5.7400114814e-01
      vertex -1.4281291478e-01 3.0183769269e-01 5.5325571641e-01
    endloop
  endfacet
  facet normal -8.117845e-02 -5.462496e-01 8.336794e-01
    outer loop
      vertex 0.0000000000e+00 3.6856722197e-01 7.1266270209e-01
      vertex -3.2800094703e-02 3.7888958948e-01 7.1623233397e-01
      vertex -2.0271573361e-02 3.4608949478e-01 6.9596076060e-01
    endloop
  endfacet
  facet normal -2.112210e-01 -5.001420e-01 8.397879e-01
    outer loop
      vertex -6.4972978252e-02 3.9152785886e-01 7.1566712010e-01
      vertex -5.3255716412e-02 3.5718708522e-01 6.9816230731e-01
      vertex -3.2800094703e-02 3.7888958948e-01 7.1623233397e-01
    endloop
  endfacet
  facet normal -1.614436e-01 -6.304608e-01 7.592464e-01
    outer loop
      vertex -4.0155508910e-02 3.2655488061e-01 6.7551161119e-01
      vertex -2.0271573361e-02 3.4608949478e-01 6.9596076060e-01
      vertex -5.3255716412e-02 3.5718708522e-01 6.9816230731e-01
    endloop
  endfacet
  facet normal -1.327925e-01 -5.572841e-01 8.196344e-01
    outer loop
      vertex -3.2800094703e-02 3.7888958948e-01 7.1623233397e-01
      vertex -5.3255716412e-02 3.5718708522e-01 6.9816230731e-01
      vertex -2.0271573361e-02 3.4608949478e-01 6.9596076060e-01
    endloop
  endfacet
  facet normal -4.576217e-01 -3.824786e-01 8.026783e-01
    outer loop
      vertex -1.2500000000e-01 4.2274575141e-01 7.0225424859e-01
      vertex -1.1710746272e-01 3.8650237507e-01 6.8948385501e-01
      vertex -9.5903433171e-02 4.0624035813e-01 7.1097786866e-01
    endloop
  endfacet
  facet normal -4.202079e-01 -5.222192e-01 7.421000e-01
    outer loop
      vertex -1.0633135104e-01 3.5305368693e-01 6.7204774006e-01
      vertex -8.6538253697e-02 3.7096959499e-01 6.9586292459e-01
      vertex -1.1710746272e-01 3.8650237507e-01 6.8948385501e-01
    endloop
  endfacet
  facet normal -3.374572e-01 -4.450681e-01 8.294800e-01
    outer loop
      vertex -6.4972978252e-02 3.9152785886e-01 7.1566712010e-01
      vertex -9.5903433171e-02 4.0624035813e-01 7.1097786866e-01
      vertex -8.6538253697e-02 3.7096959499e-01 6.9586292459e-01
    endloop
  endfacet
  facet normal -3.951751e-01 -4.484825e-01 8.016858e-01
    outer loop
      vertex -1.1710746272e-01 3.8650237507e-01 6.8948385501e-01
      vertex -8.6538253697e-02 3.7096959499e-01 6.9586292459e-01
      vertex -9.5903433171e-02 4.0624035813e-01 7.1097786866e-01
    endloop
  endfacet
  facet normal -3.134218e-01 -7.599989e-01 5.693580e-01
    outer loop
      vertex -7.7254248594e-02 2.9774575141e-01 6.2500000000e-01
      vertex -5.9271581338e-02 3.1033692496e-01 6.5170628732e-01
      vertex -9.2937008615e-02 3.2322330470e-01 6.5037523875e-01
    endloop
  endfacet
  facet normal -2.392192e-01 -7.022584e-01 6.705276e-01
    outer loop
      vertex -4.0155508910e-02 3.2655488061e-01 6.7551161119e-01
      vertex -7.4001148144e-02 3.3814702653e-01 6.7557746169e-01
      vertex -5.9271581338e-02 3.1033692496e-01 6.5170628732e-01
    endloop
  endfacet
  facet normal -3.717435e-01 -6.491008e-01 6.636828e-01
    outer loop
      vertex -1.0633135104e-01 3.5305368693e-01 6.7204774006e-01
      vertex -9.2937008615e-02 3.2322330470e-01 6.5037523875e-01
      vertex -7.4001148144e-02 3.3814702653e-01 6.7557746169e-01
    endloop
  endfacet
  facet normal -2.962101e-01 -7.075762e-01 6.415571e-01
    outer loop
      vertex -5.9271581338e-02 3.1033692496e-01 6.5170628732e-01
      vertex -7.4001148144e-02 3.3814702653e-01 6.7557746169e-01
      vertex -9.2937008615e-02 3.2322330470e-01 6.5037523875e-01
    endloop
  endfacet
  facet normal -2.670988e-01 -5.084250e-01 8.186344e-01
    outer loop
      vertex -6.4972978252e-02 3.9152785886e-01 7.1566712010e-01
      vertex -8.6538253697e-02 3.7096959499e-01 6.9586292459e-01
      vertex -5.3255716412e-02 3.5718708522e-01 6.9816230731e-01
    endloop
  endfacet
  facet normal -3.498255e-01 -5.855635e-01 7.312575e-01
    outer loop
      vertex -1.0633135104e-01 3.5305368693e-01 6.7204774006e-01
      vertex -7.4001148144e-02 3.3814702653e-01 6.7557746169e-01
      vertex -8.6538253697e-02 3.7096959499e-01 6.9586292459e-01
    endloop
  endfacet
  facet normal -2.173281e-01 -6.387266e-01 7.381036e-01
    outer loop
      vertex -4.0155508910e-02 3.2655488061e-01 6.7551161119e-01
      vertex -5.3255716412e-02 3.5718708522e-01 6.9816230731e-01
      vertex -7.4001148144e-02 3.3814702653e-01 6.7557746169e-01
    endloop
  endfacet
  facet normal -2.931085e-01 -5.811538e-01 7.591756e-01
    outer loop
      vertex -8.6538253697e-02 3.7096959499e-01 6.9586292459e-01
      vertex -7.4001148144e-02 3.3814702653e-01 6.7557746169e-01
      vertex -5.3255716412e-02 3.5718708522e-01 6.9816230731e-01
    endloop
  endfacet
  facet normal -8.336794e-01 -8.117845e-02 5.462496e-01
    outer loop
      vertex -2.1266270209e-01 5.0000000000e-01 6.3143277803e-01
      vertex -2.1623233397e-01 4.6719990530e-01 6.2111041052e-01
      vertex -1.9596076060e-01 4.7972842664e-01 6.5391050522e-01
    endloop
  endfacet
  facet normal -8.397879e-01 -2.112210e-01 5.001420e-01
    outer loop
      vertex -2.1566712010e-01 4.3502702175e-01 6.0847214114e-01
      vertex -1.9816230731e-01 4.4674428359e-01 6.4281291478e-01
      vertex -2.1623233397e-01 4.6719990530e-01 6.2111041052e-01
    endloop
  endfacet
  facet normal -7.592464e-01 -1.614436e-01 6.304608e-01
    outer loop
      vertex -1.7551161119e-01 4.5984449109e-01 6.7344511939e-01
      vertex -1.9596076060e-01 4.7972842664e-01 6.5391050522e-01
      vertex -1.9816230731e-01 4.4674428359e-01 6.4281291478e-01
    endloop
  endfacet
  facet normal -8.196344e-01 -1.327925e-01 5.572841e-01
    outer loop
      vertex -2.1623233397e-01 4.6719990530e-01 6.2111041052e-01
      vertex -1.9816230731e-01 4.4674428359e-01 6.4281291478e-01
      vertex -1.9596076060e-01 4.7972842664e-01 6.5391050522e-01
    endloop
  endfacet
  facet normal -8.026783e-01 -4.576217e-01 3.824786e-01
    outer loop
      vertex -2.0225424859e-01 3.7500000000e-01 5.7725424859e-01
      vertex -1.8948385501e-01 3.8289253728e-01 6.1349762493e-01
      vertex -2.1097786866e-01 4.0409656683e-01 5.9375964187e-01
    endloop
  endfacet
  facet normal -7.421000e-01 -4.202079e-01 5.222192e-01
    outer loop
      vertex -1.7204774006e-01 3.9366864896e-01 6.4694631307e-01
      vertex -1.9586292459e-01 4.1346174630e-01 6.2903040501e-01
      vertex -1.8948385501e-01 3.8289253728e-01 6.1349762493e-01
    endloop
  endfacet
  facet normal -8.294800e-01 -3.374572e-01 4.450681e-01
    outer loop
      vertex -2.1566712010e-01 4.3502702175e-01 6.0847214114e-01
      vertex -2.1097786866e-01 4.0409656683e-01 5.9375964187e-01
      vertex -1.9586292459e-01 4.1346174630e-01 6.2903040501e-01
    endloop
  endfacet
  facet normal -8.016858e-01 -3.951751e-01 4.484825e-01
    outer loop
      vertex -1.8948385501e-01 3.8289253728e-01 6.1349762493e-01
      vertex -1.9586292459e-01 4.1346174630e-01 6.2903040501e-01
      vertex -2.1097786866e-01 4.0409656683e-01 5.9375964187e-01
    endloop
  endfacet
  facet normal -5.693580e-01 -3.134218e-01 7.599989e-01
    outer loop
      vertex -1.2500000000e-01 4.2274575141e-01 7.0225424859e-01
      vertex -1.5170628732e-01 4.4072841866e-01 6.8966307504e-01
      vertex -1.5037523875e-01 4.0706299138e-01 6.7677669530e-01
    endloop
  endfacet
  facet normal -6.705276e-01 -2.392192e-01 7.022584e-01
    outer loop
      vertex -1.7551161119e-01 4.5984449109e-01 6.7344511939e-01
      vertex -1.7557746169e-01 4.2599885186e-01 6.6185297347e-01
      vertex -1.5170628732e-01 4.4072841866e-01 6.8966307504e-01
    endloop
  endfacet
  facet normal -6.636828e-01 -3.717435e-01 6.491008e-01
    outer loop
      vertex -1.7204774006e-01 3.9366864896e-01 6.4694631307e-01
      vertex -1.5037523875e-01 4.0706299138e-01 6.7677669530e-01
      vertex -1.7557746169e-01 4.2599885186e-01 6.6185297347e-01
    endloop
  endfacet
  facet normal -6.415571e-01 -2.962101e-01 7.075762e-01
    outer loop
      vertex -1.5170628732e-01 4.4072841866e-01 6.8966307504e-01
      vertex -1.7557746169e-01 4.2599885186e-01 6.6185297347e-01
      vertex -1.5037523875e-01 4.0706299138e-01 6.7677669530e-01
    endloop
  endfacet
  facet normal -8.186344e-01 -2.670988e-01 5.084250e-01
    outer loop
      vertex -2.1566712010e-01 4.3502702175e-01 6.0847214114e-01
      vertex -1.9586292459e-01 4.1346174630e-01 6.2903040501e-01
      vertex -1.9816230731e-01 4.4674428359e-01 6.4281291478e-01
    endloop
  endfacet
  facet normal -7.312575e-01 -3.498255e-01 5.855635e-01
    outer loop
      vertex -1.7204774006e-01 3.9366864896e-01 6.4694631307e-01
      vertex -1.7557746169e-01 4.2599885186e-01 6.6185297347e-01
      vertex -1.9586292459e-01 4.1346174630e-01 6.2903040501e-01
    endloop
  endfacet
  facet normal -7.381036e-01 -2.173281e-01 6.387266e-01
    outer loop
      vertex -1.7551161119e-01 4.5984449109e-01 6.7344511939e-01
      vertex -1.9816230731e-01 4.4674428359e-01 6.4281291478e-01
      vertex -1.7557746169e-01 4.2599885186e-01 6.6185297347e-01
    endloop
  endfacet
  facet normal -7.591756e-01 -2.931085e-01 5.811538e-01
    outer loop
      vertex -1.9586292459e-01 4.1346174630e-01 6.2903040501e-01
      vertex -1.7557746169e-01 4.2599885186e-01 6.6185297347e-01
      vertex -1.9816230731e-01 4.4674428359e-01 6.4281291478e-01
    endloop
  endfacet
  facet normal -3.822343e-01 -7.595136e-01 5.263422e-01
    outer loop
      vertex -7.7254248594e-02 2.9774575141e-01 6.2500000000e-01
      vertex -9.2937008615e-02 3.2322330470e-01 6.5037523875e-01
      vertex -1.1349762493e-01 3.1051614499e-01 6.1710746272e-01
    endloop
  endfacet
  facet normal -4.404610e-01 -6.486873e-01 6.206439e-01
    outer loop
      vertex -1.0633135104e-01 3.5305368693e-01 6.7204774006e-01
      vertex -1.2834386031e-01 3.3835555205e-01 6.4106355294e-01
      vertex -9.2937008615e-02 3.2322330470e-01 6.5037523875e-01
    endloop
  endfacet
  facet normal -5.218865e-01 -6.990111e-01 4.888946e-01
    outer loop
      vertex -1.4694631307e-01 3.2795225994e-01 6.0633135104e-01
      vertex -1.1349762493e-01 3.1051614499e-01 6.1710746272e-01
      vertex -1.2834386031e-01 3.3835555205e-01 6.4106355294e-01
    endloop
  endfacet
  facet normal -4.465169e-01 -7.084426e-01 5.465636e-01
    outer loop
      vertex -9.2937008615e-02 3.2322330470e-01 6.5037523875e-01
      vertex -1.2834386031e-01 3.3835555205e-01 6.4106355294e-01
      vertex -1.1349762493e-01 3.1051614499e-01 6.1710746272e-01
    endloop
  endfacet
  facet normal -5.263422e-01 -3.822343e-01 7.595136e-01
    outer loop
      vertex -1.2500000000e-01 4.2274575141e-01 7.0225424859e-01
      vertex -1.5037523875e-01 4.0706299138e-01 6.7677669530e-01
      vertex -1.1710746272e-01 3.8650237507e-01 6.8948385501e-01
    endloop
  endfacet
  facet normal -6.206439e-01 -4.404610e-01 6.486873e-01
    outer loop
      vertex -1.7204774006e-01 3.9366864896e-01 6.4694631307e-01
      vertex -1.4106355294e-01 3.7165613969e-01 6.6164444795e-01
      vertex -1.5037523875e-01 4.0706299138e-01 6.7677669530e-01
    endloop
  endfacet
  facet normal -4.888946e-01 -5.218865e-01 6.990111e-01
    outer loop
      vertex -1.0633135104e-01 3.5305368693e-01 6.7204774006e-01
      vertex -1.1710746272e-01 3.8650237507e-01 6.8948385501e-01
      vertex -1.4106355294e-01 3.7165613969e-01 6.6164444795e-01
    endloop
  endfacet
  facet normal -5.465636e-01 -4.465169e-01 7.084426e-01
    outer loop
      vertex -1.5037523875e-01 4.0706299138e-01 6.7677669530e-01
      vertex -1.4106355294e-01 3.7165613969e-01 6.6164444795e-01
      vertex -1.1710746272e-01 3.8650237507e-01 6.8948385501e-01
    endloop
  endfacet
  facet normal -7.595136e-01 -5.263422e-01 3.822343e-01
    outer loop
      vertex -2.0225424859e-01 3.7500000000e-01 5.7725424859e-01
      vertex -1.7677669530e-01 3.4962476125e-01 5.9293700862e-01
      vertex -1.8948385501e-01 3.8289253728e-01 6.1349762493e-01
    endloop
  endfacet
  facet normal -6.486873e-01 -6.206439e-01 4.404610e-01
    outer loop
      vertex -1.4694631307e-01 3.2795225994e-01 6.0633135104e-01
      vertex -1.6164444795e-01 3.5893644706e-01 6.2834386031e-01
      vertex -1.7677669530e-01 3.4962476125e-01 5.9293700862e-01
    endloop
  endfacet
  facet normal -6.990111e-01 -4.888946e-01 5.218865e-01
    outer loop
      vertex -1.7204774006e-01 3.9366864896e-01 6.4694631307e-01
      vertex -1.8948385501e-01 3.8289253728e-01 6.1349762493e-01
      vertex -1.6164444795e-01 3.5893644706e-01 6.2834386031e-01
    endloop
  endfacet
  facet normal -7.084426e-01 -5.465636e-01 4.465169e-01
    outer loop
      vertex -1.7677669530e-01 3.4962476125e-01 5.9293700862e-01
      vertex -1.6164444795e-01 3.5893644706e-01 6.2834386031e-01
      vertex -1.8948385501e-01 3.8289253728e-01 6.1349762493e-01
    endloop
  endfacet
  facet normal -5.037511e-01 -5.851588e-01 6.354715e-01
    outer loop
      vertex -1.0633135104e-01 3.5305368693e-01 6.7204774006e-01
      vertex -1.4106355294e-01 3.7165613969e-01 6.6164444795e-01
      vertex -1.2834386031e-01 3.3835555205e-01 6.4106355294e-01
    endloop
  endfacet
  facet normal -6.354715e-01 -5.037511e-01 5.851588e-01
    outer loop
      vertex -1.7204774006e-01 3.9366864896e-01 6.4694631307e-01
      vertex -1.6164444795e-01 3.5893644706e-01 6.2834386031e-01
      vertex -1.4106355294e-01 3.7165613969e-01 6.6164444795e-01
    endloop
  endfacet
  facet normal -5.851588e-01 -6.354715e-01 5.037511e-01
    outer loop
      vertex -1.4694631307e-01 3.2795225994e-01 6.0633135104e-01
      vertex -1.2834386031e-01 3.3835555205e-01 6.4106355294e-01
      vertex -1.6164444795e-01 3.5893644706e-01 6.2834386031e-01
    endloop
  endfacet
  facet normal -5.773503e-01 -5.773503e-01 5.773503e-01
    outer loop
      vertex -1.4106355294e-01 3.7165613969e-01 6.6164444795e-01
      vertex -1.6164444795e-01 3.5893644706e-01 6.2834386031e-01
      vertex -1.2834386031e-01 3.3835555205e-01 6.4106355294e-01
    endloop
  endfacet
  facet normal -8.117845e-02 -5.462496e-01 -8.336794e-01
    outer loop
      vertex 0.0000000000e+00 3.6856722197e-01 2.8733729791e-01
      vertex -2.0271573361e-02 3.4608949478e-01 3.0403923940e-01
      vertex -3.2800094703e-02 3.7888958948e-01 2.8376766603e-01
    endloop
  endfacet
  facet normal -1.614436e-01 -6.304608e-01 -7.592464e-01
    outer loop
      vertex -4.0155508910e-02 3.2655488061e-01 3.2448838881e-01
      vertex -5.3255716412e-02 3.5718708522e-01 3.0183769269e-01
      vertex -2.0271573361e-02 3.4608949478e-01 3.0403923940e-01
    endloop
  endfacet
  facet normal -2.112210e-01 -5.001420e-01 -8.397879e-01
    outer loop
      vertex -6.4972978252e-02 3.9152785886e-01 2.8433287990e-01
      vertex -3.2800094703e-02 3.7888958948e-01 2.8376766603e-01
      vertex -5.3255716412e-02 3.5718708522e-01 3.0183769269e-01
    endloop
  endfacet
  facet normal -1.327925e-01 -5.572841e-01 -8.196344e-01
    outer loop
      vertex -2.0271573361e-02 3.4608949478e-01 3.0403923940e-01
      vertex -5.3255716412e-02 3.5718708522e-01 3.0183769269e-01
      vertex -3.2800094703e-02 3.7888958948e-01 2.8376766603e-01
    endloop
  endfacet
  facet normal -3.134218e-01 -7.599989e-01 -5.693580e-01
    outer loop
      vertex -7.7254248594e-02 2.9774575141e-01 3.7500000000e-01
      vertex -9.2937008615e-02 3.2322330470e-01 3.4962476125e-01
      vertex -5.9271581338e-02 3.1033692496e-01 3.4829371268e-01
    endloop
  endfacet
  facet normal -3.717435e-01 -6.491008e-01 -6.636828e-01
    outer loop
      vertex -1.0633135104e-01 3.5305368693e-01 3.2795225994e-01
      vertex -7.4001148144e-02 3.3814702653e-01 3.2442253831e-01
      vertex -9.2937008615e-02 3.2322330470e-01 3.4962476125e-01
    endloop
  endfacet
  facet normal -2.392192e-01 -7.022584e-01 -6.705276e-01
    outer loop
      vertex -4.0155508910e-02 3.2655488061e-01 3.2448838881e-01
      vertex -5.9271581338e-02 3.1033692496e-01 3.4829371268e-01
      vertex -7.4001148144e-02 3.3814702653e-01 3.2442253831e-01
    endloop
  endfacet
  facet normal -2.962101e-01 -7.075762e-01 -6.415571e-01
    outer loop
      vertex -9.2937008615e-02 3.2322330470e-01 3.4962476125e-01
      vertex -7.4001148144e-02 3.3814702653e-01 3.2442253831e-01
      vertex -5.9271581338e-02 3.1033692496e-01 3.4829371268e-01
    endloop
  endfacet
  facet normal -4.576217e-01 -3.824786e-01 -8.026783e-01
    outer loop
      vertex -1.2500000000e-01 4.2274575141e-01 2.9774575141e-01
      vertex -9.5903433171e-02 4.0624035813e-01 2.8902213134e-01
      vertex -1.1710746272e-01 3.8650237507e-01 3.1051614499e-01
    endloop
  endfacet
  facet normal -3.374572e-01 -4.450681e-01 -8.294800e-01
    outer loop
      vertex -6.4972978252e-02 3.9152785886e-01 2.8433287990e-01
      vertex -8.6538253697e-02 3.7096959499e-01 3.0413707541e-01
      vertex -9.5903433171e-02 4.0624035813e-01 2.8902213134e-01
    endloop
  endfacet
  facet normal -4.202079e-01 -5.222192e-01 -7.421000e-01
    outer loop
      vertex -1.0633135104e-01 3.5305368693e-01 3.2795225994e-01
      vertex -1.1710746272e-01 3.8650237507e-01 3.1051614499e-01
      vertex -8.6538253697e-02 3.7096959499e-01 3.0413707541e-01
    endloop
  endfacet
  facet normal -3.951751e-01 -4.484825e-01 -8.016858e-01
    outer loop
      vertex -9.5903433171e-02 4.0624035813e-01 2.8902213134e-01
      vertex -8.6538253697e-02 3.7096959499e-01 3.0413707541e-01
      vertex -1.1710746272e-01 3.8650237507e-01 3.1051614499e-01
    endloop
  endfacet
  facet normal -2.173281e-01 -6.387266e-01 -7.381036e-01
    outer loop
      vertex -4.0155508910e-02 3.2655488061e-01 3.2448838881e-01
      vertex -7.4001148144e-02 3.3814702653e-01 3.2442253831e-01
      vertex -5.3255716412e-02 3.5718708522e-01 3.0183769269e-01
    endloop
  endfacet
  facet normal -3.498255e-01 -5.855635e-01 -7.312575e-01
    outer loop
      vertex -1.0633135104e-01 3.5305368693e-01 3.2795225994e-01
      vertex -8.6538253697e-02 3.7096959499e-01 3.0413707541e-01
      vertex -7.4001148144e-02 3.3814702653e-01 3.2442253831e-01
    endloop
  endfacet
  facet normal -2.670988e-01 -5.084250e-01 -8.186344e-01
    outer loop
      vertex -6.4972978252e-02 3.9152785886e-01 2.8433287990e-01
      vertex -5.3255716412e-02 3.5718708522e-01 3.0183769269e-01
      vertex -8.6538253697e-02 3.7096959499e-01 3.0413707541e-01
    endloop
  endfacet
  facet normal -2.931085e-01 -5.811538e-01 -7.591756e-01
    outer loop
      vertex -7.4001148144e-02 3.3814702653e-01 3.2442253831e-01
      vertex -8.6538253697e-02 3.7096959499e-01 3.0413707541e-01
      vertex -5.3255716412e-02 3.5718708522e-01 3.0183769269e-01
    endloop
  endfacet
  facet normal -5.462496e-01 -8.336794e-01 -8.117845e-02
    outer loop
      vertex -1.3143277803e-01 2.8733729791e-01 5.0000000000e-01
      vertex -1.5391050522e-01 3.0403923940e-01 4.7972842664e-01
      vertex -1.2111041052e-01 2.8376766603e-01 4.6719990530e-01
    endloop
  endfacet
  facet normal -6.304608e-01 -7.592464e-01 -1.614436e-01
    outer loop
      vertex -1.7344511939e-01 3.2448838881e-01 4.5984449109e-01
      vertex -1.4281291478e-01 3.0183769269e-01 4.4674428359e-01
      vertex -1.5391050522e-01 3.0403923940e-01 4.7972842664e-01
    endloop
  endfacet
  facet normal -5.001420e-01 -8.397879e-01 -2.112210e-01
    outer loop
      vertex -1.0847214114e-01 2.8433287990e-01 4.3502702175e-01
      vertex -1.2111041052e-01 2.8376766603e-01 4.6719990530e-01
      vertex -1.4281291478e-01 3.0183769269e-01 4.4674428359e-01
    endloop
  endfacet
  facet normal -5.572841e-01 -8.196344e-01 -1.327925e-01
    outer loop
      vertex -1.5391050522e-01 3.0403923940e-01 4.7972842664e-01
      vertex -1.4281291478e-01 3.0183769269e-01 4.4674428359e-01
      vertex -1.2111041052e-01 2.8376766603e-01 4.6719990530e-01
    endloop
  endfacet
  facet normal -7.599989e-01 -5.693580e-01 -3.134218e-01
    outer loop
      vertex -2.0225424859e-01 3.7500000000e-01 4.2274575141e-01
      vertex -1.7677669530e-01 3.4962476125e-01 4.0706299138e-01
      vertex -1.8966307504e-01 3.4829371268e-01 4.4072841866e-01
    endloop
  endfacet
  facet normal -6.491008e-01 -6.636828e-01 -3.717435e-01
    outer loop
      vertex -1.4694631307e-01 3.2795225994e-01 3.9366864896e-01
      vertex -1.6185297347e-01 3.2442253831e-01 4.2599885186e-01
      vertex -1.7677669530e-01 3.4962476125e-01 4.0706299138e-01
    endloop
  endfacet
  facet normal -7.022584e-01 -6.705276e-01 -2.392192e-01
    outer loop
      vertex -1.7344511939e-01 3.2448838881e-01 4.5984449109e-01
      vertex -1.8966307504e-01 3.4829371268e-01 4.4072841866e-01
      vertex -1.6185297347e-01 3.2442253831e-01 4.2599885186e-01
    endloop
  endfacet
  facet normal -7.075762e-01 -6.415571e-01 -2.962101e-01
    outer loop
      vertex -1.7677669530e-01 3.4962476125e-01 4.0706299138e-01
      vertex -1.6185297347e-01 3.2442253831e-01 4.2599885186e-01
      vertex -1.8966307504e-01 3.4829371268e-01 4.4072841866e-01
    endloop
  endfacet
  facet normal -3.824786e-01 -8.026783e-01 -4.576217e-01
    outer loop
      vertex -7.7254248594e-02 2.9774575141e-01 3.7500000000e-01
      vertex -9.3759641870e-02 2.8902213134e-01 4.0409656683e-01
      vertex -1.1349762493e-01 3.1051614499e-01 3.8289253728e-01
    endloop
  endfacet
  facet normal -4.450681e-01 -8.294800e-01 -3.374572e-01
    outer loop
      vertex -1.0847214114e-01 2.8433287990e-01 4.3502702175e-01
      vertex -1.2903040501e-01 3.0413707541e-01 4.1346174630e-01
      vertex -9.3759641870e-02 2.8902213134e-01 4.0409656683e-01
    endloop
  endfacet
  facet normal -5.222192e-01 -7.421000e-01 -4.202079e-01
    outer loop
      vertex -1.4694631307e-01 3.2795225994e-01 3.9366864896e-01
      vertex -1.1349762493e-01 3.1051614499e-01 3.8289253728e-01
      vertex -1.2903040501e-01 3.0413707541e-01 4.1346174630e-01
    endloop
  endfacet
  facet normal -4.484825e-01 -8.016858e-01 -3.951751e-01
    outer loop
      vertex -9.3759641870e-02 2.8902213134e-01 4.0409656683e-01
      vertex -1.2903040501e-01 3.0413707541e-01 4.1346174630e-01
      vertex -1.1349762493e-01 3.1051614499e-01 3.8289253728e-01
    endloop
  endfacet
  facet normal -6.387266e-01 -7.381036e-01 -2.173281e-01
    outer loop
      vertex -1.7344511939e-01 3.2448838881e-01 4.5984449109e-01
      vertex -1.6185297347e-01 3.2442253831e-01 4.2599885186e-01
      vertex -1.4281291478e-01 3.0183769269e-01 4.4674428359e-01
    endloop
  endfacet
  facet normal -5.855635e-01 -7.312575e-01 -3.498255e-01
    outer loop
      vertex -1.4694631307e-01 3.2795225994e-01 3.9366864896e-01
      vertex -1.2903040501e-01 3.0413707541e-01 4.1346174630e-01
      vertex -1.6185297347e-01 3.2442253831e-01 4.2599885186e-01
    endloop
  endfacet
  facet normal -5.084250e-01 -8.186344e-01 -2.670988e-01
    outer loop
      vertex -1.0847214114e-01 2.8433287990e-01 4.3502702175e-01
      vertex -1.4281291478e-01 3.0183769269e-01 4.4674428359e-01
      vertex -1.2903040501e-01 3.0413707541e-01 4.1346174630e-01
    endloop
  endfacet
  facet normal -5.811538e-01 -7.591756e-01 -2.931085e-01
    outer loop
      vertex -1.6185297347e-01 3.2442253831e-01 4.2599885186e-01
      vertex -1.2903040501e-01 3.0413707541e-01 4.1346174630e-01
      vertex -1.4281291478e-01 3.0183769269e-01 4.4674428359e-01
    endloop
  endfacet
  facet normal -8.336794e-01 -8.117845e-02 -5.462496e-01
    outer loop
      vertex -2.1266270209e-01 5.0000000000e-01 3.6856722197e-01
      vertex -1.9596076060e-01 4.7972842664e-01 3.4608949478e-01
      vertex -2.1623233397e-01 4.6719990530e-01 3.7888958948e-01
    endloop
  endfacet
  facet normal -7.592464e-01 -1.614436e-01 -6.304608e-01
    outer loop
      vertex -1.7551161119e-01 4.5984449109e-01 3.2655488061e-01
      vertex -1.9816230731e-01 4.4674428359e-01 3.5718708522e-01
      vertex -1.9596076060e-01 4.7972842664e-01 3.4608949478e-01
    endloop
  endfacet
  facet normal -8.397879e-01 -2.112210e-01 -5.001420e-01
    outer loop
      vertex -2.1566712010e-01 4.3502702175e-01 3.9152785886e-01
      vertex -2.1623233397e-01 4.6719990530e-01 3.7888958948e-01
      vertex -1.9816230731e-01 4.4674428359e-01 3.5718708522e-01
    endloop
  endfacet
  facet normal -8.196344e-01 -1.327925e-01 -5.572841e-01
    outer loop
      vertex -1.9596076060e-01 4.7972842664e-01 3.4608949478e-01
      vertex -1.9816230731e-01 4.4674428359e-01 3.5718708522e-01
      vertex -2.1623233397e-01 4.6719990530e-01 3.7888958948e-01
    endloop
  endfacet
  facet normal -5.693580e-01 -3.134218e-01 -7.599989e-01
    outer loop
      vertex -1.2500000000e-01 4.2274575141e-01 2.9774575141e-01
      vertex -1.5037523875e-01 4.0706299138e-01 3.2322330470e-01
      vertex -1.5170628732e-01 4.4072841866e-01 3.1033692496e-01
    endloop
  endfacet
  facet normal -6.636828e-01 -3.717435e-01 -6.491008e-01
    outer loop
      vertex -1.7204774006e-01 3.9366864896e-01 3.5305368693e-01
      vertex -1.7557746169e-01 4.2599885186e-01 3.3814702653e-01
      vertex -1.5037523875e-01 4.0706299138e-01 3.2322330470e-01
    endloop
  endfacet
  facet normal -6.705276e-01 -2.392192e-01 -7.022584e-01
    outer loop
      vertex -1.7551161119e-01 4.5984449109e-01 3.2655488061e-01
      vertex -1.5170628732e-01 4.4072841866e-01 3.1033692496e-01
      vertex -1.7557746169e-01 4.2599885186e-01 3.3814702653e-01
    endloop
  endfacet
  facet normal -6.415571e-01 -2.962101e-01 -7.075762e-01
    outer loop
      vertex -1.5037523875e-01 4.0706299138e-01 3.2322330470e-01
      vertex -1.7557746169e-01 4.2599885186e-01 3.3814702653e-01
      vertex -1.5170628732e-01 4.4072841866e-01 3.1033692496e-01
    endloop
  endfacet
  facet normal -8.026783e-01 -4.576217e-01 -3.824786e-01
    outer loop
      vertex -2.0225424859e-01 3.7500000000e-01 4.2274575141e-01
      vertex -2.1097786866e-01 4.0409656683e-01 4.0624035813e-01
      vertex -1.8948385501e-01 3.8289253728e-01 3.8650237507e-01
    endloop
  endfacet
  facet normal -8.294800e-01 -3.374572e-01 -4.450681e-01
    outer loop
      vertex -2.1566712010e-01 4.3502702175e-01 3.9152785886e-01
      vertex -1.9586292459e-01 4.1346174630e-01 3.7096959499e-01
      vertex -2.1097786866e-01 4.0409656683e-01 4.0624035813e-01
    endloop
  endfacet
  facet normal -7.421000e-01 -4.202079e-01 -5.222192e-01
    outer loop
      vertex -1.7204774006e-01 3.9366864896e-01 3.5305368693e-01
      vertex -1.8948385501e-01 3.8289253728e-01 3.8650237507e-01
      vertex -1.9586292459e-01 4.1346174630e-01 3.7096959499e-01
    endloop
  endfacet
  facet normal -8.016858e-01 -3.951751e-01 -4.484825e-01
    outer loop
      vertex -2.1097786866e-01 4.0409656683e-01 4.0624035813e-01
      vertex -1.9586292459e-01 4.1346174630e-01 3.7096959499e-01
      vertex -1.8948385501e-01 3.8289253728e-01 3.8650237507e-01
    endloop
  endfacet
  facet normal -7.381036e-01 -2.173281e-01 -6.387266e-01
    outer loop
      vertex -1.7551161119e-01 4.5984449109e-01 3.2655488061e-01
      vertex -1.7557746169e-01 4.2599885186e-01 3.3814702653e-01
      vertex -1.9816230731e-01 4.4674428359e-01 3.5718708522e-01
    endloop
  endfacet
  facet normal -7.312575e-01 -3.498255e-01 -5.855635e-01
    outer loop
      vertex -1.7204774006e-01 3.9366864896e-01 3.5305368693e-01
      vertex -1.9586292459e-01 4.1346174630e-01 3.7096959499e-01
      vertex -1.7557746169e-01 4.2599885186e-01 3.3814702653e-01
    endloop
  endfacet
  facet normal -8.186344e-01 -2.670988e-01 -5.084250e-01
    outer loop
      vertex -2.1566712010e-01 4.3502702175e-01 3.9152785886e-01
      vertex -1.9816230731e-01 4.4674428359e-01 3.5718708522e-01
      vertex -1.9586292459e-01 4.1346174630e-01 3.7096959499e-01
    endloop
  endfacet
  facet normal -7.591756e-01 -2.931085e-01 -5.811538e-01
    outer loop
      vertex -1.7557746169e-01 4.2599885186e-01 3.3814702653e-01
      vertex -1.9586292459e-01 4.1346174630e-01 3.7096959499e-01
      vertex -1.9816230731e-01 4.4674428359e-01 3.5718708522e-01
    endloop
  endfacet
  facet normal -3.822343e-01 -7.595136e-01 -5.263422e-01
    outer loop
      vertex -7.7254248594e-02 2.9774575141e-01 3.7500000000e-01
      vertex -1.1349762493e-01 3.1051614499e-01 3.8289253728e-01
      vertex -9.2937008615e-02 3.2322330470e-01 3.4962476125e-01
    endloop
  endfacet
  facet normal -5.218865e-01 -6.990111e-01 -4.888946e-01
    outer loop
      vertex -1.4694631307e-01 3.2795225994e-01 3.9366864896e-01
      vertex -1.2834386031e-01 3.3835555205e-01 3.5893644706e-01
      vertex -1.1349762493e-01 3.1051614499e-01 3.8289253728e-01
    endloop
  endfacet
  facet normal -4.404610e-01 -6.486873e-01 -6.206439e-01
    outer loop
      vertex -1.0633135104e-01 3.5305368693e-01 3.2795225994e-01
      vertex -9.2937008615e-02 3.2322330470e-01 3.4962476125e-01
      vertex -1.2834386031e-01 3.3835555205e-01 3.5893644706e-01
    endloop
  endfacet
  facet normal -4.465169e-01 -7.084426e-01 -5.465636e-01
    outer loop
      vertex -1.1349762493e-01 3.1051614499e-01 3.8289253728e-01
      vertex -1.2834386031e-01 3.3835555205e-01 3.5893644706e-01
      vertex -9.2937008615e-02 3.2322330470e-01 3.4962476125e-01
    endloop
  endfacet
  facet normal -7.595136e-01 -5.263422e-01 -3.822343e-01
    outer loop
      vertex -2.0225424859e-01 3.7500000000e-01 4.2274575141e-01
      vertex -1.8948385501e-01 3.8289253728e-01 3.8650237507e-01
      vertex -1.7677669530e-01 3.4962476125e-01 4.0706299138e-01
    endloop
  endfacet
  facet normal -6.990111e-01 -4.888946e-01 -5.218865e-01
    outer loop
      vertex -1.7204774006e-01 3.9366864896e-01 3.5305368693e-01
      vertex -1.6164444795e-01 3.5893644706e-01 3.7165613969e-01
      vertex -1.8948385501e-01 3.8289253728e-01 3.8650237507e-01
    endloop
  endfacet
  facet normal -6.486873e-01 -6.206439e-01 -4.404610e-01
    outer loop
      vertex -1.4694631307e-01 3.2795225994e-01 3.9366864896e-01
      vertex -1.7677669530e-01 3.4962476125e-01 4.0706299138e-01
      vertex -1.6164444795e-01 3.5893644706e-01 3.7165613969e-01
    endloop
  endfacet
  facet normal -7.084426e-01 -5.465636e-01 -4.465169e-01
    outer loop
      vertex -1.8948385501e-01 3.8289253728e-01 3.8650237507e-01
      vertex -1.6164444795e-01 3.5893644706e-01 3.7165613969e-01
      vertex -1.7677669530e-01 3.4962476125e-01 4.0706299138e-01
    endloop
  endfacet
  facet normal -5.263422e-01 -3.822343e-01 -7.595136e-01
    outer loop
      vertex -1.2500000000e-01 4.2274575141e-01 2.9774575141e-01
      vertex -1.1710746272e-01 3.8650237507e-01 3.1051614499e-01
      vertex -1.5037523875e-01 4.0706299138e-01 3.2322330470e-01
    endloop
  endfacet
  facet normal -4.888946e-01 -5.218865e-01 -6.990111e-01
    outer loop
      vertex -1.0633135104e-01 3.5305368693e-01 3.2795225994e-01
      vertex -1.4106355294e-01 3.7165613969e-01 3.3835555205e-01
      vertex -1.1710746272e-01 3.8650237507e-01 3.1051614499e-01
    endloop
  endfacet
  facet normal -6.206439e-01 -4.404610e-01 -6.486873e-01
    outer loop
      vertex -1.7204774006e-01 3.9366864896e-01 3.5305368693e-01
      vertex -1.5037523875e-01 4.0706299138e-01 3.2322330470e-01
      vertex -1.4106355294e-01 3.7165613969e-01 3.3835555205e-01
    endloop
  endfacet
  facet normal -5.465636e-01 -4.465169e-01 -7.084426e-01
    outer loop
      vertex -1.1710746272e-01 3.8650237507e-01 3.1051614499e-01
      vertex -1.4106355294e-01 3.7165613969e-01 3.3835555205e-01
      vertex -1.5037523875e-01 4.0706299138e-01 3.2322330470e-01
    endloop
  endfacet
  facet normal -5.851588e-01 -6.354715e-01 -5.037511e-01
    outer loop
      vertex -1.4694631307e-01 3.2795225994e-01 3.9366864896e-01
      vertex -1.6164444795e-01 3.5893644706e-01 3.7165613969e-01
      vertex -1.2834386031e-01 3.3835555205e-01 3.5893644706e-01
    endloop
  endfacet
  facet normal -6.354715e-01 -5.037511e-01 -5.851588e-01
    outer loop
      vertex -1.7204774006e-01 3.9366864896e-01 3.5305368693e-01
      vertex -1.4106355294e-01 3.7165613969e-01 3.3835555205e-01
      vertex -1.6164444795e-01 3.5893644706e-01 3.7165613969e-01
    endloop
  endfacet
  facet normal -5.037511e-01 -5.851588e-01 -6.354715e-01
    outer loop
      vertex -1.0633135104e-01 3.5305368693e-01 3.2795225994e-01
      vertex -1.2834386031e-01 3.3835555205e-01 3.5893644706e-01
      vertex -1.4106355294e-01 3.7165613969e-01 3.3835555205e-01
    endloop
  endfacet
  facet normal -5.773503e-01 -5.773503e-01 -5.773503e-01
    outer loop
      vertex -1.6164444795e-01 3.5893644706e-01 3.7165613969e-01
      vertex -1.4106355294e-01 3.7165613969e-01 3.3835555205e-01
      vertex -1.2834386031e-01 3.3835555205e-01 3.5893644706e-01
    endloop
  endfacet
  facet normal 8.026720e-01 0.000000e+00 -5.964207e-01
    outer loop
      vertex 2.1266270209e-01 5.0000000000e-01 3.6856722197e-01
      vertex 1.9596076060e-01 4.7972842664e-01 3.4608949478e-01
      vertex 1.9596076060e-01 5.2027157336e-01 3.4608949478e-01
    endloop
  endfacet
  facet normal 7.283445e-01 -8.054149e-02 -6.804611e-01
    outer loop
      vertex 1.7551161119e-01 4.5984449109e-01 3.2655488061e-01
      vertex 1.7782043374e-01 5.0000000000e-01 3.2427324238e-01
      vertex 1.9596076060e-01 4.7972842664e-01 3.4608949478e-01
    endloop
  endfacet
  facet normal 7.283445e-01 8.054149e-02 -6.804611e-01
    outer loop
      vertex 1.7551161119e-01 5.4015550891e-01 3.2655488061e-01
      vertex 1.9596076060e-01 5.2027157336e-01 3.4608949478e-01
      vertex 1.7782043374e-01 5.0000000000e-01 3.2427324238e-01
    endloop
  endfacet
  facet normal 7.689122e-01 0.000000e+00 -6.393544e-01
    outer loop
      vertex 1.9596076060e-01 4.7972842664e-01 3.4608949478e-01
      vertex 1.7782043374e-01 5.0000000000e-01 3.2427324238e-01
      vertex 1.9596076060e-01 5.2027157336e-01 3.4608949478e-01
    endloop
  endfacet
  facet normal 5.387620e-01 -2.333204e-01 -8.095043e-01
    outer loop
      vertex 1.2500000000e-01 4.2274575141e-01 2.9774575141e-01
      vertex 1.2981462243e-01 4.6089138374e-01 2.8995552867e-01
      vertex 1.5170628732e-01 4.4072841866e-01 3.1033692496e-01
    endloop
  endfacet
  facet normal 5.516422e-01 -7.841715e-02 -8.303865e-01
    outer loop
      vertex 1.3143277803e-01 5.0000000000e-01 2.8733729791e-01
      vertex 1.5505989565e-01 4.7971453710e-01 3.0494890732e-01
      vertex 1.2981462243e-01 4.6089138374e-01 2.8995552867e-01
    endloop
  endfacet
  facet normal 6.398684e-01 -1.589524e-01 -7.518660e-01
    outer loop
      vertex 1.7551161119e-01 4.5984449109e-01 3.2655488061e-01
      vertex 1.5170628732e-01 4.4072841866e-01 3.1033692496e-01
      vertex 1.5505989565e-01 4.7971453710e-01 3.0494890732e-01
    endloop
  endfacet
  facet normal 5.895786e-01 -1.601287e-01 -7.916792e-01
    outer loop
      vertex 1.2981462243e-01 4.6089138374e-01 2.8995552867e-01
      vertex 1.5505989565e-01 4.7971453710e-01 3.0494890732e-01
      vertex 1.5170628732e-01 4.4072841866e-01 3.1033692496e-01
    endloop
  endfacet
  facet normal 5.387620e-01 2.333204e-01 -8.095043e-01
    outer loop
      vertex 1.2500000000e-01 5.7725424859e-01 2.9774575141e-01
      vertex 1.5170628732e-01 5.5927158134e-01 3.1033692496e-01
      vertex 1.2981462243e-01 5.3910861626e-01 2.8995552867e-01
    endloop
  endfacet
  facet normal 6.398684e-01 1.589524e-01 -7.518660e-01
    outer loop
      vertex 1.7551161119e-01 5.4015550891e-01 3.2655488061e-01
      vertex 1.5505989565e-01 5.2028546290e-01 3.0494890732e-01
      vertex 1.5170628732e-01 5.5927158134e-01 3.1033692496e-01
    endloop
  endfacet
  facet normal 5.516422e-01 7.841715e-02 -8.303865e-01
    outer loop
      vertex 1.3143277803e-01 5.0000000000e-01 2.8733729791e-01
      vertex 1.2981462243e-01 5.3910861626e-01 2.8995552867e-01
      vertex 1.5505989565e-01 5.2028546290e-01 3.0494890732e-01
    endloop
  endfacet
  facet normal 5.895786e-01 1.601287e-01 -7.916792e-01
    outer loop
      vertex 1.5170628732e-01 5.5927158134e-01 3.1033692496e-01
      vertex 1.5505989565e-01 5.2028546290e-01 3.0494890732e-01
      vertex 1.2981462243e-01 5.3910861626e-01 2.8995552867e-01
    endloop
  endfacet
  facet normal 6.858517e-01 -8.053079e-02 -7.232719e-01
    outer loop
      vertex 1.7551161119e-01 4.5984449109e-01 3.2655488061e-01
      vertex 1.5505989565e-01 4.7971453710e-01 3.0494890732e-01
      vertex 1.7782043374e-01 5.0000000000e-01 3.2427324238e-01
    endloop
  endfacet
  facet normal 5.976360e-01 0.000000e+00 -8.017675e-01
    outer loop
      vertex 1.3143277803e-01 5.0000000000e-01 2.8733729791e-01
      vertex 1.5505989565e-01 5.2028546290e-01 3.0494890732e-01
      vertex 1.5505989565e-01 4.7971453710e-01 3.0494890732e-01
    endloop
  endfacet
  facet normal 6.858517e-01 8.053079e-02 -7.232719e-01
    outer loop
      vertex 1.7551161119e-01 5.4015550891e-01 3.2655488061e-01
      vertex 1.7782043374e-01 5.0000000000e-01 3.2427324238e-01
      vertex 1.5505989565e-01 5.2028546290e-01 3.0494890732e-01
    endloop
  endfacet
  facet normal 6.472182e-01 0.000000e+00 -7.623048e-01
    outer loop
      vertex 1.5505989565e-01 4.7971453710e-01 3.0494890732e-01
      vertex 1.5505989565e-01 5.2028546290e-01 3.0494890732e-01
      vertex 1.7782043374e-01 5.0000000000e-01 3.2427324238e-01
    endloop
  endfacet
  facet normal 5.017104e-02 -4.650712e-01 -8.838505e-01
    outer loop
      vertex 0.0000000000e+00 3.6856722197e-01 2.8733729791e-01
      vertex 0.0000000000e+00 3.9916116285e-01 2.7123914469e-01
      vertex 3.2800094703e-02 3.7888958948e-01 2.8376766603e-01
    endloop
  endfacet
  facet normal 5.000027e-02 -3.386983e-01 -9.395655e-01
    outer loop
      vertex 0.0000000000e+00 4.3168336777e-01 2.5951541055e-01
      vertex 3.2913842838e-02 4.1044280163e-01 2.6892384985e-01
      vertex 0.0000000000e+00 3.9916116285e-01 2.7123914469e-01
    endloop
  endfacet
  facet normal 1.803191e-01 -4.192398e-01 -8.897882e-01
    outer loop
      vertex 6.4972978252e-02 3.9152785886e-01 2.8433287990e-01
      vertex 3.2800094703e-02 3.7888958948e-01 2.8376766603e-01
      vertex 3.2913842838e-02 4.1044280163e-01 2.6892384985e-01
    endloop
  endfacet
  facet normal 8.207030e-02 -4.244916e-01 -9.017047e-01
    outer loop
      vertex 0.0000000000e+00 3.9916116285e-01 2.7123914469e-01
      vertex 3.2913842838e-02 4.1044280163e-01 2.6892384985e-01
      vertex 3.2800094703e-02 3.7888958948e-01 2.8376766603e-01
    endloop
  endfacet
  facet normal 4.950537e-02 -6.905681e-02 -9.963836e-01
    outer loop
      vertex 0.0000000000e+00 5.0000000000e-01 2.5000000000e-01
      vertex 3.3267776035e-02 4.7943938368e-01 2.5307791485e-01
      vertex 0.0000000000e+00 4.6551193947e-01 2.5239027951e-01
    endloop
  endfacet
  facet normal 1.812856e-01 -1.504758e-01 -9.718501e-01
    outer loop
      vertex 6.5716389015e-02 4.5938503797e-01 2.6223587093e-01
      vertex 3.3198119207e-02 4.4497074313e-01 2.5840185065e-01
      vertex 3.3267776035e-02 4.7943938368e-01 2.5307791485e-01
    endloop
  endfacet
  facet normal 4.960764e-02 -2.058489e-01 -9.773256e-01
    outer loop
      vertex 0.0000000000e+00 4.3168336777e-01 2.5951541055e-01
      vertex 0.0000000000e+00 4.6551193947e-01 2.5239027951e-01
      vertex 3.3198119207e-02 4.4497074313e-01 2.5840185065e-01
    endloop
  endfacet
  facet normal 8.410292e-02 -1.522724e-01 -9.847537e-01
    outer loop
      vertex 3.3267776035e-02 4.7943938368e-01 2.5307791485e-01
      vertex 3.3198119207e-02 4.4497074313e-01 2.5840185065e-01
      vertex 0.0000000000e+00 4.6551193947e-01 2.5239027951e-01
    endloop
  endfacet
  facet normal 4.270257e-01 -3.023772e-01 -8.521837e-01
    outer loop
      vertex 1.2500000000e-01 4.2274575141e-01 2.9774575141e-01
      vertex 9.5903433171e-02 4.0624035813e-01 2.8902213134e-01
      vertex 9.6546846397e-02 4.4033076742e-01 2.7724836895e-01
    endloop
  endfacet
  facet normal 3.067980e-01 -3.648012e-01 -8.790876e-01
    outer loop
      vertex 6.4972978252e-02 3.9152785886e-01 2.8433287990e-01
      vertex 6.6020687665e-02 4.2468528023e-01 2.7093895620e-01
      vertex 9.5903433171e-02 4.0624035813e-01 2.8902213134e-01
    endloop
  endfacet
  facet normal 3.081672e-01 -2.288929e-01 -9.233856e-01
    outer loop
      vertex 6.5716389015e-02 4.5938503797e-01 2.6223587093e-01
      vertex 9.6546846397e-02 4.4033076742e-01 2.7724836895e-01
      vertex 6.6020687665e-02 4.2468528023e-01 2.7093895620e-01
    endloop
  endfacet
  facet normal 3.431966e-01 -3.124011e-01 -8.857887e-01
    outer loop
      vertex 9.5903433171e-02 4.0624035813e-01 2.8902213134e-01
      vertex 6.6020687665e-02 4.2468528023e-01 2.7093895620e-01
      vertex 9.6546846397e-02 4.4033076742e-01 2.7724836895e-01
    endloop
  endfacet
  facet normal 8.454536e-02 -2.910970e-01 -9.529505e-01
    outer loop
      vertex 0.0000000000e+00 4.3168336777e-01 2.5951541055e-01
      vertex 3.3198119207e-02 4.4497074313e-01 2.5840185065e-01
      vertex 3.2913842838e-02 4.1044280163e-01 2.6892384985e-01
    endloop
  endfacet
  facet normal 2.162041e-01 -2.357379e-01 -9.474616e-01
    outer loop
      vertex 6.5716389015e-02 4.5938503797e-01 2.6223587093e-01
      vertex 6.6020687665e-02 4.2468528023e-01 2.7093895620e-01
      vertex 3.3198119207e-02 4.4497074313e-01 2.5840185065e-01
    endloop
  endfacet
  facet normal 2.148469e-01 -3.716277e-01 -9.031797e-01
    outer loop
      vertex 6.4972978252e-02 3.9152785886e-01 2.8433287990e-01
      vertex 3.2913842838e-02 4.1044280163e-01 2.6892384985e-01
      vertex 6.6020687665e-02 4.2468528023e-01 2.7093895620e-01
    endloop
  endfacet
  facet normal 1.811510e-01 -2.880454e-01 -9.403266e-01
    outer loop
      vertex 3.3198119207e-02 4.4497074313e-01 2.5840185065e-01
      vertex 6.6020687665e-02 4.2468528023e-01 2.7093895620e-01
      vertex 3.2913842838e-02 4.1044280163e-01 2.6892384985e-01
    endloop
  endfacet
  facet normal 5.017104e-02 4.650712e-01 -8.838505e-01
    outer loop
      vertex 0.0000000000e+00 6.3143277803e-01 2.8733729791e-01
      vertex 3.2800094703e-02 6.2111041052e-01 2.8376766603e-01
      vertex 0.0000000000e+00 6.0083883715e-01 2.7123914469e-01
    endloop
  endfacet
  facet normal 1.803191e-01 4.192398e-01 -8.897882e-01
    outer loop
      vertex 6.4972978252e-02 6.0847214114e-01 2.8433287990e-01
      vertex 3.2913842838e-02 5.8955719837e-01 2.6892384985e-01
      vertex 3.2800094703e-02 6.2111041052e-01 2.8376766603e-01
    endloop
  endfacet
  facet normal 5.000027e-02 3.386983e-01 -9.395655e-01
    outer loop
      vertex 0.0000000000e+00 5.6831663223e-01 2.5951541055e-01
      vertex 0.0000000000e+00 6.0083883715e-01 2.7123914469e-01
      vertex 3.2913842838e-02 5.8955719837e-01 2.6892384985e-01
    endloop
  endfacet
  facet normal 8.207030e-02 4.244916e-01 -9.017047e-01
    outer loop
      vertex 3.2800094703e-02 6.2111041052e-01 2.8376766603e-01
      vertex 3.2913842838e-02 5.8955719837e-01 2.6892384985e-01
      vertex 0.0000000000e+00 6.0083883715e-01 2.7123914469e-01
    endloop
  endfacet
  facet normal 4.270257e-01 3.023772e-01 -8.521837e-01
    outer loop
      vertex 1.2500000000e-01 5.7725424859e-01 2.9774575141e-01
      vertex 9.6546846397e-02 5.5966923258e-01 2.7724836895e-01
      vertex 9.5903433171e-02 5.9375964187e-01 2.8902213134e-01
    endloop
  endfacet
  facet normal 3.081672e-01 2.288929e-01 -9.233856e-01
    outer loop
      vertex 6.5716389015e-02 5.4061496203e-01 2.6223587093e-01
      vertex 6.6020687665e-02 5.7531471977e-01 2.7093895620e-01
      vertex 9.6546846397e-02 5.5966923258e-01 2.7724836895e-01
    endloop
  endfacet
  facet normal 3.067980e-01 3.648012e-01 -8.790876e-01
    outer loop
      vertex 6.4972978252e-02 6.0847214114e-01 2.8433287990e-01
      vertex 9.5903433171e-02 5.9375964187e-01 2.8902213134e-01
      vertex 6.6020687665e-02 5.7531471977e-01 2.7093895620e-01
    endloop
  endfacet
  facet normal 3.431966e-01 3.124011e-01 -8.857887e-01
    outer loop
      vertex 9.6546846397e-02 5.5966923258e-01 2.7724836895e-01
      vertex 6.6020687665e-02 5.7531471977e-01 2.7093895620e-01
      vertex 9.5903433171e-02 5.9375964187e-01 2.8902213134e-01
    endloop
  endfacet
  facet normal 4.950537e-02 6.905681e-02 -9.963836e-01
    outer loop
      vertex 0.0000000000e+00 5.0000000000e-01 2.5000000000e-01
      vertex 0.0000000000e+00 5.3448806053e-01 2.5239027951e-01
      vertex 3.3267776035e-02 5.2056061632e-01 2.5307791485e-01
    endloop
  endfacet
  facet normal 4.960764e-02 2.058489e-01 -9.773256e-01
    outer loop
      vertex 0.0000000000e+00 5.6831663223e-01 2.5951541055e-01
      vertex 3.3198119207e-02 5.5502925687e-01 2.5840185065e-01
      vertex 0.0000000000e+00 5.3448806053e-01 2.5239027951e-01
    endloop
  endfacet
  facet normal 1.812856e-01 1.504758e-01 -9.718501e-01
    outer loop
      vertex 6.5716389015e-02 5.4061496203e-01 2.6223587093e-01
      vertex 3.3267776035e-02 5.2056061632e-01 2.5307791485e-01
      vertex 3.3198119207e-02 5.5502925687e-01 2.5840185065e-01
    endloop
  endfacet
  facet normal 8.410292e-02 1.522724e-01 -9.847537e-01
    outer loop
      vertex 0.0000000000e+00 5.3448806053e-01 2.5239027951e-01
      vertex 3.3198119207e-02 5.5502925687e-01 2.5840185065e-01
      vertex 3.3267776035e-02 5.2056061632e-01 2.5307791485e-01
    endloop
  endfacet
  facet normal 2.148469e-01 3.716277e-01 -9.031797e-01
    outer loop
      vertex 6.4972978252e-02 6.0847214114e-01 2.8433287990e-01
      vertex 6.6020687665e-02 5.7531471977e-01 2.7093895620e-01
      vertex 3.2913842838e-02 5.8955719837e-01 2.6892384985e-01
    endloop
  endfacet
  facet normal 2.162041e-01 2.357379e-01 -9.474616e-01
    outer loop
      vertex 6.5716389015e-02 5.4061496203e-01 2.6223587093e-01
      vertex 3.3198119207e-02 5.5502925687e-01 2.5840185065e-01
      vertex 6.6020687665e-02 5.7531471977e-01 2.7093895620e-01
    endloop
  endfacet
  facet normal 8.454536e-02 2.910970e-01 -9.529505e-01
    outer loop
      vertex 0.0000000000e+00 5.6831663223e-01 2.5951541055e-01
      vertex 3.2913842838e-02 5.8955719837e-01 2.6892384985e-01
      vertex 3.3198119207e-02 5.5502925687e-01 2.5840185065e-01
    endloop
  endfacet
  facet normal 1.811510e-01 2.880454e-01 -9.403266e-01
    outer loop
      vertex 6.6020687665e-02 5.7531471977e-01 2.7093895620e-01
      vertex 3.3198119207e-02 5.5502925687e-01 2.5840185065e-01
      vertex 3.2913842838e-02 5.8955719837e-01 2.6892384985e-01
    endloop
  endfacet
  facet normal 4.694052e-01 -2.331714e-01 -8.516395e-01
    outer loop
      vertex 1.2500000000e-01 4.2274575141e-01 2.9774575141e-01
      vertex 9.6546846397e-02 4.4033076742e-01 2.7724836895e-01
      vertex 1.2981462243e-01 4.6089138374e-01 2.8995552867e-01
    endloop
  endfacet
  facet normal 3.505871e-01 -1.597927e-01 -9.227974e-01
    outer loop
      vertex 6.5716389015e-02 4.5938503797e-01 2.6223587093e-01
      vertex 9.9901762925e-02 4.7941910499e-01 2.7175437677e-01
      vertex 9.6546846397e-02 4.4033076742e-01 2.7724836895e-01
    endloop
  endfacet
  facet normal 4.823363e-01 -7.836719e-02 -8.724736e-01
    outer loop
      vertex 1.3143277803e-01 5.0000000000e-01 2.8733729791e-01
      vertex 1.2981462243e-01 4.6089138374e-01 2.8995552867e-01
      vertex 9.9901762925e-02 4.7941910499e-01 2.7175437677e-01
    endloop
  endfacet
  facet normal 4.378416e-01 -1.618790e-01 -8.843585e-01
    outer loop
      vertex 9.6546846397e-02 4.4033076742e-01 2.7724836895e-01
      vertex 9.9901762925e-02 4.7941910499e-01 2.7175437677e-01
      vertex 1.2981462243e-01 4.6089138374e-01 2.8995552867e-01
    endloop
  endfacet
  facet normal 9.212595e-02 0.000000e+00 -9.957474e-01
    outer loop
      vertex 0.0000000000e+00 5.0000000000e-01 2.5000000000e-01
      vertex 3.3267776035e-02 5.2056061632e-01 2.5307791485e-01
      vertex 3.3267776035e-02 4.7943938368e-01 2.5307791485e-01
    endloop
  endfacet
  facet normal 2.237863e-01 8.142553e-02 -9.712310e-01
    outer loop
      vertex 6.5716389015e-02 5.4061496203e-01 2.6223587093e-01
      vertex 6.6601175284e-02 5.0000000000e-01 2.5903468413e-01
      vertex 3.3267776035e-02 5.2056061632e-01 2.5307791485e-01
    endloop
  endfacet
  facet normal 2.237863e-01 -8.142553e-02 -9.712310e-01
    outer loop
      vertex 6.5716389015e-02 4.5938503797e-01 2.6223587093e-01
      vertex 3.3267776035e-02 4.7943938368e-01 2.5307791485e-01
      vertex 6.6601175284e-02 5.0000000000e-01 2.5903468413e-01
    endloop
  endfacet
  facet normal 1.759159e-01 0.000000e+00 -9.844052e-01
    outer loop
      vertex 3.3267776035e-02 5.2056061632e-01 2.5307791485e-01
      vertex 6.6601175284e-02 5.0000000000e-01 2.5903468413e-01
      vertex 3.3267776035e-02 4.7943938368e-01 2.5307791485e-01
    endloop
  endfacet
  facet normal 4.694052e-01 2.331714e-01 -8.516395e-01
    outer loop
      vertex 1.2500000000e-01 5.7725424859e-01 2.9774575141e-01
      vertex 1.2981462243e-01 5.3910861626e-01 2.8995552867e-01
      vertex 9.6546846397e-02 5.5966923258e-01 2.7724836895e-01
    endloop
  endfacet
  facet normal 4.823363e-01 7.836719e-02 -8.724736e-01
    outer loop
      vertex 1.3143277803e-01 5.0000000000e-01 2.8733729791e-01
      vertex 9.9901762925e-02 5.2058089501e-01 2.7175437677e-01
      vertex 1.2981462243e-01 5.3910861626e-01 2.8995552867e-01
    endloop
  endfacet
  facet normal 3.505871e-01 1.597927e-01 -9.227974e-01
    outer loop
      vertex 6.5716389015e-02 5.4061496203e-01 2.6223587093e-01
      vertex 9.6546846397e-02 5.5966923258e-01 2.7724836895e-01
      vertex 9.9901762925e-02 5.2058089501e-01 2.7175437677e-01
    endloop
  endfacet
  facet normal 4.378416e-01 1.618790e-01 -8.843585e-01
    outer loop
      vertex 1.2981462243e-01 5.3910861626e-01 2.8995552867e-01
      vertex 9.9901762925e-02 5.2058089501e-01 2.7175437677e-01
      vertex 9.6546846397e-02 5.5966923258e-01 2.7724836895e-01
    endloop
  endfacet
  facet normal 3.113353e-01 -8.140770e-02 -9.468068e-01
    outer loop
      vertex 6.5716389015e-02 4.5938503797e-01 2.6223587093e-01
      vertex 6.6601175284e-02 5.0000000000e-01 2.5903468413e-01
      vertex 9.9901762925e-02 4.7941910499e-01 2.7175437677e-01
    endloop
  endfacet
  facet normal 3.113353e-01 8.140770e-02 -9.468068e-01
    outer loop
      vertex 6.5716389015e-02 5.4061496203e-01 2.6223587093e-01
      vertex 9.9901762925e-02 5.2058089501e-01 2.7175437677e-01
      vertex 6.6601175284e-02 5.0000000000e-01 2.5903468413e-01
    endloop
  endfacet
  facet normal 4.430557e-01 0.000000e+00 -8.964941e-01
    outer loop
      vertex 1.3143277803e-01 5.0000000000e-01 2.8733729791e-01
      vertex 9.9901762925e-02 4.7941910499e-01 2.7175437677e-01
      vertex 9.9901762925e-02 5.2058089501e-01 2.7175437677e-01
    endloop
  endfacet
  facet normal 3.568221e-01 0.000000e+00 -9.341724e-01
    outer loop
      vertex 6.6601175284e-02 5.0000000000e-01 2.5903468413e-01
      vertex 9.9901762925e-02 5.2058089501e-01 2.7175437677e-01
      vertex 9.9901762925e-02 4.7941910499e-01 2.7175437677e-01
    endloop
  endfacet
  facet normal 8.838505e-01 5.017104e-02 4.650712e-01
    outer loop
      vertex 2.1266270209e-01 5.0000000000e-01 6.3143277803e-01
      vertex 2.2876085531e-01 5.0000000000e-01 6.0083883715e-01
      vertex 2.1623233397e-01 5.3280009470e-01 6.2111041052e-01
    endloop
  endfacet
  facet normal 9.395655e-01 5.000027e-02 3.386983e-01
    outer loop
      vertex 2.4048458945e-01 5.0000000000e-01 5.6831663223e-01
      vertex 2.3107615015e-01 5.3291384284e-01 5.8955719837e-01
      vertex 2.2876085531e-01 5.0000000000e-01 6.0083883715e-01
    endloop
  endfacet
  facet normal 8.897882e-01 1.803191e-01 4.192398e-01
    outer loop
      vertex 2.1566712010e-01 5.6497297825e-01 6.0847214114e-01
      vertex 2.1623233397e-01 5.3280009470e-01 6.2111041052e-01
      vertex 2.3107615015e-01 5.3291384284e-01 5.8955719837e-01
    endloop
  endfacet
  facet normal 9.017047e-01 8.207030e-02 4.244916e-01
    outer loop
      vertex 2.2876085531e-01 5.0000000000e-01 6.0083883715e-01
      vertex 2.3107615015e-01 5.3291384284e-01 5.8955719837e-01
      vertex 2.1623233397e-01 5.3280009470e-01 6.2111041052e-01
    endloop
  endfacet
  facet normal 9.963836e-01 4.950537e-02 6.905681e-02
    outer loop
      vertex 2.5000000000e-01 5.0000000000e-01 5.0000000000e-01
      vertex 2.4692208515e-01 5.3326777604e-01 5.2056061632e-01
      vertex 2.4760972049e-01 5.0000000000e-01 5.3448806053e-01
    endloop
  endfacet
  facet normal 9.718501e-01 1.812856e-01 1.504758e-01
    outer loop
      vertex 2.3776412907e-01 5.6571638901e-01 5.4061496203e-01
      vertex 2.4159814935e-01 5.3319811921e-01 5.5502925687e-01
      vertex 2.4692208515e-01 5.3326777604e-01 5.2056061632e-01
    endloop
  endfacet
  facet normal 9.773256e-01 4.960764e-02 2.058489e-01
    outer loop
      vertex 2.4048458945e-01 5.0000000000e-01 5.6831663223e-01
      vertex 2.4760972049e-01 5.0000000000e-01 5.3448806053e-01
      vertex 2.4159814935e-01 5.3319811921e-01 5.5502925687e-01
    endloop
  endfacet
  facet normal 9.847537e-01 8.410292e-02 1.522724e-01
    outer loop
      vertex 2.4692208515e-01 5.3326777604e-01 5.2056061632e-01
      vertex 2.4159814935e-01 5.3319811921e-01 5.5502925687e-01
      vertex 2.4760972049e-01 5.0000000000e-01 5.3448806053e-01
    endloop
  endfacet
  facet normal 8.521837e-01 4.270257e-01 3.023772e-01
    outer loop
      vertex 2.0225424859e-01 6.2500000000e-01 5.7725424859e-01
      vertex 2.1097786866e-01 5.9590343317e-01 5.9375964187e-01
      vertex 2.2275163105e-01 5.9654684640e-01 5.5966923258e-01
    endloop
  endfacet
  facet normal 8.790876e-01 3.067980e-01 3.648012e-01
    outer loop
      vertex 2.1566712010e-01 5.6497297825e-01 6.0847214114e-01
      vertex 2.2906104380e-01 5.6602068766e-01 5.7531471977e-01
      vertex 2.1097786866e-01 5.9590343317e-01 5.9375964187e-01
    endloop
  endfacet
  facet normal 9.233856e-01 3.081672e-01 2.288929e-01
    outer loop
      vertex 2.3776412907e-01 5.6571638901e-01 5.4061496203e-01
      vertex 2.2275163105e-01 5.9654684640e-01 5.5966923258e-01
      vertex 2.2906104380e-01 5.6602068766e-01 5.7531471977e-01
    endloop
  endfacet
  facet normal 8.857887e-01 3.431966e-01 3.124011e-01
    outer loop
      vertex 2.1097786866e-01 5.9590343317e-01 5.9375964187e-01
      vertex 2.2906104380e-01 5.6602068766e-01 5.7531471977e-01
      vertex 2.2275163105e-01 5.9654684640e-01 5.5966923258e-01
    endloop
  endfacet
  facet normal 9.529505e-01 8.454536e-02 2.910970e-01
    outer loop
      vertex 2.4048458945e-01 5.0000000000e-01 5.6831663223e-01
      vertex 2.4159814935e-01 5.3319811921e-01 5.5502925687e-01
      vertex 2.3107615015e-01 5.3291384284e-01 5.8955719837e-01
    endloop
  endfacet
  facet normal 9.474616e-01 2.162041e-01 2.357379e-01
    outer loop
      vertex 2.3776412907e-01 5.6571638901e-01 5.4061496203e-01
      vertex 2.2906104380e-01 5.6602068766e-01 5.7531471977e-01
      vertex 2.4159814935e-01 5.3319811921e-01 5.5502925687e-01
    endloop
  endfacet
  facet normal 9.031797e-01 2.148469e-01 3.716277e-01
    outer loop
      vertex 2.1566712010e-01 5.6497297825e-01 6.0847214114e-01
      vertex 2.3107615015e-01 5.3291384284e-01 5.8955719837e-01
      vertex 2.2906104380e-01 5.6602068766e-01 5.7531471977e-01
    endloop
  endfacet
  facet normal 9.403266e-01 1.811510e-01 2.880454e-01
    outer loop
      vertex 2.4159814935e-01 5.3319811921e-01 5.5502925687e-01
      vertex 2.2906104380e-01 5.6602068766e-01 5.7531471977e-01
      vertex 2.3107615015e-01 5.3291384284e-01 5.8955719837e-01
    endloop
  endfacet
  facet normal 8.838505e-01 5.017104e-02 -4.650712e-01
    outer loop
      vertex 2.1266270209e-01 5.0000000000e-01 3.6856722197e-01
      vertex 2.1623233397e-01 5.3280009470e-01 3.7888958948e-01
      vertex 2.2876085531e-01 5.0000000000e-01 3.9916116285e-01
    endloop
  endfacet
  facet normal 8.897882e-01 1.803191e-01 -4.192398e-01
    outer loop
      vertex 2.1566712010e-01 5.6497297825e-01 3.9152785886e-01
      vertex 2.3107615015e-01 5.3291384284e-01 4.1044280163e-01
      vertex 2.1623233397e-01 5.3280009470e-01 3.7888958948e-01
    endloop
  endfacet
  facet normal 9.395655e-01 5.000027e-02 -3.386983e-01
    outer loop
      vertex 2.4048458945e-01 5.0000000000e-01 4.3168336777e-01
      vertex 2.2876085531e-01 5.0000000000e-01 3.9916116285e-01
      vertex 2.3107615015e-01 5.3291384284e-01 4.1044280163e-01
    endloop
  endfacet
  facet normal 9.017047e-01 8.207030e-02 -4.244916e-01
    outer loop
      vertex 2.1623233397e-01 5.3280009470e-01 3.7888958948e-01
      vertex 2.3107615015e-01 5.3291384284e-01 4.1044280163e-01
      vertex 2.2876085531e-01 5.0000000000e-01 3.9916116285e-01
    endloop
  endfacet
  facet normal 8.521837e-01 4.270257e-01 -3.023772e-01
    outer loop
      vertex 2.0225424859e-01 6.2500000000e-01 4.2274575141e-01
      vertex 2.2275163105e-01 5.9654684640e-01 4.4033076742e-01
      vertex 2.1097786866e-01 5.9590343317e-01 4.0624035813e-01
    endloop
  endfacet
  facet normal 9.233856e-01 3.081672e-01 -2.288929e-01
    outer loop
      vertex 2.3776412907e-01 5.6571638901e-01 4.5938503797e-01
      vertex 2.2906104380e-01 5.6602068766e-01 4.2468528023e-01
      vertex 2.2275163105e-01 5.9654684640e-01 4.4033076742e-01
    endloop
  endfacet
  facet normal 8.790876e-01 3.067980e-01 -3.648012e-01
    outer loop
      vertex 2.1566712010e-01 5.6497297825e-01 3.9152785886e-01
      vertex 2.1097786866e-01 5.9590343317e-01 4.0624035813e-01
      vertex 2.2906104380e-01 5.6602068766e-01 4.2468528023e-01
    endloop
  endfacet
  facet normal 8.857887e-01 3.431966e-01 -3.124011e-01
    outer loop
      vertex 2.2275163105e-01 5.9654684640e-01 4.4033076742e-01
      vertex 2.2906104380e-01 5.6602068766e-01 4.2468528023e-01
      vertex 2.1097786866e-01 5.9590343317e-01 4.0624035813e-01
    endloop
  endfacet
  facet normal 9.963836e-01 4.950537e-02 -6.905681e-02
    outer loop
      vertex 2.5000000000e-01 5.0000000000e-01 5.0000000000e-01
      vertex 2.4760972049e-01 5.0000000000e-01 4.6551193947e-01
      vertex 2.4692208515e-01 5.3326777604e-01 4.7943938368e-01
    endloop
  endfacet
  facet normal 9.773256e-01 4.960764e-02 -2.058489e-01
    outer loop
      vertex 2.4048458945e-01 5.0000000000e-01 4.3168336777e-01
      vertex 2.4159814935e-01 5.3319811921e-01 4.4497074313e-01
      vertex 2.4760972049e-01 5.0000000000e-01 4.6551193947e-01
    endloop
  endfacet
  facet normal 9.718501e-01 1.812856e-01 -1.504758e-01
    outer loop
      vertex 2.3776412907e-01 5.6571638901e-01 4.5938503797e-01
      vertex 2.4692208515e-01 5.3326777604e-01 4.7943938368e-01
      vertex 2.4159814935e-01 5.3319811921e-01 4.4497074313e-01
    endloop
  endfacet
  facet normal 9.847537e-01 8.410292e-02 -1.522724e-01
    outer loop
      vertex 2.4760972049e-01 5.0000000000e-01 4.6551193947e-01
      vertex 2.4159814935e-01 5.3319811921e-01 4.4497074313e-01
      vertex 2.4692208515e-01 5.3326777604e-01 4.7943938368e-01
    endloop
  endfacet
  facet normal 9.031797e-01 2.148469e-01 -3.716277e-01
    outer loop
      vertex 2.1566712010e-01 5.6497297825e-01 3.9152785886e-01
      vertex 2.2906104380e-01 5.6602068766e-01 4.2468528023e-01
      vertex 2.3107615015e-01 5.3291384284e-01 4.1044280163e-01
    endloop
  endfacet
  facet normal 9.474616e-01 2.162041e-01 -2.357379e-01
    outer loop
      vertex 2.3776412907e-01 5.6571638901e-01 4.5938503797e-01
      vertex 2.4159814935e-01 5.3319811921e-01 4.4497074313e-01
      vertex 2.2906104380e-01 5.6602068766e-01 4.2468528023e-01
    endloop
  endfacet
  facet normal 9.529505e-01 8.454536e-02 -2.910970e-01
    outer loop
      vertex 2.4048458945e-01 5.0000000000e-01 4.3168336777e-01
      vertex 2.3107615015e-01 5.3291384284e-01 4.1044280163e-01
      vertex 2.4159814935e-01 5.3319811921e-01 4.4497074313e-01
    endloop
  endfacet
  facet normal 9.403266e-01 1.811510e-01 -2.880454e-01
    outer loop
      vertex 2.2906104380e-01 5.6602068766e-01 4.2468528023e-01
      vertex 2.4159814935e-01 5.3319811921e-01 4.4497074313e-01
      vertex 2.3107615015e-01 5.3291384284e-01 4.1044280163e-01
    endloop
  endfacet
  facet normal 5.964207e-01 8.026720e-01 0.000000e+00
    outer loop
      vertex 1.3143277803e-01 7.1266270209e-01 5.0000000000e-01
      vertex 1.5391050522e-01 6.9596076060e-01 5.2027157336e-01
      vertex 1.5391050522e-01 6.9596076060e-01 4.7972842664e-01
    endloop
  endfacet
  facet normal 6.804611e-01 7.283445e-01 8.054149e-02
    outer loop
      vertex 1.7344511939e-01 6.7551161119e-01 5.4015550891e-01
      vertex 1.7572675762e-01 6.7782043374e-01 5.0000000000e-01
      vertex 1.5391050522e-01 6.9596076060e-01 5.2027157336e-01
    endloop
  endfacet
  facet normal 6.804611e-01 7.283445e-01 -8.054149e-02
    outer loop
      vertex 1.7344511939e-01 6.7551161119e-01 4.5984449109e-01
      vertex 1.5391050522e-01 6.9596076060e-01 4.7972842664e-01
      vertex 1.7572675762e-01 6.7782043374e-01 5.0000000000e-01
    endloop
  endfacet
  facet normal 6.393544e-01 7.689122e-01 0.000000e+00
    outer loop
      vertex 1.5391050522e-01 6.9596076060e-01 5.2027157336e-01
      vertex 1.7572675762e-01 6.7782043374e-01 5.0000000000e-01
      vertex 1.5391050522e-01 6.9596076060e-01 4.7972842664e-01
    endloop
  endfacet
  facet normal 8.095043e-01 5.387620e-01 2.333204e-01
    outer loop
      vertex 2.0225424859e-01 6.2500000000e-01 5.7725424859e-01
      vertex 2.1004447133e-01 6.2981462243e-01 5.3910861626e-01
      vertex 1.8966307504e-01 6.5170628732e-01 5.5927158134e-01
    endloop
  endfacet
  facet normal 8.303865e-01 5.516422e-01 7.841715e-02
    outer loop
      vertex 2.1266270209e-01 6.3143277803e-01 5.0000000000e-01
      vertex 1.9505109268e-01 6.5505989565e-01 5.2028546290e-01
      vertex 2.1004447133e-01 6.2981462243e-01 5.3910861626e-01
    endloop
  endfacet
  facet normal 7.518660e-01 6.398684e-01 1.589524e-01
    outer loop
      vertex 1.7344511939e-01 6.7551161119e-01 5.4015550891e-01
      vertex 1.8966307504e-01 6.5170628732e-01 5.5927158134e-01
      vertex 1.9505109268e-01 6.5505989565e-01 5.2028546290e-01
    endloop
  endfacet
  facet normal 7.916792e-01 5.895786e-01 1.601287e-01
    outer loop
      vertex 2.1004447133e-01 6.2981462243e-01 5.3910861626e-01
      vertex 1.9505109268e-01 6.5505989565e-01 5.2028546290e-01
      vertex 1.8966307504e-01 6.5170628732e-01 5.5927158134e-01
    endloop
  endfacet
  facet normal 8.095043e-01 5.387620e-01 -2.333204e-01
    outer loop
      vertex 2.0225424859e-01 6.2500000000e-01 4.2274575141e-01
      vertex 1.8966307504e-01 6.5170628732e-01 4.4072841866e-01
      vertex 2.1004447133e-01 6.2981462243e-01 4.6089138374e-01
    endloop
  endfacet
  facet normal 7.518660e-01 6.398684e-01 -1.589524e-01
    outer loop
      vertex 1.7344511939e-01 6.7551161119e-01 4.5984449109e-01
      vertex 1.9505109268e-01 6.5505989565e-01 4.7971453710e-01
      vertex 1.8966307504e-01 6.5170628732e-01 4.4072841866e-01
    endloop
  endfacet
  facet normal 8.303865e-01 5.516422e-01 -7.841715e-02
    outer loop
      vertex 2.1266270209e-01 6.3143277803e-01 5.0000000000e-01
      vertex 2.1004447133e-01 6.2981462243e-01 4.6089138374e-01
      vertex 1.9505109268e-01 6.5505989565e-01 4.7971453710e-01
    endloop
  endfacet
  facet normal 7.916792e-01 5.895786e-01 -1.601287e-01
    outer loop
      vertex 1.8966307504e-01 6.5170628732e-01 4.4072841866e-01
      vertex 1.9505109268e-01 6.5505989565e-01 4.7971453710e-01
      vertex 2.1004447133e-01 6.2981462243e-01 4.6089138374e-01
    endloop
  endfacet
  facet normal 7.232719e-01 6.858517e-01 8.053079e-02
    outer loop
      vertex 1.7344511939e-01 6.7551161119e-01 5.4015550891e-01
      vertex 1.9505109268e-01 6.5505989565e-01 5.2028546290e-01
      vertex 1.7572675762e-01 6.7782043374e-01 5.0000000000e-01
    endloop
  endfacet
  facet normal 8.017675e-01 5.976360e-01 0.000000e+00
    outer loop
      vertex 2.1266270209e-01 6.3143277803e-01 5.0000000000e-01
      vertex 1.9505109268e-01 6.5505989565e-01 4.7971453710e-01
      vertex 1.9505109268e-01 6.5505989565e-01 5.2028546290e-01
    endloop
  endfacet
  facet normal 7.232719e-01 6.858517e-01 -8.053079e-02
    outer loop
      vertex 1.7344511939e-01 6.7551161119e-01 4.5984449109e-01
      vertex 1.7572675762e-01 6.7782043374e-01 5.0000000000e-01
      vertex 1.9505109268e-01 6.5505989565e-01 4.7971453710e-01
    endloop
  endfacet
  facet normal 7.623048e-01 6.472182e-01 0.000000e+00
    outer loop
      vertex 1.9505109268e-01 6.5505989565e-01 5.2028546290e-01
      vertex 1.9505109268e-01 6.5505989565e-01 4.7971453710e-01
      vertex 1.7572675762e-01 6.7782043374e-01 5.0000000000e-01
    endloop
  endfacet
  facet normal 9.957474e-01 9.212595e-02 0.000000e+00
    outer loop
      vertex 2.5000000000e-01 5.0000000000e-01 5.0000000000e-01
      vertex 2.4692208515e-01 5.3326777604e-01 4.7943938368e-01
      vertex 2.4692208515e-01 5.3326777604e-01 5.2056061632e-01
    endloop
  endfacet
  facet normal 9.712310e-01 2.237863e-01 -8.142553e-02
    outer loop
      vertex 2.3776412907e-01 5.6571638901e-01 4.5938503797e-01
      vertex 2.4096531587e-01 5.6660117528e-01 5.0000000000e-01
      vertex 2.4692208515e-01 5.3326777604e-01 4.7943938368e-01
    endloop
  endfacet
  facet normal 9.712310e-01 2.237863e-01 8.142553e-02
    outer loop
      vertex 2.3776412907e-01 5.6571638901e-01 5.4061496203e-01
      vertex 2.4692208515e-01 5.3326777604e-01 5.2056061632e-01
      vertex 2.4096531587e-01 5.6660117528e-01 5.0000000000e-01
    endloop
  endfacet
  facet normal 9.844052e-01 1.759159e-01 -0.000000e+00
    outer loop
      vertex 2.4692208515e-01 5.3326777604e-01 4.7943938368e-01
      vertex 2.4096531587e-01 5.6660117528e-01 5.0000000000e-01
      vertex 2.4692208515e-01 5.3326777604e-01 5.2056061632e-01
    endloop
  endfacet
  facet normal 8.516395e-01 4.694052e-01 -2.331714e-01
    outer loop
      vertex 2.0225424859e-01 6.2500000000e-01 4.2274575141e-01
      vertex 2.1004447133e-01 6.2981462243e-01 4.6089138374e-01
      vertex 2.2275163105e-01 5.9654684640e-01 4.4033076742e-01
    endloop
  endfacet
  facet normal 8.724736e-01 4.823363e-01 -7.836719e-02
    outer loop
      vertex 2.1266270209e-01 6.3143277803e-01 5.0000000000e-01
      vertex 2.2824562323e-01 5.9990176293e-01 4.7941910499e-01
      vertex 2.1004447133e-01 6.2981462243e-01 4.6089138374e-01
    endloop
  endfacet
  facet normal 9.227974e-01 3.505871e-01 -1.597927e-01
    outer loop
      vertex 2.3776412907e-01 5.6571638901e-01 4.5938503797e-01
      vertex 2.2275163105e-01 5.9654684640e-01 4.4033076742e-01
      vertex 2.2824562323e-01 5.9990176293e-01 4.7941910499e-01
    endloop
  endfacet
  facet normal 8.843585e-01 4.378416e-01 -1.618790e-01
    outer loop
      vertex 2.1004447133e-01 6.2981462243e-01 4.6089138374e-01
      vertex 2.2824562323e-01 5.9990176293e-01 4.7941910499e-01
      vertex 2.2275163105e-01 5.9654684640e-01 4.4033076742e-01
    endloop
  endfacet
  facet normal 8.516395e-01 4.694052e-01 2.331714e-01
    outer loop
      vertex 2.0225424859e-01 6.2500000000e-01 5.7725424859e-01
      vertex 2.2275163105e-01 5.9654684640e-01 5.5966923258e-01
      vertex 2.1004447133e-01 6.2981462243e-01 5.3910861626e-01
    endloop
  endfacet
  facet normal 9.227974e-01 3.505871e-01 1.597927e-01
    outer loop
      vertex 2.3776412907e-01 5.6571638901e-01 5.4061496203e-01
      vertex 2.2824562323e-01 5.9990176293e-01 5.2058089501e-01
      vertex 2.2275163105e-01 5.9654684640e-01 5.5966923258e-01
    endloop
  endfacet
  facet normal 8.724736e-01 4.823363e-01 7.836719e-02
    outer loop
      vertex 2.1266270209e-01 6.3143277803e-01 5.0000000000e-01
      vertex 2.1004447133e-01 6.2981462243e-01 5.3910861626e-01
      vertex 2.2824562323e-01 5.9990176293e-01 5.2058089501e-01
    endloop
  endfacet
  facet normal 8.843585e-01 4.378416e-01 1.618790e-01
    outer loop
      vertex 2.2275163105e-01 5.9654684640e-01 5.5966923258e-01
      vertex 2.2824562323e-01 5.9990176293e-01 5.2058089501e-01
      vertex 2.1004447133e-01 6.2981462243e-01 5.3910861626e-01
    endloop
  endfacet
  facet normal 9.468068e-01 3.113353e-01 -8.140770e-02
    outer loop
      vertex 2.3776412907e-01 5.6571638901e-01 4.5938503797e-01
      vertex 2.2824562323e-01 5.9990176293e-01 4.7941910499e-01
      vertex 2.4096531587e-01 5.6660117528e-01 5.0000000000e-01
    endloop
  endfacet
  facet normal 8.964941e-01 4.430557e-01 0.000000e+00
    outer loop
      vertex 2.1266270209e-01 6.3143277803e-01 5.0000000000e-01
      vertex 2.2824562323e-01 5.9990176293e-01 5.2058089501e-01
      vertex 2.2824562323e-01 5.9990176293e-01 4.7941910499e-01
    endloop
  endfacet
  facet normal 9.468068e-01 3.113353e-01 8.140770e-02
    outer loop
      vertex 2.3776412907e-01 5.6571638901e-01 5.4061496203e-01
      vertex 2.4096531587e-01 5.6660117528e-01 5.0000000000e-01
      vertex 2.2824562323e-01 5.9990176293e-01 5.2058089501e-01
    endloop
  endfacet
  facet normal 9.341724e-01 3.568221e-01 -0.000000e+00
    outer loop
      vertex 2.2824562323e-01 5.9990176293e-01 4.7941910499e-01
      vertex 2.2824562323e-01 5.9990176293e-01 5.2058089501e-01
      vertex 2.4096531587e-01 5.6660117528e-01 5.0000000000e-01
    endloop
  endfacet
endsolid sphere_at
