solid sphere_at
  facet normal -5.462496e-01 8.336794e-01 8.117845e-02
    outer loop
      vertex 1.4228066636e-01 7.5519524251e-01 5.0000000000e-01
      vertex 1.1530739374e-01 7.3515291273e-01 5.2432588803e-01
      vertex 1.5466750738e-01 7.5947880076e-01 5.3936011364e-01
    endloop
  endfacet
  facet normal -6.304608e-01 7.592464e-01 1.614436e-01
    outer loop
      vertex 9.1865856732e-02 7.1061393343e-01 5.4818661069e-01
      vertex 1.2862450226e-01 7.3779476878e-01 5.6390685969e-01
      vertex 1.1530739374e-01 7.3515291273e-01 5.2432588803e-01
    endloop
  endfacet
  facet normal -5.001420e-01 8.397879e-01 2.112210e-01
    outer loop
      vertex 1.6983343063e-01 7.5880054412e-01 5.7796757390e-01
      vertex 1.5466750738e-01 7.5947880076e-01 5.3936011364e-01
      vertex 1.2862450226e-01 7.3779476878e-01 5.6390685969e-01
    endloop
  endfacet
  facet normal -5.572841e-01 8.196344e-01 1.327925e-01
    outer loop
      vertex 1.1530739374e-01 7.3515291273e-01 5.2432588803e-01
      vertex 1.2862450226e-01 7.3779476878e-01 5.6390685969e-01
      vertex 1.5466750738e-01 7.5947880076e-01 5.3936011364e-01
    endloop
  endfacet
  facet normal -7.599989e-01 5.693580e-01 3.134218e-01
    outer loop
      vertex 5.7294901688e-02 6.5000000000e-01 5.9270509831e-01
      vertex 8.7867965644e-02 6.8045028650e-01 6.1152441034e-01
      vertex 7.2404309951e-02 6.8204754478e-01 5.7112589761e-01
    endloop
  endfacet
  facet normal -6.491008e-01 6.636828e-01 3.717435e-01
    outer loop
      vertex 1.2366442431e-01 7.0645728807e-01 6.2759762125e-01
      vertex 1.0577643184e-01 7.1069295402e-01 5.8880137777e-01
      vertex 8.7867965644e-02 6.8045028650e-01 6.1152441034e-01
    endloop
  endfacet
  facet normal -7.022584e-01 6.705276e-01 2.392192e-01
    outer loop
      vertex 9.1865856732e-02 7.1061393343e-01 5.4818661069e-01
      vertex 7.2404309951e-02 6.8204754478e-01 5.7112589761e-01
      vertex 1.0577643184e-01 7.1069295402e-01 5.8880137777e-01
    endloop
  endfacet
  facet normal -7.075762e-01 6.415571e-01 2.962101e-01
    outer loop
      vertex 8.7867965644e-02 6.8045028650e-01 6.1152441034e-01
      vertex 1.0577643184e-01 7.1069295402e-01 5.8880137777e-01
      vertex 7.2404309951e-02 6.8204754478e-01 5.7112589761e-01
    endloop
  endfacet
  facet normal -3.824786e-01 8.026783e-01 4.576217e-01
    outer loop
      vertex 2.0729490169e-01 7.4270509831e-01 6.5000000000e-01
      vertex 1.8748842976e-01 7.5317344239e-01 6.1508411981e-01
      vertex 1.6380285008e-01 7.2738062601e-01 6.4052895526e-01
    endloop
  endfacet
  facet normal -4.450681e-01 8.294800e-01 3.374572e-01
    outer loop
      vertex 1.6983343063e-01 7.5880054412e-01 5.7796757390e-01
      vertex 1.4516351398e-01 7.3503550951e-01 6.0384590444e-01
      vertex 1.8748842976e-01 7.5317344239e-01 6.1508411981e-01
    endloop
  endfacet
  facet normal -5.222192e-01 7.421000e-01 4.202079e-01
    outer loop
      vertex 1.2366442431e-01 7.0645728807e-01 6.2759762125e-01
      vertex 1.6380285008e-01 7.2738062601e-01 6.4052895526e-01
      vertex 1.4516351398e-01 7.3503550951e-01 6.0384590444e-01
    endloop
  endfacet
  facet normal -4.484825e-01 8.016858e-01 3.951751e-01
    outer loop
      vertex 1.8748842976e-01 7.5317344239e-01 6.1508411981e-01
      vertex 1.4516351398e-01 7.3503550951e-01 6.0384590444e-01
      vertex 1.6380285008e-01 7.2738062601e-01 6.4052895526e-01
    endloop
  endfacet
  facet normal -6.387266e-01 7.381036e-01 2.173281e-01
    outer loop
      vertex 9.1865856732e-02 7.1061393343e-01 5.4818661069e-01
      vertex 1.0577643184e-01 7.1069295402e-01 5.8880137777e-01
      vertex 1.2862450226e-01 7.3779476878e-01 5.6390685969e-01
    endloop
  endfacet
  facet normal -5.855635e-01 7.312575e-01 3.498255e-01
    outer loop
      vertex 1.2366442431e-01 7.0645728807e-01 6.2759762125e-01
      vertex 1.4516351398e-01 7.3503550951e-01 6.0384590444e-01
      vertex 1.0577643184e-01 7.1069295402e-01 5.8880137777e-01
    endloop
  endfacet
  facet normal -5.084250e-01 8.186344e-01 2.670988e-01
    outer loop
      vertex 1.6983343063e-01 7.5880054412e-01 5.7796757390e-01
      vertex 1.2862450226e-01 7.3779476878e-01 5.6390685969e-01
      vertex 1.4516351398e-01 7.3503550951e-01 6.0384590444e-01
    endloop
  endfacet
  facet normal -5.811538e-01 7.591756e-01 2.931085e-01
    outer loop
      vertex 1.0577643184e-01 7.1069295402e-01 5.8880137777e-01
      vertex 1.4516351398e-01 7.3503550951e-01 6.0384590444e-01
      vertex 1.2862450226e-01 7.3779476878e-01 5.6390685969e-01
    endloop
  endfacet
  facet normal -8.336794e-01 8.117845e-02 5.462496e-01
    outer loop
      vertex 4.4804757494e-02 5.0000000000e-01 6.5771933364e-01
      vertex 6.4847087274e-02 5.2432588803e-01 6.8469260626e-01
      vertex 4.0521199241e-02 5.3936011364e-01 6.4533249262e-01
    endloop
  endfacet
  facet normal -7.592464e-01 1.614436e-01 6.304608e-01
    outer loop
      vertex 8.9386066567e-02 5.4818661069e-01 7.0813414327e-01
      vertex 6.2205231222e-02 5.6390685969e-01 6.7137549774e-01
      vertex 6.4847087274e-02 5.2432588803e-01 6.8469260626e-01
    endloop
  endfacet
  facet normal -8.397879e-01 2.112210e-01 5.001420e-01
    outer loop
      vertex 4.1199455875e-02 5.7796757390e-01 6.3016656937e-01
      vertex 4.0521199241e-02 5.3936011364e-01 6.4533249262e-01
      vertex 6.2205231222e-02 5.6390685969e-01 6.7137549774e-01
    endloop
  endfacet
  facet normal -8.196344e-01 1.327925e-01 5.572841e-01
    outer loop
      vertex 6.4847087274e-02 5.2432588803e-01 6.8469260626e-01
      vertex 6.2205231222e-02 5.6390685969e-01 6.7137549774e-01
      vertex 4.0521199241e-02 5.3936011364e-01 6.4533249262e-01
    endloop
  endfacet
  facet normal -5.693580e-01 3.134218e-01 7.599989e-01
    outer loop
      vertex 1.5000000000e-01 5.9270509831e-01 7.4270509831e-01
      vertex 1.1954971350e-01 6.1152441034e-01 7.1213203436e-01
      vertex 1.1795245522e-01 5.7112589761e-01 7.2759569005e-01
    endloop
  endfacet
  facet normal -6.636828e-01 3.717435e-01 6.491008e-01
    outer loop
      vertex 9.3542711929e-02 6.2759762125e-01 6.7633557569e-01
      vertex 8.9307045977e-02 5.8880137777e-01 6.9422356816e-01
      vertex 1.1954971350e-01 6.1152441034e-01 7.1213203436e-01
    endloop
  endfacet
  facet normal -6.705276e-01 2.392192e-01 7.022584e-01
    outer loop
      vertex 8.9386066567e-02 5.4818661069e-01 7.0813414327e-01
      vertex 1.1795245522e-01 5.7112589761e-01 7.2759569005e-01
      vertex 8.9307045977e-02 5.8880137777e-01 6.9422356816e-01
    endloop
  endfacet
  facet normal -6.415571e-01 2.962101e-01 7.075762e-01
    outer loop
      vertex 1.1954971350e-01 6.1152441034e-01 7.1213203436e-01
      vertex 8.9307045977e-02 5.8880137777e-01 6.9422356816e-01
      vertex 1.1795245522e-01 5.7112589761e-01 7.2759569005e-01
    endloop
  endfacet
  facet normal -8.026783e-01 4.576217e-01 3.824786e-01
    outer loop
      vertex 5.7294901688e-02 6.5000000000e-01 5.9270509831e-01
      vertex 4.6826557613e-02 6.1508411981e-01 6.1251157024e-01
      vertex 7.2619373986e-02 6.4052895526e-01 6.3619714992e-01
    endloop
  endfacet
  facet normal -8.294800e-01 3.374572e-01 4.450681e-01
    outer loop
      vertex 4.1199455875e-02 5.7796757390e-01 6.3016656937e-01
      vertex 6.4964490491e-02 6.0384590444e-01 6.5483648602e-01
      vertex 4.6826557613e-02 6.1508411981e-01 6.1251157024e-01
    endloop
  endfacet
  facet normal -7.421000e-01 4.202079e-01 5.222192e-01
    outer loop
      vertex 9.3542711929e-02 6.2759762125e-01 6.7633557569e-01
      vertex 7.2619373986e-02 6.4052895526e-01 6.3619714992e-01
      vertex 6.4964490491e-02 6.0384590444e-01 6.5483648602e-01
    endloop
  endfacet
  facet normal -8.016858e-01 3.951751e-01 4.484825e-01
    outer loop
      vertex 4.6826557613e-02 6.1508411981e-01 6.1251157024e-01
      vertex 6.4964490491e-02 6.0384590444e-01 6.5483648602e-01
      vertex 7.2619373986e-02 6.4052895526e-01 6.3619714992e-01
    endloop
  endfacet
  facet normal -7.381036e-01 2.173281e-01 6.387266e-01
    outer loop
      vertex 8.9386066567e-02 5.4818661069e-01 7.0813414327e-01
      vertex 8.9307045977e-02 5.8880137777e-01 6.9422356816e-01
      vertex 6.2205231222e-02 5.6390685969e-01 6.7137549774e-01
    endloop
  endfacet
  facet normal -7.312575e-01 3.498255e-01 5.855635e-01
    outer loop
      vertex 9.3542711929e-02 6.2759762125e-01 6.7633557569e-01
      vertex 6.4964490491e-02 6.0384590444e-01 6.5483648602e-01
      vertex 8.9307045977e-02 5.8880137777e-01 6.9422356816e-01
    endloop
  endfacet
  facet normal -8.186344e-01 2.670988e-01 5.084250e-01
    outer loop
      vertex 4.1199455875e-02 5.7796757390e-01 6.3016656937e-01
      vertex 6.2205231222e-02 5.6390685969e-01 6.7137549774e-01
      vertex 6.4964490491e-02 6.0384590444e-01 6.5483648602e-01
    endloop
  endfacet
  facet normal -7.591756e-01 2.931085e-01 5.811538e-01
    outer loop
      vertex 8.9307045977e-02 5.8880137777e-01 6.9422356816e-01
      vertex 6.4964490491e-02 6.0384590444e-01 6.5483648602e-01
      vertex 6.2205231222e-02 5.6390685969e-01 6.7137549774e-01
    endloop
  endfacet
  facet normal -8.117845e-02 5.462496e-01 8.336794e-01
    outer loop
      vertex 3.0000000000e-01 6.5771933364e-01 7.5519524251e-01
      vertex 2.7567411197e-01 6.8469260626e-01 7.3515291273e-01
      vertex 2.6063988636e-01 6.4533249262e-01 7.5947880076e-01
    endloop
  endfacet
  facet normal -1.614436e-01 6.304608e-01 7.592464e-01
    outer loop
      vertex 2.5181338931e-01 7.0813414327e-01 7.1061393343e-01
      vertex 2.3609314031e-01 6.7137549774e-01 7.3779476878e-01
      vertex 2.7567411197e-01 6.8469260626e-01 7.3515291273e-01
    endloop
  endfacet
  facet normal -2.112210e-01 5.001420e-01 8.397879e-01
    outer loop
      vertex 2.2203242610e-01 6.3016656937e-01 7.5880054412e-01
      vertex 2.6063988636e-01 6.4533249262e-01 7.5947880076e-01
      vertex 2.3609314031e-01 6.7137549774e-01 7.3779476878e-01
    endloop
  endfacet
  facet normal -1.327925e-01 5.572841e-01 8.196344e-01
    outer loop
      vertex 2.7567411197e-01 6.8469260626e-01 7.3515291273e-01
      vertex 2.3609314031e-01 6.7137549774e-01 7.3779476878e-01
      vertex 2.6063988636e-01 6.4533249262e-01 7.5947880076e-01
    endloop
  endfacet
  facet normal -3.134218e-01 7.599989e-01 5.693580e-01
    outer loop
      vertex 2.0729490169e-01 7.4270509831e-01 6.5000000000e-01
      vertex 1.8847558966e-01 7.1213203436e-01 6.8045028650e-01
      vertex 2.2887410239e-01 7.2759569005e-01 6.8204754478e-01
    endloop
  endfacet
  facet normal -3.717435e-01 6.491008e-01 6.636828e-01
    outer loop
      vertex 1.7240237875e-01 6.7633557569e-01 7.0645728807e-01
      vertex 2.1119862223e-01 6.9422356816e-01 7.1069295402e-01
      vertex 1.8847558966e-01 7.1213203436e-01 6.8045028650e-01
    endloop
  endfacet
  facet normal -2.392192e-01 7.022584e-01 6.705276e-01
    outer loop
      vertex 2.5181338931e-01 7.0813414327e-01 7.1061393343e-01
      vertex 2.2887410239e-01 7.2759569005e-01 6.8204754478e-01
      vertex 2.1119862223e-01 6.9422356816e-01 7.1069295402e-01
    endloop
  endfacet
  facet normal -2.962101e-01 7.075762e-01 6.415571e-01
    outer loop
      vertex 1.8847558966e-01 7.1213203436e-01 6.8045028650e-01
      vertex 2.1119862223e-01 6.9422356816e-01 7.1069295402e-01
      vertex 2.2887410239e-01 7.2759569005e-01 6.8204754478e-01
    endloop
  endfacet
  facet normal -4.576217e-01 3.824786e-01 8.026783e-01
    outer loop
      vertex 1.5000000000e-01 5.9270509831e-01 7.4270509831e-01
      vertex 1.8491588019e-01 6.1251157024e-01 7.5317344239e-01
      vertex 1.5947104474e-01 6.3619714992e-01 7.2738062601e-01
    endloop
  endfacet
  facet normal -3.374572e-01 4.450681e-01 8.294800e-01
    outer loop
      vertex 2.2203242610e-01 6.3016656937e-01 7.5880054412e-01
      vertex 1.9615409556e-01 6.5483648602e-01 7.3503550951e-01
      vertex 1.8491588019e-01 6.1251157024e-01 7.5317344239e-01
    endloop
  endfacet
  facet normal -4.202079e-01 5.222192e-01 7.421000e-01
    outer loop
      vertex 1.7240237875e-01 6.7633557569e-01 7.0645728807e-01
      vertex 1.5947104474e-01 6.3619714992e-01 7.2738062601e-01
      vertex 1.9615409556e-01 6.5483648602e-01 7.3503550951e-01
    endloop
  endfacet
  facet normal -3.951751e-01 4.484825e-01 8.016858e-01
    outer loop
      vertex 1.8491588019e-01 6.1251157024e-01 7.5317344239e-01
      vertex 1.9615409556e-01 6.5483648602e-01 7.3503550951e-01
      vertex 1.5947104474e-01 6.3619714992e-01 7.2738062601e-01
    endloop
  endfacet
  facet normal -2.173281e-01 6.387266e-01 7.381036e-01
    outer loop
      vertex 2.5181338931e-01 7.0813414327e-01 7.1061393343e-01
      vertex 2.1119862223e-01 6.9422356816e-01 7.1069295402e-01
      vertex 2.3609314031e-01 6.7137549774e-01 7.3779476878e-01
    endloop
  endfacet
  facet normal -3.498255e-01 5.855635e-01 7.312575e-01
    outer loop
      vertex 1.7240237875e-01 6.7633557569e-01 7.0645728807e-01
      vertex 1.9615409556e-01 6.5483648602e-01 7.3503550951e-01
      vertex 2.1119862223e-01 6.9422356816e-01 7.1069295402e-01
    endloop
  endfacet
  facet normal -2.670988e-01 5.084250e-01 8.186344e-01
    outer loop
      vertex 2.2203242610e-01 6.3016656937e-01 7.5880054412e-01
      vertex 2.3609314031e-01 6.7137549774e-01 7.3779476878e-01
      vertex 1.9615409556e-01 6.5483648602e-01 7.3503550951e-01
    endloop
  endfacet
  facet normal -2.931085e-01 5.811538e-01 7.591756e-01
    outer loop
      vertex 2.1119862223e-01 6.9422356816e-01 7.1069295402e-01
      vertex 1.9615409556e-01 6.5483648602e-01 7.3503550951e-01
      vertex 2.3609314031e-01 6.7137549774e-01 7.3779476878e-01
    endloop
  endfacet
  facet normal -7.595136e-01 5.263422e-01 3.822343e-01
    outer loop
      vertex 5.7294901688e-02 6.5000000000e-01 5.9270509831e-01
      vertex 7.2619373986e-02 6.4052895526e-01 6.3619714992e-01
      vertex 8.7867965644e-02 6.8045028650e-01 6.1152441034e-01
    endloop
  endfacet
  facet normal -6.990111e-01 4.888946e-01 5.218865e-01
    outer loop
      vertex 9.3542711929e-02 6.2759762125e-01 6.7633557569e-01
      vertex 1.0602666246e-01 6.6927626353e-01 6.5401263237e-01
      vertex 7.2619373986e-02 6.4052895526e-01 6.3619714992e-01
    endloop
  endfacet
  facet normal -6.486873e-01 6.206439e-01 4.404610e-01
    outer loop
      vertex 1.2366442431e-01 7.0645728807e-01 6.2759762125e-01
      vertex 8.7867965644e-02 6.8045028650e-01 6.1152441034e-01
      vertex 1.0602666246e-01 6.6927626353e-01 6.5401263237e-01
    endloop
  endfacet
  facet normal -7.084426e-01 5.465636e-01 4.465169e-01
    outer loop
      vertex 7.2619373986e-02 6.4052895526e-01 6.3619714992e-01
      vertex 1.0602666246e-01 6.6927626353e-01 6.5401263237e-01
      vertex 8.7867965644e-02 6.8045028650e-01 6.1152441034e-01
    endloop
  endfacet
  facet normal -5.263422e-01 3.822343e-01 7.595136e-01
    outer loop
      vertex 1.5000000000e-01 5.9270509831e-01 7.4270509831e-01
      vertex 1.5947104474e-01 6.3619714992e-01 7.2738062601e-01
      vertex 1.1954971350e-01 6.1152441034e-01 7.1213203436e-01
    endloop
  endfacet
  facet normal -4.888946e-01 5.218865e-01 6.990111e-01
    outer loop
      vertex 1.7240237875e-01 6.7633557569e-01 7.0645728807e-01
      vertex 1.3072373647e-01 6.5401263237e-01 6.9397333754e-01
      vertex 1.5947104474e-01 6.3619714992e-01 7.2738062601e-01
    endloop
  endfacet
  facet normal -6.206439e-01 4.404610e-01 6.486873e-01
    outer loop
      vertex 9.3542711929e-02 6.2759762125e-01 6.7633557569e-01
      vertex 1.1954971350e-01 6.1152441034e-01 7.1213203436e-01
      vertex 1.3072373647e-01 6.5401263237e-01 6.9397333754e-01
    endloop
  endfacet
  facet normal -5.465636e-01 4.465169e-01 7.084426e-01
    outer loop
      vertex 1.5947104474e-01 6.3619714992e-01 7.2738062601e-01
      vertex 1.3072373647e-01 6.5401263237e-01 6.9397333754e-01
      vertex 1.1954971350e-01 6.1152441034e-01 7.1213203436e-01
    endloop
  endfacet
  facet normal -3.822343e-01 7.595136e-01 5.263422e-01
    outer loop
      vertex 2.0729490169e-01 7.4270509831e-01 6.5000000000e-01
      vertex 1.6380285008e-01 7.2738062601e-01 6.4052895526e-01
      vertex 1.8847558966e-01 7.1213203436e-01 6.8045028650e-01
    endloop
  endfacet
  facet normal -5.218865e-01 6.990111e-01 4.888946e-01
    outer loop
      vertex 1.2366442431e-01 7.0645728807e-01 6.2759762125e-01
      vertex 1.4598736763e-01 6.9397333754e-01 6.6927626353e-01
      vertex 1.6380285008e-01 7.2738062601e-01 6.4052895526e-01
    endloop
  endfacet
  facet normal -4.404610e-01 6.486873e-01 6.206439e-01
    outer loop
      vertex 1.7240237875e-01 6.7633557569e-01 7.0645728807e-01
      vertex 1.8847558966e-01 7.1213203436e-01 6.8045028650e-01
      vertex 1.4598736763e-01 6.9397333754e-01 6.6927626353e-01
    endloop
  endfacet
  facet normal -4.465169e-01 7.084426e-01 5.465636e-01
    outer loop
      vertex 1.6380285008e-01 7.2738062601e-01 6.4052895526e-01
      vertex 1.4598736763e-01 6.9397333754e-01 6.6927626353e-01
      vertex 1.8847558966e-01 7.1213203436e-01 6.8045028650e-01
    endloop
  endfacet
  facet normal -6.354715e-01 5.037511e-01 5.851588e-01
    outer loop
      vertex 9.3542711929e-02 6.2759762125e-01 6.7633557569e-01
      vertex 1.3072373647e-01 6.5401263237e-01 6.9397333754e-01
      vertex 1.0602666246e-01 6.6927626353e-01 6.5401263237e-01
    endloop
  endfacet
  facet normal -5.037511e-01 5.851588e-01 6.354715e-01
    outer loop
      vertex 1.7240237875e-01 6.7633557569e-01 7.0645728807e-01
      vertex 1.4598736763e-01 6.9397333754e-01 6.6927626353e-01
      vertex 1.3072373647e-01 6.5401263237e-01 6.9397333754e-01
    endloop
  endfacet
  facet normal -5.851588e-01 6.354715e-01 5.037511e-01
    outer loop
      vertex 1.2366442431e-01 7.0645728807e-01 6.2759762125e-01
      vertex 1.0602666246e-01 6.6927626353e-01 6.5401263237e-01
      vertex 1.4598736763e-01 6.9397333754e-01 6.6927626353e-01
    endloop
  endfacet
  facet normal -5.773503e-01 5.773503e-01 5.773503e-01
    outer loop
      vertex 1.3072373647e-01 6.5401263237e-01 6.9397333754e-01
      vertex 1.4598736763e-01 6.9397333754e-01 6.6927626353e-01
      vertex 1.0602666246e-01 6.6927626353e-01 6.5401263237e-01
    endloop
  endfacet
  facet normal -4.650712e-01 8.838505e-01 5.017104e-02
    outer loop
      vertex 1.4228066636e-01 7.5519524251e-01 5.0000000000e-01
      vertex 1.5466750738e-01 7.5947880076e-01 5.3936011364e-01
      vertex 1.7899339541e-01 7.7451302637e-01 5.0000000000e-01
    endloop
  endfacet
  facet normal -4.192398e-01 8.897882e-01 1.803191e-01
    outer loop
      vertex 1.6983343063e-01 7.5880054412e-01 5.7796757390e-01
      vertex 1.9253136195e-01 7.7729138018e-01 5.3949661141e-01
      vertex 1.5466750738e-01 7.5947880076e-01 5.3936011364e-01
    endloop
  endfacet
  facet normal -3.386983e-01 9.395655e-01 5.000027e-02
    outer loop
      vertex 2.1802004133e-01 7.8858150734e-01 5.0000000000e-01
      vertex 1.7899339541e-01 7.7451302637e-01 5.0000000000e-01
      vertex 1.9253136195e-01 7.7729138018e-01 5.3949661141e-01
    endloop
  endfacet
  facet normal -4.244916e-01 9.017047e-01 8.207030e-02
    outer loop
      vertex 1.5466750738e-01 7.5947880076e-01 5.3936011364e-01
      vertex 1.9253136195e-01 7.7729138018e-01 5.3949661141e-01
      vertex 1.7899339541e-01 7.7451302637e-01 5.0000000000e-01
    endloop
  endfacet
  facet normal -3.023772e-01 8.521837e-01 4.270257e-01
    outer loop
      vertex 2.0729490169e-01 7.4270509831e-01 6.5000000000e-01
      vertex 2.2839692090e-01 7.6730195726e-01 6.1585621568e-01
      vertex 1.8748842976e-01 7.5317344239e-01 6.1508411981e-01
    endloop
  endfacet
  facet normal -2.288929e-01 9.233856e-01 3.081672e-01
    outer loop
      vertex 2.5126204557e-01 7.8531695489e-01 5.7885966682e-01
      vertex 2.0962233627e-01 7.7487325256e-01 5.7922482520e-01
      vertex 2.2839692090e-01 7.6730195726e-01 6.1585621568e-01
    endloop
  endfacet
  facet normal -3.648012e-01 8.790876e-01 3.067980e-01
    outer loop
      vertex 1.6983343063e-01 7.5880054412e-01 5.7796757390e-01
      vertex 1.8748842976e-01 7.5317344239e-01 6.1508411981e-01
      vertex 2.0962233627e-01 7.7487325256e-01 5.7922482520e-01
    endloop
  endfacet
  facet normal -3.124011e-01 8.857887e-01 3.431966e-01
    outer loop
      vertex 2.2839692090e-01 7.6730195726e-01 6.1585621568e-01
      vertex 2.0962233627e-01 7.7487325256e-01 5.7922482520e-01
      vertex 1.8748842976e-01 7.5317344239e-01 6.1508411981e-01
    endloop
  endfacet
  facet normal -6.905681e-02 9.963836e-01 4.950537e-02
    outer loop
      vertex 3.0000000000e-01 8.0000000000e-01 5.0000000000e-01
      vertex 2.5861432736e-01 7.9713166459e-01 5.0000000000e-01
      vertex 2.7532726042e-01 7.9630650218e-01 5.3992133124e-01
    endloop
  endfacet
  facet normal -2.058489e-01 9.773256e-01 4.960764e-02
    outer loop
      vertex 2.1802004133e-01 7.8858150734e-01 5.0000000000e-01
      vertex 2.3396489176e-01 7.8991777922e-01 5.3983774305e-01
      vertex 2.5861432736e-01 7.9713166459e-01 5.0000000000e-01
    endloop
  endfacet
  facet normal -1.504758e-01 9.718501e-01 1.812856e-01
    outer loop
      vertex 2.5126204557e-01 7.8531695489e-01 5.7885966682e-01
      vertex 2.7532726042e-01 7.9630650218e-01 5.3992133124e-01
      vertex 2.3396489176e-01 7.8991777922e-01 5.3983774305e-01
    endloop
  endfacet
  facet normal -1.522724e-01 9.847537e-01 8.410292e-02
    outer loop
      vertex 2.5861432736e-01 7.9713166459e-01 5.0000000000e-01
      vertex 2.3396489176e-01 7.8991777922e-01 5.3983774305e-01
      vertex 2.7532726042e-01 7.9630650218e-01 5.3992133124e-01
    endloop
  endfacet
  facet normal -3.716277e-01 9.031797e-01 2.148469e-01
    outer loop
      vertex 1.6983343063e-01 7.5880054412e-01 5.7796757390e-01
      vertex 2.0962233627e-01 7.7487325256e-01 5.7922482520e-01
      vertex 1.9253136195e-01 7.7729138018e-01 5.3949661141e-01
    endloop
  endfacet
  facet normal -2.357379e-01 9.474616e-01 2.162041e-01
    outer loop
      vertex 2.5126204557e-01 7.8531695489e-01 5.7885966682e-01
      vertex 2.3396489176e-01 7.8991777922e-01 5.3983774305e-01
      vertex 2.0962233627e-01 7.7487325256e-01 5.7922482520e-01
    endloop
  endfacet
  facet normal -2.910970e-01 9.529505e-01 8.454536e-02
    outer loop
      vertex 2.1802004133e-01 7.8858150734e-01 5.0000000000e-01
      vertex 1.9253136195e-01 7.7729138018e-01 5.3949661141e-01
      vertex 2.3396489176e-01 7.8991777922e-01 5.3983774305e-01
    endloop
  endfacet
  facet normal -2.880454e-01 9.403266e-01 1.811510e-01
    outer loop
      vertex 2.0962233627e-01 7.7487325256e-01 5.7922482520e-01
      vertex 2.3396489176e-01 7.8991777922e-01 5.3983774305e-01
      vertex 1.9253136195e-01 7.7729138018e-01 5.3949661141e-01
    endloop
  endfacet
  facet normal 0.000000e+00 5.964207e-01 8.026720e-01
    outer loop
      vertex 3.0000000000e-01 6.5771933364e-01 7.5519524251e-01
      vertex 3.2432588803e-01 6.8469260626e-01 7.3515291273e-01
      vertex 2.7567411197e-01 6.8469260626e-01 7.3515291273e-01
    endloop
  endfacet
  facet normal 8.054149e-02 6.804611e-01 7.283445e-01
    outer loop
      vertex 3.4818661069e-01 7.0813414327e-01 7.1061393343e-01
      vertex 3.0000000000e-01 7.1087210915e-01 7.1338452049e-01
      vertex 3.2432588803e-01 6.8469260626e-01 7.3515291273e-01
    endloop
  endfacet
  facet normal -8.054149e-02 6.804611e-01 7.283445e-01
    outer loop
      vertex 2.5181338931e-01 7.0813414327e-01 7.1061393343e-01
      vertex 2.7567411197e-01 6.8469260626e-01 7.3515291273e-01
      vertex 3.0000000000e-01 7.1087210915e-01 7.1338452049e-01
    endloop
  endfacet
  facet normal 0.000000e+00 6.393544e-01 7.689122e-01
    outer loop
      vertex 3.2432588803e-01 6.8469260626e-01 7.3515291273e-01
      vertex 3.0000000000e-01 7.1087210915e-01 7.1338452049e-01
      vertex 2.7567411197e-01 6.8469260626e-01 7.3515291273e-01
    endloop
  endfacet
  facet normal 2.333204e-01 8.095043e-01 5.387620e-01
    outer loop
      vertex 3.9270509831e-01 7.4270509831e-01 6.5000000000e-01
      vertex 3.4693033951e-01 7.5205336560e-01 6.5577754692e-01
      vertex 3.7112589761e-01 7.2759569005e-01 6.8204754478e-01
    endloop
  endfacet
  facet normal 7.841715e-02 8.303865e-01 5.516422e-01
    outer loop
      vertex 3.0000000000e-01 7.5519524251e-01 6.5771933364e-01
      vertex 3.2434255549e-01 7.3406131121e-01 6.8607187478e-01
      vertex 3.4693033951e-01 7.5205336560e-01 6.5577754692e-01
    endloop
  endfacet
  facet normal 1.589524e-01 7.518660e-01 6.398684e-01
    outer loop
      vertex 3.4818661069e-01 7.0813414327e-01 7.1061393343e-01
      vertex 3.7112589761e-01 7.2759569005e-01 6.8204754478e-01
      vertex 3.2434255549e-01 7.3406131121e-01 6.8607187478e-01
    endloop
  endfacet
  facet normal 1.601287e-01 7.916792e-01 5.895786e-01
    outer loop
      vertex 3.4693033951e-01 7.5205336560e-01 6.5577754692e-01
      vertex 3.2434255549e-01 7.3406131121e-01 6.8607187478e-01
      vertex 3.7112589761e-01 7.2759569005e-01 6.8204754478e-01
    endloop
  endfacet
  facet normal -2.333204e-01 8.095043e-01 5.387620e-01
    outer loop
      vertex 2.0729490169e-01 7.4270509831e-01 6.5000000000e-01
      vertex 2.2887410239e-01 7.2759569005e-01 6.8204754478e-01
      vertex 2.5306966049e-01 7.5205336560e-01 6.5577754692e-01
    endloop
  endfacet
  facet normal -1.589524e-01 7.518660e-01 6.398684e-01
    outer loop
      vertex 2.5181338931e-01 7.0813414327e-01 7.1061393343e-01
      vertex 2.7565744451e-01 7.3406131121e-01 6.8607187478e-01
      vertex 2.2887410239e-01 7.2759569005e-01 6.8204754478e-01
    endloop
  endfacet
  facet normal -7.841715e-02 8.303865e-01 5.516422e-01
    outer loop
      vertex 3.0000000000e-01 7.5519524251e-01 6.5771933364e-01
      vertex 2.5306966049e-01 7.5205336560e-01 6.5577754692e-01
      vertex 2.7565744451e-01 7.3406131121e-01 6.8607187478e-01
    endloop
  endfacet
  facet normal -1.601287e-01 7.916792e-01 5.895786e-01
    outer loop
      vertex 2.2887410239e-01 7.2759569005e-01 6.8204754478e-01
      vertex 2.7565744451e-01 7.3406131121e-01 6.8607187478e-01
      vertex 2.5306966049e-01 7.5205336560e-01 6.5577754692e-01
    endloop
  endfacet
  facet normal 8.053079e-02 7.232719e-01 6.858517e-01
    outer loop
      vertex 3.4818661069e-01 7.0813414327e-01 7.1061393343e-01
      vertex 3.2434255549e-01 7.3406131121e-01 6.8607187478e-01
      vertex 3.0000000000e-01 7.1087210915e-01 7.1338452049e-01
    endloop
  endfacet
  facet normal 0.000000e+00 8.017675e-01 5.976360e-01
    outer loop
      vertex 3.0000000000e-01 7.5519524251e-01 6.5771933364e-01
      vertex 2.7565744451e-01 7.3406131121e-01 6.8607187478e-01
      vertex 3.2434255549e-01 7.3406131121e-01 6.8607187478e-01
    endloop
  endfacet
  facet normal -8.053079e-02 7.232719e-01 6.858517e-01
    outer loop
      vertex 2.5181338931e-01 7.0813414327e-01 7.1061393343e-01
      vertex 3.0000000000e-01 7.1087210915e-01 7.1338452049e-01
      vertex 2.7565744451e-01 7.3406131121e-01 6.8607187478e-01
    endloop
  endfacet
  facet normal 0.000000e+00 7.623048e-01 6.472182e-01
    outer loop
      vertex 3.2434255549e-01 7.3406131121e-01 6.8607187478e-01
      vertex 2.7565744451e-01 7.3406131121e-01 6.8607187478e-01
      vertex 3.0000000000e-01 7.1087210915e-01 7.1338452049e-01
    endloop
  endfacet
  facet normal 4.650712e-01 8.838505e-01 5.017104e-02
    outer loop
      vertex 4.5771933364e-01 7.5519524251e-01 5.0000000000e-01
      vertex 4.2100660459e-01 7.7451302637e-01 5.0000000000e-01
      vertex 4.4533249262e-01 7.5947880076e-01 5.3936011364e-01
    endloop
  endfacet
  facet normal 3.386983e-01 9.395655e-01 5.000027e-02
    outer loop
      vertex 3.8197995867e-01 7.8858150734e-01 5.0000000000e-01
      vertex 4.0746863805e-01 7.7729138018e-01 5.3949661141e-01
      vertex 4.2100660459e-01 7.7451302637e-01 5.0000000000e-01
    endloop
  endfacet
  facet normal 4.192398e-01 8.897882e-01 1.803191e-01
    outer loop
      vertex 4.3016656937e-01 7.5880054412e-01 5.7796757390e-01
      vertex 4.4533249262e-01 7.5947880076e-01 5.3936011364e-01
      vertex 4.0746863805e-01 7.7729138018e-01 5.3949661141e-01
    endloop
  endfacet
  facet normal 4.244916e-01 9.017047e-01 8.207030e-02
    outer loop
      vertex 4.2100660459e-01 7.7451302637e-01 5.0000000000e-01
      vertex 4.0746863805e-01 7.7729138018e-01 5.3949661141e-01
      vertex 4.4533249262e-01 7.5947880076e-01 5.3936011364e-01
    endloop
  endfacet
  facet normal 6.905681e-02 9.963836e-01 4.950537e-02
    outer loop
      vertex 3.0000000000e-01 8.0000000000e-01 5.0000000000e-01
      vertex 3.2467273958e-01 7.9630650218e-01 5.3992133124e-01
      vertex 3.4138567264e-01 7.9713166459e-01 5.0000000000e-01
    endloop
  endfacet
  facet normal 1.504758e-01 9.718501e-01 1.812856e-01
    outer loop
      vertex 3.4873795443e-01 7.8531695489e-01 5.7885966682e-01
      vertex 3.6603510824e-01 7.8991777922e-01 5.3983774305e-01
      vertex 3.2467273958e-01 7.9630650218e-01 5.3992133124e-01
    endloop
  endfacet
  facet normal 2.058489e-01 9.773256e-01 4.960764e-02
    outer loop
      vertex 3.8197995867e-01 7.8858150734e-01 5.0000000000e-01
      vertex 3.4138567264e-01 7.9713166459e-01 5.0000000000e-01
      vertex 3.6603510824e-01 7.8991777922e-01 5.3983774305e-01
    endloop
  endfacet
  facet normal 1.522724e-01 9.847537e-01 8.410292e-02
    outer loop
      vertex 3.2467273958e-01 7.9630650218e-01 5.3992133124e-01
      vertex 3.6603510824e-01 7.8991777922e-01 5.3983774305e-01
      vertex 3.4138567264e-01 7.9713166459e-01 5.0000000000e-01
    endloop
  endfacet
  facet normal 3.023772e-01 8.521837e-01 4.270257e-01
    outer loop
      vertex 3.9270509831e-01 7.4270509831e-01 6.5000000000e-01
      vertex 4.1251157024e-01 7.5317344239e-01 6.1508411981e-01
      vertex 3.7160307910e-01 7.6730195726e-01 6.1585621568e-01
    endloop
  endfacet
  facet normal 3.648012e-01 8.790876e-01 3.067980e-01
    outer loop
      vertex 4.3016656937e-01 7.5880054412e-01 5.7796757390e-01
      vertex 3.9037766373e-01 7.7487325256e-01 5.7922482520e-01
      vertex 4.1251157024e-01 7.5317344239e-01 6.1508411981e-01
    endloop
  endfacet
  facet normal 2.288929e-01 9.233856e-01 3.081672e-01
    outer loop
      vertex 3.4873795443e-01 7.8531695489e-01 5.7885966682e-01
      vertex 3.7160307910e-01 7.6730195726e-01 6.1585621568e-01
      vertex 3.9037766373e-01 7.7487325256e-01 5.7922482520e-01
    endloop
  endfacet
  facet normal 3.124011e-01 8.857887e-01 3.431966e-01
    outer loop
      vertex 4.1251157024e-01 7.5317344239e-01 6.1508411981e-01
      vertex 3.9037766373e-01 7.7487325256e-01 5.7922482520e-01
      vertex 3.7160307910e-01 7.6730195726e-01 6.1585621568e-01
    endloop
  endfacet
  facet normal 2.910970e-01 9.529505e-01 8.454536e-02
    outer loop
      vertex 3.8197995867e-01 7.8858150734e-01 5.0000000000e-01
      vertex 3.6603510824e-01 7.8991777922e-01 5.3983774305e-01
      vertex 4.0746863805e-01 7.7729138018e-01 5.3949661141e-01
    endloop
  endfacet
  facet normal 2.357379e-01 9.474616e-01 2.162041e-01
    outer loop
      vertex 3.4873795443e-01 7.8531695489e-01 5.7885966682e-01
      vertex 3.9037766373e-01 7.7487325256e-01 5.7922482520e-01
      vertex 3.6603510824e-01 7.8991777922e-01 5.3983774305e-01
    endloop
  endfacet
  facet normal 3.716277e-01 9.031797e-01 2.148469e-01
    outer loop
      vertex 4.3016656937e-01 7.5880054412e-01 5.7796757390e-01
      vertex 4.0746863805e-01 7.7729138018e-01 5.3949661141e-01
      vertex 3.9037766373e-01 7.7487325256e-01 5.7922482520e-01
    endloop
  endfacet
  facet normal 2.880454e-01 9.403266e-01 1.811510e-01
    outer loop
      vertex 3.6603510824e-01 7.8991777922e-01 5.3983774305e-01
      vertex 3.9037766373e-01 7.7487325256e-01 5.7922482520e-01
      vertex 4.0746863805e-01 7.7729138018e-01 5.3949661141e-01
    endloop
  endfacet
  facet normal -2.331714e-01 8.516395e-01 4.694052e-01
    outer loop
      vertex 2.0729490169e-01 7.4270509831e-01 6.5000000000e-01
      vertex 2.5306966049e-01 7.5205336560e-01 6.5577754692e-01
      vertex 2.2839692090e-01 7.6730195726e-01 6.1585621568e-01
    endloop
  endfacet
  facet normal -7.836719e-02 8.724736e-01 4.823363e-01
    outer loop
      vertex 3.0000000000e-01 7.5519524251e-01 6.5771933364e-01
      vertex 2.7530292599e-01 7.7389474788e-01 6.1988211551e-01
      vertex 2.5306966049e-01 7.5205336560e-01 6.5577754692e-01
    endloop
  endfacet
  facet normal -1.597927e-01 9.227974e-01 3.505871e-01
    outer loop
      vertex 2.5126204557e-01 7.8531695489e-01 5.7885966682e-01
      vertex 2.2839692090e-01 7.6730195726e-01 6.1585621568e-01
      vertex 2.7530292599e-01 7.7389474788e-01 6.1988211551e-01
    endloop
  endfacet
  facet normal -1.618790e-01 8.843585e-01 4.378416e-01
    outer loop
      vertex 2.5306966049e-01 7.5205336560e-01 6.5577754692e-01
      vertex 2.7530292599e-01 7.7389474788e-01 6.1988211551e-01
      vertex 2.2839692090e-01 7.6730195726e-01 6.1585621568e-01
    endloop
  endfacet
  facet normal 2.331714e-01 8.516395e-01 4.694052e-01
    outer loop
      vertex 3.9270509831e-01 7.4270509831e-01 6.5000000000e-01
      vertex 3.7160307910e-01 7.6730195726e-01 6.1585621568e-01
      vertex 3.4693033951e-01 7.5205336560e-01 6.5577754692e-01
    endloop
  endfacet
  facet normal 1.597927e-01 9.227974e-01 3.505871e-01
    outer loop
      vertex 3.4873795443e-01 7.8531695489e-01 5.7885966682e-01
      vertex 3.2469707401e-01 7.7389474788e-01 6.1988211551e-01
      vertex 3.7160307910e-01 7.6730195726e-01 6.1585621568e-01
    endloop
  endfacet
  facet normal 7.836719e-02 8.724736e-01 4.823363e-01
    outer loop
      vertex 3.0000000000e-01 7.5519524251e-01 6.5771933364e-01
      vertex 3.4693033951e-01 7.5205336560e-01 6.5577754692e-01
      vertex 3.2469707401e-01 7.7389474788e-01 6.1988211551e-01
    endloop
  endfacet
  facet normal 1.618790e-01 8.843585e-01 4.378416e-01
    outer loop
      vertex 3.7160307910e-01 7.6730195726e-01 6.1585621568e-01
      vertex 3.2469707401e-01 7.7389474788e-01 6.1988211551e-01
      vertex 3.4693033951e-01 7.5205336560e-01 6.5577754692e-01
    endloop
  endfacet
  facet normal 0.000000e+00 9.957474e-01 9.212595e-02
    outer loop
      vertex 3.0000000000e-01 8.0000000000e-01 5.0000000000e-01
      vertex 2.7532726042e-01 7.9630650218e-01 5.3992133124e-01
      vertex 3.2467273958e-01 7.9630650218e-01 5.3992133124e-01
    endloop
  endfacet
  facet normal -8.142553e-02 9.712310e-01 2.237863e-01
    outer loop
      vertex 2.5126204557e-01 7.8531695489e-01 5.7885966682e-01
      vertex 3.0000000000e-01 7.8915837904e-01 5.7992141034e-01
      vertex 2.7532726042e-01 7.9630650218e-01 5.3992133124e-01
    endloop
  endfacet
  facet normal 8.142553e-02 9.712310e-01 2.237863e-01
    outer loop
      vertex 3.4873795443e-01 7.8531695489e-01 5.7885966682e-01
      vertex 3.2467273958e-01 7.9630650218e-01 5.3992133124e-01
      vertex 3.0000000000e-01 7.8915837904e-01 5.7992141034e-01
    endloop
  endfacet
  facet normal -0.000000e+00 9.844052e-01 1.759159e-01
    outer loop
      vertex 2.7532726042e-01 7.9630650218e-01 5.3992133124e-01
      vertex 3.0000000000e-01 7.8915837904e-01 5.7992141034e-01
      vertex 3.2467273958e-01 7.9630650218e-01 5.3992133124e-01
    endloop
  endfacet
  facet normal 0.000000e+00 8.964941e-01 4.430557e-01
    outer loop
      vertex 3.0000000000e-01 7.5519524251e-01 6.5771933364e-01
      vertex 3.2469707401e-01 7.7389474788e-01 6.1988211551e-01
      vertex 2.7530292599e-01 7.7389474788e-01 6.1988211551e-01
    endloop
  endfacet
  facet normal 8.140770e-02 9.468068e-01 3.113353e-01
    outer loop
      vertex 3.4873795443e-01 7.8531695489e-01 5.7885966682e-01
      vertex 3.0000000000e-01 7.8915837904e-01 5.7992141034e-01
      vertex 3.2469707401e-01 7.7389474788e-01 6.1988211551e-01
    endloop
  endfacet
  facet normal -8.140770e-02 9.468068e-01 3.113353e-01
    outer loop
      vertex 2.5126204557e-01 7.8531695489e-01 5.7885966682e-01
      vertex 2.7530292599e-01 7.7389474788e-01 6.1988211551e-01
      vertex 3.0000000000e-01 7.8915837904e-01 5.7992141034e-01
    endloop
  endfacet
  facet normal 0.000000e+00 9.341724e-01 3.568221e-01
    outer loop
      vertex 3.2469707401e-01 7.7389474788e-01 6.1988211551e-01
      vertex 3.0000000000e-01 7.8915837904e-01 5.7992141034e-01
      vertex 2.7530292599e-01 7.7389474788e-01 6.1988211551e-01
    endloop
  endfacet
  facet normal -4.650712e-01 8.838505e-01 -5.017104e-02
    outer loop
      vertex 1.4228066636e-01 7.5519524251e-01 5.0000000000e-01
      vertex 1.7899339541e-01 7.7451302637e-01 5.0000000000e-01
      vertex 1.5466750738e-01 7.5947880076e-01 4.6063988636e-01
    endloop
  endfacet
  facet normal -3.386983e-01 9.395655e-01 -5.000027e-02
    outer loop
      vertex 2.1802004133e-01 7.8858150734e-01 5.0000000000e-01
      vertex 1.9253136195e-01 7.7729138018e-01 4.6050338859e-01
      vertex 1.7899339541e-01 7.7451302637e-01 5.0000000000e-01
    endloop
  endfacet
  facet normal -4.192398e-01 8.897882e-01 -1.803191e-01
    outer loop
      vertex 1.6983343063e-01 7.5880054412e-01 4.2203242610e-01
      vertex 1.5466750738e-01 7.5947880076e-01 4.6063988636e-01
      vertex 1.9253136195e-01 7.7729138018e-01 4.6050338859e-01
    endloop
  endfacet
  facet normal -4.244916e-01 9.017047e-01 -8.207030e-02
    outer loop
      vertex 1.7899339541e-01 7.7451302637e-01 5.0000000000e-01
      vertex 1.9253136195e-01 7.7729138018e-01 4.6050338859e-01
      vertex 1.5466750738e-01 7.5947880076e-01 4.6063988636e-01
    endloop
  endfacet
  facet normal -6.905681e-02 9.963836e-01 -4.950537e-02
    outer loop
      vertex 3.0000000000e-01 8.0000000000e-01 5.0000000000e-01
      vertex 2.7532726042e-01 7.9630650218e-01 4.6007866876e-01
      vertex 2.5861432736e-01 7.9713166459e-01 5.0000000000e-01
    endloop
  endfacet
  facet normal -1.504758e-01 9.718501e-01 -1.812856e-01
    outer loop
      vertex 2.5126204557e-01 7.8531695489e-01 4.2114033318e-01
      vertex 2.3396489176e-01 7.8991777922e-01 4.6016225695e-01
      vertex 2.7532726042e-01 7.9630650218e-01 4.6007866876e-01
    endloop
  endfacet
  facet normal -2.058489e-01 9.773256e-01 -4.960764e-02
    outer loop
      vertex 2.1802004133e-01 7.8858150734e-01 5.0000000000e-01
      vertex 2.5861432736e-01 7.9713166459e-01 5.0000000000e-01
      vertex 2.3396489176e-01 7.8991777922e-01 4.6016225695e-01
    endloop
  endfacet
  facet normal -1.522724e-01 9.847537e-01 -8.410292e-02
    outer loop
      vertex 2.7532726042e-01 7.9630650218e-01 4.6007866876e-01
      vertex 2.3396489176e-01 7.8991777922e-01 4.6016225695e-01
      vertex 2.5861432736e-01 7.9713166459e-01 5.0000000000e-01
    endloop
  endfacet
  facet normal -3.023772e-01 8.521837e-01 -4.270257e-01
    outer loop
      vertex 2.0729490169e-01 7.4270509831e-01 3.5000000000e-01
      vertex 1.8748842976e-01 7.5317344239e-01 3.8491588019e-01
      vertex 2.2839692090e-01 7.6730195726e-01 3.8414378432e-01
    endloop
  endfacet
  facet normal -3.648012e-01 8.790876e-01 -3.067980e-01
    outer loop
      vertex 1.6983343063e-01 7.5880054412e-01 4.2203242610e-01
      vertex 2.0962233627e-01 7.7487325256e-01 4.2077517480e-01
      vertex 1.8748842976e-01 7.5317344239e-01 3.8491588019e-01
    endloop
  endfacet
  facet normal -2.288929e-01 9.233856e-01 -3.081672e-01
    outer loop
      vertex 2.5126204557e-01 7.8531695489e-01 4.2114033318e-01
      vertex 2.2839692090e-01 7.6730195726e-01 3.8414378432e-01
      vertex 2.0962233627e-01 7.7487325256e-01 4.2077517480e-01
    endloop
  endfacet
  facet normal -3.124011e-01 8.857887e-01 -3.431966e-01
    outer loop
      vertex 1.8748842976e-01 7.5317344239e-01 3.8491588019e-01
      vertex 2.0962233627e-01 7.7487325256e-01 4.2077517480e-01
      vertex 2.2839692090e-01 7.6730195726e-01 3.8414378432e-01
    endloop
  endfacet
  facet normal -2.910970e-01 9.529505e-01 -8.454536e-02
    outer loop
      vertex 2.1802004133e-01 7.8858150734e-01 5.0000000000e-01
      vertex 2.3396489176e-01 7.8991777922e-01 4.6016225695e-01
      vertex 1.9253136195e-01 7.7729138018e-01 4.6050338859e-01
    endloop
  endfacet
  facet normal -2.357379e-01 9.474616e-01 -2.162041e-01
    outer loop
      vertex 2.5126204557e-01 7.8531695489e-01 4.2114033318e-01
      vertex 2.0962233627e-01 7.7487325256e-01 4.2077517480e-01
      vertex 2.3396489176e-01 7.8991777922e-01 4.6016225695e-01
    endloop
  endfacet
  facet normal -3.716277e-01 9.031797e-01 -2.148469e-01
    outer loop
      vertex 1.6983343063e-01 7.5880054412e-01 4.2203242610e-01
      vertex 1.9253136195e-01 7.7729138018e-01 4.6050338859e-01
      vertex 2.0962233627e-01 7.7487325256e-01 4.2077517480e-01
    endloop
  endfacet
  facet normal -2.880454e-01 9.403266e-01 -1.811510e-01
    outer loop
      vertex 2.3396489176e-01 7.8991777922e-01 4.6016225695e-01
      vertex 2.0962233627e-01 7.7487325256e-01 4.2077517480e-01
      vertex 1.9253136195e-01 7.7729138018e-01 4.6050338859e-01
    endloop
  endfacet
  facet normal 4.650712e-01 8.838505e-01 -5.017104e-02
    outer loop
      vertex 4.5771933364e-01 7.5519524251e-01 5.0000000000e-01
      vertex 4.4533249262e-01 7.5947880076e-01 4.6063988636e-01
      vertex 4.2100660459e-01 7.7451302637e-01 5.0000000000e-01
    endloop
  endfacet
  facet normal 4.192398e-01 8.897882e-01 -1.803191e-01
    outer loop
      vertex 4.3016656937e-01 7.5880054412e-01 4.2203242610e-01
      vertex 4.0746863805e-01 7.7729138018e-01 4.6050338859e-01
      vertex 4.4533249262e-01 7.5947880076e-01 4.6063988636e-01
    endloop
  endfacet
  facet normal 3.386983e-01 9.395655e-01 -5.000027e-02
    outer loop
      vertex 3.8197995867e-01 7.8858150734e-01 5.0000000000e-01
      vertex 4.2100660459e-01 7.7451302637e-01 5.0000000000e-01
      vertex 4.0746863805e-01 7.7729138018e-01 4.6050338859e-01
    endloop
  endfacet
  facet normal 4.244916e-01 9.017047e-01 -8.207030e-02
    outer loop
      vertex 4.4533249262e-01 7.5947880076e-01 4.6063988636e-01
      vertex 4.0746863805e-01 7.7729138018e-01 4.6050338859e-01
      vertex 4.2100660459e-01 7.7451302637e-01 5.0000000000e-01
    endloop
  endfacet
  facet normal 3.023772e-01 8.521837e-01 -4.270257e-01
    outer loop
      vertex 3.9270509831e-01 7.4270509831e-01 3.5000000000e-01
      vertex 3.7160307910e-01 7.6730195726e-01 3.8414378432e-01
      vertex 4.1251157024e-01 7.5317344239e-01 3.8491588019e-01
    endloop
  endfacet
  facet normal 2.288929e-01 9.233856e-01 -3.081672e-01
    outer loop
      vertex 3.4873795443e-01 7.8531695489e-01 4.2114033318e-01
      vertex 3.9037766373e-01 7.7487325256e-01 4.2077517480e-01
      vertex 3.7160307910e-01 7.6730195726e-01 3.8414378432e-01
    endloop
  endfacet
  facet normal 3.648012e-01 8.790876e-01 -3.067980e-01
    outer loop
      vertex 4.3016656937e-01 7.5880054412e-01 4.2203242610e-01
      vertex 4.1251157024e-01 7.5317344239e-01 3.8491588019e-01
      vertex 3.9037766373e-01 7.7487325256e-01 4.2077517480e-01
    endloop
  endfacet
  facet normal 3.124011e-01 8.857887e-01 -3.431966e-01
    outer loop
      vertex 3.7160307910e-01 7.6730195726e-01 3.8414378432e-01
      vertex 3.9037766373e-01 7.7487325256e-01 4.2077517480e-01
      vertex 4.1251157024e-01 7.5317344239e-01 3.8491588019e-01
    endloop
  endfacet
  facet normal 6.905681e-02 9.963836e-01 -4.950537e-02
    outer loop
      vertex 3.0000000000e-01 8.0000000000e-01 5.0000000000e-01
      vertex 3.4138567264e-01 7.9713166459e-01 5.0000000000e-01
      vertex 3.2467273958e-01 7.9630650218e-01 4.6007866876e-01
    endloop
  endfacet
  facet normal 2.058489e-01 9.773256e-01 -4.960764e-02
    outer loop
      vertex 3.8197995867e-01 7.8858150734e-01 5.0000000000e-01
      vertex 3.6603510824e-01 7.8991777922e-01 4.6016225695e-01
      vertex 3.4138567264e-01 7.9713166459e-01 5.0000000000e-01
    endloop
  endfacet
  facet normal 1.504758e-01 9.718501e-01 -1.812856e-01
    outer loop
      vertex 3.4873795443e-01 7.8531695489e-01 4.2114033318e-01
      vertex 3.2467273958e-01 7.9630650218e-01 4.6007866876e-01
      vertex 3.6603510824e-01 7.8991777922e-01 4.6016225695e-01
    endloop
  endfacet
  facet normal 1.522724e-01 9.847537e-01 -8.410292e-02
    outer loop
      vertex 3.4138567264e-01 7.9713166459e-01 5.0000000000e-01
      vertex 3.6603510824e-01 7.8991777922e-01 4.6016225695e-01
      vertex 3.2467273958e-01 7.9630650218e-01 4.6007866876e-01
    endloop
  endfacet
  facet normal 3.716277e-01 9.031797e-01 -2.148469e-01
    outer loop
      vertex 4.3016656937e-01 7.5880054412e-01 4.2203242610e-01
      vertex 3.9037766373e-01 7.7487325256e-01 4.2077517480e-01
      vertex 4.0746863805e-01 7.7729138018e-01 4.6050338859e-01
    endloop
  endfacet
  facet normal 2.357379e-01 9.474616e-01 -2.162041e-01
    outer loop
      vertex 3.4873795443e-01 7.8531695489e-01 4.2114033318e-01
      vertex 3.6603510824e-01 7.8991777922e-01 4.6016225695e-01
      vertex 3.9037766373e-01 7.7487325256e-01 4.2077517480e-01
    endloop
  endfacet
  facet normal 2.910970e-01 9.529505e-01 -8.454536e-02
    outer loop
      vertex 3.8197995867e-01 7.8858150734e-01 5.0000000000e-01
      vertex 4.0746863805e-01 7.7729138018e-01 4.6050338859e-01
      vertex 3.6603510824e-01 7.8991777922e-01 4.6016225695e-01
    endloop
  endfacet
  facet normal 2.880454e-01 9.403266e-01 -1.811510e-01
    outer loop
      vertex 3.9037766373e-01 7.7487325256e-01 4.2077517480e-01
      vertex 3.6603510824e-01 7.8991777922e-01 4.6016225695e-01
      vertex 4.0746863805e-01 7.7729138018e-01 4.6050338859e-01
    endloop
  endfacet
  facet normal 0.000000e+00 5.964207e-01 -8.026720e-01
    outer loop
      vertex 3.0000000000e-01 6.5771933364e-01 2.4480475749e-01
      vertex 2.7567411197e-01 6.8469260626e-01 2.6484708727e-01
      vertex 3.2432588803e-01 6.8469260626e-01 2.6484708727e-01
    endloop
  endfacet
  facet normal -8.054149e-02 6.804611e-01 -7.283445e-01
    outer loop
      vertex 2.5181338931e-01 7.0813414327e-01 2.8938606657e-01
      vertex 3.0000000000e-01 7.1087210915e-01 2.8661547951e-01
      vertex 2.7567411197e-01 6.8469260626e-01 2.6484708727e-01
    endloop
  endfacet
  facet normal 8.054149e-02 6.804611e-01 -7.283445e-01
    outer loop
      vertex 3.4818661069e-01 7.0813414327e-01 2.8938606657e-01
      vertex 3.2432588803e-01 6.8469260626e-01 2.6484708727e-01
      vertex 3.0000000000e-01 7.1087210915e-01 2.8661547951e-01
    endloop
  endfacet
  facet normal 0.000000e+00 6.393544e-01 -7.689122e-01
    outer loop
      vertex 2.7567411197e-01 6.8469260626e-01 2.6484708727e-01
      vertex 3.0000000000e-01 7.1087210915e-01 2.8661547951e-01
      vertex 3.2432588803e-01 6.8469260626e-01 2.6484708727e-01
    endloop
  endfacet
  facet normal -2.333204e-01 8.095043e-01 -5.387620e-01
    outer loop
      vertex 2.0729490169e-01 7.4270509831e-01 3.5000000000e-01
      vertex 2.5306966049e-01 7.5205336560e-01 3.4422245308e-01
      vertex 2.2887410239e-01 7.2759569005e-01 3.1795245522e-01
    endloop
  endfacet
  facet normal -7.841715e-02 8.303865e-01 -5.516422e-01
    outer loop
      vertex 3.0000000000e-01 7.5519524251e-01 3.4228066636e-01
      vertex 2.7565744451e-01 7.3406131121e-01 3.1392812522e-01
      vertex 2.5306966049e-01 7.5205336560e-01 3.4422245308e-01
    endloop
  endfacet
  facet normal -1.589524e-01 7.518660e-01 -6.398684e-01
    outer loop
      vertex 2.5181338931e-01 7.0813414327e-01 2.8938606657e-01
      vertex 2.2887410239e-01 7.2759569005e-01 3.1795245522e-01
      vertex 2.7565744451e-01 7.3406131121e-01 3.1392812522e-01
    endloop
  endfacet
  facet normal -1.601287e-01 7.916792e-01 -5.895786e-01
    outer loop
      vertex 2.5306966049e-01 7.5205336560e-01 3.4422245308e-01
      vertex 2.7565744451e-01 7.3406131121e-01 3.1392812522e-01
      vertex 2.2887410239e-01 7.2759569005e-01 3.1795245522e-01
    endloop
  endfacet
  facet normal 2.333204e-01 8.095043e-01 -5.387620e-01
    outer loop
      vertex 3.9270509831e-01 7.4270509831e-01 3.5000000000e-01
      vertex 3.7112589761e-01 7.2759569005e-01 3.1795245522e-01
      vertex 3.4693033951e-01 7.5205336560e-01 3.4422245308e-01
    endloop
  endfacet
  facet normal 1.589524e-01 7.518660e-01 -6.398684e-01
    outer loop
      vertex 3.4818661069e-01 7.0813414327e-01 2.8938606657e-01
      vertex 3.2434255549e-01 7.3406131121e-01 3.1392812522e-01
      vertex 3.7112589761e-01 7.2759569005e-01 3.1795245522e-01
    endloop
  endfacet
  facet normal 7.841715e-02 8.303865e-01 -5.516422e-01
    outer loop
      vertex 3.0000000000e-01 7.5519524251e-01 3.4228066636e-01
      vertex 3.4693033951e-01 7.5205336560e-01 3.4422245308e-01
      vertex 3.2434255549e-01 7.3406131121e-01 3.1392812522e-01
    endloop
  endfacet
  facet normal 1.601287e-01 7.916792e-01 -5.895786e-01
    outer loop
      vertex 3.7112589761e-01 7.2759569005e-01 3.1795245522e-01
      vertex 3.2434255549e-01 7.3406131121e-01 3.1392812522e-01
      vertex 3.4693033951e-01 7.5205336560e-01 3.4422245308e-01
    endloop
  endfacet
  facet normal -8.053079e-02 7.232719e-01 -6.858517e-01
    outer loop
      vertex 2.5181338931e-01 7.0813414327e-01 2.8938606657e-01
      vertex 2.7565744451e-01 7.3406131121e-01 3.1392812522e-01
      vertex 3.0000000000e-01 7.1087210915e-01 2.8661547951e-01
    endloop
  endfacet
  facet normal 0.000000e+00 8.017675e-01 -5.976360e-01
    outer loop
      vertex 3.0000000000e-01 7.5519524251e-01 3.4228066636e-01
      vertex 3.2434255549e-01 7.3406131121e-01 3.1392812522e-01
      vertex 2.7565744451e-01 7.3406131121e-01 3.1392812522e-01
    endloop
  endfacet
  facet normal 8.053079e-02 7.232719e-01 -6.858517e-01
    outer loop
      vertex 3.4818661069e-01 7.0813414327e-01 2.8938606657e-01
      vertex 3.0000000000e-01 7.1087210915e-01 2.8661547951e-01
      vertex 3.2434255549e-01 7.3406131121e-01 3.1392812522e-01
    endloop
  endfacet
  facet normal 0.000000e+00 7.623048e-01 -6.472182e-01
    outer loop
      vertex 2.7565744451e-01 7.3406131121e-01 3.1392812522e-01
      vertex 3.2434255549e-01 7.3406131121e-01 3.1392812522e-01
      vertex 3.0000000000e-01 7.1087210915e-01 2.8661547951e-01
    endloop
  endfacet
  facet normal 0.000000e+00 9.957474e-01 -9.212595e-02
    outer loop
      vertex 3.0000000000e-01 8.0000000000e-01 5.0000000000e-01
      vertex 3.2467273958e-01 7.9630650218e-01 4.6007866876e-01
      vertex 2.7532726042e-01 7.9630650218e-01 4.6007866876e-01
    endloop
  endfacet
  facet normal 8.142553e-02 9.712310e-01 -2.237863e-01
    outer loop
      vertex 3.4873795443e-01 7.8531695489e-01 4.2114033318e-01
      vertex 3.0000000000e-01 7.8915837904e-01 4.2007858966e-01
      vertex 3.2467273958e-01 7.9630650218e-01 4.6007866876e-01
    endloop
  endfacet
  facet normal -8.142553e-02 9.712310e-01 -2.237863e-01
    outer loop
      vertex 2.5126204557e-01 7.8531695489e-01 4.2114033318e-01
      vertex 2.7532726042e-01 7.9630650218e-01 4.6007866876e-01
      vertex 3.0000000000e-01 7.8915837904e-01 4.2007858966e-01
    endloop
  endfacet
  facet normal 0.000000e+00 9.844052e-01 -1.759159e-01
    outer loop
      vertex 3.2467273958e-01 7.9630650218e-01 4.6007866876e-01
      vertex 3.0000000000e-01 7.8915837904e-01 4.2007858966e-01
      vertex 2.7532726042e-01 7.9630650218e-01 4.6007866876e-01
    endloop
  endfacet
  facet normal 2.331714e-01 8.516395e-01 -4.694052e-01
    outer loop
      vertex 3.9270509831e-01 7.4270509831e-01 3.5000000000e-01
      vertex 3.4693033951e-01 7.5205336560e-01 3.4422245308e-01
      vertex 3.7160307910e-01 7.6730195726e-01 3.8414378432e-01
    endloop
  endfacet
  facet normal 7.836719e-02 8.724736e-01 -4.823363e-01
    outer loop
      vertex 3.0000000000e-01 7.5519524251e-01 3.4228066636e-01
      vertex 3.2469707401e-01 7.7389474788e-01 3.8011788449e-01
      vertex 3.4693033951e-01 7.5205336560e-01 3.4422245308e-01
    endloop
  endfacet
  facet normal 1.597927e-01 9.227974e-01 -3.505871e-01
    outer loop
      vertex 3.4873795443e-01 7.8531695489e-01 4.2114033318e-01
      vertex 3.7160307910e-01 7.6730195726e-01 3.8414378432e-01
      vertex 3.2469707401e-01 7.7389474788e-01 3.8011788449e-01
    endloop
  endfacet
  facet normal 1.618790e-01 8.843585e-01 -4.378416e-01
    outer loop
      vertex 3.4693033951e-01 7.5205336560e-01 3.4422245308e-01
      vertex 3.2469707401e-01 7.7389474788e-01 3.8011788449e-01
      vertex 3.7160307910e-01 7.6730195726e-01 3.8414378432e-01
    endloop
  endfacet
  facet normal -2.331714e-01 8.516395e-01 -4.694052e-01
    outer loop
      vertex 2.0729490169e-01 7.4270509831e-01 3.5000000000e-01
      vertex 2.2839692090e-01 7.6730195726e-01 3.8414378432e-01
      vertex 2.5306966049e-01 7.5205336560e-01 3.4422245308e-01
    endloop
  endfacet
  facet normal -1.597927e-01 9.227974e-01 -3.505871e-01
    outer loop
      vertex 2.5126204557e-01 7.8531695489e-01 4.2114033318e-01
      vertex 2.7530292599e-01 7.7389474788e-01 3.8011788449e-01
      vertex 2.2839692090e-01 7.6730195726e-01 3.8414378432e-01
    endloop
  endfacet
  facet normal -7.836719e-02 8.724736e-01 -4.823363e-01
    outer loop
      vertex 3.0000000000e-01 7.5519524251e-01 3.4228066636e-01
      vertex 2.5306966049e-01 7.5205336560e-01 3.4422245308e-01
      vertex 2.7530292599e-01 7.7389474788e-01 3.8011788449e-01
    endloop
  endfacet
  facet normal -1.618790e-01 8.843585e-01 -4.378416e-01
    outer loop
      vertex 2.2839692090e-01 7.6730195726e-01 3.8414378432e-01
      vertex 2.7530292599e-01 7.7389474788e-01 3.8011788449e-01
      vertex 2.5306966049e-01 7.5205336560e-01 3.4422245308e-01
    endloop
  endfacet
  facet normal 8.140770e-02 9.468068e-01 -3.113353e-01
    outer loop
      vertex 3.4873795443e-01 7.8531695489e-01 4.2114033318e-01
      vertex 3.2469707401e-01 7.7389474788e-01 3.8011788449e-01
      vertex 3.0000000000e-01 7.8915837904e-01 4.2007858966e-01
    endloop
  endfacet
  facet normal 0.000000e+00 8.964941e-01 -4.430557e-01
    outer loop
      vertex 3.0000000000e-01 7.5519524251e-01 3.4228066636e-01
      vertex 2.7530292599e-01 7.7389474788e-01 3.8011788449e-01
      vertex 3.2469707401e-01 7.7389474788e-01 3.8011788449e-01
    endloop
  endfacet
  facet normal -8.140770e-02 9.468068e-01 -3.113353e-01
    outer loop
      vertex 2.5126204557e-01 7.8531695489e-01 4.2114033318e-01
      vertex 3.0000000000e-01 7.8915837904e-01 4.2007858966e-01
      vertex 2.7530292599e-01 7.7389474788e-01 3.8011788449e-01
    endloop
  endfacet
  facet normal 0.000000e+00 9.341724e-01 -3.568221e-01
    outer loop
      vertex 3.2469707401e-01 7.7389474788e-01 3.8011788449e-01
      vertex 2.7530292599e-01 7.7389474788e-01 3.8011788449e-01
      vertex 3.0000000000e-01 7.8915837904e-01 4.2007858966e-01
    endloop
  endfacet
  facet normal -5.462496e-01 8.336794e-01 -8.117845e-02
    outer loop
      vertex 1.4228066636e-01 7.5519524251e-01 5.0000000000e-01
      vertex 1.5466750738e-01 7.5947880076e-01 4.6063988636e-01
      vertex 1.1530739374e-01 7.3515291273e-01 4.7567411197e-01
    endloop
  endfacet
  facet normal -5.001420e-01 8.397879e-01 -2.112210e-01
    outer loop
      vertex 1.6983343063e-01 7.5880054412e-01 4.2203242610e-01
      vertex 1.2862450226e-01 7.3779476878e-01 4.3609314031e-01
      vertex 1.5466750738e-01 7.5947880076e-01 4.6063988636e-01
    endloop
  endfacet
  facet normal -6.304608e-01 7.592464e-01 -1.614436e-01
    outer loop
      vertex 9.1865856732e-02 7.1061393343e-01 4.5181338931e-01
      vertex 1.1530739374e-01 7.3515291273e-01 4.7567411197e-01
      vertex 1.2862450226e-01 7.3779476878e-01 4.3609314031e-01
    endloop
  endfacet
  facet normal -5.572841e-01 8.196344e-01 -1.327925e-01
    outer loop
      vertex 1.5466750738e-01 7.5947880076e-01 4.6063988636e-01
      vertex 1.2862450226e-01 7.3779476878e-01 4.3609314031e-01
      vertex 1.1530739374e-01 7.3515291273e-01 4.7567411197e-01
    endloop
  endfacet
  facet normal -3.824786e-01 8.026783e-01 -4.576217e-01
    outer loop
      vertex 2.0729490169e-01 7.4270509831e-01 3.5000000000e-01
      vertex 1.6380285008e-01 7.2738062601e-01 3.5947104474e-01
      vertex 1.8748842976e-01 7.5317344239e-01 3.8491588019e-01
    endloop
  endfacet
  facet normal -5.222192e-01 7.421000e-01 -4.202079e-01
    outer loop
      vertex 1.2366442431e-01 7.0645728807e-01 3.7240237875e-01
      vertex 1.4516351398e-01 7.3503550951e-01 3.9615409556e-01
      vertex 1.6380285008e-01 7.2738062601e-01 3.5947104474e-01
    endloop
  endfacet
  facet normal -4.450681e-01 8.294800e-01 -3.374572e-01
    outer loop
      vertex 1.6983343063e-01 7.5880054412e-01 4.2203242610e-01
      vertex 1.8748842976e-01 7.5317344239e-01 3.8491588019e-01
      vertex 1.4516351398e-01 7.3503550951e-01 3.9615409556e-01
    endloop
  endfacet
  facet normal -4.484825e-01 8.016858e-01 -3.951751e-01
    outer loop
      vertex 1.6380285008e-01 7.2738062601e-01 3.5947104474e-01
      vertex 1.4516351398e-01 7.3503550951e-01 3.9615409556e-01
      vertex 1.8748842976e-01 7.5317344239e-01 3.8491588019e-01
    endloop
  endfacet
  facet normal -7.599989e-01 5.693580e-01 -3.134218e-01
    outer loop
      vertex 5.7294901688e-02 6.5000000000e-01 4.0729490169e-01
      vertex 7.2404309951e-02 6.8204754478e-01 4.2887410239e-01
      vertex 8.7867965644e-02 6.8045028650e-01 3.8847558966e-01
    endloop
  endfacet
  facet normal -7.022584e-01 6.705276e-01 -2.392192e-01
    outer loop
      vertex 9.1865856732e-02 7.1061393343e-01 4.5181338931e-01
      vertex 1.0577643184e-01 7.1069295402e-01 4.1119862223e-01
      vertex 7.2404309951e-02 6.8204754478e-01 4.2887410239e-01
    endloop
  endfacet
  facet normal -6.491008e-01 6.636828e-01 -3.717435e-01
    outer loop
      vertex 1.2366442431e-01 7.0645728807e-01 3.7240237875e-01
      vertex 8.7867965644e-02 6.8045028650e-01 3.8847558966e-01
      vertex 1.0577643184e-01 7.1069295402e-01 4.1119862223e-01
    endloop
  endfacet
  facet normal -7.075762e-01 6.415571e-01 -2.962101e-01
    outer loop
      vertex 7.2404309951e-02 6.8204754478e-01 4.2887410239e-01
      vertex 1.0577643184e-01 7.1069295402e-01 4.1119862223e-01
      vertex 8.7867965644e-02 6.8045028650e-01 3.8847558966e-01
    endloop
  endfacet
  facet normal -5.084250e-01 8.186344e-01 -2.670988e-01
    outer loop
      vertex 1.6983343063e-01 7.5880054412e-01 4.2203242610e-01
      vertex 1.4516351398e-01 7.3503550951e-01 3.9615409556e-01
      vertex 1.2862450226e-01 7.3779476878e-01 4.3609314031e-01
    endloop
  endfacet
  facet normal -5.855635e-01 7.312575e-01 -3.498255e-01
    outer loop
      vertex 1.2366442431e-01 7.0645728807e-01 3.7240237875e-01
      vertex 1.0577643184e-01 7.1069295402e-01 4.1119862223e-01
      vertex 1.4516351398e-01 7.3503550951e-01 3.9615409556e-01
    endloop
  endfacet
  facet normal -6.387266e-01 7.381036e-01 -2.173281e-01
    outer loop
      vertex 9.1865856732e-02 7.1061393343e-01 4.5181338931e-01
      vertex 1.2862450226e-01 7.3779476878e-01 4.3609314031e-01
      vertex 1.0577643184e-01 7.1069295402e-01 4.1119862223e-01
    endloop
  endfacet
  facet normal -5.811538e-01 7.591756e-01 -2.931085e-01
    outer loop
      vertex 1.4516351398e-01 7.3503550951e-01 3.9615409556e-01
      vertex 1.0577643184e-01 7.1069295402e-01 4.1119862223e-01
      vertex 1.2862450226e-01 7.3779476878e-01 4.3609314031e-01
    endloop
  endfacet
  facet normal -8.117845e-02 5.462496e-01 -8.336794e-01
    outer loop
      vertex 3.0000000000e-01 6.5771933364e-01 2.4480475749e-01
      vertex 2.6063988636e-01 6.4533249262e-01 2.4052119924e-01
      vertex 2.7567411197e-01 6.8469260626e-01 2.6484708727e-01
    endloop
  endfacet
  facet normal -2.112210e-01 5.001420e-01 -8.397879e-01
    outer loop
      vertex 2.2203242610e-01 6.3016656937e-01 2.4119945588e-01
      vertex 2.3609314031e-01 6.7137549774e-01 2.6220523122e-01
      vertex 2.6063988636e-01 6.4533249262e-01 2.4052119924e-01
    endloop
  endfacet
  facet normal -1.614436e-01 6.304608e-01 -7.592464e-01
    outer loop
      vertex 2.5181338931e-01 7.0813414327e-01 2.8938606657e-01
      vertex 2.7567411197e-01 6.8469260626e-01 2.6484708727e-01
      vertex 2.3609314031e-01 6.7137549774e-01 2.6220523122e-01
    endloop
  endfacet
  facet normal -1.327925e-01 5.572841e-01 -8.196344e-01
    outer loop
      vertex 2.6063988636e-01 6.4533249262e-01 2.4052119924e-01
      vertex 2.3609314031e-01 6.7137549774e-01 2.6220523122e-01
      vertex 2.7567411197e-01 6.8469260626e-01 2.6484708727e-01
    endloop
  endfacet
  facet normal -4.576217e-01 3.824786e-01 -8.026783e-01
    outer loop
      vertex 1.5000000000e-01 5.9270509831e-01 2.5729490169e-01
      vertex 1.5947104474e-01 6.3619714992e-01 2.7261937399e-01
      vertex 1.8491588019e-01 6.1251157024e-01 2.4682655761e-01
    endloop
  endfacet
  facet normal -4.202079e-01 5.222192e-01 -7.421000e-01
    outer loop
      vertex 1.7240237875e-01 6.7633557569e-01 2.9354271193e-01
      vertex 1.9615409556e-01 6.5483648602e-01 2.6496449049e-01
      vertex 1.5947104474e-01 6.3619714992e-01 2.7261937399e-01
    endloop
  endfacet
  facet normal -3.374572e-01 4.450681e-01 -8.294800e-01
    outer loop
      vertex 2.2203242610e-01 6.3016656937e-01 2.4119945588e-01
      vertex 1.8491588019e-01 6.1251157024e-01 2.4682655761e-01
      vertex 1.9615409556e-01 6.5483648602e-01 2.6496449049e-01
    endloop
  endfacet
  facet normal -3.951751e-01 4.484825e-01 -8.016858e-01
    outer loop
      vertex 1.5947104474e-01 6.3619714992e-01 2.7261937399e-01
      vertex 1.9615409556e-01 6.5483648602e-01 2.6496449049e-01
      vertex 1.8491588019e-01 6.1251157024e-01 2.4682655761e-01
    endloop
  endfacet
  facet normal -3.134218e-01 7.599989e-01 -5.693580e-01
    outer loop
      vertex 2.0729490169e-01 7.4270509831e-01 3.5000000000e-01
      vertex 2.2887410239e-01 7.2759569005e-01 3.1795245522e-01
      vertex 1.8847558966e-01 7.1213203436e-01 3.1954971350e-01
    endloop
  endfacet
  facet normal -2.392192e-01 7.022584e-01 -6.705276e-01
    outer loop
      vertex 2.5181338931e-01 7.0813414327e-01 2.8938606657e-01
      vertex 2.1119862223e-01 6.9422356816e-01 2.8930704598e-01
      vertex 2.2887410239e-01 7.2759569005e-01 3.1795245522e-01
    endloop
  endfacet
  facet normal -3.717435e-01 6.491008e-01 -6.636828e-01
    outer loop
      vertex 1.7240237875e-01 6.7633557569e-01 2.9354271193e-01
      vertex 1.8847558966e-01 7.1213203436e-01 3.1954971350e-01
      vertex 2.1119862223e-01 6.9422356816e-01 2.8930704598e-01
    endloop
  endfacet
  facet normal -2.962101e-01 7.075762e-01 -6.415571e-01
    outer loop
      vertex 2.2887410239e-01 7.2759569005e-01 3.1795245522e-01
      vertex 2.1119862223e-01 6.9422356816e-01 2.8930704598e-01
      vertex 1.8847558966e-01 7.1213203436e-01 3.1954971350e-01
    endloop
  endfacet
  facet normal -2.670988e-01 5.084250e-01 -8.186344e-01
    outer loop
      vertex 2.2203242610e-01 6.3016656937e-01 2.4119945588e-01
      vertex 1.9615409556e-01 6.5483648602e-01 2.6496449049e-01
      vertex 2.3609314031e-01 6.7137549774e-01 2.6220523122e-01
    endloop
  endfacet
  facet normal -3.498255e-01 5.855635e-01 -7.312575e-01
    outer loop
      vertex 1.7240237875e-01 6.7633557569e-01 2.9354271193e-01
      vertex 2.1119862223e-01 6.9422356816e-01 2.8930704598e-01
      vertex 1.9615409556e-01 6.5483648602e-01 2.6496449049e-01
    endloop
  endfacet
  facet normal -2.173281e-01 6.387266e-01 -7.381036e-01
    outer loop
      vertex 2.5181338931e-01 7.0813414327e-01 2.8938606657e-01
      vertex 2.3609314031e-01 6.7137549774e-01 2.6220523122e-01
      vertex 2.1119862223e-01 6.9422356816e-01 2.8930704598e-01
    endloop
  endfacet
  facet normal -2.931085e-01 5.811538e-01 -7.591756e-01
    outer loop
      vertex 1.9615409556e-01 6.5483648602e-01 2.6496449049e-01
      vertex 2.1119862223e-01 6.9422356816e-01 2.8930704598e-01
      vertex 2.3609314031e-01 6.7137549774e-01 2.6220523122e-01
    endloop
  endfacet
  facet normal -8.336794e-01 8.117845e-02 -5.462496e-01
    outer loop
      vertex 4.4804757494e-02 5.0000000000e-01 3.4228066636e-01
      vertex 4.0521199241e-02 5.3936011364e-01 3.5466750738e-01
      vertex 6.4847087274e-02 5.2432588803e-01 3.1530739374e-01
    endloop
  endfacet
  facet normal -8.397879e-01 2.112210e-01 -5.001420e-01
    outer loop
      vertex 4.1199455875e-02 5.7796757390e-01 3.6983343063e-01
      vertex 6.2205231222e-02 5.6390685969e-01 3.2862450226e-01
      vertex 4.0521199241e-02 5.3936011364e-01 3.5466750738e-01
    endloop
  endfacet
  facet normal -7.592464e-01 1.614436e-01 -6.304608e-01
    outer loop
      vertex 8.9386066567e-02 5.4818661069e-01 2.9186585673e-01
      vertex 6.4847087274e-02 5.2432588803e-01 3.1530739374e-01
      vertex 6.2205231222e-02 5.6390685969e-01 3.2862450226e-01
    endloop
  endfacet
  facet normal -8.196344e-01 1.327925e-01 -5.572841e-01
    outer loop
      vertex 4.0521199241e-02 5.3936011364e-01 3.5466750738e-01
      vertex 6.2205231222e-02 5.6390685969e-01 3.2862450226e-01
      vertex 6.4847087274e-02 5.2432588803e-01 3.1530739374e-01
    endloop
  endfacet
  facet normal -8.026783e-01 4.576217e-01 -3.824786e-01
    outer loop
      vertex 5.7294901688e-02 6.5000000000e-01 4.0729490169e-01
      vertex 7.2619373986e-02 6.4052895526e-01 3.6380285008e-01
      vertex 4.6826557613e-02 6.1508411981e-01 3.8748842976e-01
    endloop
  endfacet
  facet normal -7.421000e-01 4.202079e-01 -5.222192e-01
    outer loop
      vertex 9.3542711929e-02 6.2759762125e-01 3.2366442431e-01
      vertex 6.4964490491e-02 6.0384590444e-01 3.4516351398e-01
      vertex 7.2619373986e-02 6.4052895526e-01 3.6380285008e-01
    endloop
  endfacet
  facet normal -8.294800e-01 3.374572e-01 -4.450681e-01
    outer loop
      vertex 4.1199455875e-02 5.7796757390e-01 3.6983343063e-01
      vertex 4.6826557613e-02 6.1508411981e-01 3.8748842976e-01
      vertex 6.4964490491e-02 6.0384590444e-01 3.4516351398e-01
    endloop
  endfacet
  facet normal -8.016858e-01 3.951751e-01 -4.484825e-01
    outer loop
      vertex 7.2619373986e-02 6.4052895526e-01 3.6380285008e-01
      vertex 6.4964490491e-02 6.0384590444e-01 3.4516351398e-01
      vertex 4.6826557613e-02 6.1508411981e-01 3.8748842976e-01
    endloop
  endfacet
  facet normal -5.693580e-01 3.134218e-01 -7.599989e-01
    outer loop
      vertex 1.5000000000e-01 5.9270509831e-01 2.5729490169e-01
      vertex 1.1795245522e-01 5.7112589761e-01 2.7240430995e-01
      vertex 1.1954971350e-01 6.1152441034e-01 2.8786796564e-01
    endloop
  endfacet
  facet normal -6.705276e-01 2.392192e-01 -7.022584e-01
    outer loop
      vertex 8.9386066567e-02 5.4818661069e-01 2.9186585673e-01
      vertex 8.9307045977e-02 5.8880137777e-01 3.0577643184e-01
      vertex 1.1795245522e-01 5.7112589761e-01 2.7240430995e-01
    endloop
  endfacet
  facet normal -6.636828e-01 3.717435e-01 -6.491008e-01
    outer loop
      vertex 9.3542711929e-02 6.2759762125e-01 3.2366442431e-01
      vertex 1.1954971350e-01 6.1152441034e-01 2.8786796564e-01
      vertex 8.9307045977e-02 5.8880137777e-01 3.0577643184e-01
    endloop
  endfacet
  facet normal -6.415571e-01 2.962101e-01 -7.075762e-01
    outer loop
      vertex 1.1795245522e-01 5.7112589761e-01 2.7240430995e-01
      vertex 8.9307045977e-02 5.8880137777e-01 3.0577643184e-01
      vertex 1.1954971350e-01 6.1152441034e-01 2.8786796564e-01
    endloop
  endfacet
  facet normal -8.186344e-01 2.670988e-01 -5.084250e-01
    outer loop
      vertex 4.1199455875e-02 5.7796757390e-01 3.6983343063e-01
      vertex 6.4964490491e-02 6.0384590444e-01 3.4516351398e-01
      vertex 6.2205231222e-02 5.6390685969e-01 3.2862450226e-01
    endloop
  endfacet
  facet normal -7.312575e-01 3.498255e-01 -5.855635e-01
    outer loop
      vertex 9.3542711929e-02 6.2759762125e-01 3.2366442431e-01
      vertex 8.9307045977e-02 5.8880137777e-01 3.0577643184e-01
      vertex 6.4964490491e-02 6.0384590444e-01 3.4516351398e-01
    endloop
  endfacet
  facet normal -7.381036e-01 2.173281e-01 -6.387266e-01
    outer loop
      vertex 8.9386066567e-02 5.4818661069e-01 2.9186585673e-01
      vertex 6.2205231222e-02 5.6390685969e-01 3.2862450226e-01
      vertex 8.9307045977e-02 5.8880137777e-01 3.0577643184e-01
    endloop
  endfacet
  facet normal -7.591756e-01 2.931085e-01 -5.811538e-01
    outer loop
      vertex 6.4964490491e-02 6.0384590444e-01 3.4516351398e-01
      vertex 8.9307045977e-02 5.8880137777e-01 3.0577643184e-01
      vertex 6.2205231222e-02 5.6390685969e-01 3.2862450226e-01
    endloop
  endfacet
  facet normal -3.822343e-01 7.595136e-01 -5.263422e-01
    outer loop
      vertex 2.0729490169e-01 7.4270509831e-01 3.5000000000e-01
      vertex 1.8847558966e-01 7.1213203436e-01 3.1954971350e-01
      vertex 1.6380285008e-01 7.2738062601e-01 3.5947104474e-01
    endloop
  endfacet
  facet normal -4.404610e-01 6.486873e-01 -6.206439e-01
    outer loop
      vertex 1.7240237875e-01 6.7633557569e-01 2.9354271193e-01
      vertex 1.4598736763e-01 6.9397333754e-01 3.3072373647e-01
      vertex 1.8847558966e-01 7.1213203436e-01 3.1954971350e-01
    endloop
  endfacet
  facet normal -5.218865e-01 6.990111e-01 -4.888946e-01
    outer loop
      vertex 1.2366442431e-01 7.0645728807e-01 3.7240237875e-01
      vertex 1.6380285008e-01 7.2738062601e-01 3.5947104474e-01
      vertex 1.4598736763e-01 6.9397333754e-01 3.3072373647e-01
    endloop
  endfacet
  facet normal -4.465169e-01 7.084426e-01 -5.465636e-01
    outer loop
      vertex 1.8847558966e-01 7.1213203436e-01 3.1954971350e-01
      vertex 1.4598736763e-01 6.9397333754e-01 3.3072373647e-01
      vertex 1.6380285008e-01 7.2738062601e-01 3.5947104474e-01
    endloop
  endfacet
  facet normal -5.263422e-01 3.822343e-01 -7.595136e-01
    outer loop
      vertex 1.5000000000e-01 5.9270509831e-01 2.5729490169e-01
      vertex 1.1954971350e-01 6.1152441034e-01 2.8786796564e-01
      vertex 1.5947104474e-01 6.3619714992e-01 2.7261937399e-01
    endloop
  endfacet
  facet normal -6.206439e-01 4.404610e-01 -6.486873e-01
    outer loop
      vertex 9.3542711929e-02 6.2759762125e-01 3.2366442431e-01
      vertex 1.3072373647e-01 6.5401263237e-01 3.0602666246e-01
      vertex 1.1954971350e-01 6.1152441034e-01 2.8786796564e-01
    endloop
  endfacet
  facet normal -4.888946e-01 5.218865e-01 -6.990111e-01
    outer loop
      vertex 1.7240237875e-01 6.7633557569e-01 2.9354271193e-01
      vertex 1.5947104474e-01 6.3619714992e-01 2.7261937399e-01
      vertex 1.3072373647e-01 6.5401263237e-01 3.0602666246e-01
    endloop
  endfacet
  facet normal -5.465636e-01 4.465169e-01 -7.084426e-01
    outer loop
      vertex 1.1954971350e-01 6.1152441034e-01 2.8786796564e-01
      vertex 1.3072373647e-01 6.5401263237e-01 3.0602666246e-01
      vertex 1.5947104474e-01 6.3619714992e-01 2.7261937399e-01
    endloop
  endfacet
  facet normal -7.595136e-01 5.263422e-01 -3.822343e-01
    outer loop
      vertex 5.7294901688e-02 6.5000000000e-01 4.0729490169e-01
      vertex 8.7867965644e-02 6.8045028650e-01 3.8847558966e-01
      vertex 7.2619373986e-02 6.4052895526e-01 3.6380285008e-01
    endloop
  endfacet
  facet normal -6.486873e-01 6.206439e-01 -4.404610e-01
    outer loop
      vertex 1.2366442431e-01 7.0645728807e-01 3.7240237875e-01
      vertex 1.0602666246e-01 6.6927626353e-01 3.4598736763e-01
      vertex 8.7867965644e-02 6.8045028650e-01 3.8847558966e-01
    endloop
  endfacet
  facet normal -6.990111e-01 4.888946e-01 -5.218865e-01
    outer loop
      vertex 9.3542711929e-02 6.2759762125e-01 3.2366442431e-01
      vertex 7.2619373986e-02 6.4052895526e-01 3.6380285008e-01
      vertex 1.0602666246e-01 6.6927626353e-01 3.4598736763e-01
    endloop
  endfacet
  facet normal -7.084426e-01 5.465636e-01 -4.465169e-01
    outer loop
      vertex 8.7867965644e-02 6.8045028650e-01 3.8847558966e-01
      vertex 1.0602666246e-01 6.6927626353e-01 3.4598736763e-01
      vertex 7.2619373986e-02 6.4052895526e-01 3.6380285008e-01
    endloop
  endfacet
  facet normal -5.037511e-01 5.851588e-01 -6.354715e-01
    outer loop
      vertex 1.7240237875e-01 6.7633557569e-01 2.9354271193e-01
      vertex 1.3072373647e-01 6.5401263237e-01 3.0602666246e-01
      vertex 1.4598736763e-01 6.9397333754e-01 3.3072373647e-01
    endloop
  endfacet
  facet normal -6.354715e-01 5.037511e-01 -5.851588e-01
    outer loop
      vertex 9.3542711929e-02 6.2759762125e-01 3.2366442431e-01
      vertex 1.0602666246e-01 6.6927626353e-01 3.4598736763e-01
      vertex 1.3072373647e-01 6.5401263237e-01 3.0602666246e-01
    endloop
  endfacet
  facet normal -5.851588e-01 6.354715e-01 -5.037511e-01
    outer loop
      vertex 1.2366442431e-01 7.0645728807e-01 3.7240237875e-01
      vertex 1.4598736763e-01 6.9397333754e-01 3.3072373647e-01
      vertex 1.0602666246e-01 6.6927626353e-01 3.4598736763e-01
    endloop
  endfacet
  facet normal -5.773503e-01 5.773503e-01 -5.773503e-01
    outer loop
      vertex 1.3072373647e-01 6.5401263237e-01 3.0602666246e-01
      vertex 1.0602666246e-01 6.6927626353e-01 3.4598736763e-01
      vertex 1.4598736763e-01 6.9397333754e-01 3.3072373647e-01
    endloop
  endfacet
  facet normal -5.964207e-01 8.026720e-01 0.000000e+00
    outer loop
      vertex 1.4228066636e-01 7.5519524251e-01 5.0000000000e-01
      vertex 1.1530739374e-01 7.3515291273e-01 4.7567411197e-01
      vertex 1.1530739374e-01 7.3515291273e-01 5.2432588803e-01
    endloop
  endfacet
  facet normal -6.804611e-01 7.283445e-01 -8.054149e-02
    outer loop
      vertex 9.1865856732e-02 7.1061393343e-01 4.5181338931e-01
      vertex 8.9127890854e-02 7.1338452049e-01 5.0000000000e-01
      vertex 1.1530739374e-01 7.3515291273e-01 4.7567411197e-01
    endloop
  endfacet
  facet normal -6.804611e-01 7.283445e-01 8.054149e-02
    outer loop
      vertex 9.1865856732e-02 7.1061393343e-01 5.4818661069e-01
      vertex 1.1530739374e-01 7.3515291273e-01 5.2432588803e-01
      vertex 8.9127890854e-02 7.1338452049e-01 5.0000000000e-01
    endloop
  endfacet
  facet normal -6.393544e-01 7.689122e-01 0.000000e+00
    outer loop
      vertex 1.1530739374e-01 7.3515291273e-01 4.7567411197e-01
      vertex 8.9127890854e-02 7.1338452049e-01 5.0000000000e-01
      vertex 1.1530739374e-01 7.3515291273e-01 5.2432588803e-01
    endloop
  endfacet
  facet normal -8.095043e-01 5.387620e-01 -2.333204e-01
    outer loop
      vertex 5.7294901688e-02 6.5000000000e-01 4.0729490169e-01
      vertex 4.7946634402e-02 6.5577754692e-01 4.5306966049e-01
      vertex 7.2404309951e-02 6.8204754478e-01 4.2887410239e-01
    endloop
  endfacet
  facet normal -8.303865e-01 5.516422e-01 -7.841715e-02
    outer loop
      vertex 4.4804757494e-02 6.5771933364e-01 5.0000000000e-01
      vertex 6.5938688787e-02 6.8607187478e-01 4.7565744451e-01
      vertex 4.7946634402e-02 6.5577754692e-01 4.5306966049e-01
    endloop
  endfacet
  facet normal -7.518660e-01 6.398684e-01 -1.589524e-01
    outer loop
      vertex 9.1865856732e-02 7.1061393343e-01 4.5181338931e-01
      vertex 7.2404309951e-02 6.8204754478e-01 4.2887410239e-01
      vertex 6.5938688787e-02 6.8607187478e-01 4.7565744451e-01
    endloop
  endfacet
  facet normal -7.916792e-01 5.895786e-01 -1.601287e-01
    outer loop
      vertex 4.7946634402e-02 6.5577754692e-01 4.5306966049e-01
      vertex 6.5938688787e-02 6.8607187478e-01 4.7565744451e-01
      vertex 7.2404309951e-02 6.8204754478e-01 4.2887410239e-01
    endloop
  endfacet
  facet normal -8.095043e-01 5.387620e-01 2.333204e-01
    outer loop
      vertex 5.7294901688e-02 6.5000000000e-01 5.9270509831e-01
      vertex 7.2404309951e-02 6.8204754478e-01 5.7112589761e-01
      vertex 4.7946634402e-02 6.5577754692e-01 5.4693033951e-01
    endloop
  endfacet
  facet normal -7.518660e-01 6.398684e-01 1.589524e-01
    outer loop
      vertex 9.1865856732e-02 7.1061393343e-01 5.4818661069e-01
      vertex 6.5938688787e-02 6.8607187478e-01 5.2434255549e-01
      vertex 7.2404309951e-02 6.8204754478e-01 5.7112589761e-01
    endloop
  endfacet
  facet normal -8.303865e-01 5.516422e-01 7.841715e-02
    outer loop
      vertex 4.4804757494e-02 6.5771933364e-01 5.0000000000e-01
      vertex 4.7946634402e-02 6.5577754692e-01 5.4693033951e-01
      vertex 6.5938688787e-02 6.8607187478e-01 5.2434255549e-01
    endloop
  endfacet
  facet normal -7.916792e-01 5.895786e-01 1.601287e-01
    outer loop
      vertex 7.2404309951e-02 6.8204754478e-01 5.7112589761e-01
      vertex 6.5938688787e-02 6.8607187478e-01 5.2434255549e-01
      vertex 4.7946634402e-02 6.5577754692e-01 5.4693033951e-01
    endloop
  endfacet
  facet normal -7.232719e-01 6.858517e-01 -8.053079e-02
    outer loop
      vertex 9.1865856732e-02 7.1061393343e-01 4.5181338931e-01
      vertex 6.5938688787e-02 6.8607187478e-01 4.7565744451e-01
      vertex 8.9127890854e-02 7.1338452049e-01 5.0000000000e-01
    endloop
  endfacet
  facet normal -8.017675e-01 5.976360e-01 0.000000e+00
    outer loop
      vertex 4.4804757494e-02 6.5771933364e-01 5.0000000000e-01
      vertex 6.5938688787e-02 6.8607187478e-01 5.2434255549e-01
      vertex 6.5938688787e-02 6.8607187478e-01 4.7565744451e-01
    endloop
  endfacet
  facet normal -7.232719e-01 6.858517e-01 8.053079e-02
    outer loop
      vertex 9.1865856732e-02 7.1061393343e-01 5.4818661069e-01
      vertex 8.9127890854e-02 7.1338452049e-01 5.0000000000e-01
      vertex 6.5938688787e-02 6.8607187478e-01 5.2434255549e-01
    endloop
  endfacet
  facet normal -7.623048e-01 6.472182e-01 0.000000e+00
    outer loop
      vertex 6.5938688787e-02 6.8607187478e-01 4.7565744451e-01
      vertex 6.5938688787e-02 6.8607187478e-01 5.2434255549e-01
      vertex 8.9127890854e-02 7.1338452049e-01 5.0000000000e-01
    endloop
  endfacet
  facet normal -8.838505e-01 5.017104e-02 -4.650712e-01
    outer loop
      vertex 4.4804757494e-02 5.0000000000e-01 3.4228066636e-01
      vertex 2.5486973630e-02 5.0000000000e-01 3.7899339541e-01
      vertex 4.0521199241e-02 5.3936011364e-01 3.5466750738e-01
    endloop
  endfacet
  facet normal -9.395655e-01 5.000027e-02 -3.386983e-01
    outer loop
      vertex 1.1418492665e-02 5.0000000000e-01 4.1802004133e-01
      vertex 2.2708619817e-02 5.3949661141e-01 3.9253136195e-01
      vertex 2.5486973630e-02 5.0000000000e-01 3.7899339541e-01
    endloop
  endfacet
  facet normal -8.897882e-01 1.803191e-01 -4.192398e-01
    outer loop
      vertex 4.1199455875e-02 5.7796757390e-01 3.6983343063e-01
      vertex 4.0521199241e-02 5.3936011364e-01 3.5466750738e-01
      vertex 2.2708619817e-02 5.3949661141e-01 3.9253136195e-01
    endloop
  endfacet
  facet normal -9.017047e-01 8.207030e-02 -4.244916e-01
    outer loop
      vertex 2.5486973630e-02 5.0000000000e-01 3.7899339541e-01
      vertex 2.2708619817e-02 5.3949661141e-01 3.9253136195e-01
      vertex 4.0521199241e-02 5.3936011364e-01 3.5466750738e-01
    endloop
  endfacet
  facet normal -9.963836e-01 4.950537e-02 -6.905681e-02
    outer loop
      vertex 0.0000000000e+00 5.0000000000e-01 5.0000000000e-01
      vertex 3.6934978215e-03 5.3992133124e-01 4.7532726042e-01
      vertex 2.8683354129e-03 5.0000000000e-01 4.5861432736e-01
    endloop
  endfacet
  facet normal -9.718501e-01 1.812856e-01 -1.504758e-01
    outer loop
      vertex 1.4683045111e-02 5.7885966682e-01 4.5126204557e-01
      vertex 1.0082220779e-02 5.3983774305e-01 4.3396489176e-01
      vertex 3.6934978215e-03 5.3992133124e-01 4.7532726042e-01
    endloop
  endfacet
  facet normal -9.773256e-01 4.960764e-02 -2.058489e-01
    outer loop
      vertex 1.1418492665e-02 5.0000000000e-01 4.1802004133e-01
      vertex 2.8683354129e-03 5.0000000000e-01 4.5861432736e-01
      vertex 1.0082220779e-02 5.3983774305e-01 4.3396489176e-01
    endloop
  endfacet
  facet normal -9.847537e-01 8.410292e-02 -1.522724e-01
    outer loop
      vertex 3.6934978215e-03 5.3992133124e-01 4.7532726042e-01
      vertex 1.0082220779e-02 5.3983774305e-01 4.3396489176e-01
      vertex 2.8683354129e-03 5.0000000000e-01 4.5861432736e-01
    endloop
  endfacet
  facet normal -8.521837e-01 4.270257e-01 -3.023772e-01
    outer loop
      vertex 5.7294901688e-02 6.5000000000e-01 4.0729490169e-01
      vertex 4.6826557613e-02 6.1508411981e-01 3.8748842976e-01
      vertex 3.2698042743e-02 6.1585621568e-01 4.2839692090e-01
    endloop
  endfacet
  facet normal -8.790876e-01 3.067980e-01 -3.648012e-01
    outer loop
      vertex 4.1199455875e-02 5.7796757390e-01 3.6983343063e-01
      vertex 2.5126747443e-02 5.7922482520e-01 4.0962233627e-01
      vertex 4.6826557613e-02 6.1508411981e-01 3.8748842976e-01
    endloop
  endfacet
  facet normal -9.233856e-01 3.081672e-01 -2.288929e-01
    outer loop
      vertex 1.4683045111e-02 5.7885966682e-01 4.5126204557e-01
      vertex 3.2698042743e-02 6.1585621568e-01 4.2839692090e-01
      vertex 2.5126747443e-02 5.7922482520e-01 4.0962233627e-01
    endloop
  endfacet
  facet normal -8.857887e-01 3.431966e-01 -3.124011e-01
    outer loop
      vertex 4.6826557613e-02 6.1508411981e-01 3.8748842976e-01
      vertex 2.5126747443e-02 5.7922482520e-01 4.0962233627e-01
      vertex 3.2698042743e-02 6.1585621568e-01 4.2839692090e-01
    endloop
  endfacet
  facet normal -9.529505e-01 8.454536e-02 -2.910970e-01
    outer loop
      vertex 1.1418492665e-02 5.0000000000e-01 4.1802004133e-01
      vertex 1.0082220779e-02 5.3983774305e-01 4.3396489176e-01
      vertex 2.2708619817e-02 5.3949661141e-01 3.9253136195e-01
    endloop
  endfacet
  facet normal -9.474616e-01 2.162041e-01 -2.357379e-01
    outer loop
      vertex 1.4683045111e-02 5.7885966682e-01 4.5126204557e-01
      vertex 2.5126747443e-02 5.7922482520e-01 4.0962233627e-01
      vertex 1.0082220779e-02 5.3983774305e-01 4.3396489176e-01
    endloop
  endfacet
  facet normal -9.031797e-01 2.148469e-01 -3.716277e-01
    outer loop
      vertex 4.1199455875e-02 5.7796757390e-01 3.6983343063e-01
      vertex 2.2708619817e-02 5.3949661141e-01 3.9253136195e-01
      vertex 2.5126747443e-02 5.7922482520e-01 4.0962233627e-01
    endloop
  endfacet
  facet normal -9.403266e-01 1.811510e-01 -2.880454e-01
    outer loop
      vertex 1.0082220779e-02 5.3983774305e-01 4.3396489176e-01
      vertex 2.5126747443e-02 5.7922482520e-01 4.0962233627e-01
      vertex 2.2708619817e-02 5.3949661141e-01 3.9253136195e-01
    endloop
  endfacet
  facet normal -8.838505e-01 5.017104e-02 4.650712e-01
    outer loop
      vertex 4.4804757494e-02 5.0000000000e-01 6.5771933364e-01
      vertex 4.0521199241e-02 5.3936011364e-01 6.4533249262e-01
      vertex 2.5486973630e-02 5.0000000000e-01 6.2100660459e-01
    endloop
  endfacet
  facet normal -8.897882e-01 1.803191e-01 4.192398e-01
    outer loop
      vertex 4.1199455875e-02 5.7796757390e-01 6.3016656937e-01
      vertex 2.2708619817e-02 5.3949661141e-01 6.0746863805e-01
      vertex 4.0521199241e-02 5.3936011364e-01 6.4533249262e-01
    endloop
  endfacet
  facet normal -9.395655e-01 5.000027e-02 3.386983e-01
    outer loop
      vertex 1.1418492665e-02 5.0000000000e-01 5.8197995867e-01
      vertex 2.5486973630e-02 5.0000000000e-01 6.2100660459e-01
      vertex 2.2708619817e-02 5.3949661141e-01 6.0746863805e-01
    endloop
  endfacet
  facet normal -9.017047e-01 8.207030e-02 4.244916e-01
    outer loop
      vertex 4.0521199241e-02 5.3936011364e-01 6.4533249262e-01
      vertex 2.2708619817e-02 5.3949661141e-01 6.0746863805e-01
      vertex 2.5486973630e-02 5.0000000000e-01 6.2100660459e-01
    endloop
  endfacet
  facet normal -8.521837e-01 4.270257e-01 3.023772e-01
    outer loop
      vertex 5.7294901688e-02 6.5000000000e-01 5.9270509831e-01
      vertex 3.2698042743e-02 6.1585621568e-01 5.7160307910e-01
      vertex 4.6826557613e-02 6.1508411981e-01 6.1251157024e-01
    endloop
  endfacet
  facet normal -9.233856e-01 3.081672e-01 2.288929e-01
    outer loop
      vertex 1.4683045111e-02 5.7885966682e-01 5.4873795443e-01
      vertex 2.5126747443e-02 5.7922482520e-01 5.9037766373e-01
      vertex 3.2698042743e-02 6.1585621568e-01 5.7160307910e-01
    endloop
  endfacet
  facet normal -8.790876e-01 3.067980e-01 3.648012e-01
    outer loop
      vertex 4.1199455875e-02 5.7796757390e-01 6.3016656937e-01
      vertex 4.6826557613e-02 6.1508411981e-01 6.1251157024e-01
      vertex 2.5126747443e-02 5.7922482520e-01 5.9037766373e-01
    endloop
  endfacet
  facet normal -8.857887e-01 3.431966e-01 3.124011e-01
    outer loop
      vertex 3.2698042743e-02 6.1585621568e-01 5.7160307910e-01
      vertex 2.5126747443e-02 5.7922482520e-01 5.9037766373e-01
      vertex 4.6826557613e-02 6.1508411981e-01 6.1251157024e-01
    endloop
  endfacet
  facet normal -9.963836e-01 4.950537e-02 6.905681e-02
    outer loop
      vertex 0.0000000000e+00 5.0000000000e-01 5.0000000000e-01
      vertex 2.8683354129e-03 5.0000000000e-01 5.4138567264e-01
      vertex 3.6934978215e-03 5.3992133124e-01 5.2467273958e-01
    endloop
  endfacet
  facet normal -9.773256e-01 4.960764e-02 2.058489e-01
    outer loop
      vertex 1.1418492665e-02 5.0000000000e-01 5.8197995867e-01
      vertex 1.0082220779e-02 5.3983774305e-01 5.6603510824e-01
      vertex 2.8683354129e-03 5.0000000000e-01 5.4138567264e-01
    endloop
  endfacet
  facet normal -9.718501e-01 1.812856e-01 1.504758e-01
    outer loop
      vertex 1.4683045111e-02 5.7885966682e-01 5.4873795443e-01
      vertex 3.6934978215e-03 5.3992133124e-01 5.2467273958e-01
      vertex 1.0082220779e-02 5.3983774305e-01 5.6603510824e-01
    endloop
  endfacet
  facet normal -9.847537e-01 8.410292e-02 1.522724e-01
    outer loop
      vertex 2.8683354129e-03 5.0000000000e-01 5.4138567264e-01
      vertex 1.0082220779e-02 5.3983774305e-01 5.6603510824e-01
      vertex 3.6934978215e-03 5.3992133124e-01 5.2467273958e-01
    endloop
  endfacet
  facet normal -9.031797e-01 2.148469e-01 3.716277e-01
    outer loop
      vertex 4.1199455875e-02 5.7796757390e-01 6.3016656937e-01
      vertex 2.5126747443e-02 5.7922482520e-01 5.9037766373e-01
      vertex 2.2708619817e-02 5.3949661141e-01 6.0746863805e-01
    endloop
  endfacet
  facet normal -9.474616e-01 2.162041e-01 2.357379e-01
    outer loop
      vertex 1.4683045111e-02 5.7885966682e-01 5.4873795443e-01
      vertex 1.0082220779e-02 5.3983774305e-01 5.6603510824e-01
      vertex 2.5126747443e-02 5.7922482520e-01 5.9037766373e-01
    endloop
  endfacet
  facet normal -9.529505e-01 8.454536e-02 2.910970e-01
    outer loop
      vertex 1.1418492665e-02 5.0000000000e-01 5.8197995867e-01
      vertex 2.2708619817e-02 5.3949661141e-01 6.0746863805e-01
      vertex 1.0082220779e-02 5.3983774305e-01 5.6603510824e-01
    endloop
  endfacet
  facet normal -9.403266e-01 1.811510e-01 2.880454e-01
    outer loop
      vertex 2.5126747443e-02 5.7922482520e-01 5.9037766373e-01
      vertex 1.0082220779e-02 5.3983774305e-01 5.6603510824e-01
      vertex 2.2708619817e-02 5.3949661141e-01 6.0746863805e-01
    endloop
  endfacet
  facet normal -8.516395e-01 4.694052e-01 -2.331714e-01
    outer loop
      vertex 5.7294901688e-02 6.5000000000e-01 4.0729490169e-01
      vertex 3.2698042743e-02 6.1585621568e-01 4.2839692090e-01
      vertex 4.7946634402e-02 6.5577754692e-01 4.5306966049e-01
    endloop
  endfacet
  facet normal -9.227974e-01 3.505871e-01 -1.597927e-01
    outer loop
      vertex 1.4683045111e-02 5.7885966682e-01 4.5126204557e-01
      vertex 2.6105252120e-02 6.1988211551e-01 4.7530292599e-01
      vertex 3.2698042743e-02 6.1585621568e-01 4.2839692090e-01
    endloop
  endfacet
  facet normal -8.724736e-01 4.823363e-01 -7.836719e-02
    outer loop
      vertex 4.4804757494e-02 6.5771933364e-01 5.0000000000e-01
      vertex 4.7946634402e-02 6.5577754692e-01 4.5306966049e-01
      vertex 2.6105252120e-02 6.1988211551e-01 4.7530292599e-01
    endloop
  endfacet
  facet normal -8.843585e-01 4.378416e-01 -1.618790e-01
    outer loop
      vertex 3.2698042743e-02 6.1585621568e-01 4.2839692090e-01
      vertex 2.6105252120e-02 6.1988211551e-01 4.7530292599e-01
      vertex 4.7946634402e-02 6.5577754692e-01 4.5306966049e-01
    endloop
  endfacet
  facet normal -9.957474e-01 9.212595e-02 0.000000e+00
    outer loop
      vertex 0.0000000000e+00 5.0000000000e-01 5.0000000000e-01
      vertex 3.6934978215e-03 5.3992133124e-01 5.2467273958e-01
      vertex 3.6934978215e-03 5.3992133124e-01 4.7532726042e-01
    endloop
  endfacet
  facet normal -9.712310e-01 2.237863e-01 8.142553e-02
    outer loop
      vertex 1.4683045111e-02 5.7885966682e-01 5.4873795443e-01
      vertex 1.0841620960e-02 5.7992141034e-01 5.0000000000e-01
      vertex 3.6934978215e-03 5.3992133124e-01 5.2467273958e-01
    endloop
  endfacet
  facet normal -9.712310e-01 2.237863e-01 -8.142553e-02
    outer loop
      vertex 1.4683045111e-02 5.7885966682e-01 4.5126204557e-01
      vertex 3.6934978215e-03 5.3992133124e-01 4.7532726042e-01
      vertex 1.0841620960e-02 5.7992141034e-01 5.0000000000e-01
    endloop
  endfacet
  facet normal -9.844052e-01 1.759159e-01 0.000000e+00
    outer loop
      vertex 3.6934978215e-03 5.3992133124e-01 5.2467273958e-01
      vertex 1.0841620960e-02 5.7992141034e-01 5.0000000000e-01
      vertex 3.6934978215e-03 5.3992133124e-01 4.7532726042e-01
    endloop
  endfacet
  facet normal -8.516395e-01 4.694052e-01 2.331714e-01
    outer loop
      vertex 5.7294901688e-02 6.5000000000e-01 5.9270509831e-01
      vertex 4.7946634402e-02 6.5577754692e-01 5.4693033951e-01
      vertex 3.2698042743e-02 6.1585621568e-01 5.7160307910e-01
    endloop
  endfacet
  facet normal -8.724736e-01 4.823363e-01 7.836719e-02
    outer loop
      vertex 4.4804757494e-02 6.5771933364e-01 5.0000000000e-01
      vertex 2.6105252120e-02 6.1988211551e-01 5.2469707401e-01
      vertex 4.7946634402e-02 6.5577754692e-01 5.4693033951e-01
    endloop
  endfacet
  facet normal -9.227974e-01 3.505871e-01 1.597927e-01
    outer loop
      vertex 1.4683045111e-02 5.7885966682e-01 5.4873795443e-01
      vertex 3.2698042743e-02 6.1585621568e-01 5.7160307910e-01
      vertex 2.6105252120e-02 6.1988211551e-01 5.2469707401e-01
    endloop
  endfacet
  facet normal -8.843585e-01 4.378416e-01 1.618790e-01
    outer loop
      vertex 4.7946634402e-02 6.5577754692e-01 5.4693033951e-01
      vertex 2.6105252120e-02 6.1988211551e-01 5.2469707401e-01
      vertex 3.2698042743e-02 6.1585621568e-01 5.7160307910e-01
    endloop
  endfacet
  facet normal -9.468068e-01 3.113353e-01 -8.140770e-02
    outer loop
      vertex 1.4683045111e-02 5.7885966682e-01 4.5126204557e-01
      vertex 1.0841620960e-02 5.7992141034e-01 5.0000000000e-01
      vertex 2.6105252120e-02 6.1988211551e-01 4.7530292599e-01
    endloop
  endfacet
  facet normal -9.468068e-01 3.113353e-01 8.140770e-02
    outer loop
      vertex 1.4683045111e-02 5.7885966682e-01 5.4873795443e-01
      vertex 2.6105252120e-02 6.1988211551e-01 5.2469707401e-01
      vertex 1.0841620960e-02 5.7992141034e-01 5.0000000000e-01
    endloop
  endfacet
  facet normal -8.964941e-01 4.430557e-01 0.000000e+00
    outer loop
      vertex 4.4804757494e-02 6.5771933364e-01 5.0000000000e-01
      vertex 2.6105252120e-02 6.1988211551e-01 4.7530292599e-01
      vertex 2.6105252120e-02 6.1988211551e-01 5.2469707401e-01
    endloop
  endfacet
  facet normal -9.341724e-01 3.568221e-01 0.000000e+00
    outer loop
      vertex 1.0841620960e-02 5.7992141034e-01 5.0000000000e-01
      vertex 2.6105252120e-02 6.1988211551e-01 5.2469707401e-01
      vertex 2.6105252120e-02 6.1988211551e-01 4.7530292599e-01
    endloop
  endfacet
  facet normal 5.462496e-01 8.336794e-01 8.117845e-02
    outer loop
      vertex 4.5771933364e-01 7.5519524251e-01 5.0000000000e-01
      vertex 4.4533249262e-01 7.5947880076e-01 5.3936011364e-01
      vertex 4.8469260626e-01 7.3515291273e-01 5.2432588803e-01
    endloop
  endfacet
  facet normal 5.001420e-01 8.397879e-01 2.112210e-01
    outer loop
      vertex 4.3016656937e-01 7.5880054412e-01 5.7796757390e-01
      vertex 4.7137549774e-01 7.3779476878e-01 5.6390685969e-01
      vertex 4.4533249262e-01 7.5947880076e-01 5.3936011364e-01
    endloop
  endfacet
  facet normal 6.304608e-01 7.592464e-01 1.614436e-01
    outer loop
      vertex 5.0813414327e-01 7.1061393343e-01 5.4818661069e-01
      vertex 4.8469260626e-01 7.3515291273e-01 5.2432588803e-01
      vertex 4.7137549774e-01 7.3779476878e-01 5.6390685969e-01
    endloop
  endfacet
  facet normal 5.572841e-01 8.196344e-01 1.327925e-01
    outer loop
      vertex 4.4533249262e-01 7.5947880076e-01 5.3936011364e-01
      vertex 4.7137549774e-01 7.3779476878e-01 5.6390685969e-01
      vertex 4.8469260626e-01 7.3515291273e-01 5.2432588803e-01
    endloop
  endfacet
  facet normal 3.824786e-01 8.026783e-01 4.576217e-01
    outer loop
      vertex 3.9270509831e-01 7.4270509831e-01 6.5000000000e-01
      vertex 4.3619714992e-01 7.2738062601e-01 6.4052895526e-01
      vertex 4.1251157024e-01 7.5317344239e-01 6.1508411981e-01
    endloop
  endfacet
  facet normal 5.222192e-01 7.421000e-01 4.202079e-01
    outer loop
      vertex 4.7633557569e-01 7.0645728807e-01 6.2759762125e-01
      vertex 4.5483648602e-01 7.3503550951e-01 6.0384590444e-01
      vertex 4.3619714992e-01 7.2738062601e-01 6.4052895526e-01
    endloop
  endfacet
  facet normal 4.450681e-01 8.294800e-01 3.374572e-01
    outer loop
      vertex 4.3016656937e-01 7.5880054412e-01 5.7796757390e-01
      vertex 4.1251157024e-01 7.5317344239e-01 6.1508411981e-01
      vertex 4.5483648602e-01 7.3503550951e-01 6.0384590444e-01
    endloop
  endfacet
  facet normal 4.484825e-01 8.016858e-01 3.951751e-01
    outer loop
      vertex 4.3619714992e-01 7.2738062601e-01 6.4052895526e-01
      vertex 4.5483648602e-01 7.3503550951e-01 6.0384590444e-01
      vertex 4.1251157024e-01 7.5317344239e-01 6.1508411981e-01
    endloop
  endfacet
  facet normal 7.599989e-01 5.693580e-01 3.134218e-01
    outer loop
      vertex 5.4270509831e-01 6.5000000000e-01 5.9270509831e-01
      vertex 5.2759569005e-01 6.8204754478e-01 5.7112589761e-01
      vertex 5.1213203436e-01 6.8045028650e-01 6.1152441034e-01
    endloop
  endfacet
  facet normal 7.022584e-01 6.705276e-01 2.392192e-01
    outer loop
      vertex 5.0813414327e-01 7.1061393343e-01 5.4818661069e-01
      vertex 4.9422356816e-01 7.1069295402e-01 5.8880137777e-01
      vertex 5.2759569005e-01 6.8204754478e-01 5.7112589761e-01
    endloop
  endfacet
  facet normal 6.491008e-01 6.636828e-01 3.717435e-01
    outer loop
      vertex 4.7633557569e-01 7.0645728807e-01 6.2759762125e-01
      vertex 5.1213203436e-01 6.8045028650e-01 6.1152441034e-01
      vertex 4.9422356816e-01 7.1069295402e-01 5.8880137777e-01
    endloop
  endfacet
  facet normal 7.075762e-01 6.415571e-01 2.962101e-01
    outer loop
      vertex 5.2759569005e-01 6.8204754478e-01 5.7112589761e-01
      vertex 4.9422356816e-01 7.1069295402e-01 5.8880137777e-01
      vertex 5.1213203436e-01 6.8045028650e-01 6.1152441034e-01
    endloop
  endfacet
  facet normal 5.084250e-01 8.186344e-01 2.670988e-01
    outer loop
      vertex 4.3016656937e-01 7.5880054412e-01 5.7796757390e-01
      vertex 4.5483648602e-01 7.3503550951e-01 6.0384590444e-01
      vertex 4.7137549774e-01 7.3779476878e-01 5.6390685969e-01
    endloop
  endfacet
  facet normal 5.855635e-01 7.312575e-01 3.498255e-01
    outer loop
      vertex 4.7633557569e-01 7.0645728807e-01 6.2759762125e-01
      vertex 4.9422356816e-01 7.1069295402e-01 5.8880137777e-01
      vertex 4.5483648602e-01 7.3503550951e-01 6.0384590444e-01
    endloop
  endfacet
  facet normal 6.387266e-01 7.381036e-01 2.173281e-01
    outer loop
      vertex 5.0813414327e-01 7.1061393343e-01 5.4818661069e-01
      vertex 4.7137549774e-01 7.3779476878e-01 5.6390685969e-01
      vertex 4.9422356816e-01 7.1069295402e-01 5.8880137777e-01
    endloop
  endfacet
  facet normal 5.811538e-01 7.591756e-01 2.931085e-01
    outer loop
      vertex 4.5483648602e-01 7.3503550951e-01 6.0384590444e-01
      vertex 4.9422356816e-01 7.1069295402e-01 5.8880137777e-01
      vertex 4.7137549774e-01 7.3779476878e-01 5.6390685969e-01
    endloop
  endfacet
  facet normal 8.117845e-02 5.462496e-01 8.336794e-01
    outer loop
      vertex 3.0000000000e-01 6.5771933364e-01 7.5519524251e-01
      vertex 3.3936011364e-01 6.4533249262e-01 7.5947880076e-01
      vertex 3.2432588803e-01 6.8469260626e-01 7.3515291273e-01
    endloop
  endfacet
  facet normal 2.112210e-01 5.001420e-01 8.397879e-01
    outer loop
      vertex 3.7796757390e-01 6.3016656937e-01 7.5880054412e-01
      vertex 3.6390685969e-01 6.7137549774e-01 7.3779476878e-01
      vertex 3.3936011364e-01 6.4533249262e-01 7.5947880076e-01
    endloop
  endfacet
  facet normal 1.614436e-01 6.304608e-01 7.592464e-01
    outer loop
      vertex 3.4818661069e-01 7.0813414327e-01 7.1061393343e-01
      vertex 3.2432588803e-01 6.8469260626e-01 7.3515291273e-01
      vertex 3.6390685969e-01 6.7137549774e-01 7.3779476878e-01
    endloop
  endfacet
  facet normal 1.327925e-01 5.572841e-01 8.196344e-01
    outer loop
      vertex 3.3936011364e-01 6.4533249262e-01 7.5947880076e-01
      vertex 3.6390685969e-01 6.7137549774e-01 7.3779476878e-01
      vertex 3.2432588803e-01 6.8469260626e-01 7.3515291273e-01
    endloop
  endfacet
  facet normal 4.576217e-01 3.824786e-01 8.026783e-01
    outer loop
      vertex 4.5000000000e-01 5.9270509831e-01 7.4270509831e-01
      vertex 4.4052895526e-01 6.3619714992e-01 7.2738062601e-01
      vertex 4.1508411981e-01 6.1251157024e-01 7.5317344239e-01
    endloop
  endfacet
  facet normal 4.202079e-01 5.222192e-01 7.421000e-01
    outer loop
      vertex 4.2759762125e-01 6.7633557569e-01 7.0645728807e-01
      vertex 4.0384590444e-01 6.5483648602e-01 7.3503550951e-01
      vertex 4.4052895526e-01 6.3619714992e-01 7.2738062601e-01
    endloop
  endfacet
  facet normal 3.374572e-01 4.450681e-01 8.294800e-01
    outer loop
      vertex 3.7796757390e-01 6.3016656937e-01 7.5880054412e-01
      vertex 4.1508411981e-01 6.1251157024e-01 7.5317344239e-01
      vertex 4.0384590444e-01 6.5483648602e-01 7.3503550951e-01
    endloop
  endfacet
  facet normal 3.951751e-01 4.484825e-01 8.016858e-01
    outer loop
      vertex 4.4052895526e-01 6.3619714992e-01 7.2738062601e-01
      vertex 4.0384590444e-01 6.5483648602e-01 7.3503550951e-01
      vertex 4.1508411981e-01 6.1251157024e-01 7.5317344239e-01
    endloop
  endfacet
  facet normal 3.134218e-01 7.599989e-01 5.693580e-01
    outer loop
      vertex 3.9270509831e-01 7.4270509831e-01 6.5000000000e-01
      vertex 3.7112589761e-01 7.2759569005e-01 6.8204754478e-01
      vertex 4.1152441034e-01 7.1213203436e-01 6.8045028650e-01
    endloop
  endfacet
  facet normal 2.392192e-01 7.022584e-01 6.705276e-01
    outer loop
      vertex 3.4818661069e-01 7.0813414327e-01 7.1061393343e-01
      vertex 3.8880137777e-01 6.9422356816e-01 7.1069295402e-01
      vertex 3.7112589761e-01 7.2759569005e-01 6.8204754478e-01
    endloop
  endfacet
  facet normal 3.717435e-01 6.491008e-01 6.636828e-01
    outer loop
      vertex 4.2759762125e-01 6.7633557569e-01 7.0645728807e-01
      vertex 4.1152441034e-01 7.1213203436e-01 6.8045028650e-01
      vertex 3.8880137777e-01 6.9422356816e-01 7.1069295402e-01
    endloop
  endfacet
  facet normal 2.962101e-01 7.075762e-01 6.415571e-01
    outer loop
      vertex 3.7112589761e-01 7.2759569005e-01 6.8204754478e-01
      vertex 3.8880137777e-01 6.9422356816e-01 7.1069295402e-01
      vertex 4.1152441034e-01 7.1213203436e-01 6.8045028650e-01
    endloop
  endfacet
  facet normal 2.670988e-01 5.084250e-01 8.186344e-01
    outer loop
      vertex 3.7796757390e-01 6.3016656937e-01 7.5880054412e-01
      vertex 4.0384590444e-01 6.5483648602e-01 7.3503550951e-01
      vertex 3.6390685969e-01 6.7137549774e-01 7.3779476878e-01
    endloop
  endfacet
  facet normal 3.498255e-01 5.855635e-01 7.312575e-01
    outer loop
      vertex 4.2759762125e-01 6.7633557569e-01 7.0645728807e-01
      vertex 3.8880137777e-01 6.9422356816e-01 7.1069295402e-01
      vertex 4.0384590444e-01 6.5483648602e-01 7.3503550951e-01
    endloop
  endfacet
  facet normal 2.173281e-01 6.387266e-01 7.381036e-01
    outer loop
      vertex 3.4818661069e-01 7.0813414327e-01 7.1061393343e-01
      vertex 3.6390685969e-01 6.7137549774e-01 7.3779476878e-01
      vertex 3.8880137777e-01 6.9422356816e-01 7.1069295402e-01
    endloop
  endfacet
  facet normal 2.931085e-01 5.811538e-01 7.591756e-01
    outer loop
      vertex 4.0384590444e-01 6.5483648602e-01 7.3503550951e-01
      vertex 3.8880137777e-01 6.9422356816e-01 7.1069295402e-01
      vertex 3.6390685969e-01 6.7137549774e-01 7.3779476878e-01
    endloop
  endfacet
  facet normal 8.336794e-01 8.117845e-02 5.462496e-01
    outer loop
      vertex 5.5519524251e-01 5.0000000000e-01 6.5771933364e-01
      vertex 5.5947880076e-01 5.3936011364e-01 6.4533249262e-01
      vertex 5.3515291273e-01 5.2432588803e-01 6.8469260626e-01
    endloop
  endfacet
  facet normal 8.397879e-01 2.112210e-01 5.001420e-01
    outer loop
      vertex 5.5880054412e-01 5.7796757390e-01 6.3016656937e-01
      vertex 5.3779476878e-01 5.6390685969e-01 6.7137549774e-01
      vertex 5.5947880076e-01 5.3936011364e-01 6.4533249262e-01
    endloop
  endfacet
  facet normal 7.592464e-01 1.614436e-01 6.304608e-01
    outer loop
      vertex 5.1061393343e-01 5.4818661069e-01 7.0813414327e-01
      vertex 5.3515291273e-01 5.2432588803e-01 6.8469260626e-01
      vertex 5.3779476878e-01 5.6390685969e-01 6.7137549774e-01
    endloop
  endfacet
  facet normal 8.196344e-01 1.327925e-01 5.572841e-01
    outer loop
      vertex 5.5947880076e-01 5.3936011364e-01 6.4533249262e-01
      vertex 5.3779476878e-01 5.6390685969e-01 6.7137549774e-01
      vertex 5.3515291273e-01 5.2432588803e-01 6.8469260626e-01
    endloop
  endfacet
  facet normal 8.026783e-01 4.576217e-01 3.824786e-01
    outer loop
      vertex 5.4270509831e-01 6.5000000000e-01 5.9270509831e-01
      vertex 5.2738062601e-01 6.4052895526e-01 6.3619714992e-01
      vertex 5.5317344239e-01 6.1508411981e-01 6.1251157024e-01
    endloop
  endfacet
  facet normal 7.421000e-01 4.202079e-01 5.222192e-01
    outer loop
      vertex 5.0645728807e-01 6.2759762125e-01 6.7633557569e-01
      vertex 5.3503550951e-01 6.0384590444e-01 6.5483648602e-01
      vertex 5.2738062601e-01 6.4052895526e-01 6.3619714992e-01
    endloop
  endfacet
  facet normal 8.294800e-01 3.374572e-01 4.450681e-01
    outer loop
      vertex 5.5880054412e-01 5.7796757390e-01 6.3016656937e-01
      vertex 5.5317344239e-01 6.1508411981e-01 6.1251157024e-01
      vertex 5.3503550951e-01 6.0384590444e-01 6.5483648602e-01
    endloop
  endfacet
  facet normal 8.016858e-01 3.951751e-01 4.484825e-01
    outer loop
      vertex 5.2738062601e-01 6.4052895526e-01 6.3619714992e-01
      vertex 5.3503550951e-01 6.0384590444e-01 6.5483648602e-01
      vertex 5.5317344239e-01 6.1508411981e-01 6.1251157024e-01
    endloop
  endfacet
  facet normal 5.693580e-01 3.134218e-01 7.599989e-01
    outer loop
      vertex 4.5000000000e-01 5.9270509831e-01 7.4270509831e-01
      vertex 4.8204754478e-01 5.7112589761e-01 7.2759569005e-01
      vertex 4.8045028650e-01 6.1152441034e-01 7.1213203436e-01
    endloop
  endfacet
  facet normal 6.705276e-01 2.392192e-01 7.022584e-01
    outer loop
      vertex 5.1061393343e-01 5.4818661069e-01 7.0813414327e-01
      vertex 5.1069295402e-01 5.8880137777e-01 6.9422356816e-01
      vertex 4.8204754478e-01 5.7112589761e-01 7.2759569005e-01
    endloop
  endfacet
  facet normal 6.636828e-01 3.717435e-01 6.491008e-01
    outer loop
      vertex 5.0645728807e-01 6.2759762125e-01 6.7633557569e-01
      vertex 4.8045028650e-01 6.1152441034e-01 7.1213203436e-01
      vertex 5.1069295402e-01 5.8880137777e-01 6.9422356816e-01
    endloop
  endfacet
  facet normal 6.415571e-01 2.962101e-01 7.075762e-01
    outer loop
      vertex 4.8204754478e-01 5.7112589761e-01 7.2759569005e-01
      vertex 5.1069295402e-01 5.8880137777e-01 6.9422356816e-01
      vertex 4.8045028650e-01 6.1152441034e-01 7.1213203436e-01
    endloop
  endfacet
  facet normal 8.186344e-01 2.670988e-01 5.084250e-01
    outer loop
      vertex 5.5880054412e-01 5.7796757390e-01 6.3016656937e-01
      vertex 5.3503550951e-01 6.0384590444e-01 6.5483648602e-01
      vertex 5.3779476878e-01 5.6390685969e-01 6.7137549774e-01
    endloop
  endfacet
  facet normal 7.312575e-01 3.498255e-01 5.855635e-01
    outer loop
      vertex 5.0645728807e-01 6.2759762125e-01 6.7633557569e-01
      vertex 5.1069295402e-01 5.8880137777e-01 6.9422356816e-01
      vertex 5.3503550951e-01 6.0384590444e-01 6.5483648602e-01
    endloop
  endfacet
  facet normal 7.381036e-01 2.173281e-01 6.387266e-01
    outer loop
      vertex 5.1061393343e-01 5.4818661069e-01 7.0813414327e-01
      vertex 5.3779476878e-01 5.6390685969e-01 6.7137549774e-01
      vertex 5.1069295402e-01 5.8880137777e-01 6.9422356816e-01
    endloop
  endfacet
  facet normal 7.591756e-01 2.931085e-01 5.811538e-01
    outer loop
      vertex 5.3503550951e-01 6.0384590444e-01 6.5483648602e-01
      vertex 5.1069295402e-01 5.8880137777e-01 6.9422356816e-01
      vertex 5.3779476878e-01 5.6390685969e-01 6.7137549774e-01
    endloop
  endfacet
  facet normal 3.822343e-01 7.595136e-01 5.263422e-01
    outer loop
      vertex 3.9270509831e-01 7.4270509831e-01 6.5000000000e-01
      vertex 4.1152441034e-01 7.1213203436e-01 6.8045028650e-01
      vertex 4.3619714992e-01 7.2738062601e-01 6.4052895526e-01
    endloop
  endfacet
  facet normal 4.404610e-01 6.486873e-01 6.206439e-01
    outer loop
      vertex 4.2759762125e-01 6.7633557569e-01 7.0645728807e-01
      vertex 4.5401263237e-01 6.9397333754e-01 6.6927626353e-01
      vertex 4.1152441034e-01 7.1213203436e-01 6.8045028650e-01
    endloop
  endfacet
  facet normal 5.218865e-01 6.990111e-01 4.888946e-01
    outer loop
      vertex 4.7633557569e-01 7.0645728807e-01 6.2759762125e-01
      vertex 4.3619714992e-01 7.2738062601e-01 6.4052895526e-01
      vertex 4.5401263237e-01 6.9397333754e-01 6.6927626353e-01
    endloop
  endfacet
  facet normal 4.465169e-01 7.084426e-01 5.465636e-01
    outer loop
      vertex 4.1152441034e-01 7.1213203436e-01 6.8045028650e-01
      vertex 4.5401263237e-01 6.9397333754e-01 6.6927626353e-01
      vertex 4.3619714992e-01 7.2738062601e-01 6.4052895526e-01
    endloop
  endfacet
  facet normal 5.263422e-01 3.822343e-01 7.595136e-01
    outer loop
      vertex 4.5000000000e-01 5.9270509831e-01 7.4270509831e-01
      vertex 4.8045028650e-01 6.1152441034e-01 7.1213203436e-01
      vertex 4.4052895526e-01 6.3619714992e-01 7.2738062601e-01
    endloop
  endfacet
  facet normal 6.206439e-01 4.404610e-01 6.486873e-01
    outer loop
      vertex 5.0645728807e-01 6.2759762125e-01 6.7633557569e-01
      vertex 4.6927626353e-01 6.5401263237e-01 6.9397333754e-01
      vertex 4.8045028650e-01 6.1152441034e-01 7.1213203436e-01
    endloop
  endfacet
  facet normal 4.888946e-01 5.218865e-01 6.990111e-01
    outer loop
      vertex 4.2759762125e-01 6.7633557569e-01 7.0645728807e-01
      vertex 4.4052895526e-01 6.3619714992e-01 7.2738062601e-01
      vertex 4.6927626353e-01 6.5401263237e-01 6.9397333754e-01
    endloop
  endfacet
  facet normal 5.465636e-01 4.465169e-01 7.084426e-01
    outer loop
      vertex 4.8045028650e-01 6.1152441034e-01 7.1213203436e-01
      vertex 4.6927626353e-01 6.5401263237e-01 6.9397333754e-01
      vertex 4.4052895526e-01 6.3619714992e-01 7.2738062601e-01
    endloop
  endfacet
  facet normal 7.595136e-01 5.263422e-01 3.822343e-01
    outer loop
      vertex 5.4270509831e-01 6.5000000000e-01 5.9270509831e-01
      vertex 5.1213203436e-01 6.8045028650e-01 6.1152441034e-01
      vertex 5.2738062601e-01 6.4052895526e-01 6.3619714992e-01
    endloop
  endfacet
  facet normal 6.486873e-01 6.206439e-01 4.404610e-01
    outer loop
      vertex 4.7633557569e-01 7.0645728807e-01 6.2759762125e-01
      vertex 4.9397333754e-01 6.6927626353e-01 6.5401263237e-01
      vertex 5.1213203436e-01 6.8045028650e-01 6.1152441034e-01
    endloop
  endfacet
  facet normal 6.990111e-01 4.888946e-01 5.218865e-01
    outer loop
      vertex 5.0645728807e-01 6.2759762125e-01 6.7633557569e-01
      vertex 5.2738062601e-01 6.4052895526e-01 6.3619714992e-01
      vertex 4.9397333754e-01 6.6927626353e-01 6.5401263237e-01
    endloop
  endfacet
  facet normal 7.084426e-01 5.465636e-01 4.465169e-01
    outer loop
      vertex 5.1213203436e-01 6.8045028650e-01 6.1152441034e-01
      vertex 4.9397333754e-01 6.6927626353e-01 6.5401263237e-01
      vertex 5.2738062601e-01 6.4052895526e-01 6.3619714992e-01
    endloop
  endfacet
  facet normal 5.037511e-01 5.851588e-01 6.354715e-01
    outer loop
      vertex 4.2759762125e-01 6.7633557569e-01 7.0645728807e-01
      vertex 4.6927626353e-01 6.5401263237e-01 6.9397333754e-01
      vertex 4.5401263237e-01 6.9397333754e-01 6.6927626353e-01
    endloop
  endfacet
  facet normal 6.354715e-01 5.037511e-01 5.851588e-01
    outer loop
      vertex 5.0645728807e-01 6.2759762125e-01 6.7633557569e-01
      vertex 4.9397333754e-01 6.6927626353e-01 6.5401263237e-01
      vertex 4.6927626353e-01 6.5401263237e-01 6.9397333754e-01
    endloop
  endfacet
  facet normal 5.851588e-01 6.354715e-01 5.037511e-01
    outer loop
      vertex 4.7633557569e-01 7.0645728807e-01 6.2759762125e-01
      vertex 4.5401263237e-01 6.9397333754e-01 6.6927626353e-01
      vertex 4.9397333754e-01 6.6927626353e-01 6.5401263237e-01
    endloop
  endfacet
  facet normal 5.773503e-01 5.773503e-01 5.773503e-01
    outer loop
      vertex 4.6927626353e-01 6.5401263237e-01 6.9397333754e-01
      vertex 4.9397333754e-01 6.6927626353e-01 6.5401263237e-01
      vertex 4.5401263237e-01 6.9397333754e-01 6.6927626353e-01
    endloop
  endfacet
  facet normal -5.017104e-02 4.650712e-01 8.838505e-01
    outer loop
      vertex 3.0000000000e-01 6.5771933364e-01 7.5519524251e-01
      vertex 2.6063988636e-01 6.4533249262e-01 7.5947880076e-01
      vertex 3.0000000000e-01 6.2100660459e-01 7.7451302637e-01
    endloop
  endfacet
  facet normal -1.803191e-01 4.192398e-01 8.897882e-01
    outer loop
      vertex 2.2203242610e-01 6.3016656937e-01 7.5880054412e-01
      vertex 2.6050338859e-01 6.0746863805e-01 7.7729138018e-01
      vertex 2.6063988636e-01 6.4533249262e-01 7.5947880076e-01
    endloop
  endfacet
  facet normal -5.000027e-02 3.386983e-01 9.395655e-01
    outer loop
      vertex 3.0000000000e-01 5.8197995867e-01 7.8858150734e-01
      vertex 3.0000000000e-01 6.2100660459e-01 7.7451302637e-01
      vertex 2.6050338859e-01 6.0746863805e-01 7.7729138018e-01
    endloop
  endfacet
  facet normal -8.207030e-02 4.244916e-01 9.017047e-01
    outer loop
      vertex 2.6063988636e-01 6.4533249262e-01 7.5947880076e-01
      vertex 2.6050338859e-01 6.0746863805e-01 7.7729138018e-01
      vertex 3.0000000000e-01 6.2100660459e-01 7.7451302637e-01
    endloop
  endfacet
  facet normal -4.270257e-01 3.023772e-01 8.521837e-01
    outer loop
      vertex 1.5000000000e-01 5.9270509831e-01 7.4270509831e-01
      vertex 1.8414378432e-01 5.7160307910e-01 7.6730195726e-01
      vertex 1.8491588019e-01 6.1251157024e-01 7.5317344239e-01
    endloop
  endfacet
  facet normal -3.081672e-01 2.288929e-01 9.233856e-01
    outer loop
      vertex 2.2114033318e-01 5.4873795443e-01 7.8531695489e-01
      vertex 2.2077517480e-01 5.9037766373e-01 7.7487325256e-01
      vertex 1.8414378432e-01 5.7160307910e-01 7.6730195726e-01
    endloop
  endfacet
  facet normal -3.067980e-01 3.648012e-01 8.790876e-01
    outer loop
      vertex 2.2203242610e-01 6.3016656937e-01 7.5880054412e-01
      vertex 1.8491588019e-01 6.1251157024e-01 7.5317344239e-01
      vertex 2.2077517480e-01 5.9037766373e-01 7.7487325256e-01
    endloop
  endfacet
  facet normal -3.431966e-01 3.124011e-01 8.857887e-01
    outer loop
      vertex 1.8414378432e-01 5.7160307910e-01 7.6730195726e-01
      vertex 2.2077517480e-01 5.9037766373e-01 7.7487325256e-01
      vertex 1.8491588019e-01 6.1251157024e-01 7.5317344239e-01
    endloop
  endfacet
  facet normal -4.950537e-02 6.905681e-02 9.963836e-01
    outer loop
      vertex 3.0000000000e-01 5.0000000000e-01 8.0000000000e-01
      vertex 3.0000000000e-01 5.4138567264e-01 7.9713166459e-01
      vertex 2.6007866876e-01 5.2467273958e-01 7.9630650218e-01
    endloop
  endfacet
  facet normal -4.960764e-02 2.058489e-01 9.773256e-01
    outer loop
      vertex 3.0000000000e-01 5.8197995867e-01 7.8858150734e-01
      vertex 2.6016225695e-01 5.6603510824e-01 7.8991777922e-01
      vertex 3.0000000000e-01 5.4138567264e-01 7.9713166459e-01
    endloop
  endfacet
  facet normal -1.812856e-01 1.504758e-01 9.718501e-01
    outer loop
      vertex 2.2114033318e-01 5.4873795443e-01 7.8531695489e-01
      vertex 2.6007866876e-01 5.2467273958e-01 7.9630650218e-01
      vertex 2.6016225695e-01 5.6603510824e-01 7.8991777922e-01
    endloop
  endfacet
  facet normal -8.410292e-02 1.522724e-01 9.847537e-01
    outer loop
      vertex 3.0000000000e-01 5.4138567264e-01 7.9713166459e-01
      vertex 2.6016225695e-01 5.6603510824e-01 7.8991777922e-01
      vertex 2.6007866876e-01 5.2467273958e-01 7.9630650218e-01
    endloop
  endfacet
  facet normal -2.148469e-01 3.716277e-01 9.031797e-01
    outer loop
      vertex 2.2203242610e-01 6.3016656937e-01 7.5880054412e-01
      vertex 2.2077517480e-01 5.9037766373e-01 7.7487325256e-01
      vertex 2.6050338859e-01 6.0746863805e-01 7.7729138018e-01
    endloop
  endfacet
  facet normal -2.162041e-01 2.357379e-01 9.474616e-01
    outer loop
      vertex 2.2114033318e-01 5.4873795443e-01 7.8531695489e-01
      vertex 2.6016225695e-01 5.6603510824e-01 7.8991777922e-01
      vertex 2.2077517480e-01 5.9037766373e-01 7.7487325256e-01
    endloop
  endfacet
  facet normal -8.454536e-02 2.910970e-01 9.529505e-01
    outer loop
      vertex 3.0000000000e-01 5.8197995867e-01 7.8858150734e-01
      vertex 2.6050338859e-01 6.0746863805e-01 7.7729138018e-01
      vertex 2.6016225695e-01 5.6603510824e-01 7.8991777922e-01
    endloop
  endfacet
  facet normal -1.811510e-01 2.880454e-01 9.403266e-01
    outer loop
      vertex 2.2077517480e-01 5.9037766373e-01 7.7487325256e-01
      vertex 2.6016225695e-01 5.6603510824e-01 7.8991777922e-01
      vertex 2.6050338859e-01 6.0746863805e-01 7.7729138018e-01
    endloop
  endfacet
  facet normal -8.026720e-01 0.000000e+00 5.964207e-01
    outer loop
      vertex 4.4804757494e-02 5.0000000000e-01 6.5771933364e-01
      vertex 6.4847087274e-02 4.7567411197e-01 6.8469260626e-01
      vertex 6.4847087274e-02 5.2432588803e-01 6.8469260626e-01
    endloop
  endfacet
  facet normal -7.283445e-01 -8.054149e-02 6.804611e-01
    outer loop
      vertex 8.9386066567e-02 4.5181338931e-01 7.0813414327e-01
      vertex 8.6615479511e-02 5.0000000000e-01 7.1087210915e-01
      vertex 6.4847087274e-02 4.7567411197e-01 6.8469260626e-01
    endloop
  endfacet
  facet normal -7.283445e-01 8.054149e-02 6.804611e-01
    outer loop
      vertex 8.9386066567e-02 5.4818661069e-01 7.0813414327e-01
      vertex 6.4847087274e-02 5.2432588803e-01 6.8469260626e-01
      vertex 8.6615479511e-02 5.0000000000e-01 7.1087210915e-01
    endloop
  endfacet
  facet normal -7.689122e-01 0.000000e+00 6.393544e-01
    outer loop
      vertex 6.4847087274e-02 4.7567411197e-01 6.8469260626e-01
      vertex 8.6615479511e-02 5.0000000000e-01 7.1087210915e-01
      vertex 6.4847087274e-02 5.2432588803e-01 6.8469260626e-01
    endloop
  endfacet
  facet normal -5.387620e-01 -2.333204e-01 8.095043e-01
    outer loop
      vertex 1.5000000000e-01 4.0729490169e-01 7.4270509831e-01
      vertex 1.4422245308e-01 4.5306966049e-01 7.5205336560e-01
      vertex 1.1795245522e-01 4.2887410239e-01 7.2759569005e-01
    endloop
  endfacet
  facet normal -5.516422e-01 -7.841715e-02 8.303865e-01
    outer loop
      vertex 1.4228066636e-01 5.0000000000e-01 7.5519524251e-01
      vertex 1.1392812522e-01 4.7565744451e-01 7.3406131121e-01
      vertex 1.4422245308e-01 4.5306966049e-01 7.5205336560e-01
    endloop
  endfacet
  facet normal -6.398684e-01 -1.589524e-01 7.518660e-01
    outer loop
      vertex 8.9386066567e-02 4.5181338931e-01 7.0813414327e-01
      vertex 1.1795245522e-01 4.2887410239e-01 7.2759569005e-01
      vertex 1.1392812522e-01 4.7565744451e-01 7.3406131121e-01
    endloop
  endfacet
  facet normal -5.895786e-01 -1.601287e-01 7.916792e-01
    outer loop
      vertex 1.4422245308e-01 4.5306966049e-01 7.5205336560e-01
      vertex 1.1392812522e-01 4.7565744451e-01 7.3406131121e-01
      vertex 1.1795245522e-01 4.2887410239e-01 7.2759569005e-01
    endloop
  endfacet
  facet normal -5.387620e-01 2.333204e-01 8.095043e-01
    outer loop
      vertex 1.5000000000e-01 5.9270509831e-01 7.4270509831e-01
      vertex 1.1795245522e-01 5.7112589761e-01 7.2759569005e-01
      vertex 1.4422245308e-01 5.4693033951e-01 7.5205336560e-01
    endloop
  endfacet
  facet normal -6.398684e-01 1.589524e-01 7.518660e-01
    outer loop
      vertex 8.9386066567e-02 5.4818661069e-01 7.0813414327e-01
      vertex 1.1392812522e-01 5.2434255549e-01 7.3406131121e-01
      vertex 1.1795245522e-01 5.7112589761e-01 7.2759569005e-01
    endloop
  endfacet
  facet normal -5.516422e-01 7.841715e-02 8.303865e-01
    outer loop
      vertex 1.4228066636e-01 5.0000000000e-01 7.5519524251e-01
      vertex 1.4422245308e-01 5.4693033951e-01 7.5205336560e-01
      vertex 1.1392812522e-01 5.2434255549e-01 7.3406131121e-01
    endloop
  endfacet
  facet normal -5.895786e-01 1.601287e-01 7.916792e-01
    outer loop
      vertex 1.1795245522e-01 5.7112589761e-01 7.2759569005e-01
      vertex 1.1392812522e-01 5.2434255549e-01 7.3406131121e-01
      vertex 1.4422245308e-01 5.4693033951e-01 7.5205336560e-01
    endloop
  endfacet
  facet normal -6.858517e-01 -8.053079e-02 7.232719e-01
    outer loop
      vertex 8.9386066567e-02 4.5181338931e-01 7.0813414327e-01
      vertex 1.1392812522e-01 4.7565744451e-01 7.3406131121e-01
      vertex 8.6615479511e-02 5.0000000000e-01 7.1087210915e-01
    endloop
  endfacet
  facet normal -5.976360e-01 0.000000e+00 8.017675e-01
    outer loop
      vertex 1.4228066636e-01 5.0000000000e-01 7.5519524251e-01
      vertex 1.1392812522e-01 5.2434255549e-01 7.3406131121e-01
      vertex 1.1392812522e-01 4.7565744451e-01 7.3406131121e-01
    endloop
  endfacet
  facet normal -6.858517e-01 8.053079e-02 7.232719e-01
    outer loop
      vertex 8.9386066567e-02 5.4818661069e-01 7.0813414327e-01
      vertex 8.6615479511e-02 5.0000000000e-01 7.1087210915e-01
      vertex 1.1392812522e-01 5.2434255549e-01 7.3406131121e-01
    endloop
  endfacet
  facet normal -6.472182e-01 0.000000e+00 7.623048e-01
    outer loop
      vertex 1.1392812522e-01 4.7565744451e-01 7.3406131121e-01
      vertex 1.1392812522e-01 5.2434255549e-01 7.3406131121e-01
      vertex 8.6615479511e-02 5.0000000000e-01 7.1087210915e-01
    endloop
  endfacet
  facet normal -5.017104e-02 -4.650712e-01 8.838505e-01
    outer loop
      vertex 3.0000000000e-01 3.4228066636e-01 7.5519524251e-01
      vertex 3.0000000000e-01 3.7899339541e-01 7.7451302637e-01
      vertex 2.6063988636e-01 3.5466750738e-01 7.5947880076e-01
    endloop
  endfacet
  facet normal -5.000027e-02 -3.386983e-01 9.395655e-01
    outer loop
      vertex 3.0000000000e-01 4.1802004133e-01 7.8858150734e-01
      vertex 2.6050338859e-01 3.9253136195e-01 7.7729138018e-01
      vertex 3.0000000000e-01 3.7899339541e-01 7.7451302637e-01
    endloop
  endfacet
  facet normal -1.803191e-01 -4.192398e-01 8.897882e-01
    outer loop
      vertex 2.2203242610e-01 3.6983343063e-01 7.5880054412e-01
      vertex 2.6063988636e-01 3.5466750738e-01 7.5947880076e-01
      vertex 2.6050338859e-01 3.9253136195e-01 7.7729138018e-01
    endloop
  endfacet
  facet normal -8.207030e-02 -4.244916e-01 9.017047e-01
    outer loop
      vertex 3.0000000000e-01 3.7899339541e-01 7.7451302637e-01
      vertex 2.6050338859e-01 3.9253136195e-01 7.7729138018e-01
      vertex 2.6063988636e-01 3.5466750738e-01 7.5947880076e-01
    endloop
  endfacet
  facet normal -4.950537e-02 -6.905681e-02 9.963836e-01
    outer loop
      vertex 3.0000000000e-01 5.0000000000e-01 8.0000000000e-01
      vertex 2.6007866876e-01 4.7532726042e-01 7.9630650218e-01
      vertex 3.0000000000e-01 4.5861432736e-01 7.9713166459e-01
    endloop
  endfacet
  facet normal -1.812856e-01 -1.504758e-01 9.718501e-01
    outer loop
      vertex 2.2114033318e-01 4.5126204557e-01 7.8531695489e-01
      vertex 2.6016225695e-01 4.3396489176e-01 7.8991777922e-01
      vertex 2.6007866876e-01 4.7532726042e-01 7.9630650218e-01
    endloop
  endfacet
  facet normal -4.960764e-02 -2.058489e-01 9.773256e-01
    outer loop
      vertex 3.0000000000e-01 4.1802004133e-01 7.8858150734e-01
      vertex 3.0000000000e-01 4.5861432736e-01 7.9713166459e-01
      vertex 2.6016225695e-01 4.3396489176e-01 7.8991777922e-01
    endloop
  endfacet
  facet normal -8.410292e-02 -1.522724e-01 9.847537e-01
    outer loop
      vertex 2.6007866876e-01 4.7532726042e-01 7.9630650218e-01
      vertex 2.6016225695e-01 4.3396489176e-01 7.8991777922e-01
      vertex 3.0000000000e-01 4.5861432736e-01 7.9713166459e-01
    endloop
  endfacet
  facet normal -4.270257e-01 -3.023772e-01 8.521837e-01
    outer loop
      vertex 1.5000000000e-01 4.0729490169e-01 7.4270509831e-01
      vertex 1.8491588019e-01 3.8748842976e-01 7.5317344239e-01
      vertex 1.8414378432e-01 4.2839692090e-01 7.6730195726e-01
    endloop
  endfacet
  facet normal -3.067980e-01 -3.648012e-01 8.790876e-01
    outer loop
      vertex 2.2203242610e-01 3.6983343063e-01 7.5880054412e-01
      vertex 2.2077517480e-01 4.0962233627e-01 7.7487325256e-01
      vertex 1.8491588019e-01 3.8748842976e-01 7.5317344239e-01
    endloop
  endfacet
  facet normal -3.081672e-01 -2.288929e-01 9.233856e-01
    outer loop
      vertex 2.2114033318e-01 4.5126204557e-01 7.8531695489e-01
      vertex 1.8414378432e-01 4.2839692090e-01 7.6730195726e-01
      vertex 2.2077517480e-01 4.0962233627e-01 7.7487325256e-01
    endloop
  endfacet
  facet normal -3.431966e-01 -3.124011e-01 8.857887e-01
    outer loop
      vertex 1.8491588019e-01 3.8748842976e-01 7.5317344239e-01
      vertex 2.2077517480e-01 4.0962233627e-01 7.7487325256e-01
      vertex 1.8414378432e-01 4.2839692090e-01 7.6730195726e-01
    endloop
  endfacet
  facet normal -8.454536e-02 -2.910970e-01 9.529505e-01
    outer loop
      vertex 3.0000000000e-01 4.1802004133e-01 7.8858150734e-01
      vertex 2.6016225695e-01 4.3396489176e-01 7.8991777922e-01
      vertex 2.6050338859e-01 3.9253136195e-01 7.7729138018e-01
    endloop
  endfacet
  facet normal -2.162041e-01 -2.357379e-01 9.474616e-01
    outer loop
      vertex 2.2114033318e-01 4.5126204557e-01 7.8531695489e-01
      vertex 2.2077517480e-01 4.0962233627e-01 7.7487325256e-01
      vertex 2.6016225695e-01 4.3396489176e-01 7.8991777922e-01
    endloop
  endfacet
  facet normal -2.148469e-01 -3.716277e-01 9.031797e-01
    outer loop
      vertex 2.2203242610e-01 3.6983343063e-01 7.5880054412e-01
      vertex 2.6050338859e-01 3.9253136195e-01 7.7729138018e-01
      vertex 2.2077517480e-01 4.0962233627e-01 7.7487325256e-01
    endloop
  endfacet
  facet normal -1.811510e-01 -2.880454e-01 9.403266e-01
    outer loop
      vertex 2.6016225695e-01 4.3396489176e-01 7.8991777922e-01
      vertex 2.2077517480e-01 4.0962233627e-01 7.7487325256e-01
      vertex 2.6050338859e-01 3.9253136195e-01 7.7729138018e-01
    endloop
  endfacet
  facet normal -4.694052e-01 2.331714e-01 8.516395e-01
    outer loop
      vertex 1.5000000000e-01 5.9270509831e-01 7.4270509831e-01
      vertex 1.4422245308e-01 5.4693033951e-01 7.5205336560e-01
      vertex 1.8414378432e-01 5.7160307910e-01 7.6730195726e-01
    endloop
  endfacet
  facet normal -4.823363e-01 7.836719e-02 8.724736e-01
    outer loop
      vertex 1.4228066636e-01 5.0000000000e-01 7.5519524251e-01
      vertex 1.8011788449e-01 5.2469707401e-01 7.7389474788e-01
      vertex 1.4422245308e-01 5.4693033951e-01 7.5205336560e-01
    endloop
  endfacet
  facet normal -3.505871e-01 1.597927e-01 9.227974e-01
    outer loop
      vertex 2.2114033318e-01 5.4873795443e-01 7.8531695489e-01
      vertex 1.8414378432e-01 5.7160307910e-01 7.6730195726e-01
      vertex 1.8011788449e-01 5.2469707401e-01 7.7389474788e-01
    endloop
  endfacet
  facet normal -4.378416e-01 1.618790e-01 8.843585e-01
    outer loop
      vertex 1.4422245308e-01 5.4693033951e-01 7.5205336560e-01
      vertex 1.8011788449e-01 5.2469707401e-01 7.7389474788e-01
      vertex 1.8414378432e-01 5.7160307910e-01 7.6730195726e-01
    endloop
  endfacet
  facet normal -4.694052e-01 -2.331714e-01 8.516395e-01
    outer loop
      vertex 1.5000000000e-01 4.0729490169e-01 7.4270509831e-01
      vertex 1.8414378432e-01 4.2839692090e-01 7.6730195726e-01
      vertex 1.4422245308e-01 4.5306966049e-01 7.5205336560e-01
    endloop
  endfacet
  facet normal -3.505871e-01 -1.597927e-01 9.227974e-01
    outer loop
      vertex 2.2114033318e-01 4.5126204557e-01 7.8531695489e-01
      vertex 1.8011788449e-01 4.7530292599e-01 7.7389474788e-01
      vertex 1.8414378432e-01 4.2839692090e-01 7.6730195726e-01
    endloop
  endfacet
  facet normal -4.823363e-01 -7.836719e-02 8.724736e-01
    outer loop
      vertex 1.4228066636e-01 5.0000000000e-01 7.5519524251e-01
      vertex 1.4422245308e-01 4.5306966049e-01 7.5205336560e-01
      vertex 1.8011788449e-01 4.7530292599e-01 7.7389474788e-01
    endloop
  endfacet
  facet normal -4.378416e-01 -1.618790e-01 8.843585e-01
    outer loop
      vertex 1.8414378432e-01 4.2839692090e-01 7.6730195726e-01
      vertex 1.8011788449e-01 4.7530292599e-01 7.7389474788e-01
      vertex 1.4422245308e-01 4.5306966049e-01 7.5205336560e-01
    endloop
  endfacet
  facet normal -9.212595e-02 0.000000e+00 9.957474e-01
    outer loop
      vertex 3.0000000000e-01 5.0000000000e-01 8.0000000000e-01
      vertex 2.6007866876e-01 5.2467273958e-01 7.9630650218e-01
      vertex 2.6007866876e-01 4.7532726042e-01 7.9630650218e-01
    endloop
  endfacet
  facet normal -2.237863e-01 8.142553e-02 9.712310e-01
    outer loop
      vertex 2.2114033318e-01 5.4873795443e-01 7.8531695489e-01
      vertex 2.2007858966e-01 5.0000000000e-01 7.8915837904e-01
      vertex 2.6007866876e-01 5.2467273958e-01 7.9630650218e-01
    endloop
  endfacet
  facet normal -2.237863e-01 -8.142553e-02 9.712310e-01
    outer loop
      vertex 2.2114033318e-01 4.5126204557e-01 7.8531695489e-01
      vertex 2.6007866876e-01 4.7532726042e-01 7.9630650218e-01
      vertex 2.2007858966e-01 5.0000000000e-01 7.8915837904e-01
    endloop
  endfacet
  facet normal -1.759159e-01 0.000000e+00 9.844052e-01
    outer loop
      vertex 2.6007866876e-01 5.2467273958e-01 7.9630650218e-01
      vertex 2.2007858966e-01 5.0000000000e-01 7.8915837904e-01
      vertex 2.6007866876e-01 4.7532726042e-01 7.9630650218e-01
    endloop
  endfacet
  facet normal -4.430557e-01 0.000000e+00 8.964941e-01
    outer loop
      vertex 1.4228066636e-01 5.0000000000e-01 7.5519524251e-01
      vertex 1.8011788449e-01 4.7530292599e-01 7.7389474788e-01
      vertex 1.8011788449e-01 5.2469707401e-01 7.7389474788e-01
    endloop
  endfacet
  facet normal -3.113353e-01 -8.140770e-02 9.468068e-01
    outer loop
      vertex 2.2114033318e-01 4.5126204557e-01 7.8531695489e-01
      vertex 2.2007858966e-01 5.0000000000e-01 7.8915837904e-01
      vertex 1.8011788449e-01 4.7530292599e-01 7.7389474788e-01
    endloop
  endfacet
  facet normal -3.113353e-01 8.140770e-02 9.468068e-01
    outer loop
      vertex 2.2114033318e-01 5.4873795443e-01 7.8531695489e-01
      vertex 1.8011788449e-01 5.2469707401e-01 7.7389474788e-01
      vertex 2.2007858966e-01 5.0000000000e-01 7.8915837904e-01
    endloop
  endfacet
  facet normal -3.568221e-01 0.000000e+00 9.341724e-01
    outer loop
      vertex 1.8011788449e-01 4.7530292599e-01 7.7389474788e-01
      vertex 2.2007858966e-01 5.0000000000e-01 7.8915837904e-01
      vertex 1.8011788449e-01 5.2469707401e-01 7.7389474788e-01
    endloop
  endfacet
  facet normal -8.838505e-01 -5.017104e-02 4.650712e-01
    outer loop
      vertex 4.4804757494e-02 5.0000000000e-01 6.5771933364e-01
      vertex 2.5486973630e-02 5.0000000000e-01 6.2100660459e-01
      vertex 4.0521199241e-02 4.6063988636e-01 6.4533249262e-01
    endloop
  endfacet
  facet normal -9.395655e-01 -5.000027e-02 3.386983e-01
    outer loop
      vertex 1.1418492665e-02 5.0000000000e-01 5.8197995867e-01
      vertex 2.2708619817e-02 4.6050338859e-01 6.0746863805e-01
      vertex 2.5486973630e-02 5.0000000000e-01 6.2100660459e-01
    endloop
  endfacet
  facet normal -8.897882e-01 -1.803191e-01 4.192398e-01
    outer loop
      vertex 4.1199455875e-02 4.2203242610e-01 6.3016656937e-01
      vertex 4.0521199241e-02 4.6063988636e-01 6.4533249262e-01
      vertex 2.2708619817e-02 4.6050338859e-01 6.0746863805e-01
    endloop
  endfacet
  facet normal -9.017047e-01 -8.207030e-02 4.244916e-01
    outer loop
      vertex 2.5486973630e-02 5.0000000000e-01 6.2100660459e-01
      vertex 2.2708619817e-02 4.6050338859e-01 6.0746863805e-01
      vertex 4.0521199241e-02 4.6063988636e-01 6.4533249262e-01
    endloop
  endfacet
  facet normal -9.963836e-01 -4.950537e-02 6.905681e-02
    outer loop
      vertex 0.0000000000e+00 5.0000000000e-01 5.0000000000e-01
      vertex 3.6934978215e-03 4.6007866876e-01 5.2467273958e-01
      vertex 2.8683354129e-03 5.0000000000e-01 5.4138567264e-01
    endloop
  endfacet
  facet normal -9.718501e-01 -1.812856e-01 1.504758e-01
    outer loop
      vertex 1.4683045111e-02 4.2114033318e-01 5.4873795443e-01
      vertex 1.0082220779e-02 4.6016225695e-01 5.6603510824e-01
      vertex 3.6934978215e-03 4.6007866876e-01 5.2467273958e-01
    endloop
  endfacet
  facet normal -9.773256e-01 -4.960764e-02 2.058489e-01
    outer loop
      vertex 1.1418492665e-02 5.0000000000e-01 5.8197995867e-01
      vertex 2.8683354129e-03 5.0000000000e-01 5.4138567264e-01
      vertex 1.0082220779e-02 4.6016225695e-01 5.6603510824e-01
    endloop
  endfacet
  facet normal -9.847537e-01 -8.410292e-02 1.522724e-01
    outer loop
      vertex 3.6934978215e-03 4.6007866876e-01 5.2467273958e-01
      vertex 1.0082220779e-02 4.6016225695e-01 5.6603510824e-01
      vertex 2.8683354129e-03 5.0000000000e-01 5.4138567264e-01
    endloop
  endfacet
  facet normal -8.521837e-01 -4.270257e-01 3.023772e-01
    outer loop
      vertex 5.7294901688e-02 3.5000000000e-01 5.9270509831e-01
      vertex 4.6826557613e-02 3.8491588019e-01 6.1251157024e-01
      vertex 3.2698042743e-02 3.8414378432e-01 5.7160307910e-01
    endloop
  endfacet
  facet normal -8.790876e-01 -3.067980e-01 3.648012e-01
    outer loop
      vertex 4.1199455875e-02 4.2203242610e-01 6.3016656937e-01
      vertex 2.5126747443e-02 4.2077517480e-01 5.9037766373e-01
      vertex 4.6826557613e-02 3.8491588019e-01 6.1251157024e-01
    endloop
  endfacet
  facet normal -9.233856e-01 -3.081672e-01 2.288929e-01
    outer loop
      vertex 1.4683045111e-02 4.2114033318e-01 5.4873795443e-01
      vertex 3.2698042743e-02 3.8414378432e-01 5.7160307910e-01
      vertex 2.5126747443e-02 4.2077517480e-01 5.9037766373e-01
    endloop
  endfacet
  facet normal -8.857887e-01 -3.431966e-01 3.124011e-01
    outer loop
      vertex 4.6826557613e-02 3.8491588019e-01 6.1251157024e-01
      vertex 2.5126747443e-02 4.2077517480e-01 5.9037766373e-01
      vertex 3.2698042743e-02 3.8414378432e-01 5.7160307910e-01
    endloop
  endfacet
  facet normal -9.529505e-01 -8.454536e-02 2.910970e-01
    outer loop
      vertex 1.1418492665e-02 5.0000000000e-01 5.8197995867e-01
      vertex 1.0082220779e-02 4.6016225695e-01 5.6603510824e-01
      vertex 2.2708619817e-02 4.6050338859e-01 6.0746863805e-01
    endloop
  endfacet
  facet normal -9.474616e-01 -2.162041e-01 2.357379e-01
    outer loop
      vertex 1.4683045111e-02 4.2114033318e-01 5.4873795443e-01
      vertex 2.5126747443e-02 4.2077517480e-01 5.9037766373e-01
      vertex 1.0082220779e-02 4.6016225695e-01 5.6603510824e-01
    endloop
  endfacet
  facet normal -9.031797e-01 -2.148469e-01 3.716277e-01
    outer loop
      vertex 4.1199455875e-02 4.2203242610e-01 6.3016656937e-01
      vertex 2.2708619817e-02 4.6050338859e-01 6.0746863805e-01
      vertex 2.5126747443e-02 4.2077517480e-01 5.9037766373e-01
    endloop
  endfacet
  facet normal -9.403266e-01 -1.811510e-01 2.880454e-01
    outer loop
      vertex 1.0082220779e-02 4.6016225695e-01 5.6603510824e-01
      vertex 2.5126747443e-02 4.2077517480e-01 5.9037766373e-01
      vertex 2.2708619817e-02 4.6050338859e-01 6.0746863805e-01
    endloop
  endfacet
  facet normal -8.838505e-01 -5.017104e-02 -4.650712e-01
    outer loop
      vertex 4.4804757494e-02 5.0000000000e-01 3.4228066636e-01
      vertex 4.0521199241e-02 4.6063988636e-01 3.5466750738e-01
      vertex 2.5486973630e-02 5.0000000000e-01 3.7899339541e-01
    endloop
  endfacet
  facet normal -8.897882e-01 -1.803191e-01 -4.192398e-01
    outer loop
      vertex 4.1199455875e-02 4.2203242610e-01 3.6983343063e-01
      vertex 2.2708619817e-02 4.6050338859e-01 3.9253136195e-01
      vertex 4.0521199241e-02 4.6063988636e-01 3.5466750738e-01
    endloop
  endfacet
  facet normal -9.395655e-01 -5.000027e-02 -3.386983e-01
    outer loop
      vertex 1.1418492665e-02 5.0000000000e-01 4.1802004133e-01
      vertex 2.5486973630e-02 5.0000000000e-01 3.7899339541e-01
      vertex 2.2708619817e-02 4.6050338859e-01 3.9253136195e-01
    endloop
  endfacet
  facet normal -9.017047e-01 -8.207030e-02 -4.244916e-01
    outer loop
      vertex 4.0521199241e-02 4.6063988636e-01 3.5466750738e-01
      vertex 2.2708619817e-02 4.6050338859e-01 3.9253136195e-01
      vertex 2.5486973630e-02 5.0000000000e-01 3.7899339541e-01
    endloop
  endfacet
  facet normal -8.521837e-01 -4.270257e-01 -3.023772e-01
    outer loop
      vertex 5.7294901688e-02 3.5000000000e-01 4.0729490169e-01
      vertex 3.2698042743e-02 3.8414378432e-01 4.2839692090e-01
      vertex 4.6826557613e-02 3.8491588019e-01 3.8748842976e-01
    endloop
  endfacet
  facet normal -9.233856e-01 -3.081672e-01 -2.288929e-01
    outer loop
      vertex 1.4683045111e-02 4.2114033318e-01 4.5126204557e-01
      vertex 2.5126747443e-02 4.2077517480e-01 4.0962233627e-01
      vertex 3.2698042743e-02 3.8414378432e-01 4.2839692090e-01
    endloop
  endfacet
  facet normal -8.790876e-01 -3.067980e-01 -3.648012e-01
    outer loop
      vertex 4.1199455875e-02 4.2203242610e-01 3.6983343063e-01
      vertex 4.6826557613e-02 3.8491588019e-01 3.8748842976e-01
      vertex 2.5126747443e-02 4.2077517480e-01 4.0962233627e-01
    endloop
  endfacet
  facet normal -8.857887e-01 -3.431966e-01 -3.124011e-01
    outer loop
      vertex 3.2698042743e-02 3.8414378432e-01 4.2839692090e-01
      vertex 2.5126747443e-02 4.2077517480e-01 4.0962233627e-01
      vertex 4.6826557613e-02 3.8491588019e-01 3.8748842976e-01
    endloop
  endfacet
  facet normal -9.963836e-01 -4.950537e-02 -6.905681e-02
    outer loop
      vertex 0.0000000000e+00 5.0000000000e-01 5.0000000000e-01
      vertex 2.8683354129e-03 5.0000000000e-01 4.5861432736e-01
      vertex 3.6934978215e-03 4.6007866876e-01 4.7532726042e-01
    endloop
  endfacet
  facet normal -9.773256e-01 -4.960764e-02 -2.058489e-01
    outer loop
      vertex 1.1418492665e-02 5.0000000000e-01 4.1802004133e-01
      vertex 1.0082220779e-02 4.6016225695e-01 4.3396489176e-01
      vertex 2.8683354129e-03 5.0000000000e-01 4.5861432736e-01
    endloop
  endfacet
  facet normal -9.718501e-01 -1.812856e-01 -1.504758e-01
    outer loop
      vertex 1.4683045111e-02 4.2114033318e-01 4.5126204557e-01
      vertex 3.6934978215e-03 4.6007866876e-01 4.7532726042e-01
      vertex 1.0082220779e-02 4.6016225695e-01 4.3396489176e-01
    endloop
  endfacet
  facet normal -9.847537e-01 -8.410292e-02 -1.522724e-01
    outer loop
      vertex 2.8683354129e-03 5.0000000000e-01 4.5861432736e-01
      vertex 1.0082220779e-02 4.6016225695e-01 4.3396489176e-01
      vertex 3.6934978215e-03 4.6007866876e-01 4.7532726042e-01
    endloop
  endfacet
  facet normal -9.031797e-01 -2.148469e-01 -3.716277e-01
    outer loop
      vertex 4.1199455875e-02 4.2203242610e-01 3.6983343063e-01
      vertex 2.5126747443e-02 4.2077517480e-01 4.0962233627e-01
      vertex 2.2708619817e-02 4.6050338859e-01 3.9253136195e-01
    endloop
  endfacet
  facet normal -9.474616e-01 -2.162041e-01 -2.357379e-01
    outer loop
      vertex 1.4683045111e-02 4.2114033318e-01 4.5126204557e-01
      vertex 1.0082220779e-02 4.6016225695e-01 4.3396489176e-01
      vertex 2.5126747443e-02 4.2077517480e-01 4.0962233627e-01
    endloop
  endfacet
  facet normal -9.529505e-01 -8.454536e-02 -2.910970e-01
    outer loop
      vertex 1.1418492665e-02 5.0000000000e-01 4.1802004133e-01
      vertex 2.2708619817e-02 4.6050338859e-01 3.9253136195e-01
      vertex 1.0082220779e-02 4.6016225695e-01 4.3396489176e-01
    endloop
  endfacet
  facet normal -9.403266e-01 -1.811510e-01 -2.880454e-01
    outer loop
      vertex 2.5126747443e-02 4.2077517480e-01 4.0962233627e-01
      vertex 1.0082220779e-02 4.6016225695e-01 4.3396489176e-01
      vertex 2.2708619817e-02 4.6050338859e-01 3.9253136195e-01
    endloop
  endfacet
  facet normal -5.964207e-01 -8.026720e-01 0.000000e+00
    outer loop
      vertex 1.4228066636e-01 2.4480475749e-01 5.0000000000e-01
      vertex 1.1530739374e-01 2.6484708727e-01 5.2432588803e-01
      vertex 1.1530739374e-01 2.6484708727e-01 4.7567411197e-01
    endloop
  endfacet
  facet normal -6.804611e-01 -7.283445e-01 8.054149e-02
    outer loop
      vertex 9.1865856732e-02 2.8938606657e-01 5.4818661069e-01
      vertex 8.9127890854e-02 2.8661547951e-01 5.0000000000e-01
      vertex 1.1530739374e-01 2.6484708727e-01 5.2432588803e-01
    endloop
  endfacet
  facet normal -6.804611e-01 -7.283445e-01 -8.054149e-02
    outer loop
      vertex 9.1865856732e-02 2.8938606657e-01 4.5181338931e-01
      vertex 1.1530739374e-01 2.6484708727e-01 4.7567411197e-01
      vertex 8.9127890854e-02 2.8661547951e-01 5.0000000000e-01
    endloop
  endfacet
  facet normal -6.393544e-01 -7.689122e-01 -0.000000e+00
    outer loop
      vertex 1.1530739374e-01 2.6484708727e-01 5.2432588803e-01
      vertex 8.9127890854e-02 2.8661547951e-01 5.0000000000e-01
      vertex 1.1530739374e-01 2.6484708727e-01 4.7567411197e-01
    endloop
  endfacet
  facet normal -8.095043e-01 -5.387620e-01 2.333204e-01
    outer loop
      vertex 5.7294901688e-02 3.5000000000e-01 5.9270509831e-01
      vertex 4.7946634402e-02 3.4422245308e-01 5.4693033951e-01
      vertex 7.2404309951e-02 3.1795245522e-01 5.7112589761e-01
    endloop
  endfacet
  facet normal -8.303865e-01 -5.516422e-01 7.841715e-02
    outer loop
      vertex 4.4804757494e-02 3.4228066636e-01 5.0000000000e-01
      vertex 6.5938688787e-02 3.1392812522e-01 5.2434255549e-01
      vertex 4.7946634402e-02 3.4422245308e-01 5.4693033951e-01
    endloop
  endfacet
  facet normal -7.518660e-01 -6.398684e-01 1.589524e-01
    outer loop
      vertex 9.1865856732e-02 2.8938606657e-01 5.4818661069e-01
      vertex 7.2404309951e-02 3.1795245522e-01 5.7112589761e-01
      vertex 6.5938688787e-02 3.1392812522e-01 5.2434255549e-01
    endloop
  endfacet
  facet normal -7.916792e-01 -5.895786e-01 1.601287e-01
    outer loop
      vertex 4.7946634402e-02 3.4422245308e-01 5.4693033951e-01
      vertex 6.5938688787e-02 3.1392812522e-01 5.2434255549e-01
      vertex 7.2404309951e-02 3.1795245522e-01 5.7112589761e-01
    endloop
  endfacet
  facet normal -8.095043e-01 -5.387620e-01 -2.333204e-01
    outer loop
      vertex 5.7294901688e-02 3.5000000000e-01 4.0729490169e-01
      vertex 7.2404309951e-02 3.1795245522e-01 4.2887410239e-01
      vertex 4.7946634402e-02 3.4422245308e-01 4.5306966049e-01
    endloop
  endfacet
  facet normal -7.518660e-01 -6.398684e-01 -1.589524e-01
    outer loop
      vertex 9.1865856732e-02 2.8938606657e-01 4.5181338931e-01
      vertex 6.5938688787e-02 3.1392812522e-01 4.7565744451e-01
      vertex 7.2404309951e-02 3.1795245522e-01 4.2887410239e-01
    endloop
  endfacet
  facet normal -8.303865e-01 -5.516422e-01 -7.841715e-02
    outer loop
      vertex 4.4804757494e-02 3.4228066636e-01 5.0000000000e-01
      vertex 4.7946634402e-02 3.4422245308e-01 4.5306966049e-01
      vertex 6.5938688787e-02 3.1392812522e-01 4.7565744451e-01
    endloop
  endfacet
  facet normal -7.916792e-01 -5.895786e-01 -1.601287e-01
    outer loop
      vertex 7.2404309951e-02 3.1795245522e-01 4.2887410239e-01
      vertex 6.5938688787e-02 3.1392812522e-01 4.7565744451e-01
      vertex 4.7946634402e-02 3.4422245308e-01 4.5306966049e-01
    endloop
  endfacet
  facet normal -7.232719e-01 -6.858517e-01 8.053079e-02
    outer loop
      vertex 9.1865856732e-02 2.8938606657e-01 5.4818661069e-01
      vertex 6.5938688787e-02 3.1392812522e-01 5.2434255549e-01
      vertex 8.9127890854e-02 2.8661547951e-01 5.0000000000e-01
    endloop
  endfacet
  facet normal -8.017675e-01 -5.976360e-01 0.000000e+00
    outer loop
      vertex 4.4804757494e-02 3.4228066636e-01 5.0000000000e-01
      vertex 6.5938688787e-02 3.1392812522e-01 4.7565744451e-01
      vertex 6.5938688787e-02 3.1392812522e-01 5.2434255549e-01
    endloop
  endfacet
  facet normal -7.232719e-01 -6.858517e-01 -8.053079e-02
    outer loop
      vertex 9.1865856732e-02 2.8938606657e-01 4.5181338931e-01
      vertex 8.9127890854e-02 2.8661547951e-01 5.0000000000e-01
      vertex 6.5938688787e-02 3.1392812522e-01 4.7565744451e-01
    endloop
  endfacet
  facet normal -7.623048e-01 -6.472182e-01 -0.000000e+00
    outer loop
      vertex 6.5938688787e-02 3.1392812522e-01 5.2434255549e-01
      vertex 6.5938688787e-02 3.1392812522e-01 4.7565744451e-01
      vertex 8.9127890854e-02 2.8661547951e-01 5.0000000000e-01
    endloop
  endfacet
  facet normal -9.957474e-01 -9.212595e-02 0.000000e+00
    outer loop
      vertex 0.0000000000e+00 5.0000000000e-01 5.0000000000e-01
      vertex 3.6934978215e-03 4.6007866876e-01 4.7532726042e-01
      vertex 3.6934978215e-03 4.6007866876e-01 5.2467273958e-01
    endloop
  endfacet
  facet normal -9.712310e-01 -2.237863e-01 -8.142553e-02
    outer loop
      vertex 1.4683045111e-02 4.2114033318e-01 4.5126204557e-01
      vertex 1.0841620960e-02 4.2007858966e-01 5.0000000000e-01
      vertex 3.6934978215e-03 4.6007866876e-01 4.7532726042e-01
    endloop
  endfacet
  facet normal -9.712310e-01 -2.237863e-01 8.142553e-02
    outer loop
      vertex 1.4683045111e-02 4.2114033318e-01 5.4873795443e-01
      vertex 3.6934978215e-03 4.6007866876e-01 5.2467273958e-01
      vertex 1.0841620960e-02 4.2007858966e-01 5.0000000000e-01
    endloop
  endfacet
  facet normal -9.844052e-01 -1.759159e-01 0.000000e+00
    outer loop
      vertex 3.6934978215e-03 4.6007866876e-01 4.7532726042e-01
      vertex 1.0841620960e-02 4.2007858966e-01 5.0000000000e-01
      vertex 3.6934978215e-03 4.6007866876e-01 5.2467273958e-01
    endloop
  endfacet
  facet normal -8.516395e-01 -4.694052e-01 -2.331714e-01
    outer loop
      vertex 5.7294901688e-02 3.5000000000e-01 4.0729490169e-01
      vertex 4.7946634402e-02 3.4422245308e-01 4.5306966049e-01
      vertex 3.2698042743e-02 3.8414378432e-01 4.2839692090e-01
    endloop
  endfacet
  facet normal -8.724736e-01 -4.823363e-01 -7.836719e-02
    outer loop
      vertex 4.4804757494e-02 3.4228066636e-01 5.0000000000e-01
      vertex 2.6105252120e-02 3.8011788449e-01 4.7530292599e-01
      vertex 4.7946634402e-02 3.4422245308e-01 4.5306966049e-01
    endloop
  endfacet
  facet normal -9.227974e-01 -3.505871e-01 -1.597927e-01
    outer loop
      vertex 1.4683045111e-02 4.2114033318e-01 4.5126204557e-01
      vertex 3.2698042743e-02 3.8414378432e-01 4.2839692090e-01
      vertex 2.6105252120e-02 3.8011788449e-01 4.7530292599e-01
    endloop
  endfacet
  facet normal -8.843585e-01 -4.378416e-01 -1.618790e-01
    outer loop
      vertex 4.7946634402e-02 3.4422245308e-01 4.5306966049e-01
      vertex 2.6105252120e-02 3.8011788449e-01 4.7530292599e-01
      vertex 3.2698042743e-02 3.8414378432e-01 4.2839692090e-01
    endloop
  endfacet
  facet normal -8.516395e-01 -4.694052e-01 2.331714e-01
    outer loop
      vertex 5.7294901688e-02 3.5000000000e-01 5.9270509831e-01
      vertex 3.2698042743e-02 3.8414378432e-01 5.7160307910e-01
      vertex 4.7946634402e-02 3.4422245308e-01 5.4693033951e-01
    endloop
  endfacet
  facet normal -9.227974e-01 -3.505871e-01 1.597927e-01
    outer loop
      vertex 1.4683045111e-02 4.2114033318e-01 5.4873795443e-01
      vertex 2.6105252120e-02 3.8011788449e-01 5.2469707401e-01
      vertex 3.2698042743e-02 3.8414378432e-01 5.7160307910e-01
    endloop
  endfacet
  facet normal -8.724736e-01 -4.823363e-01 7.836719e-02
    outer loop
      vertex 4.4804757494e-02 3.4228066636e-01 5.0000000000e-01
      vertex 4.7946634402e-02 3.4422245308e-01 5.4693033951e-01
      vertex 2.6105252120e-02 3.8011788449e-01 5.2469707401e-01
    endloop
  endfacet
  facet normal -8.843585e-01 -4.378416e-01 1.618790e-01
    outer loop
      vertex 3.2698042743e-02 3.8414378432e-01 5.7160307910e-01
      vertex 2.6105252120e-02 3.8011788449e-01 5.2469707401e-01
      vertex 4.7946634402e-02 3.4422245308e-01 5.4693033951e-01
    endloop
  endfacet
  facet normal -9.468068e-01 -3.113353e-01 -8.140770e-02
    outer loop
      vertex 1.4683045111e-02 4.2114033318e-01 4.5126204557e-01
      vertex 2.6105252120e-02 3.8011788449e-01 4.7530292599e-01
      vertex 1.0841620960e-02 4.2007858966e-01 5.0000000000e-01
    endloop
  endfacet
  facet normal -8.964941e-01 -4.430557e-01 0.000000e+00
    outer loop
      vertex 4.4804757494e-02 3.4228066636e-01 5.0000000000e-01
      vertex 2.6105252120e-02 3.8011788449e-01 5.2469707401e-01
      vertex 2.6105252120e-02 3.8011788449e-01 4.7530292599e-01
    endloop
  endfacet
  facet normal -9.468068e-01 -3.113353e-01 8.140770e-02
    outer loop
      vertex 1.4683045111e-02 4.2114033318e-01 5.4873795443e-01
      vertex 1.0841620960e-02 4.2007858966e-01 5.0000000000e-01
      vertex 2.6105252120e-02 3.8011788449e-01 5.2469707401e-01
    endloop
  endfacet
  facet normal -9.341724e-01 -3.568221e-01 0.000000e+00
    outer loop
      vertex 2.6105252120e-02 3.8011788449e-01 4.7530292599e-01
      vertex 2.6105252120e-02 3.8011788449e-01 5.2469707401e-01
      vertex 1.0841620960e-02 4.2007858966e-01 5.0000000000e-01
    endloop
  endfacet
  facet normal -8.026720e-01 0.000000e+00 -5.964207e-01
    outer loop
      vertex 4.4804757494e-02 5.0000000000e-01 3.4228066636e-01
      vertex 6.4847087274e-02 5.2432588803e-01 3.1530739374e-01
      vertex 6.4847087274e-02 4.7567411197e-01 3.1530739374e-01
    endloop
  endfacet
  facet normal -7.283445e-01 8.054149e-02 -6.804611e-01
    outer loop
      vertex 8.9386066567e-02 5.4818661069e-01 2.9186585673e-01
      vertex 8.6615479511e-02 5.0000000000e-01 2.8912789085e-01
      vertex 6.4847087274e-02 5.2432588803e-01 3.1530739374e-01
    endloop
  endfacet
  facet normal -7.283445e-01 -8.054149e-02 -6.804611e-01
    outer loop
      vertex 8.9386066567e-02 4.5181338931e-01 2.9186585673e-01
      vertex 6.4847087274e-02 4.7567411197e-01 3.1530739374e-01
      vertex 8.6615479511e-02 5.0000000000e-01 2.8912789085e-01
    endloop
  endfacet
  facet normal -7.689122e-01 -0.000000e+00 -6.393544e-01
    outer loop
      vertex 6.4847087274e-02 5.2432588803e-01 3.1530739374e-01
      vertex 8.6615479511e-02 5.0000000000e-01 2.8912789085e-01
      vertex 6.4847087274e-02 4.7567411197e-01 3.1530739374e-01
    endloop
  endfacet
  facet normal -5.387620e-01 2.333204e-01 -8.095043e-01
    outer loop
      vertex 1.5000000000e-01 5.9270509831e-01 2.5729490169e-01
      vertex 1.4422245308e-01 5.4693033951e-01 2.4794663440e-01
      vertex 1.1795245522e-01 5.7112589761e-01 2.7240430995e-01
    endloop
  endfacet
  facet normal -5.516422e-01 7.841715e-02 -8.303865e-01
    outer loop
      vertex 1.4228066636e-01 5.0000000000e-01 2.4480475749e-01
      vertex 1.1392812522e-01 5.2434255549e-01 2.6593868879e-01
      vertex 1.4422245308e-01 5.4693033951e-01 2.4794663440e-01
    endloop
  endfacet
  facet normal -6.398684e-01 1.589524e-01 -7.518660e-01
    outer loop
      vertex 8.9386066567e-02 5.4818661069e-01 2.9186585673e-01
      vertex 1.1795245522e-01 5.7112589761e-01 2.7240430995e-01
      vertex 1.1392812522e-01 5.2434255549e-01 2.6593868879e-01
    endloop
  endfacet
  facet normal -5.895786e-01 1.601287e-01 -7.916792e-01
    outer loop
      vertex 1.4422245308e-01 5.4693033951e-01 2.4794663440e-01
      vertex 1.1392812522e-01 5.2434255549e-01 2.6593868879e-01
      vertex 1.1795245522e-01 5.7112589761e-01 2.7240430995e-01
    endloop
  endfacet
  facet normal -5.387620e-01 -2.333204e-01 -8.095043e-01
    outer loop
      vertex 1.5000000000e-01 4.0729490169e-01 2.5729490169e-01
      vertex 1.1795245522e-01 4.2887410239e-01 2.7240430995e-01
      vertex 1.4422245308e-01 4.5306966049e-01 2.4794663440e-01
    endloop
  endfacet
  facet normal -6.398684e-01 -1.589524e-01 -7.518660e-01
    outer loop
      vertex 8.9386066567e-02 4.5181338931e-01 2.9186585673e-01
      vertex 1.1392812522e-01 4.7565744451e-01 2.6593868879e-01
      vertex 1.1795245522e-01 4.2887410239e-01 2.7240430995e-01
    endloop
  endfacet
  facet normal -5.516422e-01 -7.841715e-02 -8.303865e-01
    outer loop
      vertex 1.4228066636e-01 5.0000000000e-01 2.4480475749e-01
      vertex 1.4422245308e-01 4.5306966049e-01 2.4794663440e-01
      vertex 1.1392812522e-01 4.7565744451e-01 2.6593868879e-01
    endloop
  endfacet
  facet normal -5.895786e-01 -1.601287e-01 -7.916792e-01
    outer loop
      vertex 1.1795245522e-01 4.2887410239e-01 2.7240430995e-01
      vertex 1.1392812522e-01 4.7565744451e-01 2.6593868879e-01
      vertex 1.4422245308e-01 4.5306966049e-01 2.4794663440e-01
    endloop
  endfacet
  facet normal -6.858517e-01 8.053079e-02 -7.232719e-01
    outer loop
      vertex 8.9386066567e-02 5.4818661069e-01 2.9186585673e-01
      vertex 1.1392812522e-01 5.2434255549e-01 2.6593868879e-01
      vertex 8.6615479511e-02 5.0000000000e-01 2.8912789085e-01
    endloop
  endfacet
  facet normal -5.976360e-01 0.000000e+00 -8.017675e-01
    outer loop
      vertex 1.4228066636e-01 5.0000000000e-01 2.4480475749e-01
      vertex 1.1392812522e-01 4.7565744451e-01 2.6593868879e-01
      vertex 1.1392812522e-01 5.2434255549e-01 2.6593868879e-01
    endloop
  endfacet
  facet normal -6.858517e-01 -8.053079e-02 -7.232719e-01
    outer loop
      vertex 8.9386066567e-02 4.5181338931e-01 2.9186585673e-01
      vertex 8.6615479511e-02 5.0000000000e-01 2.8912789085e-01
      vertex 1.1392812522e-01 4.7565744451e-01 2.6593868879e-01
    endloop
  endfacet
  facet normal -6.472182e-01 -0.000000e+00 -7.623048e-01
    outer loop
      vertex 1.1392812522e-01 5.2434255549e-01 2.6593868879e-01
      vertex 1.1392812522e-01 4.7565744451e-01 2.6593868879e-01
      vertex 8.6615479511e-02 5.0000000000e-01 2.8912789085e-01
    endloop
  endfacet
  facet normal -5.017104e-02 4.650712e-01 -8.838505e-01
    outer loop
      vertex 3.0000000000e-01 6.5771933364e-01 2.4480475749e-01
      vertex 3.0000000000e-01 6.2100660459e-01 2.2548697363e-01
      vertex 2.6063988636e-01 6.4533249262e-01 2.4052119924e-01
    endloop
  endfacet
  facet normal -5.000027e-02 3.386983e-01 -9.395655e-01
    outer loop
      vertex 3.0000000000e-01 5.8197995867e-01 2.1141849266e-01
      vertex 2.6050338859e-01 6.0746863805e-01 2.2270861982e-01
      vertex 3.0000000000e-01 6.2100660459e-01 2.2548697363e-01
    endloop
  endfacet
  facet normal -1.803191e-01 4.192398e-01 -8.897882e-01
    outer loop
      vertex 2.2203242610e-01 6.3016656937e-01 2.4119945588e-01
      vertex 2.6063988636e-01 6.4533249262e-01 2.4052119924e-01
      vertex 2.6050338859e-01 6.0746863805e-01 2.2270861982e-01
    endloop
  endfacet
  facet normal -8.207030e-02 4.244916e-01 -9.017047e-01
    outer loop
      vertex 3.0000000000e-01 6.2100660459e-01 2.2548697363e-01
      vertex 2.6050338859e-01 6.0746863805e-01 2.2270861982e-01
      vertex 2.6063988636e-01 6.4533249262e-01 2.4052119924e-01
    endloop
  endfacet
  facet normal -4.950537e-02 6.905681e-02 -9.963836e-01
    outer loop
      vertex 3.0000000000e-01 5.0000000000e-01 2.0000000000e-01
      vertex 2.6007866876e-01 5.2467273958e-01 2.0369349782e-01
      vertex 3.0000000000e-01 5.4138567264e-01 2.0286833541e-01
    endloop
  endfacet
  facet normal -1.812856e-01 1.504758e-01 -9.718501e-01
    outer loop
      vertex 2.2114033318e-01 5.4873795443e-01 2.1468304511e-01
      vertex 2.6016225695e-01 5.6603510824e-01 2.1008222078e-01
      vertex 2.6007866876e-01 5.2467273958e-01 2.0369349782e-01
    endloop
  endfacet
  facet normal -4.960764e-02 2.058489e-01 -9.773256e-01
    outer loop
      vertex 3.0000000000e-01 5.8197995867e-01 2.1141849266e-01
      vertex 3.0000000000e-01 5.4138567264e-01 2.0286833541e-01
      vertex 2.6016225695e-01 5.6603510824e-01 2.1008222078e-01
    endloop
  endfacet
  facet normal -8.410292e-02 1.522724e-01 -9.847537e-01
    outer loop
      vertex 2.6007866876e-01 5.2467273958e-01 2.0369349782e-01
      vertex 2.6016225695e-01 5.6603510824e-01 2.1008222078e-01
      vertex 3.0000000000e-01 5.4138567264e-01 2.0286833541e-01
    endloop
  endfacet
  facet normal -4.270257e-01 3.023772e-01 -8.521837e-01
    outer loop
      vertex 1.5000000000e-01 5.9270509831e-01 2.5729490169e-01
      vertex 1.8491588019e-01 6.1251157024e-01 2.4682655761e-01
      vertex 1.8414378432e-01 5.7160307910e-01 2.3269804274e-01
    endloop
  endfacet
  facet normal -3.067980e-01 3.648012e-01 -8.790876e-01
    outer loop
      vertex 2.2203242610e-01 6.3016656937e-01 2.4119945588e-01
      vertex 2.2077517480e-01 5.9037766373e-01 2.2512674744e-01
      vertex 1.8491588019e-01 6.1251157024e-01 2.4682655761e-01
    endloop
  endfacet
  facet normal -3.081672e-01 2.288929e-01 -9.233856e-01
    outer loop
      vertex 2.2114033318e-01 5.4873795443e-01 2.1468304511e-01
      vertex 1.8414378432e-01 5.7160307910e-01 2.3269804274e-01
      vertex 2.2077517480e-01 5.9037766373e-01 2.2512674744e-01
    endloop
  endfacet
  facet normal -3.431966e-01 3.124011e-01 -8.857887e-01
    outer loop
      vertex 1.8491588019e-01 6.1251157024e-01 2.4682655761e-01
      vertex 2.2077517480e-01 5.9037766373e-01 2.2512674744e-01
      vertex 1.8414378432e-01 5.7160307910e-01 2.3269804274e-01
    endloop
  endfacet
  facet normal -8.454536e-02 2.910970e-01 -9.529505e-01
    outer loop
      vertex 3.0000000000e-01 5.8197995867e-01 2.1141849266e-01
      vertex 2.6016225695e-01 5.6603510824e-01 2.1008222078e-01
      vertex 2.6050338859e-01 6.0746863805e-01 2.2270861982e-01
    endloop
  endfacet
  facet normal -2.162041e-01 2.357379e-01 -9.474616e-01
    outer loop
      vertex 2.2114033318e-01 5.4873795443e-01 2.1468304511e-01
      vertex 2.2077517480e-01 5.9037766373e-01 2.2512674744e-01
      vertex 2.6016225695e-01 5.6603510824e-01 2.1008222078e-01
    endloop
  endfacet
  facet normal -2.148469e-01 3.716277e-01 -9.031797e-01
    outer loop
      vertex 2.2203242610e-01 6.3016656937e-01 2.4119945588e-01
      vertex 2.6050338859e-01 6.0746863805e-01 2.2270861982e-01
      vertex 2.2077517480e-01 5.9037766373e-01 2.2512674744e-01
    endloop
  endfacet
  facet normal -1.811510e-01 2.880454e-01 -9.403266e-01
    outer loop
      vertex 2.6016225695e-01 5.6603510824e-01 2.1008222078e-01
      vertex 2.2077517480e-01 5.9037766373e-01 2.2512674744e-01
      vertex 2.6050338859e-01 6.0746863805e-01 2.2270861982e-01
    endloop
  endfacet
  facet normal -5.017104e-02 -4.650712e-01 -8.838505e-01
    outer loop
      vertex 3.0000000000e-01 3.4228066636e-01 2.4480475749e-01
      vertex 2.6063988636e-01 3.5466750738e-01 2.4052119924e-01
      vertex 3.0000000000e-01 3.7899339541e-01 2.2548697363e-01
    endloop
  endfacet
  facet normal -1.803191e-01 -4.192398e-01 -8.897882e-01
    outer loop
      vertex 2.2203242610e-01 3.6983343063e-01 2.4119945588e-01
      vertex 2.6050338859e-01 3.9253136195e-01 2.2270861982e-01
      vertex 2.6063988636e-01 3.5466750738e-01 2.4052119924e-01
    endloop
  endfacet
  facet normal -5.000027e-02 -3.386983e-01 -9.395655e-01
    outer loop
      vertex 3.0000000000e-01 4.1802004133e-01 2.1141849266e-01
      vertex 3.0000000000e-01 3.7899339541e-01 2.2548697363e-01
      vertex 2.6050338859e-01 3.9253136195e-01 2.2270861982e-01
    endloop
  endfacet
  facet normal -8.207030e-02 -4.244916e-01 -9.017047e-01
    outer loop
      vertex 2.6063988636e-01 3.5466750738e-01 2.4052119924e-01
      vertex 2.6050338859e-01 3.9253136195e-01 2.2270861982e-01
      vertex 3.0000000000e-01 3.7899339541e-01 2.2548697363e-01
    endloop
  endfacet
  facet normal -4.270257e-01 -3.023772e-01 -8.521837e-01
    outer loop
      vertex 1.5000000000e-01 4.0729490169e-01 2.5729490169e-01
      vertex 1.8414378432e-01 4.2839692090e-01 2.3269804274e-01
      vertex 1.8491588019e-01 3.8748842976e-01 2.4682655761e-01
    endloop
  endfacet
  facet normal -3.081672e-01 -2.288929e-01 -9.233856e-01
    outer loop
      vertex 2.2114033318e-01 4.5126204557e-01 2.1468304511e-01
      vertex 2.2077517480e-01 4.0962233627e-01 2.2512674744e-01
      vertex 1.8414378432e-01 4.2839692090e-01 2.3269804274e-01
    endloop
  endfacet
  facet normal -3.067980e-01 -3.648012e-01 -8.790876e-01
    outer loop
      vertex 2.2203242610e-01 3.6983343063e-01 2.4119945588e-01
      vertex 1.8491588019e-01 3.8748842976e-01 2.4682655761e-01
      vertex 2.2077517480e-01 4.0962233627e-01 2.2512674744e-01
    endloop
  endfacet
  facet normal -3.431966e-01 -3.124011e-01 -8.857887e-01
    outer loop
      vertex 1.8414378432e-01 4.2839692090e-01 2.3269804274e-01
      vertex 2.2077517480e-01 4.0962233627e-01 2.2512674744e-01
      vertex 1.8491588019e-01 3.8748842976e-01 2.4682655761e-01
    endloop
  endfacet
  facet normal -4.950537e-02 -6.905681e-02 -9.963836e-01
    outer loop
      vertex 3.0000000000e-01 5.0000000000e-01 2.0000000000e-01
      vertex 3.0000000000e-01 4.5861432736e-01 2.0286833541e-01
      vertex 2.6007866876e-01 4.7532726042e-01 2.0369349782e-01
    endloop
  endfacet
  facet normal -4.960764e-02 -2.058489e-01 -9.773256e-01
    outer loop
      vertex 3.0000000000e-01 4.1802004133e-01 2.1141849266e-01
      vertex 2.6016225695e-01 4.3396489176e-01 2.1008222078e-01
      vertex 3.0000000000e-01 4.5861432736e-01 2.0286833541e-01
    endloop
  endfacet
  facet normal -1.812856e-01 -1.504758e-01 -9.718501e-01
    outer loop
      vertex 2.2114033318e-01 4.5126204557e-01 2.1468304511e-01
      vertex 2.6007866876e-01 4.7532726042e-01 2.0369349782e-01
      vertex 2.6016225695e-01 4.3396489176e-01 2.1008222078e-01
    endloop
  endfacet
  facet normal -8.410292e-02 -1.522724e-01 -9.847537e-01
    outer loop
      vertex 3.0000000000e-01 4.5861432736e-01 2.0286833541e-01
      vertex 2.6016225695e-01 4.3396489176e-01 2.1008222078e-01
      vertex 2.6007866876e-01 4.7532726042e-01 2.0369349782e-01
    endloop
  endfacet
  facet normal -2.148469e-01 -3.716277e-01 -9.031797e-01
    outer loop
      vertex 2.2203242610e-01 3.6983343063e-01 2.4119945588e-01
      vertex 2.2077517480e-01 4.0962233627e-01 2.2512674744e-01
      vertex 2.6050338859e-01 3.9253136195e-01 2.2270861982e-01
    endloop
  endfacet
  facet normal -2.162041e-01 -2.357379e-01 -9.474616e-01
    outer loop
      vertex 2.2114033318e-01 4.5126204557e-01 2.1468304511e-01
      vertex 2.6016225695e-01 4.3396489176e-01 2.1008222078e-01
      vertex 2.2077517480e-01 4.0962233627e-01 2.2512674744e-01
    endloop
  endfacet
  facet normal -8.454536e-02 -2.910970e-01 -9.529505e-01
    outer loop
      vertex 3.0000000000e-01 4.1802004133e-01 2.1141849266e-01
      vertex 2.6050338859e-01 3.9253136195e-01 2.2270861982e-01
      vertex 2.6016225695e-01 4.3396489176e-01 2.1008222078e-01
    endloop
  endfacet
  facet normal -1.811510e-01 -2.880454e-01 -9.403266e-01
    outer loop
      vertex 2.2077517480e-01 4.0962233627e-01 2.2512674744e-01
      vertex 2.6016225695e-01 4.3396489176e-01 2.1008222078e-01
      vertex 2.6050338859e-01 3.9253136195e-01 2.2270861982e-01
    endloop
  endfacet
  facet normal -4.694052e-01 2.331714e-01 -8.516395e-01
    outer loop
      vertex 1.5000000000e-01 5.9270509831e-01 2.5729490169e-01
      vertex 1.8414378432e-01 5.7160307910e-01 2.3269804274e-01
      vertex 1.4422245308e-01 5.4693033951e-01 2.4794663440e-01
    endloop
  endfacet
  facet normal -3.505871e-01 1.597927e-01 -9.227974e-01
    outer loop
      vertex 2.2114033318e-01 5.4873795443e-01 2.1468304511e-01
      vertex 1.8011788449e-01 5.2469707401e-01 2.2610525212e-01
      vertex 1.8414378432e-01 5.7160307910e-01 2.3269804274e-01
    endloop
  endfacet
  facet normal -4.823363e-01 7.836719e-02 -8.724736e-01
    outer loop
      vertex 1.4228066636e-01 5.0000000000e-01 2.4480475749e-01
      vertex 1.4422245308e-01 5.4693033951e-01 2.4794663440e-01
      vertex 1.8011788449e-01 5.2469707401e-01 2.2610525212e-01
    endloop
  endfacet
  facet normal -4.378416e-01 1.618790e-01 -8.843585e-01
    outer loop
      vertex 1.8414378432e-01 5.7160307910e-01 2.3269804274e-01
      vertex 1.8011788449e-01 5.2469707401e-01 2.2610525212e-01
      vertex 1.4422245308e-01 5.4693033951e-01 2.4794663440e-01
    endloop
  endfacet
  facet normal -9.212595e-02 0.000000e+00 -9.957474e-01
    outer loop
      vertex 3.0000000000e-01 5.0000000000e-01 2.0000000000e-01
      vertex 2.6007866876e-01 4.7532726042e-01 2.0369349782e-01
      vertex 2.6007866876e-01 5.2467273958e-01 2.0369349782e-01
    endloop
  endfacet
  facet normal -2.237863e-01 -8.142553e-02 -9.712310e-01
    outer loop
      vertex 2.2114033318e-01 4.5126204557e-01 2.1468304511e-01
      vertex 2.2007858966e-01 5.0000000000e-01 2.1084162096e-01
      vertex 2.6007866876e-01 4.7532726042e-01 2.0369349782e-01
    endloop
  endfacet
  facet normal -2.237863e-01 8.142553e-02 -9.712310e-01
    outer loop
      vertex 2.2114033318e-01 5.4873795443e-01 2.1468304511e-01
      vertex 2.6007866876e-01 5.2467273958e-01 2.0369349782e-01
      vertex 2.2007858966e-01 5.0000000000e-01 2.1084162096e-01
    endloop
  endfacet
  facet normal -1.759159e-01 0.000000e+00 -9.844052e-01
    outer loop
      vertex 2.6007866876e-01 4.7532726042e-01 2.0369349782e-01
      vertex 2.2007858966e-01 5.0000000000e-01 2.1084162096e-01
      vertex 2.6007866876e-01 5.2467273958e-01 2.0369349782e-01
    endloop
  endfacet
  facet normal -4.694052e-01 -2.331714e-01 -8.516395e-01
    outer loop
      vertex 1.5000000000e-01 4.0729490169e-01 2.5729490169e-01
      vertex 1.4422245308e-01 4.5306966049e-01 2.4794663440e-01
      vertex 1.8414378432e-01 4.2839692090e-01 2.3269804274e-01
    endloop
  endfacet
  facet normal -4.823363e-01 -7.836719e-02 -8.724736e-01
    outer loop
      vertex 1.4228066636e-01 5.0000000000e-01 2.4480475749e-01
      vertex 1.8011788449e-01 4.7530292599e-01 2.2610525212e-01
      vertex 1.4422245308e-01 4.5306966049e-01 2.4794663440e-01
    endloop
  endfacet
  facet normal -3.505871e-01 -1.597927e-01 -9.227974e-01
    outer loop
      vertex 2.2114033318e-01 4.5126204557e-01 2.1468304511e-01
      vertex 1.8414378432e-01 4.2839692090e-01 2.3269804274e-01
      vertex 1.8011788449e-01 4.7530292599e-01 2.2610525212e-01
    endloop
  endfacet
  facet normal -4.378416e-01 -1.618790e-01 -8.843585e-01
    outer loop
      vertex 1.4422245308e-01 4.5306966049e-01 2.4794663440e-01
      vertex 1.8011788449e-01 4.7530292599e-01 2.2610525212e-01
      vertex 1.8414378432e-01 4.2839692090e-01 2.3269804274e-01
    endloop
  endfacet
  facet normal -3.113353e-01 8.140770e-02 -9.468068e-01
    outer loop
      vertex 2.2114033318e-01 5.4873795443e-01 2.1468304511e-01
      vertex 2.2007858966e-01 5.0000000000e-01 2.1084162096e-01
      vertex 1.8011788449e-01 5.2469707401e-01 2.2610525212e-01
    endloop
  endfacet
  facet normal -3.113353e-01 -8.140770e-02 -9.468068e-01
    outer loop
      vertex 2.2114033318e-01 4.5126204557e-01 2.1468304511e-01
      vertex 1.8011788449e-01 4.7530292599e-01 2.2610525212e-01
      vertex 2.2007858966e-01 5.0000000000e-01 2.1084162096e-01
    endloop
  endfacet
  facet normal -4.430557e-01 0.000000e+00 -8.964941e-01
    outer loop
      vertex 1.4228066636e-01 5.0000000000e-01 2.4480475749e-01
      vertex 1.8011788449e-01 5.2469707401e-01 2.2610525212e-01
      vertex 1.8011788449e-01 4.7530292599e-01 2.2610525212e-01
    endloop
  endfacet
  facet normal -3.568221e-01 0.000000e+00 -9.341724e-01
    outer loop
      vertex 2.2007858966e-01 5.0000000000e-01 2.1084162096e-01
      vertex 1.8011788449e-01 4.7530292599e-01 2.2610525212e-01
      vertex 1.8011788449e-01 5.2469707401e-01 2.2610525212e-01
    endloop
  endfacet
  facet normal 8.117845e-02 5.462496e-01 -8.336794e-01
    outer loop
      vertex 3.0000000000e-01 6.5771933364e-01 2.4480475749e-01
      vertex 3.2432588803e-01 6.8469260626e-01 2.6484708727e-01
      vertex 3.3936011364e-01 6.4533249262e-01 2.4052119924e-01
    endloop
  endfacet
  facet normal 1.614436e-01 6.304608e-01 -7.592464e-01
    outer loop
      vertex 3.4818661069e-01 7.0813414327e-01 2.8938606657e-01
      vertex 3.6390685969e-01 6.7137549774e-01 2.6220523122e-01
      vertex 3.2432588803e-01 6.8469260626e-01 2.6484708727e-01
    endloop
  endfacet
  facet normal 2.112210e-01 5.001420e-01 -8.397879e-01
    outer loop
      vertex 3.7796757390e-01 6.3016656937e-01 2.4119945588e-01
      vertex 3.3936011364e-01 6.4533249262e-01 2.4052119924e-01
      vertex 3.6390685969e-01 6.7137549774e-01 2.6220523122e-01
    endloop
  endfacet
  facet normal 1.327925e-01 5.572841e-01 -8.196344e-01
    outer loop
      vertex 3.2432588803e-01 6.8469260626e-01 2.6484708727e-01
      vertex 3.6390685969e-01 6.7137549774e-01 2.6220523122e-01
      vertex 3.3936011364e-01 6.4533249262e-01 2.4052119924e-01
    endloop
  endfacet
  facet normal 3.134218e-01 7.599989e-01 -5.693580e-01
    outer loop
      vertex 3.9270509831e-01 7.4270509831e-01 3.5000000000e-01
      vertex 4.1152441034e-01 7.1213203436e-01 3.1954971350e-01
      vertex 3.7112589761e-01 7.2759569005e-01 3.1795245522e-01
    endloop
  endfacet
  facet normal 3.717435e-01 6.491008e-01 -6.636828e-01
    outer loop
      vertex 4.2759762125e-01 6.7633557569e-01 2.9354271193e-01
      vertex 3.8880137777e-01 6.9422356816e-01 2.8930704598e-01
      vertex 4.1152441034e-01 7.1213203436e-01 3.1954971350e-01
    endloop
  endfacet
  facet normal 2.392192e-01 7.022584e-01 -6.705276e-01
    outer loop
      vertex 3.4818661069e-01 7.0813414327e-01 2.8938606657e-01
      vertex 3.7112589761e-01 7.2759569005e-01 3.1795245522e-01
      vertex 3.8880137777e-01 6.9422356816e-01 2.8930704598e-01
    endloop
  endfacet
  facet normal 2.962101e-01 7.075762e-01 -6.415571e-01
    outer loop
      vertex 4.1152441034e-01 7.1213203436e-01 3.1954971350e-01
      vertex 3.8880137777e-01 6.9422356816e-01 2.8930704598e-01
      vertex 3.7112589761e-01 7.2759569005e-01 3.1795245522e-01
    endloop
  endfacet
  facet normal 4.576217e-01 3.824786e-01 -8.026783e-01
    outer loop
      vertex 4.5000000000e-01 5.9270509831e-01 2.5729490169e-01
      vertex 4.1508411981e-01 6.1251157024e-01 2.4682655761e-01
      vertex 4.4052895526e-01 6.3619714992e-01 2.7261937399e-01
    endloop
  endfacet
  facet normal 3.374572e-01 4.450681e-01 -8.294800e-01
    outer loop
      vertex 3.7796757390e-01 6.3016656937e-01 2.4119945588e-01
      vertex 4.0384590444e-01 6.5483648602e-01 2.6496449049e-01
      vertex 4.1508411981e-01 6.1251157024e-01 2.4682655761e-01
    endloop
  endfacet
  facet normal 4.202079e-01 5.222192e-01 -7.421000e-01
    outer loop
      vertex 4.2759762125e-01 6.7633557569e-01 2.9354271193e-01
      vertex 4.4052895526e-01 6.3619714992e-01 2.7261937399e-01
      vertex 4.0384590444e-01 6.5483648602e-01 2.6496449049e-01
    endloop
  endfacet
  facet normal 3.951751e-01 4.484825e-01 -8.016858e-01
    outer loop
      vertex 4.1508411981e-01 6.1251157024e-01 2.4682655761e-01
      vertex 4.0384590444e-01 6.5483648602e-01 2.6496449049e-01
      vertex 4.4052895526e-01 6.3619714992e-01 2.7261937399e-01
    endloop
  endfacet
  facet normal 2.173281e-01 6.387266e-01 -7.381036e-01
    outer loop
      vertex 3.4818661069e-01 7.0813414327e-01 2.8938606657e-01
      vertex 3.8880137777e-01 6.9422356816e-01 2.8930704598e-01
      vertex 3.6390685969e-01 6.7137549774e-01 2.6220523122e-01
    endloop
  endfacet
  facet normal 3.498255e-01 5.855635e-01 -7.312575e-01
    outer loop
      vertex 4.2759762125e-01 6.7633557569e-01 2.9354271193e-01
      vertex 4.0384590444e-01 6.5483648602e-01 2.6496449049e-01
      vertex 3.8880137777e-01 6.9422356816e-01 2.8930704598e-01
    endloop
  endfacet
  facet normal 2.670988e-01 5.084250e-01 -8.186344e-01
    outer loop
      vertex 3.7796757390e-01 6.3016656937e-01 2.4119945588e-01
      vertex 3.6390685969e-01 6.7137549774e-01 2.6220523122e-01
      vertex 4.0384590444e-01 6.5483648602e-01 2.6496449049e-01
    endloop
  endfacet
  facet normal 2.931085e-01 5.811538e-01 -7.591756e-01
    outer loop
      vertex 3.8880137777e-01 6.9422356816e-01 2.8930704598e-01
      vertex 4.0384590444e-01 6.5483648602e-01 2.6496449049e-01
      vertex 3.6390685969e-01 6.7137549774e-01 2.6220523122e-01
    endloop
  endfacet
  facet normal 5.462496e-01 8.336794e-01 -8.117845e-02
    outer loop
      vertex 4.5771933364e-01 7.5519524251e-01 5.0000000000e-01
      vertex 4.8469260626e-01 7.3515291273e-01 4.7567411197e-01
      vertex 4.4533249262e-01 7.5947880076e-01 4.6063988636e-01
    endloop
  endfacet
  facet normal 6.304608e-01 7.592464e-01 -1.614436e-01
    outer loop
      vertex 5.0813414327e-01 7.1061393343e-01 4.5181338931e-01
      vertex 4.7137549774e-01 7.3779476878e-01 4.3609314031e-01
      vertex 4.8469260626e-01 7.3515291273e-01 4.7567411197e-01
    endloop
  endfacet
  facet normal 5.001420e-01 8.397879e-01 -2.112210e-01
    outer loop
      vertex 4.3016656937e-01 7.5880054412e-01 4.2203242610e-01
      vertex 4.4533249262e-01 7.5947880076e-01 4.6063988636e-01
      vertex 4.7137549774e-01 7.3779476878e-01 4.3609314031e-01
    endloop
  endfacet
  facet normal 5.572841e-01 8.196344e-01 -1.327925e-01
    outer loop
      vertex 4.8469260626e-01 7.3515291273e-01 4.7567411197e-01
      vertex 4.7137549774e-01 7.3779476878e-01 4.3609314031e-01
      vertex 4.4533249262e-01 7.5947880076e-01 4.6063988636e-01
    endloop
  endfacet
  facet normal 7.599989e-01 5.693580e-01 -3.134218e-01
    outer loop
      vertex 5.4270509831e-01 6.5000000000e-01 4.0729490169e-01
      vertex 5.1213203436e-01 6.8045028650e-01 3.8847558966e-01
      vertex 5.2759569005e-01 6.8204754478e-01 4.2887410239e-01
    endloop
  endfacet
  facet normal 6.491008e-01 6.636828e-01 -3.717435e-01
    outer loop
      vertex 4.7633557569e-01 7.0645728807e-01 3.7240237875e-01
      vertex 4.9422356816e-01 7.1069295402e-01 4.1119862223e-01
      vertex 5.1213203436e-01 6.8045028650e-01 3.8847558966e-01
    endloop
  endfacet
  facet normal 7.022584e-01 6.705276e-01 -2.392192e-01
    outer loop
      vertex 5.0813414327e-01 7.1061393343e-01 4.5181338931e-01
      vertex 5.2759569005e-01 6.8204754478e-01 4.2887410239e-01
      vertex 4.9422356816e-01 7.1069295402e-01 4.1119862223e-01
    endloop
  endfacet
  facet normal 7.075762e-01 6.415571e-01 -2.962101e-01
    outer loop
      vertex 5.1213203436e-01 6.8045028650e-01 3.8847558966e-01
      vertex 4.9422356816e-01 7.1069295402e-01 4.1119862223e-01
      vertex 5.2759569005e-01 6.8204754478e-01 4.2887410239e-01
    endloop
  endfacet
  facet normal 3.824786e-01 8.026783e-01 -4.576217e-01
    outer loop
      vertex 3.9270509831e-01 7.4270509831e-01 3.5000000000e-01
      vertex 4.1251157024e-01 7.5317344239e-01 3.8491588019e-01
      vertex 4.3619714992e-01 7.2738062601e-01 3.5947104474e-01
    endloop
  endfacet
  facet normal 4.450681e-01 8.294800e-01 -3.374572e-01
    outer loop
      vertex 4.3016656937e-01 7.5880054412e-01 4.2203242610e-01
      vertex 4.5483648602e-01 7.3503550951e-01 3.9615409556e-01
      vertex 4.1251157024e-01 7.5317344239e-01 3.8491588019e-01
    endloop
  endfacet
  facet normal 5.222192e-01 7.421000e-01 -4.202079e-01
    outer loop
      vertex 4.7633557569e-01 7.0645728807e-01 3.7240237875e-01
      vertex 4.3619714992e-01 7.2738062601e-01 3.5947104474e-01
      vertex 4.5483648602e-01 7.3503550951e-01 3.9615409556e-01
    endloop
  endfacet
  facet normal 4.484825e-01 8.016858e-01 -3.951751e-01
    outer loop
      vertex 4.1251157024e-01 7.5317344239e-01 3.8491588019e-01
      vertex 4.5483648602e-01 7.3503550951e-01 3.9615409556e-01
      vertex 4.3619714992e-01 7.2738062601e-01 3.5947104474e-01
    endloop
  endfacet
  facet normal 6.387266e-01 7.381036e-01 -2.173281e-01
    outer loop
      vertex 5.0813414327e-01 7.1061393343e-01 4.5181338931e-01
      vertex 4.9422356816e-01 7.1069295402e-01 4.1119862223e-01
      vertex 4.7137549774e-01 7.3779476878e-01 4.3609314031e-01
    endloop
  endfacet
  facet normal 5.855635e-01 7.312575e-01 -3.498255e-01
    outer loop
      vertex 4.7633557569e-01 7.0645728807e-01 3.7240237875e-01
      vertex 4.5483648602e-01 7.3503550951e-01 3.9615409556e-01
      vertex 4.9422356816e-01 7.1069295402e-01 4.1119862223e-01
    endloop
  endfacet
  facet normal 5.084250e-01 8.186344e-01 -2.670988e-01
    outer loop
      vertex 4.3016656937e-01 7.5880054412e-01 4.2203242610e-01
      vertex 4.7137549774e-01 7.3779476878e-01 4.3609314031e-01
      vertex 4.5483648602e-01 7.3503550951e-01 3.9615409556e-01
    endloop
  endfacet
  facet normal 5.811538e-01 7.591756e-01 -2.931085e-01
    outer loop
      vertex 4.9422356816e-01 7.1069295402e-01 4.1119862223e-01
      vertex 4.5483648602e-01 7.3503550951e-01 3.9615409556e-01
      vertex 4.7137549774e-01 7.3779476878e-01 4.3609314031e-01
    endloop
  endfacet
  facet normal 8.336794e-01 8.117845e-02 -5.462496e-01
    outer loop
      vertex 5.5519524251e-01 5.0000000000e-01 3.4228066636e-01
      vertex 5.3515291273e-01 5.2432588803e-01 3.1530739374e-01
      vertex 5.5947880076e-01 5.3936011364e-01 3.5466750738e-01
    endloop
  endfacet
  facet normal 7.592464e-01 1.614436e-01 -6.304608e-01
    outer loop
      vertex 5.1061393343e-01 5.4818661069e-01 2.9186585673e-01
      vertex 5.3779476878e-01 5.6390685969e-01 3.2862450226e-01
      vertex 5.3515291273e-01 5.2432588803e-01 3.1530739374e-01
    endloop
  endfacet
  facet normal 8.397879e-01 2.112210e-01 -5.001420e-01
    outer loop
      vertex 5.5880054412e-01 5.7796757390e-01 3.6983343063e-01
      vertex 5.5947880076e-01 5.3936011364e-01 3.5466750738e-01
      vertex 5.3779476878e-01 5.6390685969e-01 3.2862450226e-01
    endloop
  endfacet
  facet normal 8.196344e-01 1.327925e-01 -5.572841e-01
    outer loop
      vertex 5.3515291273e-01 5.2432588803e-01 3.1530739374e-01
      vertex 5.3779476878e-01 5.6390685969e-01 3.2862450226e-01
      vertex 5.5947880076e-01 5.3936011364e-01 3.5466750738e-01
    endloop
  endfacet
  facet normal 5.693580e-01 3.134218e-01 -7.599989e-01
    outer loop
      vertex 4.5000000000e-01 5.9270509831e-01 2.5729490169e-01
      vertex 4.8045028650e-01 6.1152441034e-01 2.8786796564e-01
      vertex 4.8204754478e-01 5.7112589761e-01 2.7240430995e-01
    endloop
  endfacet
  facet normal 6.636828e-01 3.717435e-01 -6.491008e-01
    outer loop
      vertex 5.0645728807e-01 6.2759762125e-01 3.2366442431e-01
      vertex 5.1069295402e-01 5.8880137777e-01 3.0577643184e-01
      vertex 4.8045028650e-01 6.1152441034e-01 2.8786796564e-01
    endloop
  endfacet
  facet normal 6.705276e-01 2.392192e-01 -7.022584e-01
    outer loop
      vertex 5.1061393343e-01 5.4818661069e-01 2.9186585673e-01
      vertex 4.8204754478e-01 5.7112589761e-01 2.7240430995e-01
      vertex 5.1069295402e-01 5.8880137777e-01 3.0577643184e-01
    endloop
  endfacet
  facet normal 6.415571e-01 2.962101e-01 -7.075762e-01
    outer loop
      vertex 4.8045028650e-01 6.1152441034e-01 2.8786796564e-01
      vertex 5.1069295402e-01 5.8880137777e-01 3.0577643184e-01
      vertex 4.8204754478e-01 5.7112589761e-01 2.7240430995e-01
    endloop
  endfacet
  facet normal 8.026783e-01 4.576217e-01 -3.824786e-01
    outer loop
      vertex 5.4270509831e-01 6.5000000000e-01 4.0729490169e-01
      vertex 5.5317344239e-01 6.1508411981e-01 3.8748842976e-01
      vertex 5.2738062601e-01 6.4052895526e-01 3.6380285008e-01
    endloop
  endfacet
  facet normal 8.294800e-01 3.374572e-01 -4.450681e-01
    outer loop
      vertex 5.5880054412e-01 5.7796757390e-01 3.6983343063e-01
      vertex 5.3503550951e-01 6.0384590444e-01 3.4516351398e-01
      vertex 5.5317344239e-01 6.1508411981e-01 3.8748842976e-01
    endloop
  endfacet
  facet normal 7.421000e-01 4.202079e-01 -5.222192e-01
    outer loop
      vertex 5.0645728807e-01 6.2759762125e-01 3.2366442431e-01
      vertex 5.2738062601e-01 6.4052895526e-01 3.6380285008e-01
      vertex 5.3503550951e-01 6.0384590444e-01 3.4516351398e-01
    endloop
  endfacet
  facet normal 8.016858e-01 3.951751e-01 -4.484825e-01
    outer loop
      vertex 5.5317344239e-01 6.1508411981e-01 3.8748842976e-01
      vertex 5.3503550951e-01 6.0384590444e-01 3.4516351398e-01
      vertex 5.2738062601e-01 6.4052895526e-01 3.6380285008e-01
    endloop
  endfacet
  facet normal 7.381036e-01 2.173281e-01 -6.387266e-01
    outer loop
      vertex 5.1061393343e-01 5.4818661069e-01 2.9186585673e-01
      vertex 5.1069295402e-01 5.8880137777e-01 3.0577643184e-01
      vertex 5.3779476878e-01 5.6390685969e-01 3.2862450226e-01
    endloop
  endfacet
  facet normal 7.312575e-01 3.498255e-01 -5.855635e-01
    outer loop
      vertex 5.0645728807e-01 6.2759762125e-01 3.2366442431e-01
      vertex 5.3503550951e-01 6.0384590444e-01 3.4516351398e-01
      vertex 5.1069295402e-01 5.8880137777e-01 3.0577643184e-01
    endloop
  endfacet
  facet normal 8.186344e-01 2.670988e-01 -5.084250e-01
    outer loop
      vertex 5.5880054412e-01 5.7796757390e-01 3.6983343063e-01
      vertex 5.3779476878e-01 5.6390685969e-01 3.2862450226e-01
      vertex 5.3503550951e-01 6.0384590444e-01 3.4516351398e-01
    endloop
  endfacet
  facet normal 7.591756e-01 2.931085e-01 -5.811538e-01
    outer loop
      vertex 5.1069295402e-01 5.8880137777e-01 3.0577643184e-01
      vertex 5.3503550951e-01 6.0384590444e-01 3.4516351398e-01
      vertex 5.3779476878e-01 5.6390685969e-01 3.2862450226e-01
    endloop
  endfacet
  facet normal 3.822343e-01 7.595136e-01 -5.263422e-01
    outer loop
      vertex 3.9270509831e-01 7.4270509831e-01 3.5000000000e-01
      vertex 4.3619714992e-01 7.2738062601e-01 3.5947104474e-01
      vertex 4.1152441034e-01 7.1213203436e-01 3.1954971350e-01
    endloop
  endfacet
  facet normal 5.218865e-01 6.990111e-01 -4.888946e-01
    outer loop
      vertex 4.7633557569e-01 7.0645728807e-01 3.7240237875e-01
      vertex 4.5401263237e-01 6.9397333754e-01 3.3072373647e-01
      vertex 4.3619714992e-01 7.2738062601e-01 3.5947104474e-01
    endloop
  endfacet
  facet normal 4.404610e-01 6.486873e-01 -6.206439e-01
    outer loop
      vertex 4.2759762125e-01 6.7633557569e-01 2.9354271193e-01
      vertex 4.1152441034e-01 7.1213203436e-01 3.1954971350e-01
      vertex 4.5401263237e-01 6.9397333754e-01 3.3072373647e-01
    endloop
  endfacet
  facet normal 4.465169e-01 7.084426e-01 -5.465636e-01
    outer loop
      vertex 4.3619714992e-01 7.2738062601e-01 3.5947104474e-01
      vertex 4.5401263237e-01 6.9397333754e-01 3.3072373647e-01
      vertex 4.1152441034e-01 7.1213203436e-01 3.1954971350e-01
    endloop
  endfacet
  facet normal 7.595136e-01 5.263422e-01 -3.822343e-01
    outer loop
      vertex 5.4270509831e-01 6.5000000000e-01 4.0729490169e-01
      vertex 5.2738062601e-01 6.4052895526e-01 3.6380285008e-01
      vertex 5.1213203436e-01 6.8045028650e-01 3.8847558966e-01
    endloop
  endfacet
  facet normal 6.990111e-01 4.888946e-01 -5.218865e-01
    outer loop
      vertex 5.0645728807e-01 6.2759762125e-01 3.2366442431e-01
      vertex 4.9397333754e-01 6.6927626353e-01 3.4598736763e-01
      vertex 5.2738062601e-01 6.4052895526e-01 3.6380285008e-01
    endloop
  endfacet
  facet normal 6.486873e-01 6.206439e-01 -4.404610e-01
    outer loop
      vertex 4.7633557569e-01 7.0645728807e-01 3.7240237875e-01
      vertex 5.1213203436e-01 6.8045028650e-01 3.8847558966e-01
      vertex 4.9397333754e-01 6.6927626353e-01 3.4598736763e-01
    endloop
  endfacet
  facet normal 7.084426e-01 5.465636e-01 -4.465169e-01
    outer loop
      vertex 5.2738062601e-01 6.4052895526e-01 3.6380285008e-01
      vertex 4.9397333754e-01 6.6927626353e-01 3.4598736763e-01
      vertex 5.1213203436e-01 6.8045028650e-01 3.8847558966e-01
    endloop
  endfacet
  facet normal 5.263422e-01 3.822343e-01 -7.595136e-01
    outer loop
      vertex 4.5000000000e-01 5.9270509831e-01 2.5729490169e-01
      vertex 4.4052895526e-01 6.3619714992e-01 2.7261937399e-01
      vertex 4.8045028650e-01 6.1152441034e-01 2.8786796564e-01
    endloop
  endfacet
  facet normal 4.888946e-01 5.218865e-01 -6.990111e-01
    outer loop
      vertex 4.2759762125e-01 6.7633557569e-01 2.9354271193e-01
      vertex 4.6927626353e-01 6.5401263237e-01 3.0602666246e-01
      vertex 4.4052895526e-01 6.3619714992e-01 2.7261937399e-01
    endloop
  endfacet
  facet normal 6.206439e-01 4.404610e-01 -6.486873e-01
    outer loop
      vertex 5.0645728807e-01 6.2759762125e-01 3.2366442431e-01
      vertex 4.8045028650e-01 6.1152441034e-01 2.8786796564e-01
      vertex 4.6927626353e-01 6.5401263237e-01 3.0602666246e-01
    endloop
  endfacet
  facet normal 5.465636e-01 4.465169e-01 -7.084426e-01
    outer loop
      vertex 4.4052895526e-01 6.3619714992e-01 2.7261937399e-01
      vertex 4.6927626353e-01 6.5401263237e-01 3.0602666246e-01
      vertex 4.8045028650e-01 6.1152441034e-01 2.8786796564e-01
    endloop
  endfacet
  facet normal 5.851588e-01 6.354715e-01 -5.037511e-01
    outer loop
      vertex 4.7633557569e-01 7.0645728807e-01 3.7240237875e-01
      vertex 4.9397333754e-01 6.6927626353e-01 3.4598736763e-01
      vertex 4.5401263237e-01 6.9397333754e-01 3.3072373647e-01
    endloop
  endfacet
  facet normal 6.354715e-01 5.037511e-01 -5.851588e-01
    outer loop
      vertex 5.0645728807e-01 6.2759762125e-01 3.2366442431e-01
      vertex 4.6927626353e-01 6.5401263237e-01 3.0602666246e-01
      vertex 4.9397333754e-01 6.6927626353e-01 3.4598736763e-01
    endloop
  endfacet
  facet normal 5.037511e-01 5.851588e-01 -6.354715e-01
    outer loop
      vertex 4.2759762125e-01 6.7633557569e-01 2.9354271193e-01
      vertex 4.5401263237e-01 6.9397333754e-01 3.3072373647e-01
      vertex 4.6927626353e-01 6.5401263237e-01 3.0602666246e-01
    endloop
  endfacet
  facet normal 5.773503e-01 5.773503e-01 -5.773503e-01
    outer loop
      vertex 4.9397333754e-01 6.6927626353e-01 3.4598736763e-01
      vertex 4.6927626353e-01 6.5401263237e-01 3.0602666246e-01
      vertex 4.5401263237e-01 6.9397333754e-01 3.3072373647e-01
    endloop
  endfacet
  facet normal 5.462496e-01 -8.336794e-01 8.117845e-02
    outer loop
      vertex 4.5771933364e-01 2.4480475749e-01 5.0000000000e-01
      vertex 4.8469260626e-01 2.6484708727e-01 5.2432588803e-01
      vertex 4.4533249262e-01 2.4052119924e-01 5.3936011364e-01
    endloop
  endfacet
  facet normal 6.304608e-01 -7.592464e-01 1.614436e-01
    outer loop
      vertex 5.0813414327e-01 2.8938606657e-01 5.4818661069e-01
      vertex 4.7137549774e-01 2.6220523122e-01 5.6390685969e-01
      vertex 4.8469260626e-01 2.6484708727e-01 5.2432588803e-01
    endloop
  endfacet
  facet normal 5.001420e-01 -8.397879e-01 2.112210e-01
    outer loop
      vertex 4.3016656937e-01 2.4119945588e-01 5.7796757390e-01
      vertex 4.4533249262e-01 2.4052119924e-01 5.3936011364e-01
      vertex 4.7137549774e-01 2.6220523122e-01 5.6390685969e-01
    endloop
  endfacet
  facet normal 5.572841e-01 -8.196344e-01 1.327925e-01
    outer loop
      vertex 4.8469260626e-01 2.6484708727e-01 5.2432588803e-01
      vertex 4.7137549774e-01 2.6220523122e-01 5.6390685969e-01
      vertex 4.4533249262e-01 2.4052119924e-01 5.3936011364e-01
    endloop
  endfacet
  facet normal 7.599989e-01 -5.693580e-01 3.134218e-01
    outer loop
      vertex 5.4270509831e-01 3.5000000000e-01 5.9270509831e-01
      vertex 5.1213203436e-01 3.1954971350e-01 6.1152441034e-01
      vertex 5.2759569005e-01 3.1795245522e-01 5.7112589761e-01
    endloop
  endfacet
  facet normal 6.491008e-01 -6.636828e-01 3.717435e-01
    outer loop
      vertex 4.7633557569e-01 2.9354271193e-01 6.2759762125e-01
      vertex 4.9422356816e-01 2.8930704598e-01 5.8880137777e-01
      vertex 5.1213203436e-01 3.1954971350e-01 6.1152441034e-01
    endloop
  endfacet
  facet normal 7.022584e-01 -6.705276e-01 2.392192e-01
    outer loop
      vertex 5.0813414327e-01 2.8938606657e-01 5.4818661069e-01
      vertex 5.2759569005e-01 3.1795245522e-01 5.7112589761e-01
      vertex 4.9422356816e-01 2.8930704598e-01 5.8880137777e-01
    endloop
  endfacet
  facet normal 7.075762e-01 -6.415571e-01 2.962101e-01
    outer loop
      vertex 5.1213203436e-01 3.1954971350e-01 6.1152441034e-01
      vertex 4.9422356816e-01 2.8930704598e-01 5.8880137777e-01
      vertex 5.2759569005e-01 3.1795245522e-01 5.7112589761e-01
    endloop
  endfacet
  facet normal 3.824786e-01 -8.026783e-01 4.576217e-01
    outer loop
      vertex 3.9270509831e-01 2.5729490169e-01 6.5000000000e-01
      vertex 4.1251157024e-01 2.4682655761e-01 6.1508411981e-01
      vertex 4.3619714992e-01 2.7261937399e-01 6.4052895526e-01
    endloop
  endfacet
  facet normal 4.450681e-01 -8.294800e-01 3.374572e-01
    outer loop
      vertex 4.3016656937e-01 2.4119945588e-01 5.7796757390e-01
      vertex 4.5483648602e-01 2.6496449049e-01 6.0384590444e-01
      vertex 4.1251157024e-01 2.4682655761e-01 6.1508411981e-01
    endloop
  endfacet
  facet normal 5.222192e-01 -7.421000e-01 4.202079e-01
    outer loop
      vertex 4.7633557569e-01 2.9354271193e-01 6.2759762125e-01
      vertex 4.3619714992e-01 2.7261937399e-01 6.4052895526e-01
      vertex 4.5483648602e-01 2.6496449049e-01 6.0384590444e-01
    endloop
  endfacet
  facet normal 4.484825e-01 -8.016858e-01 3.951751e-01
    outer loop
      vertex 4.1251157024e-01 2.4682655761e-01 6.1508411981e-01
      vertex 4.5483648602e-01 2.6496449049e-01 6.0384590444e-01
      vertex 4.3619714992e-01 2.7261937399e-01 6.4052895526e-01
    endloop
  endfacet
  facet normal 6.387266e-01 -7.381036e-01 2.173281e-01
    outer loop
      vertex 5.0813414327e-01 2.8938606657e-01 5.4818661069e-01
      vertex 4.9422356816e-01 2.8930704598e-01 5.8880137777e-01
      vertex 4.7137549774e-01 2.6220523122e-01 5.6390685969e-01
    endloop
  endfacet
  facet normal 5.855635e-01 -7.312575e-01 3.498255e-01
    outer loop
      vertex 4.7633557569e-01 2.9354271193e-01 6.2759762125e-01
      vertex 4.5483648602e-01 2.6496449049e-01 6.0384590444e-01
      vertex 4.9422356816e-01 2.8930704598e-01 5.8880137777e-01
    endloop
  endfacet
  facet normal 5.084250e-01 -8.186344e-01 2.670988e-01
    outer loop
      vertex 4.3016656937e-01 2.4119945588e-01 5.7796757390e-01
      vertex 4.7137549774e-01 2.6220523122e-01 5.6390685969e-01
      vertex 4.5483648602e-01 2.6496449049e-01 6.0384590444e-01
    endloop
  endfacet
  facet normal 5.811538e-01 -7.591756e-01 2.931085e-01
    outer loop
      vertex 4.9422356816e-01 2.8930704598e-01 5.8880137777e-01
      vertex 4.5483648602e-01 2.6496449049e-01 6.0384590444e-01
      vertex 4.7137549774e-01 2.6220523122e-01 5.6390685969e-01
    endloop
  endfacet
  facet normal 8.336794e-01 -8.117845e-02 5.462496e-01
    outer loop
      vertex 5.5519524251e-01 5.0000000000e-01 6.5771933364e-01
      vertex 5.3515291273e-01 4.7567411197e-01 6.8469260626e-01
      vertex 5.5947880076e-01 4.6063988636e-01 6.4533249262e-01
    endloop
  endfacet
  facet normal 7.592464e-01 -1.614436e-01 6.304608e-01
    outer loop
      vertex 5.1061393343e-01 4.5181338931e-01 7.0813414327e-01
      vertex 5.3779476878e-01 4.3609314031e-01 6.7137549774e-01
      vertex 5.3515291273e-01 4.7567411197e-01 6.8469260626e-01
    endloop
  endfacet
  facet normal 8.397879e-01 -2.112210e-01 5.001420e-01
    outer loop
      vertex 5.5880054412e-01 4.2203242610e-01 6.3016656937e-01
      vertex 5.5947880076e-01 4.6063988636e-01 6.4533249262e-01
      vertex 5.3779476878e-01 4.3609314031e-01 6.7137549774e-01
    endloop
  endfacet
  facet normal 8.196344e-01 -1.327925e-01 5.572841e-01
    outer loop
      vertex 5.3515291273e-01 4.7567411197e-01 6.8469260626e-01
      vertex 5.3779476878e-01 4.3609314031e-01 6.7137549774e-01
      vertex 5.5947880076e-01 4.6063988636e-01 6.4533249262e-01
    endloop
  endfacet
  facet normal 5.693580e-01 -3.134218e-01 7.599989e-01
    outer loop
      vertex 4.5000000000e-01 4.0729490169e-01 7.4270509831e-01
      vertex 4.8045028650e-01 3.8847558966e-01 7.1213203436e-01
      vertex 4.8204754478e-01 4.2887410239e-01 7.2759569005e-01
    endloop
  endfacet
  facet normal 6.636828e-01 -3.717435e-01 6.491008e-01
    outer loop
      vertex 5.0645728807e-01 3.7240237875e-01 6.7633557569e-01
      vertex 5.1069295402e-01 4.1119862223e-01 6.9422356816e-01
      vertex 4.8045028650e-01 3.8847558966e-01 7.1213203436e-01
    endloop
  endfacet
  facet normal 6.705276e-01 -2.392192e-01 7.022584e-01
    outer loop
      vertex 5.1061393343e-01 4.5181338931e-01 7.0813414327e-01
      vertex 4.8204754478e-01 4.2887410239e-01 7.2759569005e-01
      vertex 5.1069295402e-01 4.1119862223e-01 6.9422356816e-01
    endloop
  endfacet
  facet normal 6.415571e-01 -2.962101e-01 7.075762e-01
    outer loop
      vertex 4.8045028650e-01 3.8847558966e-01 7.1213203436e-01
      vertex 5.1069295402e-01 4.1119862223e-01 6.9422356816e-01
      vertex 4.8204754478e-01 4.2887410239e-01 7.2759569005e-01
    endloop
  endfacet
  facet normal 8.026783e-01 -4.576217e-01 3.824786e-01
    outer loop
      vertex 5.4270509831e-01 3.5000000000e-01 5.9270509831e-01
      vertex 5.5317344239e-01 3.8491588019e-01 6.1251157024e-01
      vertex 5.2738062601e-01 3.5947104474e-01 6.3619714992e-01
    endloop
  endfacet
  facet normal 8.294800e-01 -3.374572e-01 4.450681e-01
    outer loop
      vertex 5.5880054412e-01 4.2203242610e-01 6.3016656937e-01
      vertex 5.3503550951e-01 3.9615409556e-01 6.5483648602e-01
      vertex 5.5317344239e-01 3.8491588019e-01 6.1251157024e-01
    endloop
  endfacet
  facet normal 7.421000e-01 -4.202079e-01 5.222192e-01
    outer loop
      vertex 5.0645728807e-01 3.7240237875e-01 6.7633557569e-01
      vertex 5.2738062601e-01 3.5947104474e-01 6.3619714992e-01
      vertex 5.3503550951e-01 3.9615409556e-01 6.5483648602e-01
    endloop
  endfacet
  facet normal 8.016858e-01 -3.951751e-01 4.484825e-01
    outer loop
      vertex 5.5317344239e-01 3.8491588019e-01 6.1251157024e-01
      vertex 5.3503550951e-01 3.9615409556e-01 6.5483648602e-01
      vertex 5.2738062601e-01 3.5947104474e-01 6.3619714992e-01
    endloop
  endfacet
  facet normal 7.381036e-01 -2.173281e-01 6.387266e-01
    outer loop
      vertex 5.1061393343e-01 4.5181338931e-01 7.0813414327e-01
      vertex 5.1069295402e-01 4.1119862223e-01 6.9422356816e-01
      vertex 5.3779476878e-01 4.3609314031e-01 6.7137549774e-01
    endloop
  endfacet
  facet normal 7.312575e-01 -3.498255e-01 5.855635e-01
    outer loop
      vertex 5.0645728807e-01 3.7240237875e-01 6.7633557569e-01
      vertex 5.3503550951e-01 3.9615409556e-01 6.5483648602e-01
      vertex 5.1069295402e-01 4.1119862223e-01 6.9422356816e-01
    endloop
  endfacet
  facet normal 8.186344e-01 -2.670988e-01 5.084250e-01
    outer loop
      vertex 5.5880054412e-01 4.2203242610e-01 6.3016656937e-01
      vertex 5.3779476878e-01 4.3609314031e-01 6.7137549774e-01
      vertex 5.3503550951e-01 3.9615409556e-01 6.5483648602e-01
    endloop
  endfacet
  facet normal 7.591756e-01 -2.931085e-01 5.811538e-01
    outer loop
      vertex 5.1069295402e-01 4.1119862223e-01 6.9422356816e-01
      vertex 5.3503550951e-01 3.9615409556e-01 6.5483648602e-01
      vertex 5.3779476878e-01 4.3609314031e-01 6.7137549774e-01
    endloop
  endfacet
  facet normal 8.117845e-02 -5.462496e-01 8.336794e-01
    outer loop
      vertex 3.0000000000e-01 3.4228066636e-01 7.5519524251e-01
      vertex 3.2432588803e-01 3.1530739374e-01 7.3515291273e-01
      vertex 3.3936011364e-01 3.5466750738e-01 7.5947880076e-01
    endloop
  endfacet
  facet normal 1.614436e-01 -6.304608e-01 7.592464e-01
    outer loop
      vertex 3.4818661069e-01 2.9186585673e-01 7.1061393343e-01
      vertex 3.6390685969e-01 3.2862450226e-01 7.3779476878e-01
      vertex 3.2432588803e-01 3.1530739374e-01 7.3515291273e-01
    endloop
  endfacet
  facet normal 2.112210e-01 -5.001420e-01 8.397879e-01
    outer loop
      vertex 3.7796757390e-01 3.6983343063e-01 7.5880054412e-01
      vertex 3.3936011364e-01 3.5466750738e-01 7.5947880076e-01
      vertex 3.6390685969e-01 3.2862450226e-01 7.3779476878e-01
    endloop
  endfacet
  facet normal 1.327925e-01 -5.572841e-01 8.196344e-01
    outer loop
      vertex 3.2432588803e-01 3.1530739374e-01 7.3515291273e-01
      vertex 3.6390685969e-01 3.2862450226e-01 7.3779476878e-01
      vertex 3.3936011364e-01 3.5466750738e-01 7.5947880076e-01
    endloop
  endfacet
  facet normal 3.134218e-01 -7.599989e-01 5.693580e-01
    outer loop
      vertex 3.9270509831e-01 2.5729490169e-01 6.5000000000e-01
      vertex 4.1152441034e-01 2.8786796564e-01 6.8045028650e-01
      vertex 3.7112589761e-01 2.7240430995e-01 6.8204754478e-01
    endloop
  endfacet
  facet normal 3.717435e-01 -6.491008e-01 6.636828e-01
    outer loop
      vertex 4.2759762125e-01 3.2366442431e-01 7.0645728807e-01
      vertex 3.8880137777e-01 3.0577643184e-01 7.1069295402e-01
      vertex 4.1152441034e-01 2.8786796564e-01 6.8045028650e-01
    endloop
  endfacet
  facet normal 2.392192e-01 -7.022584e-01 6.705276e-01
    outer loop
      vertex 3.4818661069e-01 2.9186585673e-01 7.1061393343e-01
      vertex 3.7112589761e-01 2.7240430995e-01 6.8204754478e-01
      vertex 3.8880137777e-01 3.0577643184e-01 7.1069295402e-01
    endloop
  endfacet
  facet normal 2.962101e-01 -7.075762e-01 6.415571e-01
    outer loop
      vertex 4.1152441034e-01 2.8786796564e-01 6.8045028650e-01
      vertex 3.8880137777e-01 3.0577643184e-01 7.1069295402e-01
      vertex 3.7112589761e-01 2.7240430995e-01 6.8204754478e-01
    endloop
  endfacet
  facet normal 4.576217e-01 -3.824786e-01 8.026783e-01
    outer loop
      vertex 4.5000000000e-01 4.0729490169e-01 7.4270509831e-01
      vertex 4.1508411981e-01 3.8748842976e-01 7.5317344239e-01
      vertex 4.4052895526e-01 3.6380285008e-01 7.2738062601e-01
    endloop
  endfacet
  facet normal 3.374572e-01 -4.450681e-01 8.294800e-01
    outer loop
      vertex 3.7796757390e-01 3.6983343063e-01 7.5880054412e-01
      vertex 4.0384590444e-01 3.4516351398e-01 7.3503550951e-01
      vertex 4.1508411981e-01 3.8748842976e-01 7.5317344239e-01
    endloop
  endfacet
  facet normal 4.202079e-01 -5.222192e-01 7.421000e-01
    outer loop
      vertex 4.2759762125e-01 3.2366442431e-01 7.0645728807e-01
      vertex 4.4052895526e-01 3.6380285008e-01 7.2738062601e-01
      vertex 4.0384590444e-01 3.4516351398e-01 7.3503550951e-01
    endloop
  endfacet
  facet normal 3.951751e-01 -4.484825e-01 8.016858e-01
    outer loop
      vertex 4.1508411981e-01 3.8748842976e-01 7.5317344239e-01
      vertex 4.0384590444e-01 3.4516351398e-01 7.3503550951e-01
      vertex 4.4052895526e-01 3.6380285008e-01 7.2738062601e-01
    endloop
  endfacet
  facet normal 2.173281e-01 -6.387266e-01 7.381036e-01
    outer loop
      vertex 3.4818661069e-01 2.9186585673e-01 7.1061393343e-01
      vertex 3.8880137777e-01 3.0577643184e-01 7.1069295402e-01
      vertex 3.6390685969e-01 3.2862450226e-01 7.3779476878e-01
    endloop
  endfacet
  facet normal 3.498255e-01 -5.855635e-01 7.312575e-01
    outer loop
      vertex 4.2759762125e-01 3.2366442431e-01 7.0645728807e-01
      vertex 4.0384590444e-01 3.4516351398e-01 7.3503550951e-01
      vertex 3.8880137777e-01 3.0577643184e-01 7.1069295402e-01
    endloop
  endfacet
  facet normal 2.670988e-01 -5.084250e-01 8.186344e-01
    outer loop
      vertex 3.7796757390e-01 3.6983343063e-01 7.5880054412e-01
      vertex 3.6390685969e-01 3.2862450226e-01 7.3779476878e-01
      vertex 4.0384590444e-01 3.4516351398e-01 7.3503550951e-01
    endloop
  endfacet
  facet normal 2.931085e-01 -5.811538e-01 7.591756e-01
    outer loop
      vertex 3.8880137777e-01 3.0577643184e-01 7.1069295402e-01
      vertex 4.0384590444e-01 3.4516351398e-01 7.3503550951e-01
      vertex 3.6390685969e-01 3.2862450226e-01 7.3779476878e-01
    endloop
  endfacet
  facet normal 7.595136e-01 -5.263422e-01 3.822343e-01
    outer loop
      vertex 5.4270509831e-01 3.5000000000e-01 5.9270509831e-01
      vertex 5.2738062601e-01 3.5947104474e-01 6.3619714992e-01
      vertex 5.1213203436e-01 3.1954971350e-01 6.1152441034e-01
    endloop
  endfacet
  facet normal 6.990111e-01 -4.888946e-01 5.218865e-01
    outer loop
      vertex 5.0645728807e-01 3.7240237875e-01 6.7633557569e-01
      vertex 4.9397333754e-01 3.3072373647e-01 6.5401263237e-01
      vertex 5.2738062601e-01 3.5947104474e-01 6.3619714992e-01
    endloop
  endfacet
  facet normal 6.486873e-01 -6.206439e-01 4.404610e-01
    outer loop
      vertex 4.7633557569e-01 2.9354271193e-01 6.2759762125e-01
      vertex 5.1213203436e-01 3.1954971350e-01 6.1152441034e-01
      vertex 4.9397333754e-01 3.3072373647e-01 6.5401263237e-01
    endloop
  endfacet
  facet normal 7.084426e-01 -5.465636e-01 4.465169e-01
    outer loop
      vertex 5.2738062601e-01 3.5947104474e-01 6.3619714992e-01
      vertex 4.9397333754e-01 3.3072373647e-01 6.5401263237e-01
      vertex 5.1213203436e-01 3.1954971350e-01 6.1152441034e-01
    endloop
  endfacet
  facet normal 5.263422e-01 -3.822343e-01 7.595136e-01
    outer loop
      vertex 4.5000000000e-01 4.0729490169e-01 7.4270509831e-01
      vertex 4.4052895526e-01 3.6380285008e-01 7.2738062601e-01
      vertex 4.8045028650e-01 3.8847558966e-01 7.1213203436e-01
    endloop
  endfacet
  facet normal 4.888946e-01 -5.218865e-01 6.990111e-01
    outer loop
      vertex 4.2759762125e-01 3.2366442431e-01 7.0645728807e-01
      vertex 4.6927626353e-01 3.4598736763e-01 6.9397333754e-01
      vertex 4.4052895526e-01 3.6380285008e-01 7.2738062601e-01
    endloop
  endfacet
  facet normal 6.206439e-01 -4.404610e-01 6.486873e-01
    outer loop
      vertex 5.0645728807e-01 3.7240237875e-01 6.7633557569e-01
      vertex 4.8045028650e-01 3.8847558966e-01 7.1213203436e-01
      vertex 4.6927626353e-01 3.4598736763e-01 6.9397333754e-01
    endloop
  endfacet
  facet normal 5.465636e-01 -4.465169e-01 7.084426e-01
    outer loop
      vertex 4.4052895526e-01 3.6380285008e-01 7.2738062601e-01
      vertex 4.6927626353e-01 3.4598736763e-01 6.9397333754e-01
      vertex 4.8045028650e-01 3.8847558966e-01 7.1213203436e-01
    endloop
  endfacet
  facet normal 3.822343e-01 -7.595136e-01 5.263422e-01
    outer loop
      vertex 3.9270509831e-01 2.5729490169e-01 6.5000000000e-01
      vertex 4.3619714992e-01 2.7261937399e-01 6.4052895526e-01
      vertex 4.1152441034e-01 2.8786796564e-01 6.8045028650e-01
    endloop
  endfacet
  facet normal 5.218865e-01 -6.990111e-01 4.888946e-01
    outer loop
      vertex 4.7633557569e-01 2.9354271193e-01 6.2759762125e-01
      vertex 4.5401263237e-01 3.0602666246e-01 6.6927626353e-01
      vertex 4.3619714992e-01 2.7261937399e-01 6.4052895526e-01
    endloop
  endfacet
  facet normal 4.404610e-01 -6.486873e-01 6.206439e-01
    outer loop
      vertex 4.2759762125e-01 3.2366442431e-01 7.0645728807e-01
      vertex 4.1152441034e-01 2.8786796564e-01 6.8045028650e-01
      vertex 4.5401263237e-01 3.0602666246e-01 6.6927626353e-01
    endloop
  endfacet
  facet normal 4.465169e-01 -7.084426e-01 5.465636e-01
    outer loop
      vertex 4.3619714992e-01 2.7261937399e-01 6.4052895526e-01
      vertex 4.5401263237e-01 3.0602666246e-01 6.6927626353e-01
      vertex 4.1152441034e-01 2.8786796564e-01 6.8045028650e-01
    endloop
  endfacet
  facet normal 6.354715e-01 -5.037511e-01 5.851588e-01
    outer loop
      vertex 5.0645728807e-01 3.7240237875e-01 6.7633557569e-01
      vertex 4.6927626353e-01 3.4598736763e-01 6.9397333754e-01
      vertex 4.9397333754e-01 3.3072373647e-01 6.5401263237e-01
    endloop
  endfacet
  facet normal 5.037511e-01 -5.851588e-01 6.354715e-01
    outer loop
      vertex 4.2759762125e-01 3.2366442431e-01 7.0645728807e-01
      vertex 4.5401263237e-01 3.0602666246e-01 6.6927626353e-01
      vertex 4.6927626353e-01 3.4598736763e-01 6.9397333754e-01
    endloop
  endfacet
  facet normal 5.851588e-01 -6.354715e-01 5.037511e-01
    outer loop
      vertex 4.7633557569e-01 2.9354271193e-01 6.2759762125e-01
      vertex 4.9397333754e-01 3.3072373647e-01 6.5401263237e-01
      vertex 4.5401263237e-01 3.0602666246e-01 6.6927626353e-01
    endloop
  endfacet
  facet normal 5.773503e-01 -5.773503e-01 5.773503e-01
    outer loop
      vertex 4.6927626353e-01 3.4598736763e-01 6.9397333754e-01
      vertex 4.5401263237e-01 3.0602666246e-01 6.6927626353e-01
      vertex 4.9397333754e-01 3.3072373647e-01 6.5401263237e-01
    endloop
  endfacet
  facet normal 4.650712e-01 -8.838505e-01 5.017104e-02
    outer loop
      vertex 4.5771933364e-01 2.4480475749e-01 5.0000000000e-01
      vertex 4.4533249262e-01 2.4052119924e-01 5.3936011364e-01
      vertex 4.2100660459e-01 2.2548697363e-01 5.0000000000e-01
    endloop
  endfacet
  facet normal 4.192398e-01 -8.897882e-01 1.803191e-01
    outer loop
      vertex 4.3016656937e-01 2.4119945588e-01 5.7796757390e-01
      vertex 4.0746863805e-01 2.2270861982e-01 5.3949661141e-01
      vertex 4.4533249262e-01 2.4052119924e-01 5.3936011364e-01
    endloop
  endfacet
  facet normal 3.386983e-01 -9.395655e-01 5.000027e-02
    outer loop
      vertex 3.8197995867e-01 2.1141849266e-01 5.0000000000e-01
      vertex 4.2100660459e-01 2.2548697363e-01 5.0000000000e-01
      vertex 4.0746863805e-01 2.2270861982e-01 5.3949661141e-01
    endloop
  endfacet
  facet normal 4.244916e-01 -9.017047e-01 8.207030e-02
    outer loop
      vertex 4.4533249262e-01 2.4052119924e-01 5.3936011364e-01
      vertex 4.0746863805e-01 2.2270861982e-01 5.3949661141e-01
      vertex 4.2100660459e-01 2.2548697363e-01 5.0000000000e-01
    endloop
  endfacet
  facet normal 3.023772e-01 -8.521837e-01 4.270257e-01
    outer loop
      vertex 3.9270509831e-01 2.5729490169e-01 6.5000000000e-01
      vertex 3.7160307910e-01 2.3269804274e-01 6.1585621568e-01
      vertex 4.1251157024e-01 2.4682655761e-01 6.1508411981e-01
    endloop
  endfacet
  facet normal 2.288929e-01 -9.233856e-01 3.081672e-01
    outer loop
      vertex 3.4873795443e-01 2.1468304511e-01 5.7885966682e-01
      vertex 3.9037766373e-01 2.2512674744e-01 5.7922482520e-01
      vertex 3.7160307910e-01 2.3269804274e-01 6.1585621568e-01
    endloop
  endfacet
  facet normal 3.648012e-01 -8.790876e-01 3.067980e-01
    outer loop
      vertex 4.3016656937e-01 2.4119945588e-01 5.7796757390e-01
      vertex 4.1251157024e-01 2.4682655761e-01 6.1508411981e-01
      vertex 3.9037766373e-01 2.2512674744e-01 5.7922482520e-01
    endloop
  endfacet
  facet normal 3.124011e-01 -8.857887e-01 3.431966e-01
    outer loop
      vertex 3.7160307910e-01 2.3269804274e-01 6.1585621568e-01
      vertex 3.9037766373e-01 2.2512674744e-01 5.7922482520e-01
      vertex 4.1251157024e-01 2.4682655761e-01 6.1508411981e-01
    endloop
  endfacet
  facet normal 6.905681e-02 -9.963836e-01 4.950537e-02
    outer loop
      vertex 3.0000000000e-01 2.0000000000e-01 5.0000000000e-01
      vertex 3.4138567264e-01 2.0286833541e-01 5.0000000000e-01
      vertex 3.2467273958e-01 2.0369349782e-01 5.3992133124e-01
    endloop
  endfacet
  facet normal 2.058489e-01 -9.773256e-01 4.960764e-02
    outer loop
      vertex 3.8197995867e-01 2.1141849266e-01 5.0000000000e-01
      vertex 3.6603510824e-01 2.1008222078e-01 5.3983774305e-01
      vertex 3.4138567264e-01 2.0286833541e-01 5.0000000000e-01
    endloop
  endfacet
  facet normal 1.504758e-01 -9.718501e-01 1.812856e-01
    outer loop
      vertex 3.4873795443e-01 2.1468304511e-01 5.7885966682e-01
      vertex 3.2467273958e-01 2.0369349782e-01 5.3992133124e-01
      vertex 3.6603510824e-01 2.1008222078e-01 5.3983774305e-01
    endloop
  endfacet
  facet normal 1.522724e-01 -9.847537e-01 8.410292e-02
    outer loop
      vertex 3.4138567264e-01 2.0286833541e-01 5.0000000000e-01
      vertex 3.6603510824e-01 2.1008222078e-01 5.3983774305e-01
      vertex 3.2467273958e-01 2.0369349782e-01 5.3992133124e-01
    endloop
  endfacet
  facet normal 3.716277e-01 -9.031797e-01 2.148469e-01
    outer loop
      vertex 4.3016656937e-01 2.4119945588e-01 5.7796757390e-01
      vertex 3.9037766373e-01 2.2512674744e-01 5.7922482520e-01
      vertex 4.0746863805e-01 2.2270861982e-01 5.3949661141e-01
    endloop
  endfacet
  facet normal 2.357379e-01 -9.474616e-01 2.162041e-01
    outer loop
      vertex 3.4873795443e-01 2.1468304511e-01 5.7885966682e-01
      vertex 3.6603510824e-01 2.1008222078e-01 5.3983774305e-01
      vertex 3.9037766373e-01 2.2512674744e-01 5.7922482520e-01
    endloop
  endfacet
  facet normal 2.910970e-01 -9.529505e-01 8.454536e-02
    outer loop
      vertex 3.8197995867e-01 2.1141849266e-01 5.0000000000e-01
      vertex 4.0746863805e-01 2.2270861982e-01 5.3949661141e-01
      vertex 3.6603510824e-01 2.1008222078e-01 5.3983774305e-01
    endloop
  endfacet
  facet normal 2.880454e-01 -9.403266e-01 1.811510e-01
    outer loop
      vertex 3.9037766373e-01 2.2512674744e-01 5.7922482520e-01
      vertex 3.6603510824e-01 2.1008222078e-01 5.3983774305e-01
      vertex 4.0746863805e-01 2.2270861982e-01 5.3949661141e-01
    endloop
  endfacet
  facet normal 0.000000e+00 -5.964207e-01 8.026720e-01
    outer loop
      vertex 3.0000000000e-01 3.4228066636e-01 7.5519524251e-01
      vertex 2.7567411197e-01 3.1530739374e-01 7.3515291273e-01
      vertex 3.2432588803e-01 3.1530739374e-01 7.3515291273e-01
    endloop
  endfacet
  facet normal -8.054149e-02 -6.804611e-01 7.283445e-01
    outer loop
      vertex 2.5181338931e-01 2.9186585673e-01 7.1061393343e-01
      vertex 3.0000000000e-01 2.8912789085e-01 7.1338452049e-01
      vertex 2.7567411197e-01 3.1530739374e-01 7.3515291273e-01
    endloop
  endfacet
  facet normal 8.054149e-02 -6.804611e-01 7.283445e-01
    outer loop
      vertex 3.4818661069e-01 2.9186585673e-01 7.1061393343e-01
      vertex 3.2432588803e-01 3.1530739374e-01 7.3515291273e-01
      vertex 3.0000000000e-01 2.8912789085e-01 7.1338452049e-01
    endloop
  endfacet
  facet normal 0.000000e+00 -6.393544e-01 7.689122e-01
    outer loop
      vertex 2.7567411197e-01 3.1530739374e-01 7.3515291273e-01
      vertex 3.0000000000e-01 2.8912789085e-01 7.1338452049e-01
      vertex 3.2432588803e-01 3.1530739374e-01 7.3515291273e-01
    endloop
  endfacet
  facet normal -2.333204e-01 -8.095043e-01 5.387620e-01
    outer loop
      vertex 2.0729490169e-01 2.5729490169e-01 6.5000000000e-01
      vertex 2.5306966049e-01 2.4794663440e-01 6.5577754692e-01
      vertex 2.2887410239e-01 2.7240430995e-01 6.8204754478e-01
    endloop
  endfacet
  facet normal -7.841715e-02 -8.303865e-01 5.516422e-01
    outer loop
      vertex 3.0000000000e-01 2.4480475749e-01 6.5771933364e-01
      vertex 2.7565744451e-01 2.6593868879e-01 6.8607187478e-01
      vertex 2.5306966049e-01 2.4794663440e-01 6.5577754692e-01
    endloop
  endfacet
  facet normal -1.589524e-01 -7.518660e-01 6.398684e-01
    outer loop
      vertex 2.5181338931e-01 2.9186585673e-01 7.1061393343e-01
      vertex 2.2887410239e-01 2.7240430995e-01 6.8204754478e-01
      vertex 2.7565744451e-01 2.6593868879e-01 6.8607187478e-01
    endloop
  endfacet
  facet normal -1.601287e-01 -7.916792e-01 5.895786e-01
    outer loop
      vertex 2.5306966049e-01 2.4794663440e-01 6.5577754692e-01
      vertex 2.7565744451e-01 2.6593868879e-01 6.8607187478e-01
      vertex 2.2887410239e-01 2.7240430995e-01 6.8204754478e-01
    endloop
  endfacet
  facet normal 2.333204e-01 -8.095043e-01 5.387620e-01
    outer loop
      vertex 3.9270509831e-01 2.5729490169e-01 6.5000000000e-01
      vertex 3.7112589761e-01 2.7240430995e-01 6.8204754478e-01
      vertex 3.4693033951e-01 2.4794663440e-01 6.5577754692e-01
    endloop
  endfacet
  facet normal 1.589524e-01 -7.518660e-01 6.398684e-01
    outer loop
      vertex 3.4818661069e-01 2.9186585673e-01 7.1061393343e-01
      vertex 3.2434255549e-01 2.6593868879e-01 6.8607187478e-01
      vertex 3.7112589761e-01 2.7240430995e-01 6.8204754478e-01
    endloop
  endfacet
  facet normal 7.841715e-02 -8.303865e-01 5.516422e-01
    outer loop
      vertex 3.0000000000e-01 2.4480475749e-01 6.5771933364e-01
      vertex 3.4693033951e-01 2.4794663440e-01 6.5577754692e-01
      vertex 3.2434255549e-01 2.6593868879e-01 6.8607187478e-01
    endloop
  endfacet
  facet normal 1.601287e-01 -7.916792e-01 5.895786e-01
    outer loop
      vertex 3.7112589761e-01 2.7240430995e-01 6.8204754478e-01
      vertex 3.2434255549e-01 2.6593868879e-01 6.8607187478e-01
      vertex 3.4693033951e-01 2.4794663440e-01 6.5577754692e-01
    endloop
  endfacet
  facet normal -8.053079e-02 -7.232719e-01 6.858517e-01
    outer loop
      vertex 2.5181338931e-01 2.9186585673e-01 7.1061393343e-01
      vertex 2.7565744451e-01 2.6593868879e-01 6.8607187478e-01
      vertex 3.0000000000e-01 2.8912789085e-01 7.1338452049e-01
    endloop
  endfacet
  facet normal 0.000000e+00 -8.017675e-01 5.976360e-01
    outer loop
      vertex 3.0000000000e-01 2.4480475749e-01 6.5771933364e-01
      vertex 3.2434255549e-01 2.6593868879e-01 6.8607187478e-01
      vertex 2.7565744451e-01 2.6593868879e-01 6.8607187478e-01
    endloop
  endfacet
  facet normal 8.053079e-02 -7.232719e-01 6.858517e-01
    outer loop
      vertex 3.4818661069e-01 2.9186585673e-01 7.1061393343e-01
      vertex 3.0000000000e-01 2.8912789085e-01 7.1338452049e-01
      vertex 3.2434255549e-01 2.6593868879e-01 6.8607187478e-01
    endloop
  endfacet
  facet normal 0.000000e+00 -7.623048e-01 6.472182e-01
    outer loop
      vertex 2.7565744451e-01 2.6593868879e-01 6.8607187478e-01
      vertex 3.2434255549e-01 2.6593868879e-01 6.8607187478e-01
      vertex 3.0000000000e-01 2.8912789085e-01 7.1338452049e-01
    endloop
  endfacet
  facet normal -4.650712e-01 -8.838505e-01 5.017104e-02
    outer loop
      vertex 1.4228066636e-01 2.4480475749e-01 5.0000000000e-01
      vertex 1.7899339541e-01 2.2548697363e-01 5.0000000000e-01
      vertex 1.5466750738e-01 2.4052119924e-01 5.3936011364e-01
    endloop
  endfacet
  facet normal -3.386983e-01 -9.395655e-01 5.000027e-02
    outer loop
      vertex 2.1802004133e-01 2.1141849266e-01 5.0000000000e-01
      vertex 1.9253136195e-01 2.2270861982e-01 5.3949661141e-01
      vertex 1.7899339541e-01 2.2548697363e-01 5.0000000000e-01
    endloop
  endfacet
  facet normal -4.192398e-01 -8.897882e-01 1.803191e-01
    outer loop
      vertex 1.6983343063e-01 2.4119945588e-01 5.7796757390e-01
      vertex 1.5466750738e-01 2.4052119924e-01 5.3936011364e-01
      vertex 1.9253136195e-01 2.2270861982e-01 5.3949661141e-01
    endloop
  endfacet
  facet normal -4.244916e-01 -9.017047e-01 8.207030e-02
    outer loop
      vertex 1.7899339541e-01 2.2548697363e-01 5.0000000000e-01
      vertex 1.9253136195e-01 2.2270861982e-01 5.3949661141e-01
      vertex 1.5466750738e-01 2.4052119924e-01 5.3936011364e-01
    endloop
  endfacet
  facet normal -6.905681e-02 -9.963836e-01 4.950537e-02
    outer loop
      vertex 3.0000000000e-01 2.0000000000e-01 5.0000000000e-01
      vertex 2.7532726042e-01 2.0369349782e-01 5.3992133124e-01
      vertex 2.5861432736e-01 2.0286833541e-01 5.0000000000e-01
    endloop
  endfacet
  facet normal -1.504758e-01 -9.718501e-01 1.812856e-01
    outer loop
      vertex 2.5126204557e-01 2.1468304511e-01 5.7885966682e-01
      vertex 2.3396489176e-01 2.1008222078e-01 5.3983774305e-01
      vertex 2.7532726042e-01 2.0369349782e-01 5.3992133124e-01
    endloop
  endfacet
  facet normal -2.058489e-01 -9.773256e-01 4.960764e-02
    outer loop
      vertex 2.1802004133e-01 2.1141849266e-01 5.0000000000e-01
      vertex 2.5861432736e-01 2.0286833541e-01 5.0000000000e-01
      vertex 2.3396489176e-01 2.1008222078e-01 5.3983774305e-01
    endloop
  endfacet
  facet normal -1.522724e-01 -9.847537e-01 8.410292e-02
    outer loop
      vertex 2.7532726042e-01 2.0369349782e-01 5.3992133124e-01
      vertex 2.3396489176e-01 2.1008222078e-01 5.3983774305e-01
      vertex 2.5861432736e-01 2.0286833541e-01 5.0000000000e-01
    endloop
  endfacet
  facet normal -3.023772e-01 -8.521837e-01 4.270257e-01
    outer loop
      vertex 2.0729490169e-01 2.5729490169e-01 6.5000000000e-01
      vertex 1.8748842976e-01 2.4682655761e-01 6.1508411981e-01
      vertex 2.2839692090e-01 2.3269804274e-01 6.1585621568e-01
    endloop
  endfacet
  facet normal -3.648012e-01 -8.790876e-01 3.067980e-01
    outer loop
      vertex 1.6983343063e-01 2.4119945588e-01 5.7796757390e-01
      vertex 2.0962233627e-01 2.2512674744e-01 5.7922482520e-01
      vertex 1.8748842976e-01 2.4682655761e-01 6.1508411981e-01
    endloop
  endfacet
  facet normal -2.288929e-01 -9.233856e-01 3.081672e-01
    outer loop
      vertex 2.5126204557e-01 2.1468304511e-01 5.7885966682e-01
      vertex 2.2839692090e-01 2.3269804274e-01 6.1585621568e-01
      vertex 2.0962233627e-01 2.2512674744e-01 5.7922482520e-01
    endloop
  endfacet
  facet normal -3.124011e-01 -8.857887e-01 3.431966e-01
    outer loop
      vertex 1.8748842976e-01 2.4682655761e-01 6.1508411981e-01
      vertex 2.0962233627e-01 2.2512674744e-01 5.7922482520e-01
      vertex 2.2839692090e-01 2.3269804274e-01 6.1585621568e-01
    endloop
  endfacet
  facet normal -2.910970e-01 -9.529505e-01 8.454536e-02
    outer loop
      vertex 2.1802004133e-01 2.1141849266e-01 5.0000000000e-01
      vertex 2.3396489176e-01 2.1008222078e-01 5.3983774305e-01
      vertex 1.9253136195e-01 2.2270861982e-01 5.3949661141e-01
    endloop
  endfacet
  facet normal -2.357379e-01 -9.474616e-01 2.162041e-01
    outer loop
      vertex 2.5126204557e-01 2.1468304511e-01 5.7885966682e-01
      vertex 2.0962233627e-01 2.2512674744e-01 5.7922482520e-01
      vertex 2.3396489176e-01 2.1008222078e-01 5.3983774305e-01
    endloop
  endfacet
  facet normal -3.716277e-01 -9.031797e-01 2.148469e-01
    outer loop
      vertex 1.6983343063e-01 2.4119945588e-01 5.7796757390e-01
      vertex 1.9253136195e-01 2.2270861982e-01 5.3949661141e-01
      vertex 2.0962233627e-01 2.2512674744e-01 5.7922482520e-01
    endloop
  endfacet
  facet normal -2.880454e-01 -9.403266e-01 1.811510e-01
    outer loop
      vertex 2.3396489176e-01 2.1008222078e-01 5.3983774305e-01
      vertex 2.0962233627e-01 2.2512674744e-01 5.7922482520e-01
      vertex 1.9253136195e-01 2.2270861982e-01 5.3949661141e-01
    endloop
  endfacet
  facet normal 2.331714e-01 -8.516395e-01 4.694052e-01
    outer loop
      vertex 3.9270509831e-01 2.5729490169e-01 6.5000000000e-01
      vertex 3.4693033951e-01 2.4794663440e-01 6.5577754692e-01
      vertex 3.7160307910e-01 2.3269804274e-01 6.1585621568e-01
    endloop
  endfacet
  facet normal 7.836719e-02 -8.724736e-01 4.823363e-01
    outer loop
      vertex 3.0000000000e-01 2.4480475749e-01 6.5771933364e-01
      vertex 3.2469707401e-01 2.2610525212e-01 6.1988211551e-01
      vertex 3.4693033951e-01 2.4794663440e-01 6.5577754692e-01
    endloop
  endfacet
  facet normal 1.597927e-01 -9.227974e-01 3.505871e-01
    outer loop
      vertex 3.4873795443e-01 2.1468304511e-01 5.7885966682e-01
      vertex 3.7160307910e-01 2.3269804274e-01 6.1585621568e-01
      vertex 3.2469707401e-01 2.2610525212e-01 6.1988211551e-01
    endloop
  endfacet
  facet normal 1.618790e-01 -8.843585e-01 4.378416e-01
    outer loop
      vertex 3.4693033951e-01 2.4794663440e-01 6.5577754692e-01
      vertex 3.2469707401e-01 2.2610525212e-01 6.1988211551e-01
      vertex 3.7160307910e-01 2.3269804274e-01 6.1585621568e-01
    endloop
  endfacet
  facet normal -2.331714e-01 -8.516395e-01 4.694052e-01
    outer loop
      vertex 2.0729490169e-01 2.5729490169e-01 6.5000000000e-01
      vertex 2.2839692090e-01 2.3269804274e-01 6.1585621568e-01
      vertex 2.5306966049e-01 2.4794663440e-01 6.5577754692e-01
    endloop
  endfacet
  facet normal -1.597927e-01 -9.227974e-01 3.505871e-01
    outer loop
      vertex 2.5126204557e-01 2.1468304511e-01 5.7885966682e-01
      vertex 2.7530292599e-01 2.2610525212e-01 6.1988211551e-01
      vertex 2.2839692090e-01 2.3269804274e-01 6.1585621568e-01
    endloop
  endfacet
  facet normal -7.836719e-02 -8.724736e-01 4.823363e-01
    outer loop
      vertex 3.0000000000e-01 2.4480475749e-01 6.5771933364e-01
      vertex 2.5306966049e-01 2.4794663440e-01 6.5577754692e-01
      vertex 2.7530292599e-01 2.2610525212e-01 6.1988211551e-01
    endloop
  endfacet
  facet normal -1.618790e-01 -8.843585e-01 4.378416e-01
    outer loop
      vertex 2.2839692090e-01 2.3269804274e-01 6.1585621568e-01
      vertex 2.7530292599e-01 2.2610525212e-01 6.1988211551e-01
      vertex 2.5306966049e-01 2.4794663440e-01 6.5577754692e-01
    endloop
  endfacet
  facet normal 0.000000e+00 -9.957474e-01 9.212595e-02
    outer loop
      vertex 3.0000000000e-01 2.0000000000e-01 5.0000000000e-01
      vertex 3.2467273958e-01 2.0369349782e-01 5.3992133124e-01
      vertex 2.7532726042e-01 2.0369349782e-01 5.3992133124e-01
    endloop
  endfacet
  facet normal 8.142553e-02 -9.712310e-01 2.237863e-01
    outer loop
      vertex 3.4873795443e-01 2.1468304511e-01 5.7885966682e-01
      vertex 3.0000000000e-01 2.1084162096e-01 5.7992141034e-01
      vertex 3.2467273958e-01 2.0369349782e-01 5.3992133124e-01
    endloop
  endfacet
  facet normal -8.142553e-02 -9.712310e-01 2.237863e-01
    outer loop
      vertex 2.5126204557e-01 2.1468304511e-01 5.7885966682e-01
      vertex 2.7532726042e-01 2.0369349782e-01 5.3992133124e-01
      vertex 3.0000000000e-01 2.1084162096e-01 5.7992141034e-01
    endloop
  endfacet
  facet normal 0.000000e+00 -9.844052e-01 1.759159e-01
    outer loop
      vertex 3.2467273958e-01 2.0369349782e-01 5.3992133124e-01
      vertex 3.0000000000e-01 2.1084162096e-01 5.7992141034e-01
      vertex 2.7532726042e-01 2.0369349782e-01 5.3992133124e-01
    endloop
  endfacet
  facet normal 0.000000e+00 -8.964941e-01 4.430557e-01
    outer loop
      vertex 3.0000000000e-01 2.4480475749e-01 6.5771933364e-01
      vertex 2.7530292599e-01 2.2610525212e-01 6.1988211551e-01
      vertex 3.2469707401e-01 2.2610525212e-01 6.1988211551e-01
    endloop
  endfacet
  facet normal -8.140770e-02 -9.468068e-01 3.113353e-01
    outer loop
      vertex 2.5126204557e-01 2.1468304511e-01 5.7885966682e-01
      vertex 3.0000000000e-01 2.1084162096e-01 5.7992141034e-01
      vertex 2.7530292599e-01 2.2610525212e-01 6.1988211551e-01
    endloop
  endfacet
  facet normal 8.140770e-02 -9.468068e-01 3.113353e-01
    outer loop
      vertex 3.4873795443e-01 2.1468304511e-01 5.7885966682e-01
      vertex 3.2469707401e-01 2.2610525212e-01 6.1988211551e-01
      vertex 3.0000000000e-01 2.1084162096e-01 5.7992141034e-01
    endloop
  endfacet
  facet normal 0.000000e+00 -9.341724e-01 3.568221e-01
    outer loop
      vertex 2.7530292599e-01 2.2610525212e-01 6.1988211551e-01
      vertex 3.0000000000e-01 2.1084162096e-01 5.7992141034e-01
      vertex 3.2469707401e-01 2.2610525212e-01 6.1988211551e-01
    endloop
  endfacet
  facet normal 4.650712e-01 -8.838505e-01 -5.017104e-02
    outer loop
      vertex 4.5771933364e-01 2.4480475749e-01 5.0000000000e-01
      vertex 4.2100660459e-01 2.2548697363e-01 5.0000000000e-01
      vertex 4.4533249262e-01 2.4052119924e-01 4.6063988636e-01
    endloop
  endfacet
  facet normal 3.386983e-01 -9.395655e-01 -5.000027e-02
    outer loop
      vertex 3.8197995867e-01 2.1141849266e-01 5.0000000000e-01
      vertex 4.0746863805e-01 2.2270861982e-01 4.6050338859e-01
      vertex 4.2100660459e-01 2.2548697363e-01 5.0000000000e-01
    endloop
  endfacet
  facet normal 4.192398e-01 -8.897882e-01 -1.803191e-01
    outer loop
      vertex 4.3016656937e-01 2.4119945588e-01 4.2203242610e-01
      vertex 4.4533249262e-01 2.4052119924e-01 4.6063988636e-01
      vertex 4.0746863805e-01 2.2270861982e-01 4.6050338859e-01
    endloop
  endfacet
  facet normal 4.244916e-01 -9.017047e-01 -8.207030e-02
    outer loop
      vertex 4.2100660459e-01 2.2548697363e-01 5.0000000000e-01
      vertex 4.0746863805e-01 2.2270861982e-01 4.6050338859e-01
      vertex 4.4533249262e-01 2.4052119924e-01 4.6063988636e-01
    endloop
  endfacet
  facet normal 6.905681e-02 -9.963836e-01 -4.950537e-02
    outer loop
      vertex 3.0000000000e-01 2.0000000000e-01 5.0000000000e-01
      vertex 3.2467273958e-01 2.0369349782e-01 4.6007866876e-01
      vertex 3.4138567264e-01 2.0286833541e-01 5.0000000000e-01
    endloop
  endfacet
  facet normal 1.504758e-01 -9.718501e-01 -1.812856e-01
    outer loop
      vertex 3.4873795443e-01 2.1468304511e-01 4.2114033318e-01
      vertex 3.6603510824e-01 2.1008222078e-01 4.6016225695e-01
      vertex 3.2467273958e-01 2.0369349782e-01 4.6007866876e-01
    endloop
  endfacet
  facet normal 2.058489e-01 -9.773256e-01 -4.960764e-02
    outer loop
      vertex 3.8197995867e-01 2.1141849266e-01 5.0000000000e-01
      vertex 3.4138567264e-01 2.0286833541e-01 5.0000000000e-01
      vertex 3.6603510824e-01 2.1008222078e-01 4.6016225695e-01
    endloop
  endfacet
  facet normal 1.522724e-01 -9.847537e-01 -8.410292e-02
    outer loop
      vertex 3.2467273958e-01 2.0369349782e-01 4.6007866876e-01
      vertex 3.6603510824e-01 2.1008222078e-01 4.6016225695e-01
      vertex 3.4138567264e-01 2.0286833541e-01 5.0000000000e-01
    endloop
  endfacet
  facet normal 3.023772e-01 -8.521837e-01 -4.270257e-01
    outer loop
      vertex 3.9270509831e-01 2.5729490169e-01 3.5000000000e-01
      vertex 4.1251157024e-01 2.4682655761e-01 3.8491588019e-01
      vertex 3.7160307910e-01 2.3269804274e-01 3.8414378432e-01
    endloop
  endfacet
  facet normal 3.648012e-01 -8.790876e-01 -3.067980e-01
    outer loop
      vertex 4.3016656937e-01 2.4119945588e-01 4.2203242610e-01
      vertex 3.9037766373e-01 2.2512674744e-01 4.2077517480e-01
      vertex 4.1251157024e-01 2.4682655761e-01 3.8491588019e-01
    endloop
  endfacet
  facet normal 2.288929e-01 -9.233856e-01 -3.081672e-01
    outer loop
      vertex 3.4873795443e-01 2.1468304511e-01 4.2114033318e-01
      vertex 3.7160307910e-01 2.3269804274e-01 3.8414378432e-01
      vertex 3.9037766373e-01 2.2512674744e-01 4.2077517480e-01
    endloop
  endfacet
  facet normal 3.124011e-01 -8.857887e-01 -3.431966e-01
    outer loop
      vertex 4.1251157024e-01 2.4682655761e-01 3.8491588019e-01
      vertex 3.9037766373e-01 2.2512674744e-01 4.2077517480e-01
      vertex 3.7160307910e-01 2.3269804274e-01 3.8414378432e-01
    endloop
  endfacet
  facet normal 2.910970e-01 -9.529505e-01 -8.454536e-02
    outer loop
      vertex 3.8197995867e-01 2.1141849266e-01 5.0000000000e-01
      vertex 3.6603510824e-01 2.1008222078e-01 4.6016225695e-01
      vertex 4.0746863805e-01 2.2270861982e-01 4.6050338859e-01
    endloop
  endfacet
  facet normal 2.357379e-01 -9.474616e-01 -2.162041e-01
    outer loop
      vertex 3.4873795443e-01 2.1468304511e-01 4.2114033318e-01
      vertex 3.9037766373e-01 2.2512674744e-01 4.2077517480e-01
      vertex 3.6603510824e-01 2.1008222078e-01 4.6016225695e-01
    endloop
  endfacet
  facet normal 3.716277e-01 -9.031797e-01 -2.148469e-01
    outer loop
      vertex 4.3016656937e-01 2.4119945588e-01 4.2203242610e-01
      vertex 4.0746863805e-01 2.2270861982e-01 4.6050338859e-01
      vertex 3.9037766373e-01 2.2512674744e-01 4.2077517480e-01
    endloop
  endfacet
  facet normal 2.880454e-01 -9.403266e-01 -1.811510e-01
    outer loop
      vertex 3.6603510824e-01 2.1008222078e-01 4.6016225695e-01
      vertex 3.9037766373e-01 2.2512674744e-01 4.2077517480e-01
      vertex 4.0746863805e-01 2.2270861982e-01 4.6050338859e-01
    endloop
  endfacet
  facet normal -4.650712e-01 -8.838505e-01 -5.017104e-02
    outer loop
      vertex 1.4228066636e-01 2.4480475749e-01 5.0000000000e-01
      vertex 1.5466750738e-01 2.4052119924e-01 4.6063988636e-01
      vertex 1.7899339541e-01 2.2548697363e-01 5.0000000000e-01
    endloop
  endfacet
  facet normal -4.192398e-01 -8.897882e-01 -1.803191e-01
    outer loop
      vertex 1.6983343063e-01 2.4119945588e-01 4.2203242610e-01
      vertex 1.9253136195e-01 2.2270861982e-01 4.6050338859e-01
      vertex 1.5466750738e-01 2.4052119924e-01 4.6063988636e-01
    endloop
  endfacet
  facet normal -3.386983e-01 -9.395655e-01 -5.000027e-02
    outer loop
      vertex 2.1802004133e-01 2.1141849266e-01 5.0000000000e-01
      vertex 1.7899339541e-01 2.2548697363e-01 5.0000000000e-01
      vertex 1.9253136195e-01 2.2270861982e-01 4.6050338859e-01
    endloop
  endfacet
  facet normal -4.244916e-01 -9.017047e-01 -8.207030e-02
    outer loop
      vertex 1.5466750738e-01 2.4052119924e-01 4.6063988636e-01
      vertex 1.9253136195e-01 2.2270861982e-01 4.6050338859e-01
      vertex 1.7899339541e-01 2.2548697363e-01 5.0000000000e-01
    endloop
  endfacet
  facet normal -3.023772e-01 -8.521837e-01 -4.270257e-01
    outer loop
      vertex 2.0729490169e-01 2.5729490169e-01 3.5000000000e-01
      vertex 2.2839692090e-01 2.3269804274e-01 3.8414378432e-01
      vertex 1.8748842976e-01 2.4682655761e-01 3.8491588019e-01
    endloop
  endfacet
  facet normal -2.288929e-01 -9.233856e-01 -3.081672e-01
    outer loop
      vertex 2.5126204557e-01 2.1468304511e-01 4.2114033318e-01
      vertex 2.0962233627e-01 2.2512674744e-01 4.2077517480e-01
      vertex 2.2839692090e-01 2.3269804274e-01 3.8414378432e-01
    endloop
  endfacet
  facet normal -3.648012e-01 -8.790876e-01 -3.067980e-01
    outer loop
      vertex 1.6983343063e-01 2.4119945588e-01 4.2203242610e-01
      vertex 1.8748842976e-01 2.4682655761e-01 3.8491588019e-01
      vertex 2.0962233627e-01 2.2512674744e-01 4.2077517480e-01
    endloop
  endfacet
  facet normal -3.124011e-01 -8.857887e-01 -3.431966e-01
    outer loop
      vertex 2.2839692090e-01 2.3269804274e-01 3.8414378432e-01
      vertex 2.0962233627e-01 2.2512674744e-01 4.2077517480e-01
      vertex 1.8748842976e-01 2.4682655761e-01 3.8491588019e-01
    endloop
  endfacet
  facet normal -6.905681e-02 -9.963836e-01 -4.950537e-02
    outer loop
      vertex 3.0000000000e-01 2.0000000000e-01 5.0000000000e-01
      vertex 2.5861432736e-01 2.0286833541e-01 5.0000000000e-01
      vertex 2.7532726042e-01 2.0369349782e-01 4.6007866876e-01
    endloop
  endfacet
  facet normal -2.058489e-01 -9.773256e-01 -4.960764e-02
    outer loop
      vertex 2.1802004133e-01 2.1141849266e-01 5.0000000000e-01
      vertex 2.3396489176e-01 2.1008222078e-01 4.6016225695e-01
      vertex 2.5861432736e-01 2.0286833541e-01 5.0000000000e-01
    endloop
  endfacet
  facet normal -1.504758e-01 -9.718501e-01 -1.812856e-01
    outer loop
      vertex 2.5126204557e-01 2.1468304511e-01 4.2114033318e-01
      vertex 2.7532726042e-01 2.0369349782e-01 4.6007866876e-01
      vertex 2.3396489176e-01 2.1008222078e-01 4.6016225695e-01
    endloop
  endfacet
  facet normal -1.522724e-01 -9.847537e-01 -8.410292e-02
    outer loop
      vertex 2.5861432736e-01 2.0286833541e-01 5.0000000000e-01
      vertex 2.3396489176e-01 2.1008222078e-01 4.6016225695e-01
      vertex 2.7532726042e-01 2.0369349782e-01 4.6007866876e-01
    endloop
  endfacet
  facet normal -3.716277e-01 -9.031797e-01 -2.148469e-01
    outer loop
      vertex 1.6983343063e-01 2.4119945588e-01 4.2203242610e-01
      vertex 2.0962233627e-01 2.2512674744e-01 4.2077517480e-01
      vertex 1.9253136195e-01 2.2270861982e-01 4.6050338859e-01
    endloop
  endfacet
  facet normal -2.357379e-01 -9.474616e-01 -2.162041e-01
    outer loop
      vertex 2.5126204557e-01 2.1468304511e-01 4.2114033318e-01
      vertex 2.3396489176e-01 2.1008222078e-01 4.6016225695e-01
      vertex 2.0962233627e-01 2.2512674744e-01 4.2077517480e-01
    endloop
  endfacet
  facet normal -2.910970e-01 -9.529505e-01 -8.454536e-02
    outer loop
      vertex 2.1802004133e-01 2.1141849266e-01 5.0000000000e-01
      vertex 1.9253136195e-01 2.2270861982e-01 4.6050338859e-01
      vertex 2.3396489176e-01 2.1008222078e-01 4.6016225695e-01
    endloop
  endfacet
  facet normal -2.880454e-01 -9.403266e-01 -1.811510e-01
    outer loop
      vertex 2.0962233627e-01 2.2512674744e-01 4.2077517480e-01
      vertex 2.3396489176e-01 2.1008222078e-01 4.6016225695e-01
      vertex 1.9253136195e-01 2.2270861982e-01 4.6050338859e-01
    endloop
  endfacet
  facet normal 0.000000e+00 -5.964207e-01 -8.026720e-01
    outer loop
      vertex 3.0000000000e-01 3.4228066636e-01 2.4480475749e-01
      vertex 3.2432588803e-01 3.1530739374e-01 2.6484708727e-01
      vertex 2.7567411197e-01 3.1530739374e-01 2.6484708727e-01
    endloop
  endfacet
  facet normal 8.054149e-02 -6.804611e-01 -7.283445e-01
    outer loop
      vertex 3.4818661069e-01 2.9186585673e-01 2.8938606657e-01
      vertex 3.0000000000e-01 2.8912789085e-01 2.8661547951e-01
      vertex 3.2432588803e-01 3.1530739374e-01 2.6484708727e-01
    endloop
  endfacet
  facet normal -8.054149e-02 -6.804611e-01 -7.283445e-01
    outer loop
      vertex 2.5181338931e-01 2.9186585673e-01 2.8938606657e-01
      vertex 2.7567411197e-01 3.1530739374e-01 2.6484708727e-01
      vertex 3.0000000000e-01 2.8912789085e-01 2.8661547951e-01
    endloop
  endfacet
  facet normal -0.000000e+00 -6.393544e-01 -7.689122e-01
    outer loop
      vertex 3.2432588803e-01 3.1530739374e-01 2.6484708727e-01
      vertex 3.0000000000e-01 2.8912789085e-01 2.8661547951e-01
      vertex 2.7567411197e-01 3.1530739374e-01 2.6484708727e-01
    endloop
  endfacet
  facet normal 2.333204e-01 -8.095043e-01 -5.387620e-01
    outer loop
      vertex 3.9270509831e-01 2.5729490169e-01 3.5000000000e-01
      vertex 3.4693033951e-01 2.4794663440e-01 3.4422245308e-01
      vertex 3.7112589761e-01 2.7240430995e-01 3.1795245522e-01
    endloop
  endfacet
  facet normal 7.841715e-02 -8.303865e-01 -5.516422e-01
    outer loop
      vertex 3.0000000000e-01 2.4480475749e-01 3.4228066636e-01
      vertex 3.2434255549e-01 2.6593868879e-01 3.1392812522e-01
      vertex 3.4693033951e-01 2.4794663440e-01 3.4422245308e-01
    endloop
  endfacet
  facet normal 1.589524e-01 -7.518660e-01 -6.398684e-01
    outer loop
      vertex 3.4818661069e-01 2.9186585673e-01 2.8938606657e-01
      vertex 3.7112589761e-01 2.7240430995e-01 3.1795245522e-01
      vertex 3.2434255549e-01 2.6593868879e-01 3.1392812522e-01
    endloop
  endfacet
  facet normal 1.601287e-01 -7.916792e-01 -5.895786e-01
    outer loop
      vertex 3.4693033951e-01 2.4794663440e-01 3.4422245308e-01
      vertex 3.2434255549e-01 2.6593868879e-01 3.1392812522e-01
      vertex 3.7112589761e-01 2.7240430995e-01 3.1795245522e-01
    endloop
  endfacet
  facet normal -2.333204e-01 -8.095043e-01 -5.387620e-01
    outer loop
      vertex 2.0729490169e-01 2.5729490169e-01 3.5000000000e-01
      vertex 2.2887410239e-01 2.7240430995e-01 3.1795245522e-01
      vertex 2.5306966049e-01 2.4794663440e-01 3.4422245308e-01
    endloop
  endfacet
  facet normal -1.589524e-01 -7.518660e-01 -6.398684e-01
    outer loop
      vertex 2.5181338931e-01 2.9186585673e-01 2.8938606657e-01
      vertex 2.7565744451e-01 2.6593868879e-01 3.1392812522e-01
      vertex 2.2887410239e-01 2.7240430995e-01 3.1795245522e-01
    endloop
  endfacet
  facet normal -7.841715e-02 -8.303865e-01 -5.516422e-01
    outer loop
      vertex 3.0000000000e-01 2.4480475749e-01 3.4228066636e-01
      vertex 2.5306966049e-01 2.4794663440e-01 3.4422245308e-01
      vertex 2.7565744451e-01 2.6593868879e-01 3.1392812522e-01
    endloop
  endfacet
  facet normal -1.601287e-01 -7.916792e-01 -5.895786e-01
    outer loop
      vertex 2.2887410239e-01 2.7240430995e-01 3.1795245522e-01
      vertex 2.7565744451e-01 2.6593868879e-01 3.1392812522e-01
      vertex 2.5306966049e-01 2.4794663440e-01 3.4422245308e-01
    endloop
  endfacet
  facet normal 8.053079e-02 -7.232719e-01 -6.858517e-01
    outer loop
      vertex 3.4818661069e-01 2.9186585673e-01 2.8938606657e-01
      vertex 3.2434255549e-01 2.6593868879e-01 3.1392812522e-01
      vertex 3.0000000000e-01 2.8912789085e-01 2.8661547951e-01
    endloop
  endfacet
  facet normal 0.000000e+00 -8.017675e-01 -5.976360e-01
    outer loop
      vertex 3.0000000000e-01 2.4480475749e-01 3.4228066636e-01
      vertex 2.7565744451e-01 2.6593868879e-01 3.1392812522e-01
      vertex 3.2434255549e-01 2.6593868879e-01 3.1392812522e-01
    endloop
  endfacet
  facet normal -8.053079e-02 -7.232719e-01 -6.858517e-01
    outer loop
      vertex 2.5181338931e-01 2.9186585673e-01 2.8938606657e-01
      vertex 3.0000000000e-01 2.8912789085e-01 2.8661547951e-01
      vertex 2.7565744451e-01 2.6593868879e-01 3.1392812522e-01
    endloop
  endfacet
  facet normal -0.000000e+00 -7.623048e-01 -6.472182e-01
    outer loop
      vertex 3.2434255549e-01 2.6593868879e-01 3.1392812522e-01
      vertex 2.7565744451e-01 2.6593868879e-01 3.1392812522e-01
      vertex 3.0000000000e-01 2.8912789085e-01 2.8661547951e-01
    endloop
  endfacet
  facet normal 0.000000e+00 -9.957474e-01 -9.212595e-02
    outer loop
      vertex 3.0000000000e-01 2.0000000000e-01 5.0000000000e-01
      vertex 2.7532726042e-01 2.0369349782e-01 4.6007866876e-01
      vertex 3.2467273958e-01 2.0369349782e-01 4.6007866876e-01
    endloop
  endfacet
  facet normal -8.142553e-02 -9.712310e-01 -2.237863e-01
    outer loop
      vertex 2.5126204557e-01 2.1468304511e-01 4.2114033318e-01
      vertex 3.0000000000e-01 2.1084162096e-01 4.2007858966e-01
      vertex 2.7532726042e-01 2.0369349782e-01 4.6007866876e-01
    endloop
  endfacet
  facet normal 8.142553e-02 -9.712310e-01 -2.237863e-01
    outer loop
      vertex 3.4873795443e-01 2.1468304511e-01 4.2114033318e-01
      vertex 3.2467273958e-01 2.0369349782e-01 4.6007866876e-01
      vertex 3.0000000000e-01 2.1084162096e-01 4.2007858966e-01
    endloop
  endfacet
  facet normal 0.000000e+00 -9.844052e-01 -1.759159e-01
    outer loop
      vertex 2.7532726042e-01 2.0369349782e-01 4.6007866876e-01
      vertex 3.0000000000e-01 2.1084162096e-01 4.2007858966e-01
      vertex 3.2467273958e-01 2.0369349782e-01 4.6007866876e-01
    endloop
  endfacet
  facet normal -2.331714e-01 -8.516395e-01 -4.694052e-01
    outer loop
      vertex 2.0729490169e-01 2.5729490169e-01 3.5000000000e-01
      vertex 2.5306966049e-01 2.4794663440e-01 3.4422245308e-01
      vertex 2.2839692090e-01 2.3269804274e-01 3.8414378432e-01
    endloop
  endfacet
  facet normal -7.836719e-02 -8.724736e-01 -4.823363e-01
    outer loop
      vertex 3.0000000000e-01 2.4480475749e-01 3.4228066636e-01
      vertex 2.7530292599e-01 2.2610525212e-01 3.8011788449e-01
      vertex 2.5306966049e-01 2.4794663440e-01 3.4422245308e-01
    endloop
  endfacet
  facet normal -1.597927e-01 -9.227974e-01 -3.505871e-01
    outer loop
      vertex 2.5126204557e-01 2.1468304511e-01 4.2114033318e-01
      vertex 2.2839692090e-01 2.3269804274e-01 3.8414378432e-01
      vertex 2.7530292599e-01 2.2610525212e-01 3.8011788449e-01
    endloop
  endfacet
  facet normal -1.618790e-01 -8.843585e-01 -4.378416e-01
    outer loop
      vertex 2.5306966049e-01 2.4794663440e-01 3.4422245308e-01
      vertex 2.7530292599e-01 2.2610525212e-01 3.8011788449e-01
      vertex 2.2839692090e-01 2.3269804274e-01 3.8414378432e-01
    endloop
  endfacet
  facet normal 2.331714e-01 -8.516395e-01 -4.694052e-01
    outer loop
      vertex 3.9270509831e-01 2.5729490169e-01 3.5000000000e-01
      vertex 3.7160307910e-01 2.3269804274e-01 3.8414378432e-01
      vertex 3.4693033951e-01 2.4794663440e-01 3.4422245308e-01
    endloop
  endfacet
  facet normal 1.597927e-01 -9.227974e-01 -3.505871e-01
    outer loop
      vertex 3.4873795443e-01 2.1468304511e-01 4.2114033318e-01
      vertex 3.2469707401e-01 2.2610525212e-01 3.8011788449e-01
      vertex 3.7160307910e-01 2.3269804274e-01 3.8414378432e-01
    endloop
  endfacet
  facet normal 7.836719e-02 -8.724736e-01 -4.823363e-01
    outer loop
      vertex 3.0000000000e-01 2.4480475749e-01 3.4228066636e-01
      vertex 3.4693033951e-01 2.4794663440e-01 3.4422245308e-01
      vertex 3.2469707401e-01 2.2610525212e-01 3.8011788449e-01
    endloop
  endfacet
  facet normal 1.618790e-01 -8.843585e-01 -4.378416e-01
    outer loop
      vertex 3.7160307910e-01 2.3269804274e-01 3.8414378432e-01
      vertex 3.2469707401e-01 2.2610525212e-01 3.8011788449e-01
      vertex 3.4693033951e-01 2.4794663440e-01 3.4422245308e-01
    endloop
  endfacet
  facet normal -8.140770e-02 -9.468068e-01 -3.113353e-01
    outer loop
      vertex 2.5126204557e-01 2.1468304511e-01 4.2114033318e-01
      vertex 2.7530292599e-01 2.2610525212e-01 3.8011788449e-01
      vertex 3.0000000000e-01 2.1084162096e-01 4.2007858966e-01
    endloop
  endfacet
  facet normal 0.000000e+00 -8.964941e-01 -4.430557e-01
    outer loop
      vertex 3.0000000000e-01 2.4480475749e-01 3.4228066636e-01
      vertex 3.2469707401e-01 2.2610525212e-01 3.8011788449e-01
      vertex 2.7530292599e-01 2.2610525212e-01 3.8011788449e-01
    endloop
  endfacet
  facet normal 8.140770e-02 -9.468068e-01 -3.113353e-01
    outer loop
      vertex 3.4873795443e-01 2.1468304511e-01 4.2114033318e-01
      vertex 3.0000000000e-01 2.1084162096e-01 4.2007858966e-01
      vertex 3.2469707401e-01 2.2610525212e-01 3.8011788449e-01
    endloop
  endfacet
  facet normal 0.000000e+00 -9.341724e-01 -3.568221e-01
    outer loop
      vertex 2.7530292599e-01 2.2610525212e-01 3.8011788449e-01
      vertex 3.2469707401e-01 2.2610525212e-01 3.8011788449e-01
      vertex 3.0000000000e-01 2.1084162096e-01 4.2007858966e-01
    endloop
  endfacet
  facet normal 5.462496e-01 -8.336794e-01 -8.117845e-02
    outer loop
      vertex 4.5771933364e-01 2.4480475749e-01 5.0000000000e-01
      vertex 4.4533249262e-01 2.4052119924e-01 4.6063988636e-01
      vertex 4.8469260626e-01 2.6484708727e-01 4.7567411197e-01
    endloop
  endfacet
  facet normal 5.001420e-01 -8.397879e-01 -2.112210e-01
    outer loop
      vertex 4.3016656937e-01 2.4119945588e-01 4.2203242610e-01
      vertex 4.7137549774e-01 2.6220523122e-01 4.3609314031e-01
      vertex 4.4533249262e-01 2.4052119924e-01 4.6063988636e-01
    endloop
  endfacet
  facet normal 6.304608e-01 -7.592464e-01 -1.614436e-01
    outer loop
      vertex 5.0813414327e-01 2.8938606657e-01 4.5181338931e-01
      vertex 4.8469260626e-01 2.6484708727e-01 4.7567411197e-01
      vertex 4.7137549774e-01 2.6220523122e-01 4.3609314031e-01
    endloop
  endfacet
  facet normal 5.572841e-01 -8.196344e-01 -1.327925e-01
    outer loop
      vertex 4.4533249262e-01 2.4052119924e-01 4.6063988636e-01
      vertex 4.7137549774e-01 2.6220523122e-01 4.3609314031e-01
      vertex 4.8469260626e-01 2.6484708727e-01 4.7567411197e-01
    endloop
  endfacet
  facet normal 3.824786e-01 -8.026783e-01 -4.576217e-01
    outer loop
      vertex 3.9270509831e-01 2.5729490169e-01 3.5000000000e-01
      vertex 4.3619714992e-01 2.7261937399e-01 3.5947104474e-01
      vertex 4.1251157024e-01 2.4682655761e-01 3.8491588019e-01
    endloop
  endfacet
  facet normal 5.222192e-01 -7.421000e-01 -4.202079e-01
    outer loop
      vertex 4.7633557569e-01 2.9354271193e-01 3.7240237875e-01
      vertex 4.5483648602e-01 2.6496449049e-01 3.9615409556e-01
      vertex 4.3619714992e-01 2.7261937399e-01 3.5947104474e-01
    endloop
  endfacet
  facet normal 4.450681e-01 -8.294800e-01 -3.374572e-01
    outer loop
      vertex 4.3016656937e-01 2.4119945588e-01 4.2203242610e-01
      vertex 4.1251157024e-01 2.4682655761e-01 3.8491588019e-01
      vertex 4.5483648602e-01 2.6496449049e-01 3.9615409556e-01
    endloop
  endfacet
  facet normal 4.484825e-01 -8.016858e-01 -3.951751e-01
    outer loop
      vertex 4.3619714992e-01 2.7261937399e-01 3.5947104474e-01
      vertex 4.5483648602e-01 2.6496449049e-01 3.9615409556e-01
      vertex 4.1251157024e-01 2.4682655761e-01 3.8491588019e-01
    endloop
  endfacet
  facet normal 7.599989e-01 -5.693580e-01 -3.134218e-01
    outer loop
      vertex 5.4270509831e-01 3.5000000000e-01 4.0729490169e-01
      vertex 5.2759569005e-01 3.1795245522e-01 4.2887410239e-01
      vertex 5.1213203436e-01 3.1954971350e-01 3.8847558966e-01
    endloop
  endfacet
  facet normal 7.022584e-01 -6.705276e-01 -2.392192e-01
    outer loop
      vertex 5.0813414327e-01 2.8938606657e-01 4.5181338931e-01
      vertex 4.9422356816e-01 2.8930704598e-01 4.1119862223e-01
      vertex 5.2759569005e-01 3.1795245522e-01 4.2887410239e-01
    endloop
  endfacet
  facet normal 6.491008e-01 -6.636828e-01 -3.717435e-01
    outer loop
      vertex 4.7633557569e-01 2.9354271193e-01 3.7240237875e-01
      vertex 5.1213203436e-01 3.1954971350e-01 3.8847558966e-01
      vertex 4.9422356816e-01 2.8930704598e-01 4.1119862223e-01
    endloop
  endfacet
  facet normal 7.075762e-01 -6.415571e-01 -2.962101e-01
    outer loop
      vertex 5.2759569005e-01 3.1795245522e-01 4.2887410239e-01
      vertex 4.9422356816e-01 2.8930704598e-01 4.1119862223e-01
      vertex 5.1213203436e-01 3.1954971350e-01 3.8847558966e-01
    endloop
  endfacet
  facet normal 5.084250e-01 -8.186344e-01 -2.670988e-01
    outer loop
      vertex 4.3016656937e-01 2.4119945588e-01 4.2203242610e-01
      vertex 4.5483648602e-01 2.6496449049e-01 3.9615409556e-01
      vertex 4.7137549774e-01 2.6220523122e-01 4.3609314031e-01
    endloop
  endfacet
  facet normal 5.855635e-01 -7.312575e-01 -3.498255e-01
    outer loop
      vertex 4.7633557569e-01 2.9354271193e-01 3.7240237875e-01
      vertex 4.9422356816e-01 2.8930704598e-01 4.1119862223e-01
      vertex 4.5483648602e-01 2.6496449049e-01 3.9615409556e-01
    endloop
  endfacet
  facet normal 6.387266e-01 -7.381036e-01 -2.173281e-01
    outer loop
      vertex 5.0813414327e-01 2.8938606657e-01 4.5181338931e-01
      vertex 4.7137549774e-01 2.6220523122e-01 4.3609314031e-01
      vertex 4.9422356816e-01 2.8930704598e-01 4.1119862223e-01
    endloop
  endfacet
  facet normal 5.811538e-01 -7.591756e-01 -2.931085e-01
    outer loop
      vertex 4.5483648602e-01 2.6496449049e-01 3.9615409556e-01
      vertex 4.9422356816e-01 2.8930704598e-01 4.1119862223e-01
      vertex 4.7137549774e-01 2.6220523122e-01 4.3609314031e-01
    endloop
  endfacet
  facet normal 8.117845e-02 -5.462496e-01 -8.336794e-01
    outer loop
      vertex 3.0000000000e-01 3.4228066636e-01 2.4480475749e-01
      vertex 3.3936011364e-01 3.5466750738e-01 2.4052119924e-01
      vertex 3.2432588803e-01 3.1530739374e-01 2.6484708727e-01
    endloop
  endfacet
  facet normal 2.112210e-01 -5.001420e-01 -8.397879e-01
    outer loop
      vertex 3.7796757390e-01 3.6983343063e-01 2.4119945588e-01
      vertex 3.6390685969e-01 3.2862450226e-01 2.6220523122e-01
      vertex 3.3936011364e-01 3.5466750738e-01 2.4052119924e-01
    endloop
  endfacet
  facet normal 1.614436e-01 -6.304608e-01 -7.592464e-01
    outer loop
      vertex 3.4818661069e-01 2.9186585673e-01 2.8938606657e-01
      vertex 3.2432588803e-01 3.1530739374e-01 2.6484708727e-01
      vertex 3.6390685969e-01 3.2862450226e-01 2.6220523122e-01
    endloop
  endfacet
  facet normal 1.327925e-01 -5.572841e-01 -8.196344e-01
    outer loop
      vertex 3.3936011364e-01 3.5466750738e-01 2.4052119924e-01
      vertex 3.6390685969e-01 3.2862450226e-01 2.6220523122e-01
      vertex 3.2432588803e-01 3.1530739374e-01 2.6484708727e-01
    endloop
  endfacet
  facet normal 4.576217e-01 -3.824786e-01 -8.026783e-01
    outer loop
      vertex 4.5000000000e-01 4.0729490169e-01 2.5729490169e-01
      vertex 4.4052895526e-01 3.6380285008e-01 2.7261937399e-01
      vertex 4.1508411981e-01 3.8748842976e-01 2.4682655761e-01
    endloop
  endfacet
  facet normal 4.202079e-01 -5.222192e-01 -7.421000e-01
    outer loop
      vertex 4.2759762125e-01 3.2366442431e-01 2.9354271193e-01
      vertex 4.0384590444e-01 3.4516351398e-01 2.6496449049e-01
      vertex 4.4052895526e-01 3.6380285008e-01 2.7261937399e-01
    endloop
  endfacet
  facet normal 3.374572e-01 -4.450681e-01 -8.294800e-01
    outer loop
      vertex 3.7796757390e-01 3.6983343063e-01 2.4119945588e-01
      vertex 4.1508411981e-01 3.8748842976e-01 2.4682655761e-01
      vertex 4.0384590444e-01 3.4516351398e-01 2.6496449049e-01
    endloop
  endfacet
  facet normal 3.951751e-01 -4.484825e-01 -8.016858e-01
    outer loop
      vertex 4.4052895526e-01 3.6380285008e-01 2.7261937399e-01
      vertex 4.0384590444e-01 3.4516351398e-01 2.6496449049e-01
      vertex 4.1508411981e-01 3.8748842976e-01 2.4682655761e-01
    endloop
  endfacet
  facet normal 3.134218e-01 -7.599989e-01 -5.693580e-01
    outer loop
      vertex 3.9270509831e-01 2.5729490169e-01 3.5000000000e-01
      vertex 3.7112589761e-01 2.7240430995e-01 3.1795245522e-01
      vertex 4.1152441034e-01 2.8786796564e-01 3.1954971350e-01
    endloop
  endfacet
  facet normal 2.392192e-01 -7.022584e-01 -6.705276e-01
    outer loop
      vertex 3.4818661069e-01 2.9186585673e-01 2.8938606657e-01
      vertex 3.8880137777e-01 3.0577643184e-01 2.8930704598e-01
      vertex 3.7112589761e-01 2.7240430995e-01 3.1795245522e-01
    endloop
  endfacet
  facet normal 3.717435e-01 -6.491008e-01 -6.636828e-01
    outer loop
      vertex 4.2759762125e-01 3.2366442431e-01 2.9354271193e-01
      vertex 4.1152441034e-01 2.8786796564e-01 3.1954971350e-01
      vertex 3.8880137777e-01 3.0577643184e-01 2.8930704598e-01
    endloop
  endfacet
  facet normal 2.962101e-01 -7.075762e-01 -6.415571e-01
    outer loop
      vertex 3.7112589761e-01 2.7240430995e-01 3.1795245522e-01
      vertex 3.8880137777e-01 3.0577643184e-01 2.8930704598e-01
      vertex 4.1152441034e-01 2.8786796564e-01 3.1954971350e-01
    endloop
  endfacet
  facet normal 2.670988e-01 -5.084250e-01 -8.186344e-01
    outer loop
      vertex 3.7796757390e-01 3.6983343063e-01 2.4119945588e-01
      vertex 4.0384590444e-01 3.4516351398e-01 2.6496449049e-01
      vertex 3.6390685969e-01 3.2862450226e-01 2.6220523122e-01
    endloop
  endfacet
  facet normal 3.498255e-01 -5.855635e-01 -7.312575e-01
    outer loop
      vertex 4.2759762125e-01 3.2366442431e-01 2.9354271193e-01
      vertex 3.8880137777e-01 3.0577643184e-01 2.8930704598e-01
      vertex 4.0384590444e-01 3.4516351398e-01 2.6496449049e-01
    endloop
  endfacet
  facet normal 2.173281e-01 -6.387266e-01 -7.381036e-01
    outer loop
      vertex 3.4818661069e-01 2.9186585673e-01 2.8938606657e-01
      vertex 3.6390685969e-01 3.2862450226e-01 2.6220523122e-01
      vertex 3.8880137777e-01 3.0577643184e-01 2.8930704598e-01
    endloop
  endfacet
  facet normal 2.931085e-01 -5.811538e-01 -7.591756e-01
    outer loop
      vertex 4.0384590444e-01 3.4516351398e-01 2.6496449049e-01
      vertex 3.8880137777e-01 3.0577643184e-01 2.8930704598e-01
      vertex 3.6390685969e-01 3.2862450226e-01 2.6220523122e-01
    endloop
  endfacet
  facet normal 8.336794e-01 -8.117845e-02 -5.462496e-01
    outer loop
      vertex 5.5519524251e-01 5.0000000000e-01 3.4228066636e-01
      vertex 5.5947880076e-01 4.6063988636e-01 3.5466750738e-01
      vertex 5.3515291273e-01 4.7567411197e-01 3.1530739374e-01
    endloop
  endfacet
  facet normal 8.397879e-01 -2.112210e-01 -5.001420e-01
    outer loop
      vertex 5.5880054412e-01 4.2203242610e-01 3.6983343063e-01
      vertex 5.3779476878e-01 4.3609314031e-01 3.2862450226e-01
      vertex 5.5947880076e-01 4.6063988636e-01 3.5466750738e-01
    endloop
  endfacet
  facet normal 7.592464e-01 -1.614436e-01 -6.304608e-01
    outer loop
      vertex 5.1061393343e-01 4.5181338931e-01 2.9186585673e-01
      vertex 5.3515291273e-01 4.7567411197e-01 3.1530739374e-01
      vertex 5.3779476878e-01 4.3609314031e-01 3.2862450226e-01
    endloop
  endfacet
  facet normal 8.196344e-01 -1.327925e-01 -5.572841e-01
    outer loop
      vertex 5.5947880076e-01 4.6063988636e-01 3.5466750738e-01
      vertex 5.3779476878e-01 4.3609314031e-01 3.2862450226e-01
      vertex 5.3515291273e-01 4.7567411197e-01 3.1530739374e-01
    endloop
  endfacet
  facet normal 8.026783e-01 -4.576217e-01 -3.824786e-01
    outer loop
      vertex 5.4270509831e-01 3.5000000000e-01 4.0729490169e-01
      vertex 5.2738062601e-01 3.5947104474e-01 3.6380285008e-01
      vertex 5.5317344239e-01 3.8491588019e-01 3.8748842976e-01
    endloop
  endfacet
  facet normal 7.421000e-01 -4.202079e-01 -5.222192e-01
    outer loop
      vertex 5.0645728807e-01 3.7240237875e-01 3.2366442431e-01
      vertex 5.3503550951e-01 3.9615409556e-01 3.4516351398e-01
      vertex 5.2738062601e-01 3.5947104474e-01 3.6380285008e-01
    endloop
  endfacet
  facet normal 8.294800e-01 -3.374572e-01 -4.450681e-01
    outer loop
      vertex 5.5880054412e-01 4.2203242610e-01 3.6983343063e-01
      vertex 5.5317344239e-01 3.8491588019e-01 3.8748842976e-01
      vertex 5.3503550951e-01 3.9615409556e-01 3.4516351398e-01
    endloop
  endfacet
  facet normal 8.016858e-01 -3.951751e-01 -4.484825e-01
    outer loop
      vertex 5.2738062601e-01 3.5947104474e-01 3.6380285008e-01
      vertex 5.3503550951e-01 3.9615409556e-01 3.4516351398e-01
      vertex 5.5317344239e-01 3.8491588019e-01 3.8748842976e-01
    endloop
  endfacet
  facet normal 5.693580e-01 -3.134218e-01 -7.599989e-01
    outer loop
      vertex 4.5000000000e-01 4.0729490169e-01 2.5729490169e-01
      vertex 4.8204754478e-01 4.2887410239e-01 2.7240430995e-01
      vertex 4.8045028650e-01 3.8847558966e-01 2.8786796564e-01
    endloop
  endfacet
  facet normal 6.705276e-01 -2.392192e-01 -7.022584e-01
    outer loop
      vertex 5.1061393343e-01 4.5181338931e-01 2.9186585673e-01
      vertex 5.1069295402e-01 4.1119862223e-01 3.0577643184e-01
      vertex 4.8204754478e-01 4.2887410239e-01 2.7240430995e-01
    endloop
  endfacet
  facet normal 6.636828e-01 -3.717435e-01 -6.491008e-01
    outer loop
      vertex 5.0645728807e-01 3.7240237875e-01 3.2366442431e-01
      vertex 4.8045028650e-01 3.8847558966e-01 2.8786796564e-01
      vertex 5.1069295402e-01 4.1119862223e-01 3.0577643184e-01
    endloop
  endfacet
  facet normal 6.415571e-01 -2.962101e-01 -7.075762e-01
    outer loop
      vertex 4.8204754478e-01 4.2887410239e-01 2.7240430995e-01
      vertex 5.1069295402e-01 4.1119862223e-01 3.0577643184e-01
      vertex 4.8045028650e-01 3.8847558966e-01 2.8786796564e-01
    endloop
  endfacet
  facet normal 8.186344e-01 -2.670988e-01 -5.084250e-01
    outer loop
      vertex 5.5880054412e-01 4.2203242610e-01 3.6983343063e-01
      vertex 5.3503550951e-01 3.9615409556e-01 3.4516351398e-01
      vertex 5.3779476878e-01 4.3609314031e-01 3.2862450226e-01
    endloop
  endfacet
  facet normal 7.312575e-01 -3.498255e-01 -5.855635e-01
    outer loop
      vertex 5.0645728807e-01 3.7240237875e-01 3.2366442431e-01
      vertex 5.1069295402e-01 4.1119862223e-01 3.0577643184e-01
      vertex 5.3503550951e-01 3.9615409556e-01 3.4516351398e-01
    endloop
  endfacet
  facet normal 7.381036e-01 -2.173281e-01 -6.387266e-01
    outer loop
      vertex 5.1061393343e-01 4.5181338931e-01 2.9186585673e-01
      vertex 5.3779476878e-01 4.3609314031e-01 3.2862450226e-01
      vertex 5.1069295402e-01 4.1119862223e-01 3.0577643184e-01
    endloop
  endfacet
  facet normal 7.591756e-01 -2.931085e-01 -5.811538e-01
    outer loop
      vertex 5.3503550951e-01 3.9615409556e-01 3.4516351398e-01
      vertex 5.1069295402e-01 4.1119862223e-01 3.0577643184e-01
      vertex 5.3779476878e-01 4.3609314031e-01 3.2862450226e-01
    endloop
  endfacet
  facet normal 3.822343e-01 -7.595136e-01 -5.263422e-01
    outer loop
      vertex 3.9270509831e-01 2.5729490169e-01 3.5000000000e-01
      vertex 4.1152441034e-01 2.8786796564e-01 3.1954971350e-01
      vertex 4.3619714992e-01 2.7261937399e-01 3.5947104474e-01
    endloop
  endfacet
  facet normal 4.404610e-01 -6.486873e-01 -6.206439e-01
    outer loop
      vertex 4.2759762125e-01 3.2366442431e-01 2.9354271193e-01
      vertex 4.5401263237e-01 3.0602666246e-01 3.3072373647e-01
      vertex 4.1152441034e-01 2.8786796564e-01 3.1954971350e-01
    endloop
  endfacet
  facet normal 5.218865e-01 -6.990111e-01 -4.888946e-01
    outer loop
      vertex 4.7633557569e-01 2.9354271193e-01 3.7240237875e-01
      vertex 4.3619714992e-01 2.7261937399e-01 3.5947104474e-01
      vertex 4.5401263237e-01 3.0602666246e-01 3.3072373647e-01
    endloop
  endfacet
  facet normal 4.465169e-01 -7.084426e-01 -5.465636e-01
    outer loop
      vertex 4.1152441034e-01 2.8786796564e-01 3.1954971350e-01
      vertex 4.5401263237e-01 3.0602666246e-01 3.3072373647e-01
      vertex 4.3619714992e-01 2.7261937399e-01 3.5947104474e-01
    endloop
  endfacet
  facet normal 5.263422e-01 -3.822343e-01 -7.595136e-01
    outer loop
      vertex 4.5000000000e-01 4.0729490169e-01 2.5729490169e-01
      vertex 4.8045028650e-01 3.8847558966e-01 2.8786796564e-01
      vertex 4.4052895526e-01 3.6380285008e-01 2.7261937399e-01
    endloop
  endfacet
  facet normal 6.206439e-01 -4.404610e-01 -6.486873e-01
    outer loop
      vertex 5.0645728807e-01 3.7240237875e-01 3.2366442431e-01
      vertex 4.6927626353e-01 3.4598736763e-01 3.0602666246e-01
      vertex 4.8045028650e-01 3.8847558966e-01 2.8786796564e-01
    endloop
  endfacet
  facet normal 4.888946e-01 -5.218865e-01 -6.990111e-01
    outer loop
      vertex 4.2759762125e-01 3.2366442431e-01 2.9354271193e-01
      vertex 4.4052895526e-01 3.6380285008e-01 2.7261937399e-01
      vertex 4.6927626353e-01 3.4598736763e-01 3.0602666246e-01
    endloop
  endfacet
  facet normal 5.465636e-01 -4.465169e-01 -7.084426e-01
    outer loop
      vertex 4.8045028650e-01 3.8847558966e-01 2.8786796564e-01
      vertex 4.6927626353e-01 3.4598736763e-01 3.0602666246e-01
      vertex 4.4052895526e-01 3.6380285008e-01 2.7261937399e-01
    endloop
  endfacet
  facet normal 7.595136e-01 -5.263422e-01 -3.822343e-01
    outer loop
      vertex 5.4270509831e-01 3.5000000000e-01 4.0729490169e-01
      vertex 5.1213203436e-01 3.1954971350e-01 3.8847558966e-01
      vertex 5.2738062601e-01 3.5947104474e-01 3.6380285008e-01
    endloop
  endfacet
  facet normal 6.486873e-01 -6.206439e-01 -4.404610e-01
    outer loop
      vertex 4.7633557569e-01 2.9354271193e-01 3.7240237875e-01
      vertex 4.9397333754e-01 3.3072373647e-01 3.4598736763e-01
      vertex 5.1213203436e-01 3.1954971350e-01 3.8847558966e-01
    endloop
  endfacet
  facet normal 6.990111e-01 -4.888946e-01 -5.218865e-01
    outer loop
      vertex 5.0645728807e-01 3.7240237875e-01 3.2366442431e-01
      vertex 5.2738062601e-01 3.5947104474e-01 3.6380285008e-01
      vertex 4.9397333754e-01 3.3072373647e-01 3.4598736763e-01
    endloop
  endfacet
  facet normal 7.084426e-01 -5.465636e-01 -4.465169e-01
    outer loop
      vertex 5.1213203436e-01 3.1954971350e-01 3.8847558966e-01
      vertex 4.9397333754e-01 3.3072373647e-01 3.4598736763e-01
      vertex 5.2738062601e-01 3.5947104474e-01 3.6380285008e-01
    endloop
  endfacet
  facet normal 5.037511e-01 -5.851588e-01 -6.354715e-01
    outer loop
      vertex 4.2759762125e-01 3.2366442431e-01 2.9354271193e-01
      vertex 4.6927626353e-01 3.4598736763e-01 3.0602666246e-01
      vertex 4.5401263237e-01 3.0602666246e-01 3.3072373647e-01
    endloop
  endfacet
  facet normal 6.354715e-01 -5.037511e-01 -5.851588e-01
    outer loop
      vertex 5.0645728807e-01 3.7240237875e-01 3.2366442431e-01
      vertex 4.9397333754e-01 3.3072373647e-01 3.4598736763e-01
      vertex 4.6927626353e-01 3.4598736763e-01 3.0602666246e-01
    endloop
  endfacet
  facet normal 5.851588e-01 -6.354715e-01 -5.037511e-01
    outer loop
      vertex 4.7633557569e-01 2.9354271193e-01 3.7240237875e-01
      vertex 4.5401263237e-01 3.0602666246e-01 3.3072373647e-01
      vertex 4.9397333754e-01 3.3072373647e-01 3.4598736763e-01
    endloop
  endfacet
  facet normal 5.773503e-01 -5.773503e-01 -5.773503e-01
    outer loop
      vertex 4.6927626353e-01 3.4598736763e-01 3.0602666246e-01
      vertex 4.9397333754e-01 3.3072373647e-01 3.4598736763e-01
      vertex 4.5401263237e-01 3.0602666246e-01 3.3072373647e-01
    endloop
  endfacet
  facet normal 5.964207e-01 -8.026720e-01 0.000000e+00
    outer loop
      vertex 4.5771933364e-01 2.4480475749e-01 5.0000000000e-01
      vertex 4.8469260626e-01 2.6484708727e-01 4.7567411197e-01
      vertex 4.8469260626e-01 2.6484708727e-01 5.2432588803e-01
    endloop
  endfacet
  facet normal 6.804611e-01 -7.283445e-01 -8.054149e-02
    outer loop
      vertex 5.0813414327e-01 2.8938606657e-01 4.5181338931e-01
      vertex 5.1087210915e-01 2.8661547951e-01 5.0000000000e-01
      vertex 4.8469260626e-01 2.6484708727e-01 4.7567411197e-01
    endloop
  endfacet
  facet normal 6.804611e-01 -7.283445e-01 8.054149e-02
    outer loop
      vertex 5.0813414327e-01 2.8938606657e-01 5.4818661069e-01
      vertex 4.8469260626e-01 2.6484708727e-01 5.2432588803e-01
      vertex 5.1087210915e-01 2.8661547951e-01 5.0000000000e-01
    endloop
  endfacet
  facet normal 6.393544e-01 -7.689122e-01 0.000000e+00
    outer loop
      vertex 4.8469260626e-01 2.6484708727e-01 4.7567411197e-01
      vertex 5.1087210915e-01 2.8661547951e-01 5.0000000000e-01
      vertex 4.8469260626e-01 2.6484708727e-01 5.2432588803e-01
    endloop
  endfacet
  facet normal 8.095043e-01 -5.387620e-01 -2.333204e-01
    outer loop
      vertex 5.4270509831e-01 3.5000000000e-01 4.0729490169e-01
      vertex 5.5205336560e-01 3.4422245308e-01 4.5306966049e-01
      vertex 5.2759569005e-01 3.1795245522e-01 4.2887410239e-01
    endloop
  endfacet
  facet normal 8.303865e-01 -5.516422e-01 -7.841715e-02
    outer loop
      vertex 5.5519524251e-01 3.4228066636e-01 5.0000000000e-01
      vertex 5.3406131121e-01 3.1392812522e-01 4.7565744451e-01
      vertex 5.5205336560e-01 3.4422245308e-01 4.5306966049e-01
    endloop
  endfacet
  facet normal 7.518660e-01 -6.398684e-01 -1.589524e-01
    outer loop
      vertex 5.0813414327e-01 2.8938606657e-01 4.5181338931e-01
      vertex 5.2759569005e-01 3.1795245522e-01 4.2887410239e-01
      vertex 5.3406131121e-01 3.1392812522e-01 4.7565744451e-01
    endloop
  endfacet
  facet normal 7.916792e-01 -5.895786e-01 -1.601287e-01
    outer loop
      vertex 5.5205336560e-01 3.4422245308e-01 4.5306966049e-01
      vertex 5.3406131121e-01 3.1392812522e-01 4.7565744451e-01
      vertex 5.2759569005e-01 3.1795245522e-01 4.2887410239e-01
    endloop
  endfacet
  facet normal 8.095043e-01 -5.387620e-01 2.333204e-01
    outer loop
      vertex 5.4270509831e-01 3.5000000000e-01 5.9270509831e-01
      vertex 5.2759569005e-01 3.1795245522e-01 5.7112589761e-01
      vertex 5.5205336560e-01 3.4422245308e-01 5.4693033951e-01
    endloop
  endfacet
  facet normal 7.518660e-01 -6.398684e-01 1.589524e-01
    outer loop
      vertex 5.0813414327e-01 2.8938606657e-01 5.4818661069e-01
      vertex 5.3406131121e-01 3.1392812522e-01 5.2434255549e-01
      vertex 5.2759569005e-01 3.1795245522e-01 5.7112589761e-01
    endloop
  endfacet
  facet normal 8.303865e-01 -5.516422e-01 7.841715e-02
    outer loop
      vertex 5.5519524251e-01 3.4228066636e-01 5.0000000000e-01
      vertex 5.5205336560e-01 3.4422245308e-01 5.4693033951e-01
      vertex 5.3406131121e-01 3.1392812522e-01 5.2434255549e-01
    endloop
  endfacet
  facet normal 7.916792e-01 -5.895786e-01 1.601287e-01
    outer loop
      vertex 5.2759569005e-01 3.1795245522e-01 5.7112589761e-01
      vertex 5.3406131121e-01 3.1392812522e-01 5.2434255549e-01
      vertex 5.5205336560e-01 3.4422245308e-01 5.4693033951e-01
    endloop
  endfacet
  facet normal 7.232719e-01 -6.858517e-01 -8.053079e-02
    outer loop
      vertex 5.0813414327e-01 2.8938606657e-01 4.5181338931e-01
      vertex 5.3406131121e-01 3.1392812522e-01 4.7565744451e-01
      vertex 5.1087210915e-01 2.8661547951e-01 5.0000000000e-01
    endloop
  endfacet
  facet normal 8.017675e-01 -5.976360e-01 0.000000e+00
    outer loop
      vertex 5.5519524251e-01 3.4228066636e-01 5.0000000000e-01
      vertex 5.3406131121e-01 3.1392812522e-01 5.2434255549e-01
      vertex 5.3406131121e-01 3.1392812522e-01 4.7565744451e-01
    endloop
  endfacet
  facet normal 7.232719e-01 -6.858517e-01 8.053079e-02
    outer loop
      vertex 5.0813414327e-01 2.8938606657e-01 5.4818661069e-01
      vertex 5.1087210915e-01 2.8661547951e-01 5.0000000000e-01
      vertex 5.3406131121e-01 3.1392812522e-01 5.2434255549e-01
    endloop
  endfacet
  facet normal 7.623048e-01 -6.472182e-01 0.000000e+00
    outer loop
      vertex 5.3406131121e-01 3.1392812522e-01 4.7565744451e-01
      vertex 5.3406131121e-01 3.1392812522e-01 5.2434255549e-01
      vertex 5.1087210915e-01 2.8661547951e-01 5.0000000000e-01
    endloop
  endfacet
  facet normal 8.838505e-01 -5.017104e-02 -4.650712e-01
    outer loop
      vertex 5.5519524251e-01 5.0000000000e-01 3.4228066636e-01
      vertex 5.7451302637e-01 5.0000000000e-01 3.7899339541e-01
      vertex 5.5947880076e-01 4.6063988636e-01 3.5466750738e-01
    endloop
  endfacet
  facet normal 9.395655e-01 -5.000027e-02 -3.386983e-01
    outer loop
      vertex 5.8858150734e-01 5.0000000000e-01 4.1802004133e-01
      vertex 5.7729138018e-01 4.6050338859e-01 3.9253136195e-01
      vertex 5.7451302637e-01 5.0000000000e-01 3.7899339541e-01
    endloop
  endfacet
  facet normal 8.897882e-01 -1.803191e-01 -4.192398e-01
    outer loop
      vertex 5.5880054412e-01 4.2203242610e-01 3.6983343063e-01
      vertex 5.5947880076e-01 4.6063988636e-01 3.5466750738e-01
      vertex 5.7729138018e-01 4.6050338859e-01 3.9253136195e-01
    endloop
  endfacet
  facet normal 9.017047e-01 -8.207030e-02 -4.244916e-01
    outer loop
      vertex 5.7451302637e-01 5.0000000000e-01 3.7899339541e-01
      vertex 5.7729138018e-01 4.6050338859e-01 3.9253136195e-01
      vertex 5.5947880076e-01 4.6063988636e-01 3.5466750738e-01
    endloop
  endfacet
  facet normal 9.963836e-01 -4.950537e-02 -6.905681e-02
    outer loop
      vertex 6.0000000000e-01 5.0000000000e-01 5.0000000000e-01
      vertex 5.9630650218e-01 4.6007866876e-01 4.7532726042e-01
      vertex 5.9713166459e-01 5.0000000000e-01 4.5861432736e-01
    endloop
  endfacet
  facet normal 9.718501e-01 -1.812856e-01 -1.504758e-01
    outer loop
      vertex 5.8531695489e-01 4.2114033318e-01 4.5126204557e-01
      vertex 5.8991777922e-01 4.6016225695e-01 4.3396489176e-01
      vertex 5.9630650218e-01 4.6007866876e-01 4.7532726042e-01
    endloop
  endfacet
  facet normal 9.773256e-01 -4.960764e-02 -2.058489e-01
    outer loop
      vertex 5.8858150734e-01 5.0000000000e-01 4.1802004133e-01
      vertex 5.9713166459e-01 5.0000000000e-01 4.5861432736e-01
      vertex 5.8991777922e-01 4.6016225695e-01 4.3396489176e-01
    endloop
  endfacet
  facet normal 9.847537e-01 -8.410292e-02 -1.522724e-01
    outer loop
      vertex 5.9630650218e-01 4.6007866876e-01 4.7532726042e-01
      vertex 5.8991777922e-01 4.6016225695e-01 4.3396489176e-01
      vertex 5.9713166459e-01 5.0000000000e-01 4.5861432736e-01
    endloop
  endfacet
  facet normal 8.521837e-01 -4.270257e-01 -3.023772e-01
    outer loop
      vertex 5.4270509831e-01 3.5000000000e-01 4.0729490169e-01
      vertex 5.5317344239e-01 3.8491588019e-01 3.8748842976e-01
      vertex 5.6730195726e-01 3.8414378432e-01 4.2839692090e-01
    endloop
  endfacet
  facet normal 8.790876e-01 -3.067980e-01 -3.648012e-01
    outer loop
      vertex 5.5880054412e-01 4.2203242610e-01 3.6983343063e-01
      vertex 5.7487325256e-01 4.2077517480e-01 4.0962233627e-01
      vertex 5.5317344239e-01 3.8491588019e-01 3.8748842976e-01
    endloop
  endfacet
  facet normal 9.233856e-01 -3.081672e-01 -2.288929e-01
    outer loop
      vertex 5.8531695489e-01 4.2114033318e-01 4.5126204557e-01
      vertex 5.6730195726e-01 3.8414378432e-01 4.2839692090e-01
      vertex 5.7487325256e-01 4.2077517480e-01 4.0962233627e-01
    endloop
  endfacet
  facet normal 8.857887e-01 -3.431966e-01 -3.124011e-01
    outer loop
      vertex 5.5317344239e-01 3.8491588019e-01 3.8748842976e-01
      vertex 5.7487325256e-01 4.2077517480e-01 4.0962233627e-01
      vertex 5.6730195726e-01 3.8414378432e-01 4.2839692090e-01
    endloop
  endfacet
  facet normal 9.529505e-01 -8.454536e-02 -2.910970e-01
    outer loop
      vertex 5.8858150734e-01 5.0000000000e-01 4.1802004133e-01
      vertex 5.8991777922e-01 4.6016225695e-01 4.3396489176e-01
      vertex 5.7729138018e-01 4.6050338859e-01 3.9253136195e-01
    endloop
  endfacet
  facet normal 9.474616e-01 -2.162041e-01 -2.357379e-01
    outer loop
      vertex 5.8531695489e-01 4.2114033318e-01 4.5126204557e-01
      vertex 5.7487325256e-01 4.2077517480e-01 4.0962233627e-01
      vertex 5.8991777922e-01 4.6016225695e-01 4.3396489176e-01
    endloop
  endfacet
  facet normal 9.031797e-01 -2.148469e-01 -3.716277e-01
    outer loop
      vertex 5.5880054412e-01 4.2203242610e-01 3.6983343063e-01
      vertex 5.7729138018e-01 4.6050338859e-01 3.9253136195e-01
      vertex 5.7487325256e-01 4.2077517480e-01 4.0962233627e-01
    endloop
  endfacet
  facet normal 9.403266e-01 -1.811510e-01 -2.880454e-01
    outer loop
      vertex 5.8991777922e-01 4.6016225695e-01 4.3396489176e-01
      vertex 5.7487325256e-01 4.2077517480e-01 4.0962233627e-01
      vertex 5.7729138018e-01 4.6050338859e-01 3.9253136195e-01
    endloop
  endfacet
  facet normal 8.838505e-01 -5.017104e-02 4.650712e-01
    outer loop
      vertex 5.5519524251e-01 5.0000000000e-01 6.5771933364e-01
      vertex 5.5947880076e-01 4.6063988636e-01 6.4533249262e-01
      vertex 5.7451302637e-01 5.0000000000e-01 6.2100660459e-01
    endloop
  endfacet
  facet normal 8.897882e-01 -1.803191e-01 4.192398e-01
    outer loop
      vertex 5.5880054412e-01 4.2203242610e-01 6.3016656937e-01
      vertex 5.7729138018e-01 4.6050338859e-01 6.0746863805e-01
      vertex 5.5947880076e-01 4.6063988636e-01 6.4533249262e-01
    endloop
  endfacet
  facet normal 9.395655e-01 -5.000027e-02 3.386983e-01
    outer loop
      vertex 5.8858150734e-01 5.0000000000e-01 5.8197995867e-01
      vertex 5.7451302637e-01 5.0000000000e-01 6.2100660459e-01
      vertex 5.7729138018e-01 4.6050338859e-01 6.0746863805e-01
    endloop
  endfacet
  facet normal 9.017047e-01 -8.207030e-02 4.244916e-01
    outer loop
      vertex 5.5947880076e-01 4.6063988636e-01 6.4533249262e-01
      vertex 5.7729138018e-01 4.6050338859e-01 6.0746863805e-01
      vertex 5.7451302637e-01 5.0000000000e-01 6.2100660459e-01
    endloop
  endfacet
  facet normal 8.521837e-01 -4.270257e-01 3.023772e-01
    outer loop
      vertex 5.4270509831e-01 3.5000000000e-01 5.9270509831e-01
      vertex 5.6730195726e-01 3.8414378432e-01 5.7160307910e-01
      vertex 5.5317344239e-01 3.8491588019e-01 6.1251157024e-01
    endloop
  endfacet
  facet normal 9.233856e-01 -3.081672e-01 2.288929e-01
    outer loop
      vertex 5.8531695489e-01 4.2114033318e-01 5.4873795443e-01
      vertex 5.7487325256e-01 4.2077517480e-01 5.9037766373e-01
      vertex 5.6730195726e-01 3.8414378432e-01 5.7160307910e-01
    endloop
  endfacet
  facet normal 8.790876e-01 -3.067980e-01 3.648012e-01
    outer loop
      vertex 5.5880054412e-01 4.2203242610e-01 6.3016656937e-01
      vertex 5.5317344239e-01 3.8491588019e-01 6.1251157024e-01
      vertex 5.7487325256e-01 4.2077517480e-01 5.9037766373e-01
    endloop
  endfacet
  facet normal 8.857887e-01 -3.431966e-01 3.124011e-01
    outer loop
      vertex 5.6730195726e-01 3.8414378432e-01 5.7160307910e-01
      vertex 5.7487325256e-01 4.2077517480e-01 5.9037766373e-01
      vertex 5.5317344239e-01 3.8491588019e-01 6.1251157024e-01
    endloop
  endfacet
  facet normal 9.963836e-01 -4.950537e-02 6.905681e-02
    outer loop
      vertex 6.0000000000e-01 5.0000000000e-01 5.0000000000e-01
      vertex 5.9713166459e-01 5.0000000000e-01 5.4138567264e-01
      vertex 5.9630650218e-01 4.6007866876e-01 5.2467273958e-01
    endloop
  endfacet
  facet normal 9.773256e-01 -4.960764e-02 2.058489e-01
    outer loop
      vertex 5.8858150734e-01 5.0000000000e-01 5.8197995867e-01
      vertex 5.8991777922e-01 4.6016225695e-01 5.6603510824e-01
      vertex 5.9713166459e-01 5.0000000000e-01 5.4138567264e-01
    endloop
  endfacet
  facet normal 9.718501e-01 -1.812856e-01 1.504758e-01
    outer loop
      vertex 5.8531695489e-01 4.2114033318e-01 5.4873795443e-01
      vertex 5.9630650218e-01 4.6007866876e-01 5.2467273958e-01
      vertex 5.8991777922e-01 4.6016225695e-01 5.6603510824e-01
    endloop
  endfacet
  facet normal 9.847537e-01 -8.410292e-02 1.522724e-01
    outer loop
      vertex 5.9713166459e-01 5.0000000000e-01 5.4138567264e-01
      vertex 5.8991777922e-01 4.6016225695e-01 5.6603510824e-01
      vertex 5.9630650218e-01 4.6007866876e-01 5.2467273958e-01
    endloop
  endfacet
  facet normal 9.031797e-01 -2.148469e-01 3.716277e-01
    outer loop
      vertex 5.5880054412e-01 4.2203242610e-01 6.3016656937e-01
      vertex 5.7487325256e-01 4.2077517480e-01 5.9037766373e-01
      vertex 5.7729138018e-01 4.6050338859e-01 6.0746863805e-01
    endloop
  endfacet
  facet normal 9.474616e-01 -2.162041e-01 2.357379e-01
    outer loop
      vertex 5.8531695489e-01 4.2114033318e-01 5.4873795443e-01
      vertex 5.8991777922e-01 4.6016225695e-01 5.6603510824e-01
      vertex 5.7487325256e-01 4.2077517480e-01 5.9037766373e-01
    endloop
  endfacet
  facet normal 9.529505e-01 -8.454536e-02 2.910970e-01
    outer loop
      vertex 5.8858150734e-01 5.0000000000e-01 5.8197995867e-01
      vertex 5.7729138018e-01 4.6050338859e-01 6.0746863805e-01
      vertex 5.8991777922e-01 4.6016225695e-01 5.6603510824e-01
    endloop
  endfacet
  facet normal 9.403266e-01 -1.811510e-01 2.880454e-01
    outer loop
      vertex 5.7487325256e-01 4.2077517480e-01 5.9037766373e-01
      vertex 5.8991777922e-01 4.6016225695e-01 5.6603510824e-01
      vertex 5.7729138018e-01 4.6050338859e-01 6.0746863805e-01
    endloop
  endfacet
  facet normal 8.516395e-01 -4.694052e-01 -2.331714e-01
    outer loop
      vertex 5.4270509831e-01 3.5000000000e-01 4.0729490169e-01
      vertex 5.6730195726e-01 3.8414378432e-01 4.2839692090e-01
      vertex 5.5205336560e-01 3.4422245308e-01 4.5306966049e-01
    endloop
  endfacet
  facet normal 9.227974e-01 -3.505871e-01 -1.597927e-01
    outer loop
      vertex 5.8531695489e-01 4.2114033318e-01 4.5126204557e-01
      vertex 5.7389474788e-01 3.8011788449e-01 4.7530292599e-01
      vertex 5.6730195726e-01 3.8414378432e-01 4.2839692090e-01
    endloop
  endfacet
  facet normal 8.724736e-01 -4.823363e-01 -7.836719e-02
    outer loop
      vertex 5.5519524251e-01 3.4228066636e-01 5.0000000000e-01
      vertex 5.5205336560e-01 3.4422245308e-01 4.5306966049e-01
      vertex 5.7389474788e-01 3.8011788449e-01 4.7530292599e-01
    endloop
  endfacet
  facet normal 8.843585e-01 -4.378416e-01 -1.618790e-01
    outer loop
      vertex 5.6730195726e-01 3.8414378432e-01 4.2839692090e-01
      vertex 5.7389474788e-01 3.8011788449e-01 4.7530292599e-01
      vertex 5.5205336560e-01 3.4422245308e-01 4.5306966049e-01
    endloop
  endfacet
  facet normal 9.957474e-01 -9.212595e-02 0.000000e+00
    outer loop
      vertex 6.0000000000e-01 5.0000000000e-01 5.0000000000e-01
      vertex 5.9630650218e-01 4.6007866876e-01 5.2467273958e-01
      vertex 5.9630650218e-01 4.6007866876e-01 4.7532726042e-01
    endloop
  endfacet
  facet normal 9.712310e-01 -2.237863e-01 8.142553e-02
    outer loop
      vertex 5.8531695489e-01 4.2114033318e-01 5.4873795443e-01
      vertex 5.8915837904e-01 4.2007858966e-01 5.0000000000e-01
      vertex 5.9630650218e-01 4.6007866876e-01 5.2467273958e-01
    endloop
  endfacet
  facet normal 9.712310e-01 -2.237863e-01 -8.142553e-02
    outer loop
      vertex 5.8531695489e-01 4.2114033318e-01 4.5126204557e-01
      vertex 5.9630650218e-01 4.6007866876e-01 4.7532726042e-01
      vertex 5.8915837904e-01 4.2007858966e-01 5.0000000000e-01
    endloop
  endfacet
  facet normal 9.844052e-01 -1.759159e-01 0.000000e+00
    outer loop
      vertex 5.9630650218e-01 4.6007866876e-01 5.2467273958e-01
      vertex 5.8915837904e-01 4.2007858966e-01 5.0000000000e-01
      vertex 5.9630650218e-01 4.6007866876e-01 4.7532726042e-01
    endloop
  endfacet
  facet normal 8.516395e-01 -4.694052e-01 2.331714e-01
    outer loop
      vertex 5.4270509831e-01 3.5000000000e-01 5.9270509831e-01
      vertex 5.5205336560e-01 3.4422245308e-01 5.4693033951e-01
      vertex 5.6730195726e-01 3.8414378432e-01 5.7160307910e-01
    endloop
  endfacet
  facet normal 8.724736e-01 -4.823363e-01 7.836719e-02
    outer loop
      vertex 5.5519524251e-01 3.4228066636e-01 5.0000000000e-01
      vertex 5.7389474788e-01 3.8011788449e-01 5.2469707401e-01
      vertex 5.5205336560e-01 3.4422245308e-01 5.4693033951e-01
    endloop
  endfacet
  facet normal 9.227974e-01 -3.505871e-01 1.597927e-01
    outer loop
      vertex 5.8531695489e-01 4.2114033318e-01 5.4873795443e-01
      vertex 5.6730195726e-01 3.8414378432e-01 5.7160307910e-01
      vertex 5.7389474788e-01 3.8011788449e-01 5.2469707401e-01
    endloop
  endfacet
  facet normal 8.843585e-01 -4.378416e-01 1.618790e-01
    outer loop
      vertex 5.5205336560e-01 3.4422245308e-01 5.4693033951e-01
      vertex 5.7389474788e-01 3.8011788449e-01 5.2469707401e-01
      vertex 5.6730195726e-01 3.8414378432e-01 5.7160307910e-01
    endloop
  endfacet
  facet normal 9.468068e-01 -3.113353e-01 -8.140770e-02
    outer loop
      vertex 5.8531695489e-01 4.2114033318e-01 4.5126204557e-01
      vertex 5.8915837904e-01 4.2007858966e-01 5.0000000000e-01
      vertex 5.7389474788e-01 3.8011788449e-01 4.7530292599e-01
    endloop
  endfacet
  facet normal 9.468068e-01 -3.113353e-01 8.140770e-02
    outer loop
      vertex 5.8531695489e-01 4.2114033318e-01 5.4873795443e-01
      vertex 5.7389474788e-01 3.8011788449e-01 5.2469707401e-01
      vertex 5.8915837904e-01 4.2007858966e-01 5.0000000000e-01
    endloop
  endfacet
  facet normal 8.964941e-01 -4.430557e-01 0.000000e+00
    outer loop
      vertex 5.5519524251e-01 3.4228066636e-01 5.0000000000e-01
      vertex 5.7389474788e-01 3.8011788449e-01 4.7530292599e-01
      vertex 5.7389474788e-01 3.8011788449e-01 5.2469707401e-01
    endloop
  endfacet
  facet normal 9.341724e-01 -3.568221e-01 0.000000e+00
    outer loop
      vertex 5.8915837904e-01 4.2007858966e-01 5.0000000000e-01
      vertex 5.7389474788e-01 3.8011788449e-01 5.2469707401e-01
      vertex 5.7389474788e-01 3.8011788449e-01 4.7530292599e-01
    endloop
  endfacet
  facet normal 5.017104e-02 -4.650712e-01 8.838505e-01
    outer loop
      vertex 3.0000000000e-01 3.4228066636e-01 7.5519524251e-01
      vertex 3.3936011364e-01 3.5466750738e-01 7.5947880076e-01
      vertex 3.0000000000e-01 3.7899339541e-01 7.7451302637e-01
    endloop
  endfacet
  facet normal 1.803191e-01 -4.192398e-01 8.897882e-01
    outer loop
      vertex 3.7796757390e-01 3.6983343063e-01 7.5880054412e-01
      vertex 3.3949661141e-01 3.9253136195e-01 7.7729138018e-01
      vertex 3.3936011364e-01 3.5466750738e-01 7.5947880076e-01
    endloop
  endfacet
  facet normal 5.000027e-02 -3.386983e-01 9.395655e-01
    outer loop
      vertex 3.0000000000e-01 4.1802004133e-01 7.8858150734e-01
      vertex 3.0000000000e-01 3.7899339541e-01 7.7451302637e-01
      vertex 3.3949661141e-01 3.9253136195e-01 7.7729138018e-01
    endloop
  endfacet
  facet normal 8.207030e-02 -4.244916e-01 9.017047e-01
    outer loop
      vertex 3.3936011364e-01 3.5466750738e-01 7.5947880076e-01
      vertex 3.3949661141e-01 3.9253136195e-01 7.7729138018e-01
      vertex 3.0000000000e-01 3.7899339541e-01 7.7451302637e-01
    endloop
  endfacet
  facet normal 4.270257e-01 -3.023772e-01 8.521837e-01
    outer loop
      vertex 4.5000000000e-01 4.0729490169e-01 7.4270509831e-01
      vertex 4.1585621568e-01 4.2839692090e-01 7.6730195726e-01
      vertex 4.1508411981e-01 3.8748842976e-01 7.5317344239e-01
    endloop
  endfacet
  facet normal 3.081672e-01 -2.288929e-01 9.233856e-01
    outer loop
      vertex 3.7885966682e-01 4.5126204557e-01 7.8531695489e-01
      vertex 3.7922482520e-01 4.0962233627e-01 7.7487325256e-01
      vertex 4.1585621568e-01 4.2839692090e-01 7.6730195726e-01
    endloop
  endfacet
  facet normal 3.067980e-01 -3.648012e-01 8.790876e-01
    outer loop
      vertex 3.7796757390e-01 3.6983343063e-01 7.5880054412e-01
      vertex 4.1508411981e-01 3.8748842976e-01 7.5317344239e-01
      vertex 3.7922482520e-01 4.0962233627e-01 7.7487325256e-01
    endloop
  endfacet
  facet normal 3.431966e-01 -3.124011e-01 8.857887e-01
    outer loop
      vertex 4.1585621568e-01 4.2839692090e-01 7.6730195726e-01
      vertex 3.7922482520e-01 4.0962233627e-01 7.7487325256e-01
      vertex 4.1508411981e-01 3.8748842976e-01 7.5317344239e-01
    endloop
  endfacet
  facet normal 4.950537e-02 -6.905681e-02 9.963836e-01
    outer loop
      vertex 3.0000000000e-01 5.0000000000e-01 8.0000000000e-01
      vertex 3.0000000000e-01 4.5861432736e-01 7.9713166459e-01
      vertex 3.3992133124e-01 4.7532726042e-01 7.9630650218e-01
    endloop
  endfacet
  facet normal 4.960764e-02 -2.058489e-01 9.773256e-01
    outer loop
      vertex 3.0000000000e-01 4.1802004133e-01 7.8858150734e-01
      vertex 3.3983774305e-01 4.3396489176e-01 7.8991777922e-01
      vertex 3.0000000000e-01 4.5861432736e-01 7.9713166459e-01
    endloop
  endfacet
  facet normal 1.812856e-01 -1.504758e-01 9.718501e-01
    outer loop
      vertex 3.7885966682e-01 4.5126204557e-01 7.8531695489e-01
      vertex 3.3992133124e-01 4.7532726042e-01 7.9630650218e-01
      vertex 3.3983774305e-01 4.3396489176e-01 7.8991777922e-01
    endloop
  endfacet
  facet normal 8.410292e-02 -1.522724e-01 9.847537e-01
    outer loop
      vertex 3.0000000000e-01 4.5861432736e-01 7.9713166459e-01
      vertex 3.3983774305e-01 4.3396489176e-01 7.8991777922e-01
      vertex 3.3992133124e-01 4.7532726042e-01 7.9630650218e-01
    endloop
  endfacet
  facet normal 2.148469e-01 -3.716277e-01 9.031797e-01
    outer loop
      vertex 3.7796757390e-01 3.6983343063e-01 7.5880054412e-01
      vertex 3.7922482520e-01 4.0962233627e-01 7.7487325256e-01
      vertex 3.3949661141e-01 3.9253136195e-01 7.7729138018e-01
    endloop
  endfacet
  facet normal 2.162041e-01 -2.357379e-01 9.474616e-01
    outer loop
      vertex 3.7885966682e-01 4.5126204557e-01 7.8531695489e-01
      vertex 3.3983774305e-01 4.3396489176e-01 7.8991777922e-01
      vertex 3.7922482520e-01 4.0962233627e-01 7.7487325256e-01
    endloop
  endfacet
  facet normal 8.454536e-02 -2.910970e-01 9.529505e-01
    outer loop
      vertex 3.0000000000e-01 4.1802004133e-01 7.8858150734e-01
      vertex 3.3949661141e-01 3.9253136195e-01 7.7729138018e-01
      vertex 3.3983774305e-01 4.3396489176e-01 7.8991777922e-01
    endloop
  endfacet
  facet normal 1.811510e-01 -2.880454e-01 9.403266e-01
    outer loop
      vertex 3.7922482520e-01 4.0962233627e-01 7.7487325256e-01
      vertex 3.3983774305e-01 4.3396489176e-01 7.8991777922e-01
      vertex 3.3949661141e-01 3.9253136195e-01 7.7729138018e-01
    endloop
  endfacet
  facet normal 8.026720e-01 0.000000e+00 5.964207e-01
    outer loop
      vertex 5.5519524251e-01 5.0000000000e-01 6.5771933364e-01
      vertex 5.3515291273e-01 5.2432588803e-01 6.8469260626e-01
      vertex 5.3515291273e-01 4.7567411197e-01 6.8469260626e-01
    endloop
  endfacet
  facet normal 7.283445e-01 8.054149e-02 6.804611e-01
    outer loop
      vertex 5.1061393343e-01 5.4818661069e-01 7.0813414327e-01
      vertex 5.1338452049e-01 5.0000000000e-01 7.1087210915e-01
      vertex 5.3515291273e-01 5.2432588803e-01 6.8469260626e-01
    endloop
  endfacet
  facet normal 7.283445e-01 -8.054149e-02 6.804611e-01
    outer loop
      vertex 5.1061393343e-01 4.5181338931e-01 7.0813414327e-01
      vertex 5.3515291273e-01 4.7567411197e-01 6.8469260626e-01
      vertex 5.1338452049e-01 5.0000000000e-01 7.1087210915e-01
    endloop
  endfacet
  facet normal 7.689122e-01 0.000000e+00 6.393544e-01
    outer loop
      vertex 5.3515291273e-01 5.2432588803e-01 6.8469260626e-01
      vertex 5.1338452049e-01 5.0000000000e-01 7.1087210915e-01
      vertex 5.3515291273e-01 4.7567411197e-01 6.8469260626e-01
    endloop
  endfacet
  facet normal 5.387620e-01 2.333204e-01 8.095043e-01
    outer loop
      vertex 4.5000000000e-01 5.9270509831e-01 7.4270509831e-01
      vertex 4.5577754692e-01 5.4693033951e-01 7.5205336560e-01
      vertex 4.8204754478e-01 5.7112589761e-01 7.2759569005e-01
    endloop
  endfacet
  facet normal 5.516422e-01 7.841715e-02 8.303865e-01
    outer loop
      vertex 4.5771933364e-01 5.0000000000e-01 7.5519524251e-01
      vertex 4.8607187478e-01 5.2434255549e-01 7.3406131121e-01
      vertex 4.5577754692e-01 5.4693033951e-01 7.5205336560e-01
    endloop
  endfacet
  facet normal 6.398684e-01 1.589524e-01 7.518660e-01
    outer loop
      vertex 5.1061393343e-01 5.4818661069e-01 7.0813414327e-01
      vertex 4.8204754478e-01 5.7112589761e-01 7.2759569005e-01
      vertex 4.8607187478e-01 5.2434255549e-01 7.3406131121e-01
    endloop
  endfacet
  facet normal 5.895786e-01 1.601287e-01 7.916792e-01
    outer loop
      vertex 4.5577754692e-01 5.4693033951e-01 7.5205336560e-01
      vertex 4.8607187478e-01 5.2434255549e-01 7.3406131121e-01
      vertex 4.8204754478e-01 5.7112589761e-01 7.2759569005e-01
    endloop
  endfacet
  facet normal 5.387620e-01 -2.333204e-01 8.095043e-01
    outer loop
      vertex 4.5000000000e-01 4.0729490169e-01 7.4270509831e-01
      vertex 4.8204754478e-01 4.2887410239e-01 7.2759569005e-01
      vertex 4.5577754692e-01 4.5306966049e-01 7.5205336560e-01
    endloop
  endfacet
  facet normal 6.398684e-01 -1.589524e-01 7.518660e-01
    outer loop
      vertex 5.1061393343e-01 4.5181338931e-01 7.0813414327e-01
      vertex 4.8607187478e-01 4.7565744451e-01 7.3406131121e-01
      vertex 4.8204754478e-01 4.2887410239e-01 7.2759569005e-01
    endloop
  endfacet
  facet normal 5.516422e-01 -7.841715e-02 8.303865e-01
    outer loop
      vertex 4.5771933364e-01 5.0000000000e-01 7.5519524251e-01
      vertex 4.5577754692e-01 4.5306966049e-01 7.5205336560e-01
      vertex 4.8607187478e-01 4.7565744451e-01 7.3406131121e-01
    endloop
  endfacet
  facet normal 5.895786e-01 -1.601287e-01 7.916792e-01
    outer loop
      vertex 4.8204754478e-01 4.2887410239e-01 7.2759569005e-01
      vertex 4.8607187478e-01 4.7565744451e-01 7.3406131121e-01
      vertex 4.5577754692e-01 4.5306966049e-01 7.5205336560e-01
    endloop
  endfacet
  facet normal 6.858517e-01 8.053079e-02 7.232719e-01
    outer loop
      vertex 5.1061393343e-01 5.4818661069e-01 7.0813414327e-01
      vertex 4.8607187478e-01 5.2434255549e-01 7.3406131121e-01
      vertex 5.1338452049e-01 5.0000000000e-01 7.1087210915e-01
    endloop
  endfacet
  facet normal 5.976360e-01 0.000000e+00 8.017675e-01
    outer loop
      vertex 4.5771933364e-01 5.0000000000e-01 7.5519524251e-01
      vertex 4.8607187478e-01 4.7565744451e-01 7.3406131121e-01
      vertex 4.8607187478e-01 5.2434255549e-01 7.3406131121e-01
    endloop
  endfacet
  facet normal 6.858517e-01 -8.053079e-02 7.232719e-01
    outer loop
      vertex 5.1061393343e-01 4.5181338931e-01 7.0813414327e-01
      vertex 5.1338452049e-01 5.0000000000e-01 7.1087210915e-01
      vertex 4.8607187478e-01 4.7565744451e-01 7.3406131121e-01
    endloop
  endfacet
  facet normal 6.472182e-01 0.000000e+00 7.623048e-01
    outer loop
      vertex 4.8607187478e-01 5.2434255549e-01 7.3406131121e-01
      vertex 4.8607187478e-01 4.7565744451e-01 7.3406131121e-01
      vertex 5.1338452049e-01 5.0000000000e-01 7.1087210915e-01
    endloop
  endfacet
  facet normal 5.017104e-02 4.650712e-01 8.838505e-01
    outer loop
      vertex 3.0000000000e-01 6.5771933364e-01 7.5519524251e-01
      vertex 3.0000000000e-01 6.2100660459e-01 7.7451302637e-01
      vertex 3.3936011364e-01 6.4533249262e-01 7.5947880076e-01
    endloop
  endfacet
  facet normal 5.000027e-02 3.386983e-01 9.395655e-01
    outer loop
      vertex 3.0000000000e-01 5.8197995867e-01 7.8858150734e-01
      vertex 3.3949661141e-01 6.0746863805e-01 7.7729138018e-01
      vertex 3.0000000000e-01 6.2100660459e-01 7.7451302637e-01
    endloop
  endfacet
  facet normal 1.803191e-01 4.192398e-01 8.897882e-01
    outer loop
      vertex 3.7796757390e-01 6.3016656937e-01 7.5880054412e-01
      vertex 3.3936011364e-01 6.4533249262e-01 7.5947880076e-01
      vertex 3.3949661141e-01 6.0746863805e-01 7.7729138018e-01
    endloop
  endfacet
  facet normal 8.207030e-02 4.244916e-01 9.017047e-01
    outer loop
      vertex 3.0000000000e-01 6.2100660459e-01 7.7451302637e-01
      vertex 3.3949661141e-01 6.0746863805e-01 7.7729138018e-01
      vertex 3.3936011364e-01 6.4533249262e-01 7.5947880076e-01
    endloop
  endfacet
  facet normal 4.950537e-02 6.905681e-02 9.963836e-01
    outer loop
      vertex 3.0000000000e-01 5.0000000000e-01 8.0000000000e-01
      vertex 3.3992133124e-01 5.2467273958e-01 7.9630650218e-01
      vertex 3.0000000000e-01 5.4138567264e-01 7.9713166459e-01
    endloop
  endfacet
  facet normal 1.812856e-01 1.504758e-01 9.718501e-01
    outer loop
      vertex 3.7885966682e-01 5.4873795443e-01 7.8531695489e-01
      vertex 3.3983774305e-01 5.6603510824e-01 7.8991777922e-01
      vertex 3.3992133124e-01 5.2467273958e-01 7.9630650218e-01
    endloop
  endfacet
  facet normal 4.960764e-02 2.058489e-01 9.773256e-01
    outer loop
      vertex 3.0000000000e-01 5.8197995867e-01 7.8858150734e-01
      vertex 3.0000000000e-01 5.4138567264e-01 7.9713166459e-01
      vertex 3.3983774305e-01 5.6603510824e-01 7.8991777922e-01
    endloop
  endfacet
  facet normal 8.410292e-02 1.522724e-01 9.847537e-01
    outer loop
      vertex 3.3992133124e-01 5.2467273958e-01 7.9630650218e-01
      vertex 3.3983774305e-01 5.6603510824e-01 7.8991777922e-01
      vertex 3.0000000000e-01 5.4138567264e-01 7.9713166459e-01
    endloop
  endfacet
  facet normal 4.270257e-01 3.023772e-01 8.521837e-01
    outer loop
      vertex 4.5000000000e-01 5.9270509831e-01 7.4270509831e-01
      vertex 4.1508411981e-01 6.1251157024e-01 7.5317344239e-01
      vertex 4.1585621568e-01 5.7160307910e-01 7.6730195726e-01
    endloop
  endfacet
  facet normal 3.067980e-01 3.648012e-01 8.790876e-01
    outer loop
      vertex 3.7796757390e-01 6.3016656937e-01 7.5880054412e-01
      vertex 3.7922482520e-01 5.9037766373e-01 7.7487325256e-01
      vertex 4.1508411981e-01 6.1251157024e-01 7.5317344239e-01
    endloop
  endfacet
  facet normal 3.081672e-01 2.288929e-01 9.233856e-01
    outer loop
      vertex 3.7885966682e-01 5.4873795443e-01 7.8531695489e-01
      vertex 4.1585621568e-01 5.7160307910e-01 7.6730195726e-01
      vertex 3.7922482520e-01 5.9037766373e-01 7.7487325256e-01
    endloop
  endfacet
  facet normal 3.431966e-01 3.124011e-01 8.857887e-01
    outer loop
      vertex 4.1508411981e-01 6.1251157024e-01 7.5317344239e-01
      vertex 3.7922482520e-01 5.9037766373e-01 7.7487325256e-01
      vertex 4.1585621568e-01 5.7160307910e-01 7.6730195726e-01
    endloop
  endfacet
  facet normal 8.454536e-02 2.910970e-01 9.529505e-01
    outer loop
      vertex 3.0000000000e-01 5.8197995867e-01 7.8858150734e-01
      vertex 3.3983774305e-01 5.6603510824e-01 7.8991777922e-01
      vertex 3.3949661141e-01 6.0746863805e-01 7.7729138018e-01
    endloop
  endfacet
  facet normal 2.162041e-01 2.357379e-01 9.474616e-01
    outer loop
      vertex 3.7885966682e-01 5.4873795443e-01 7.8531695489e-01
      vertex 3.7922482520e-01 5.9037766373e-01 7.7487325256e-01
      vertex 3.3983774305e-01 5.6603510824e-01 7.8991777922e-01
    endloop
  endfacet
  facet normal 2.148469e-01 3.716277e-01 9.031797e-01
    outer loop
      vertex 3.7796757390e-01 6.3016656937e-01 7.5880054412e-01
      vertex 3.3949661141e-01 6.0746863805e-01 7.7729138018e-01
      vertex 3.7922482520e-01 5.9037766373e-01 7.7487325256e-01
    endloop
  endfacet
  facet normal 1.811510e-01 2.880454e-01 9.403266e-01
    outer loop
      vertex 3.3983774305e-01 5.6603510824e-01 7.8991777922e-01
      vertex 3.7922482520e-01 5.9037766373e-01 7.7487325256e-01
      vertex 3.3949661141e-01 6.0746863805e-01 7.7729138018e-01
    endloop
  endfacet
  facet normal 4.694052e-01 -2.331714e-01 8.516395e-01
    outer loop
      vertex 4.5000000000e-01 4.0729490169e-01 7.4270509831e-01
      vertex 4.5577754692e-01 4.5306966049e-01 7.5205336560e-01
      vertex 4.1585621568e-01 4.2839692090e-01 7.6730195726e-01
    endloop
  endfacet
  facet normal 4.823363e-01 -7.836719e-02 8.724736e-01
    outer loop
      vertex 4.5771933364e-01 5.0000000000e-01 7.5519524251e-01
      vertex 4.1988211551e-01 4.7530292599e-01 7.7389474788e-01
      vertex 4.5577754692e-01 4.5306966049e-01 7.5205336560e-01
    endloop
  endfacet
  facet normal 3.505871e-01 -1.597927e-01 9.227974e-01
    outer loop
      vertex 3.7885966682e-01 4.5126204557e-01 7.8531695489e-01
      vertex 4.1585621568e-01 4.2839692090e-01 7.6730195726e-01
      vertex 4.1988211551e-01 4.7530292599e-01 7.7389474788e-01
    endloop
  endfacet
  facet normal 4.378416e-01 -1.618790e-01 8.843585e-01
    outer loop
      vertex 4.5577754692e-01 4.5306966049e-01 7.5205336560e-01
      vertex 4.1988211551e-01 4.7530292599e-01 7.7389474788e-01
      vertex 4.1585621568e-01 4.2839692090e-01 7.6730195726e-01
    endloop
  endfacet
  facet normal 4.694052e-01 2.331714e-01 8.516395e-01
    outer loop
      vertex 4.5000000000e-01 5.9270509831e-01 7.4270509831e-01
      vertex 4.1585621568e-01 5.7160307910e-01 7.6730195726e-01
      vertex 4.5577754692e-01 5.4693033951e-01 7.5205336560e-01
    endloop
  endfacet
  facet normal 3.505871e-01 1.597927e-01 9.227974e-01
    outer loop
      vertex 3.7885966682e-01 5.4873795443e-01 7.8531695489e-01
      vertex 4.1988211551e-01 5.2469707401e-01 7.7389474788e-01
      vertex 4.1585621568e-01 5.7160307910e-01 7.6730195726e-01
    endloop
  endfacet
  facet normal 4.823363e-01 7.836719e-02 8.724736e-01
    outer loop
      vertex 4.5771933364e-01 5.0000000000e-01 7.5519524251e-01
      vertex 4.5577754692e-01 5.4693033951e-01 7.5205336560e-01
      vertex 4.1988211551e-01 5.2469707401e-01 7.7389474788e-01
    endloop
  endfacet
  facet normal 4.378416e-01 1.618790e-01 8.843585e-01
    outer loop
      vertex 4.1585621568e-01 5.7160307910e-01 7.6730195726e-01
      vertex 4.1988211551e-01 5.2469707401e-01 7.7389474788e-01
      vertex 4.5577754692e-01 5.4693033951e-01 7.5205336560e-01
    endloop
  endfacet
  facet normal 9.212595e-02 0.000000e+00 9.957474e-01
    outer loop
      vertex 3.0000000000e-01 5.0000000000e-01 8.0000000000e-01
      vertex 3.3992133124e-01 4.7532726042e-01 7.9630650218e-01
      vertex 3.3992133124e-01 5.2467273958e-01 7.9630650218e-01
    endloop
  endfacet
  facet normal 2.237863e-01 -8.142553e-02 9.712310e-01
    outer loop
      vertex 3.7885966682e-01 4.5126204557e-01 7.8531695489e-01
      vertex 3.7992141034e-01 5.0000000000e-01 7.8915837904e-01
      vertex 3.3992133124e-01 4.7532726042e-01 7.9630650218e-01
    endloop
  endfacet
  facet normal 2.237863e-01 8.142553e-02 9.712310e-01
    outer loop
      vertex 3.7885966682e-01 5.4873795443e-01 7.8531695489e-01
      vertex 3.3992133124e-01 5.2467273958e-01 7.9630650218e-01
      vertex 3.7992141034e-01 5.0000000000e-01 7.8915837904e-01
    endloop
  endfacet
  facet normal 1.759159e-01 -0.000000e+00 9.844052e-01
    outer loop
      vertex 3.3992133124e-01 4.7532726042e-01 7.9630650218e-01
      vertex 3.7992141034e-01 5.0000000000e-01 7.8915837904e-01
      vertex 3.3992133124e-01 5.2467273958e-01 7.9630650218e-01
    endloop
  endfacet
  facet normal 4.430557e-01 0.000000e+00 8.964941e-01
    outer loop
      vertex 4.5771933364e-01 5.0000000000e-01 7.5519524251e-01
      vertex 4.1988211551e-01 5.2469707401e-01 7.7389474788e-01
      vertex 4.1988211551e-01 4.7530292599e-01 7.7389474788e-01
    endloop
  endfacet
  facet normal 3.113353e-01 8.140770e-02 9.468068e-01
    outer loop
      vertex 3.7885966682e-01 5.4873795443e-01 7.8531695489e-01
      vertex 3.7992141034e-01 5.0000000000e-01 7.8915837904e-01
      vertex 4.1988211551e-01 5.2469707401e-01 7.7389474788e-01
    endloop
  endfacet
  facet normal 3.113353e-01 -8.140770e-02 9.468068e-01
    outer loop
      vertex 3.7885966682e-01 4.5126204557e-01 7.8531695489e-01
      vertex 4.1988211551e-01 4.7530292599e-01 7.7389474788e-01
      vertex 3.7992141034e-01 5.0000000000e-01 7.8915837904e-01
    endloop
  endfacet
  facet normal 3.568221e-01 0.000000e+00 9.341724e-01
    outer loop
      vertex 4.1988211551e-01 5.2469707401e-01 7.7389474788e-01
      vertex 3.7992141034e-01 5.0000000000e-01 7.8915837904e-01
      vertex 4.1988211551e-01 4.7530292599e-01 7.7389474788e-01
    endloop
  endfacet
  facet normal -5.462496e-01 -8.336794e-01 8.117845e-02
    outer loop
      vertex 1.4228066636e-01 2.4480475749e-01 5.0000000000e-01
      vertex 1.5466750738e-01 2.4052119924e-01 5.3936011364e-01
      vertex 1.1530739374e-01 2.6484708727e-01 5.2432588803e-01
    endloop
  endfacet
  facet normal -5.001420e-01 -8.397879e-01 2.112210e-01
    outer loop
      vertex 1.6983343063e-01 2.4119945588e-01 5.7796757390e-01
      vertex 1.2862450226e-01 2.6220523122e-01 5.6390685969e-01
      vertex 1.5466750738e-01 2.4052119924e-01 5.3936011364e-01
    endloop
  endfacet
  facet normal -6.304608e-01 -7.592464e-01 1.614436e-01
    outer loop
      vertex 9.1865856732e-02 2.8938606657e-01 5.4818661069e-01
      vertex 1.1530739374e-01 2.6484708727e-01 5.2432588803e-01
      vertex 1.2862450226e-01 2.6220523122e-01 5.6390685969e-01
    endloop
  endfacet
  facet normal -5.572841e-01 -8.196344e-01 1.327925e-01
    outer loop
      vertex 1.5466750738e-01 2.4052119924e-01 5.3936011364e-01
      vertex 1.2862450226e-01 2.6220523122e-01 5.6390685969e-01
      vertex 1.1530739374e-01 2.6484708727e-01 5.2432588803e-01
    endloop
  endfacet
  facet normal -3.824786e-01 -8.026783e-01 4.576217e-01
    outer loop
      vertex 2.0729490169e-01 2.5729490169e-01 6.5000000000e-01
      vertex 1.6380285008e-01 2.7261937399e-01 6.4052895526e-01
      vertex 1.8748842976e-01 2.4682655761e-01 6.1508411981e-01
    endloop
  endfacet
  facet normal -5.222192e-01 -7.421000e-01 4.202079e-01
    outer loop
      vertex 1.2366442431e-01 2.9354271193e-01 6.2759762125e-01
      vertex 1.4516351398e-01 2.6496449049e-01 6.0384590444e-01
      vertex 1.6380285008e-01 2.7261937399e-01 6.4052895526e-01
    endloop
  endfacet
  facet normal -4.450681e-01 -8.294800e-01 3.374572e-01
    outer loop
      vertex 1.6983343063e-01 2.4119945588e-01 5.7796757390e-01
      vertex 1.8748842976e-01 2.4682655761e-01 6.1508411981e-01
      vertex 1.4516351398e-01 2.6496449049e-01 6.0384590444e-01
    endloop
  endfacet
  facet normal -4.484825e-01 -8.016858e-01 3.951751e-01
    outer loop
      vertex 1.6380285008e-01 2.7261937399e-01 6.4052895526e-01
      vertex 1.4516351398e-01 2.6496449049e-01 6.0384590444e-01
      vertex 1.8748842976e-01 2.4682655761e-01 6.1508411981e-01
    endloop
  endfacet
  facet normal -7.599989e-01 -5.693580e-01 3.134218e-01
    outer loop
      vertex 5.7294901688e-02 3.5000000000e-01 5.9270509831e-01
      vertex 7.2404309951e-02 3.1795245522e-01 5.7112589761e-01
      vertex 8.7867965644e-02 3.1954971350e-01 6.1152441034e-01
    endloop
  endfacet
  facet normal -7.022584e-01 -6.705276e-01 2.392192e-01
    outer loop
      vertex 9.1865856732e-02 2.8938606657e-01 5.4818661069e-01
      vertex 1.0577643184e-01 2.8930704598e-01 5.8880137777e-01
      vertex 7.2404309951e-02 3.1795245522e-01 5.7112589761e-01
    endloop
  endfacet
  facet normal -6.491008e-01 -6.636828e-01 3.717435e-01
    outer loop
      vertex 1.2366442431e-01 2.9354271193e-01 6.2759762125e-01
      vertex 8.7867965644e-02 3.1954971350e-01 6.1152441034e-01
      vertex 1.0577643184e-01 2.8930704598e-01 5.8880137777e-01
    endloop
  endfacet
  facet normal -7.075762e-01 -6.415571e-01 2.962101e-01
    outer loop
      vertex 7.2404309951e-02 3.1795245522e-01 5.7112589761e-01
      vertex 1.0577643184e-01 2.8930704598e-01 5.8880137777e-01
      vertex 8.7867965644e-02 3.1954971350e-01 6.1152441034e-01
    endloop
  endfacet
  facet normal -5.084250e-01 -8.186344e-01 2.670988e-01
    outer loop
      vertex 1.6983343063e-01 2.4119945588e-01 5.7796757390e-01
      vertex 1.4516351398e-01 2.6496449049e-01 6.0384590444e-01
      vertex 1.2862450226e-01 2.6220523122e-01 5.6390685969e-01
    endloop
  endfacet
  facet normal -5.855635e-01 -7.312575e-01 3.498255e-01
    outer loop
      vertex 1.2366442431e-01 2.9354271193e-01 6.2759762125e-01
      vertex 1.0577643184e-01 2.8930704598e-01 5.8880137777e-01
      vertex 1.4516351398e-01 2.6496449049e-01 6.0384590444e-01
    endloop
  endfacet
  facet normal -6.387266e-01 -7.381036e-01 2.173281e-01
    outer loop
      vertex 9.1865856732e-02 2.8938606657e-01 5.4818661069e-01
      vertex 1.2862450226e-01 2.6220523122e-01 5.6390685969e-01
      vertex 1.0577643184e-01 2.8930704598e-01 5.8880137777e-01
    endloop
  endfacet
  facet normal -5.811538e-01 -7.591756e-01 2.931085e-01
    outer loop
      vertex 1.4516351398e-01 2.6496449049e-01 6.0384590444e-01
      vertex 1.0577643184e-01 2.8930704598e-01 5.8880137777e-01
      vertex 1.2862450226e-01 2.6220523122e-01 5.6390685969e-01
    endloop
  endfacet
  facet normal -8.117845e-02 -5.462496e-01 8.336794e-01
    outer loop
      vertex 3.0000000000e-01 3.4228066636e-01 7.5519524251e-01
      vertex 2.6063988636e-01 3.5466750738e-01 7.5947880076e-01
      vertex 2.7567411197e-01 3.1530739374e-01 7.3515291273e-01
    endloop
  endfacet
  facet normal -2.112210e-01 -5.001420e-01 8.397879e-01
    outer loop
      vertex 2.2203242610e-01 3.6983343063e-01 7.5880054412e-01
      vertex 2.3609314031e-01 3.2862450226e-01 7.3779476878e-01
      vertex 2.6063988636e-01 3.5466750738e-01 7.5947880076e-01
    endloop
  endfacet
  facet normal -1.614436e-01 -6.304608e-01 7.592464e-01
    outer loop
      vertex 2.5181338931e-01 2.9186585673e-01 7.1061393343e-01
      vertex 2.7567411197e-01 3.1530739374e-01 7.3515291273e-01
      vertex 2.3609314031e-01 3.2862450226e-01 7.3779476878e-01
    endloop
  endfacet
  facet normal -1.327925e-01 -5.572841e-01 8.196344e-01
    outer loop
      vertex 2.6063988636e-01 3.5466750738e-01 7.5947880076e-01
      vertex 2.3609314031e-01 3.2862450226e-01 7.3779476878e-01
      vertex 2.7567411197e-01 3.1530739374e-01 7.3515291273e-01
    endloop
  endfacet
  facet normal -4.576217e-01 -3.824786e-01 8.026783e-01
    outer loop
      vertex 1.5000000000e-01 4.0729490169e-01 7.4270509831e-01
      vertex 1.5947104474e-01 3.6380285008e-01 7.2738062601e-01
      vertex 1.8491588019e-01 3.8748842976e-01 7.5317344239e-01
    endloop
  endfacet
  facet normal -4.202079e-01 -5.222192e-01 7.421000e-01
    outer loop
      vertex 1.7240237875e-01 3.2366442431e-01 7.0645728807e-01
      vertex 1.9615409556e-01 3.4516351398e-01 7.3503550951e-01
      vertex 1.5947104474e-01 3.6380285008e-01 7.2738062601e-01
    endloop
  endfacet
  facet normal -3.374572e-01 -4.450681e-01 8.294800e-01
    outer loop
      vertex 2.2203242610e-01 3.6983343063e-01 7.5880054412e-01
      vertex 1.8491588019e-01 3.8748842976e-01 7.5317344239e-01
      vertex 1.9615409556e-01 3.4516351398e-01 7.3503550951e-01
    endloop
  endfacet
  facet normal -3.951751e-01 -4.484825e-01 8.016858e-01
    outer loop
      vertex 1.5947104474e-01 3.6380285008e-01 7.2738062601e-01
      vertex 1.9615409556e-01 3.4516351398e-01 7.3503550951e-01
      vertex 1.8491588019e-01 3.8748842976e-01 7.5317344239e-01
    endloop
  endfacet
  facet normal -3.134218e-01 -7.599989e-01 5.693580e-01
    outer loop
      vertex 2.0729490169e-01 2.5729490169e-01 6.5000000000e-01
      vertex 2.2887410239e-01 2.7240430995e-01 6.8204754478e-01
      vertex 1.8847558966e-01 2.8786796564e-01 6.8045028650e-01
    endloop
  endfacet
  facet normal -2.392192e-01 -7.022584e-01 6.705276e-01
    outer loop
      vertex 2.5181338931e-01 2.9186585673e-01 7.1061393343e-01
      vertex 2.1119862223e-01 3.0577643184e-01 7.1069295402e-01
      vertex 2.2887410239e-01 2.7240430995e-01 6.8204754478e-01
    endloop
  endfacet
  facet normal -3.717435e-01 -6.491008e-01 6.636828e-01
    outer loop
      vertex 1.7240237875e-01 3.2366442431e-01 7.0645728807e-01
      vertex 1.8847558966e-01 2.8786796564e-01 6.8045028650e-01
      vertex 2.1119862223e-01 3.0577643184e-01 7.1069295402e-01
    endloop
  endfacet
  facet normal -2.962101e-01 -7.075762e-01 6.415571e-01
    outer loop
      vertex 2.2887410239e-01 2.7240430995e-01 6.8204754478e-01
      vertex 2.1119862223e-01 3.0577643184e-01 7.1069295402e-01
      vertex 1.8847558966e-01 2.8786796564e-01 6.8045028650e-01
    endloop
  endfacet
  facet normal -2.670988e-01 -5.084250e-01 8.186344e-01
    outer loop
      vertex 2.2203242610e-01 3.6983343063e-01 7.5880054412e-01
      vertex 1.9615409556e-01 3.4516351398e-01 7.3503550951e-01
      vertex 2.3609314031e-01 3.2862450226e-01 7.3779476878e-01
    endloop
  endfacet
  facet normal -3.498255e-01 -5.855635e-01 7.312575e-01
    outer loop
      vertex 1.7240237875e-01 3.2366442431e-01 7.0645728807e-01
      vertex 2.1119862223e-01 3.0577643184e-01 7.1069295402e-01
      vertex 1.9615409556e-01 3.4516351398e-01 7.3503550951e-01
    endloop
  endfacet
  facet normal -2.173281e-01 -6.387266e-01 7.381036e-01
    outer loop
      vertex 2.5181338931e-01 2.9186585673e-01 7.1061393343e-01
      vertex 2.3609314031e-01 3.2862450226e-01 7.3779476878e-01
      vertex 2.1119862223e-01 3.0577643184e-01 7.1069295402e-01
    endloop
  endfacet
  facet normal -2.931085e-01 -5.811538e-01 7.591756e-01
    outer loop
      vertex 1.9615409556e-01 3.4516351398e-01 7.3503550951e-01
      vertex 2.1119862223e-01 3.0577643184e-01 7.1069295402e-01
      vertex 2.3609314031e-01 3.2862450226e-01 7.3779476878e-01
    endloop
  endfacet
  facet normal -8.336794e-01 -8.117845e-02 5.462496e-01
    outer loop
      vertex 4.4804757494e-02 5.0000000000e-01 6.5771933364e-01
      vertex 4.0521199241e-02 4.6063988636e-01 6.4533249262e-01
      vertex 6.4847087274e-02 4.7567411197e-01 6.8469260626e-01
    endloop
  endfacet
  facet normal -8.397879e-01 -2.112210e-01 5.001420e-01
    outer loop
      vertex 4.1199455875e-02 4.2203242610e-01 6.3016656937e-01
      vertex 6.2205231222e-02 4.3609314031e-01 6.7137549774e-01
      vertex 4.0521199241e-02 4.6063988636e-01 6.4533249262e-01
    endloop
  endfacet
  facet normal -7.592464e-01 -1.614436e-01 6.304608e-01
    outer loop
      vertex 8.9386066567e-02 4.5181338931e-01 7.0813414327e-01
      vertex 6.4847087274e-02 4.7567411197e-01 6.8469260626e-01
      vertex 6.2205231222e-02 4.3609314031e-01 6.7137549774e-01
    endloop
  endfacet
  facet normal -8.196344e-01 -1.327925e-01 5.572841e-01
    outer loop
      vertex 4.0521199241e-02 4.6063988636e-01 6.4533249262e-01
      vertex 6.2205231222e-02 4.3609314031e-01 6.7137549774e-01
      vertex 6.4847087274e-02 4.7567411197e-01 6.8469260626e-01
    endloop
  endfacet
  facet normal -8.026783e-01 -4.576217e-01 3.824786e-01
    outer loop
      vertex 5.7294901688e-02 3.5000000000e-01 5.9270509831e-01
      vertex 7.2619373986e-02 3.5947104474e-01 6.3619714992e-01
      vertex 4.6826557613e-02 3.8491588019e-01 6.1251157024e-01
    endloop
  endfacet
  facet normal -7.421000e-01 -4.202079e-01 5.222192e-01
    outer loop
      vertex 9.3542711929e-02 3.7240237875e-01 6.7633557569e-01
      vertex 6.4964490491e-02 3.9615409556e-01 6.5483648602e-01
      vertex 7.2619373986e-02 3.5947104474e-01 6.3619714992e-01
    endloop
  endfacet
  facet normal -8.294800e-01 -3.374572e-01 4.450681e-01
    outer loop
      vertex 4.1199455875e-02 4.2203242610e-01 6.3016656937e-01
      vertex 4.6826557613e-02 3.8491588019e-01 6.1251157024e-01
      vertex 6.4964490491e-02 3.9615409556e-01 6.5483648602e-01
    endloop
  endfacet
  facet normal -8.016858e-01 -3.951751e-01 4.484825e-01
    outer loop
      vertex 7.2619373986e-02 3.5947104474e-01 6.3619714992e-01
      vertex 6.4964490491e-02 3.9615409556e-01 6.5483648602e-01
      vertex 4.6826557613e-02 3.8491588019e-01 6.1251157024e-01
    endloop
  endfacet
  facet normal -5.693580e-01 -3.134218e-01 7.599989e-01
    outer loop
      vertex 1.5000000000e-01 4.0729490169e-01 7.4270509831e-01
      vertex 1.1795245522e-01 4.2887410239e-01 7.2759569005e-01
      vertex 1.1954971350e-01 3.8847558966e-01 7.1213203436e-01
    endloop
  endfacet
  facet normal -6.705276e-01 -2.392192e-01 7.022584e-01
    outer loop
      vertex 8.9386066567e-02 4.5181338931e-01 7.0813414327e-01
      vertex 8.9307045977e-02 4.1119862223e-01 6.9422356816e-01
      vertex 1.1795245522e-01 4.2887410239e-01 7.2759569005e-01
    endloop
  endfacet
  facet normal -6.636828e-01 -3.717435e-01 6.491008e-01
    outer loop
      vertex 9.3542711929e-02 3.7240237875e-01 6.7633557569e-01
      vertex 1.1954971350e-01 3.8847558966e-01 7.1213203436e-01
      vertex 8.9307045977e-02 4.1119862223e-01 6.9422356816e-01
    endloop
  endfacet
  facet normal -6.415571e-01 -2.962101e-01 7.075762e-01
    outer loop
      vertex 1.1795245522e-01 4.2887410239e-01 7.2759569005e-01
      vertex 8.9307045977e-02 4.1119862223e-01 6.9422356816e-01
      vertex 1.1954971350e-01 3.8847558966e-01 7.1213203436e-01
    endloop
  endfacet
  facet normal -8.186344e-01 -2.670988e-01 5.084250e-01
    outer loop
      vertex 4.1199455875e-02 4.2203242610e-01 6.3016656937e-01
      vertex 6.4964490491e-02 3.9615409556e-01 6.5483648602e-01
      vertex 6.2205231222e-02 4.3609314031e-01 6.7137549774e-01
    endloop
  endfacet
  facet normal -7.312575e-01 -3.498255e-01 5.855635e-01
    outer loop
      vertex 9.3542711929e-02 3.7240237875e-01 6.7633557569e-01
      vertex 8.9307045977e-02 4.1119862223e-01 6.9422356816e-01
      vertex 6.4964490491e-02 3.9615409556e-01 6.5483648602e-01
    endloop
  endfacet
  facet normal -7.381036e-01 -2.173281e-01 6.387266e-01
    outer loop
      vertex 8.9386066567e-02 4.5181338931e-01 7.0813414327e-01
      vertex 6.2205231222e-02 4.3609314031e-01 6.7137549774e-01
      vertex 8.9307045977e-02 4.1119862223e-01 6.9422356816e-01
    endloop
  endfacet
  facet normal -7.591756e-01 -2.931085e-01 5.811538e-01
    outer loop
      vertex 6.4964490491e-02 3.9615409556e-01 6.5483648602e-01
      vertex 8.9307045977e-02 4.1119862223e-01 6.9422356816e-01
      vertex 6.2205231222e-02 4.3609314031e-01 6.7137549774e-01
    endloop
  endfacet
  facet normal -3.822343e-01 -7.595136e-01 5.263422e-01
    outer loop
      vertex 2.0729490169e-01 2.5729490169e-01 6.5000000000e-01
      vertex 1.8847558966e-01 2.8786796564e-01 6.8045028650e-01
      vertex 1.6380285008e-01 2.7261937399e-01 6.4052895526e-01
    endloop
  endfacet
  facet normal -4.404610e-01 -6.486873e-01 6.206439e-01
    outer loop
      vertex 1.7240237875e-01 3.2366442431e-01 7.0645728807e-01
      vertex 1.4598736763e-01 3.0602666246e-01 6.6927626353e-01
      vertex 1.8847558966e-01 2.8786796564e-01 6.8045028650e-01
    endloop
  endfacet
  facet normal -5.218865e-01 -6.990111e-01 4.888946e-01
    outer loop
      vertex 1.2366442431e-01 2.9354271193e-01 6.2759762125e-01
      vertex 1.6380285008e-01 2.7261937399e-01 6.4052895526e-01
      vertex 1.4598736763e-01 3.0602666246e-01 6.6927626353e-01
    endloop
  endfacet
  facet normal -4.465169e-01 -7.084426e-01 5.465636e-01
    outer loop
      vertex 1.8847558966e-01 2.8786796564e-01 6.8045028650e-01
      vertex 1.4598736763e-01 3.0602666246e-01 6.6927626353e-01
      vertex 1.6380285008e-01 2.7261937399e-01 6.4052895526e-01
    endloop
  endfacet
  facet normal -5.263422e-01 -3.822343e-01 7.595136e-01
    outer loop
      vertex 1.5000000000e-01 4.0729490169e-01 7.4270509831e-01
      vertex 1.1954971350e-01 3.8847558966e-01 7.1213203436e-01
      vertex 1.5947104474e-01 3.6380285008e-01 7.2738062601e-01
    endloop
  endfacet
  facet normal -6.206439e-01 -4.404610e-01 6.486873e-01
    outer loop
      vertex 9.3542711929e-02 3.7240237875e-01 6.7633557569e-01
      vertex 1.3072373647e-01 3.4598736763e-01 6.9397333754e-01
      vertex 1.1954971350e-01 3.8847558966e-01 7.1213203436e-01
    endloop
  endfacet
  facet normal -4.888946e-01 -5.218865e-01 6.990111e-01
    outer loop
      vertex 1.7240237875e-01 3.2366442431e-01 7.0645728807e-01
      vertex 1.5947104474e-01 3.6380285008e-01 7.2738062601e-01
      vertex 1.3072373647e-01 3.4598736763e-01 6.9397333754e-01
    endloop
  endfacet
  facet normal -5.465636e-01 -4.465169e-01 7.084426e-01
    outer loop
      vertex 1.1954971350e-01 3.8847558966e-01 7.1213203436e-01
      vertex 1.3072373647e-01 3.4598736763e-01 6.9397333754e-01
      vertex 1.5947104474e-01 3.6380285008e-01 7.2738062601e-01
    endloop
  endfacet
  facet normal -7.595136e-01 -5.263422e-01 3.822343e-01
    outer loop
      vertex 5.7294901688e-02 3.5000000000e-01 5.9270509831e-01
      vertex 8.7867965644e-02 3.1954971350e-01 6.1152441034e-01
      vertex 7.2619373986e-02 3.5947104474e-01 6.3619714992e-01
    endloop
  endfacet
  facet normal -6.486873e-01 -6.206439e-01 4.404610e-01
    outer loop
      vertex 1.2366442431e-01 2.9354271193e-01 6.2759762125e-01
      vertex 1.0602666246e-01 3.3072373647e-01 6.5401263237e-01
      vertex 8.7867965644e-02 3.1954971350e-01 6.1152441034e-01
    endloop
  endfacet
  facet normal -6.990111e-01 -4.888946e-01 5.218865e-01
    outer loop
      vertex 9.3542711929e-02 3.7240237875e-01 6.7633557569e-01
      vertex 7.2619373986e-02 3.5947104474e-01 6.3619714992e-01
      vertex 1.0602666246e-01 3.3072373647e-01 6.5401263237e-01
    endloop
  endfacet
  facet normal -7.084426e-01 -5.465636e-01 4.465169e-01
    outer loop
      vertex 8.7867965644e-02 3.1954971350e-01 6.1152441034e-01
      vertex 1.0602666246e-01 3.3072373647e-01 6.5401263237e-01
      vertex 7.2619373986e-02 3.5947104474e-01 6.3619714992e-01
    endloop
  endfacet
  facet normal -5.037511e-01 -5.851588e-01 6.354715e-01
    outer loop
      vertex 1.7240237875e-01 3.2366442431e-01 7.0645728807e-01
      vertex 1.3072373647e-01 3.4598736763e-01 6.9397333754e-01
      vertex 1.4598736763e-01 3.0602666246e-01 6.6927626353e-01
    endloop
  endfacet
  facet normal -6.354715e-01 -5.037511e-01 5.851588e-01
    outer loop
      vertex 9.3542711929e-02 3.7240237875e-01 6.7633557569e-01
      vertex 1.0602666246e-01 3.3072373647e-01 6.5401263237e-01
      vertex 1.3072373647e-01 3.4598736763e-01 6.9397333754e-01
    endloop
  endfacet
  facet normal -5.851588e-01 -6.354715e-01 5.037511e-01
    outer loop
      vertex 1.2366442431e-01 2.9354271193e-01 6.2759762125e-01
      vertex 1.4598736763e-01 3.0602666246e-01 6.6927626353e-01
      vertex 1.0602666246e-01 3.3072373647e-01 6.5401263237e-01
    endloop
  endfacet
  facet normal -5.773503e-01 -5.773503e-01 5.773503e-01
    outer loop
      vertex 1.3072373647e-01 3.4598736763e-01 6.9397333754e-01
      vertex 1.0602666246e-01 3.3072373647e-01 6.5401263237e-01
      vertex 1.4598736763e-01 3.0602666246e-01 6.6927626353e-01
    endloop
  endfacet
  facet normal -8.117845e-02 -5.462496e-01 -8.336794e-01
    outer loop
      vertex 3.0000000000e-01 3.4228066636e-01 2.4480475749e-01
      vertex 2.7567411197e-01 3.1530739374e-01 2.6484708727e-01
      vertex 2.6063988636e-01 3.5466750738e-01 2.4052119924e-01
    endloop
  endfacet
  facet normal -1.614436e-01 -6.304608e-01 -7.592464e-01
    outer loop
      vertex 2.5181338931e-01 2.9186585673e-01 2.8938606657e-01
      vertex 2.3609314031e-01 3.2862450226e-01 2.6220523122e-01
      vertex 2.7567411197e-01 3.1530739374e-01 2.6484708727e-01
    endloop
  endfacet
  facet normal -2.112210e-01 -5.001420e-01 -8.397879e-01
    outer loop
      vertex 2.2203242610e-01 3.6983343063e-01 2.4119945588e-01
      vertex 2.6063988636e-01 3.5466750738e-01 2.4052119924e-01
      vertex 2.3609314031e-01 3.2862450226e-01 2.6220523122e-01
    endloop
  endfacet
  facet normal -1.327925e-01 -5.572841e-01 -8.196344e-01
    outer loop
      vertex 2.7567411197e-01 3.1530739374e-01 2.6484708727e-01
      vertex 2.3609314031e-01 3.2862450226e-01 2.6220523122e-01
      vertex 2.6063988636e-01 3.5466750738e-01 2.4052119924e-01
    endloop
  endfacet
  facet normal -3.134218e-01 -7.599989e-01 -5.693580e-01
    outer loop
      vertex 2.0729490169e-01 2.5729490169e-01 3.5000000000e-01
      vertex 1.8847558966e-01 2.8786796564e-01 3.1954971350e-01
      vertex 2.2887410239e-01 2.7240430995e-01 3.1795245522e-01
    endloop
  endfacet
  facet normal -3.717435e-01 -6.491008e-01 -6.636828e-01
    outer loop
      vertex 1.7240237875e-01 3.2366442431e-01 2.9354271193e-01
      vertex 2.1119862223e-01 3.0577643184e-01 2.8930704598e-01
      vertex 1.8847558966e-01 2.8786796564e-01 3.1954971350e-01
    endloop
  endfacet
  facet normal -2.392192e-01 -7.022584e-01 -6.705276e-01
    outer loop
      vertex 2.5181338931e-01 2.9186585673e-01 2.8938606657e-01
      vertex 2.2887410239e-01 2.7240430995e-01 3.1795245522e-01
      vertex 2.1119862223e-01 3.0577643184e-01 2.8930704598e-01
    endloop
  endfacet
  facet normal -2.962101e-01 -7.075762e-01 -6.415571e-01
    outer loop
      vertex 1.8847558966e-01 2.8786796564e-01 3.1954971350e-01
      vertex 2.1119862223e-01 3.0577643184e-01 2.8930704598e-01
      vertex 2.2887410239e-01 2.7240430995e-01 3.1795245522e-01
    endloop
  endfacet
  facet normal -4.576217e-01 -3.824786e-01 -8.026783e-01
    outer loop
      vertex 1.5000000000e-01 4.0729490169e-01 2.5729490169e-01
      vertex 1.8491588019e-01 3.8748842976e-01 2.4682655761e-01
      vertex 1.5947104474e-01 3.6380285008e-01 2.7261937399e-01
    endloop
  endfacet
  facet normal -3.374572e-01 -4.450681e-01 -8.294800e-01
    outer loop
      vertex 2.2203242610e-01 3.6983343063e-01 2.4119945588e-01
      vertex 1.9615409556e-01 3.4516351398e-01 2.6496449049e-01
      vertex 1.8491588019e-01 3.8748842976e-01 2.4682655761e-01
    endloop
  endfacet
  facet normal -4.202079e-01 -5.222192e-01 -7.421000e-01
    outer loop
      vertex 1.7240237875e-01 3.2366442431e-01 2.9354271193e-01
      vertex 1.5947104474e-01 3.6380285008e-01 2.7261937399e-01
      vertex 1.9615409556e-01 3.4516351398e-01 2.6496449049e-01
    endloop
  endfacet
  facet normal -3.951751e-01 -4.484825e-01 -8.016858e-01
    outer loop
      vertex 1.8491588019e-01 3.8748842976e-01 2.4682655761e-01
      vertex 1.9615409556e-01 3.4516351398e-01 2.6496449049e-01
      vertex 1.5947104474e-01 3.6380285008e-01 2.7261937399e-01
    endloop
  endfacet
  facet normal -2.173281e-01 -6.387266e-01 -7.381036e-01
    outer loop
      vertex 2.5181338931e-01 2.9186585673e-01 2.8938606657e-01
      vertex 2.1119862223e-01 3.0577643184e-01 2.8930704598e-01
      vertex 2.3609314031e-01 3.2862450226e-01 2.6220523122e-01
    endloop
  endfacet
  facet normal -3.498255e-01 -5.855635e-01 -7.312575e-01
    outer loop
      vertex 1.7240237875e-01 3.2366442431e-01 2.9354271193e-01
      vertex 1.9615409556e-01 3.4516351398e-01 2.6496449049e-01
      vertex 2.1119862223e-01 3.0577643184e-01 2.8930704598e-01
    endloop
  endfacet
  facet normal -2.670988e-01 -5.084250e-01 -8.186344e-01
    outer loop
      vertex 2.2203242610e-01 3.6983343063e-01 2.4119945588e-01
      vertex 2.3609314031e-01 3.2862450226e-01 2.6220523122e-01
      vertex 1.9615409556e-01 3.4516351398e-01 2.6496449049e-01
    endloop
  endfacet
  facet normal -2.931085e-01 -5.811538e-01 -7.591756e-01
    outer loop
      vertex 2.1119862223e-01 3.0577643184e-01 2.8930704598e-01
      vertex 1.9615409556e-01 3.4516351398e-01 2.6496449049e-01
      vertex 2.3609314031e-01 3.2862450226e-01 2.6220523122e-01
    endloop
  endfacet
  facet normal -5.462496e-01 -8.336794e-01 -8.117845e-02
    outer loop
      vertex 1.4228066636e-01 2.4480475749e-01 5.0000000000e-01
      vertex 1.1530739374e-01 2.6484708727e-01 4.7567411197e-01
      vertex 1.5466750738e-01 2.4052119924e-01 4.6063988636e-01
    endloop
  endfacet
  facet normal -6.304608e-01 -7.592464e-01 -1.614436e-01
    outer loop
      vertex 9.1865856732e-02 2.8938606657e-01 4.5181338931e-01
      vertex 1.2862450226e-01 2.6220523122e-01 4.3609314031e-01
      vertex 1.1530739374e-01 2.6484708727e-01 4.7567411197e-01
    endloop
  endfacet
  facet normal -5.001420e-01 -8.397879e-01 -2.112210e-01
    outer loop
      vertex 1.6983343063e-01 2.4119945588e-01 4.2203242610e-01
      vertex 1.5466750738e-01 2.4052119924e-01 4.6063988636e-01
      vertex 1.2862450226e-01 2.6220523122e-01 4.3609314031e-01
    endloop
  endfacet
  facet normal -5.572841e-01 -8.196344e-01 -1.327925e-01
    outer loop
      vertex 1.1530739374e-01 2.6484708727e-01 4.7567411197e-01
      vertex 1.2862450226e-01 2.6220523122e-01 4.3609314031e-01
      vertex 1.5466750738e-01 2.4052119924e-01 4.6063988636e-01
    endloop
  endfacet
  facet normal -7.599989e-01 -5.693580e-01 -3.134218e-01
    outer loop
      vertex 5.7294901688e-02 3.5000000000e-01 4.0729490169e-01
      vertex 8.7867965644e-02 3.1954971350e-01 3.8847558966e-01
      vertex 7.2404309951e-02 3.1795245522e-01 4.2887410239e-01
    endloop
  endfacet
  facet normal -6.491008e-01 -6.636828e-01 -3.717435e-01
    outer loop
      vertex 1.2366442431e-01 2.9354271193e-01 3.7240237875e-01
      vertex 1.0577643184e-01 2.8930704598e-01 4.1119862223e-01
      vertex 8.7867965644e-02 3.1954971350e-01 3.8847558966e-01
    endloop
  endfacet
  facet normal -7.022584e-01 -6.705276e-01 -2.392192e-01
    outer loop
      vertex 9.1865856732e-02 2.8938606657e-01 4.5181338931e-01
      vertex 7.2404309951e-02 3.1795245522e-01 4.2887410239e-01
      vertex 1.0577643184e-01 2.8930704598e-01 4.1119862223e-01
    endloop
  endfacet
  facet normal -7.075762e-01 -6.415571e-01 -2.962101e-01
    outer loop
      vertex 8.7867965644e-02 3.1954971350e-01 3.8847558966e-01
      vertex 1.0577643184e-01 2.8930704598e-01 4.1119862223e-01
      vertex 7.2404309951e-02 3.1795245522e-01 4.2887410239e-01
    endloop
  endfacet
  facet normal -3.824786e-01 -8.026783e-01 -4.576217e-01
    outer loop
      vertex 2.0729490169e-01 2.5729490169e-01 3.5000000000e-01
      vertex 1.8748842976e-01 2.4682655761e-01 3.8491588019e-01
      vertex 1.6380285008e-01 2.7261937399e-01 3.5947104474e-01
    endloop
  endfacet
  facet normal -4.450681e-01 -8.294800e-01 -3.374572e-01
    outer loop
      vertex 1.6983343063e-01 2.4119945588e-01 4.2203242610e-01
      vertex 1.4516351398e-01 2.6496449049e-01 3.9615409556e-01
      vertex 1.8748842976e-01 2.4682655761e-01 3.8491588019e-01
    endloop
  endfacet
  facet normal -5.222192e-01 -7.421000e-01 -4.202079e-01
    outer loop
      vertex 1.2366442431e-01 2.9354271193e-01 3.7240237875e-01
      vertex 1.6380285008e-01 2.7261937399e-01 3.5947104474e-01
      vertex 1.4516351398e-01 2.6496449049e-01 3.9615409556e-01
    endloop
  endfacet
  facet normal -4.484825e-01 -8.016858e-01 -3.951751e-01
    outer loop
      vertex 1.8748842976e-01 2.4682655761e-01 3.8491588019e-01
      vertex 1.4516351398e-01 2.6496449049e-01 3.9615409556e-01
      vertex 1.6380285008e-01 2.7261937399e-01 3.5947104474e-01
    endloop
  endfacet
  facet normal -6.387266e-01 -7.381036e-01 -2.173281e-01
    outer loop
      vertex 9.1865856732e-02 2.8938606657e-01 4.5181338931e-01
      vertex 1.0577643184e-01 2.8930704598e-01 4.1119862223e-01
      vertex 1.2862450226e-01 2.6220523122e-01 4.3609314031e-01
    endloop
  endfacet
  facet normal -5.855635e-01 -7.312575e-01 -3.498255e-01
    outer loop
      vertex 1.2366442431e-01 2.9354271193e-01 3.7240237875e-01
      vertex 1.4516351398e-01 2.6496449049e-01 3.9615409556e-01
      vertex 1.0577643184e-01 2.8930704598e-01 4.1119862223e-01
    endloop
  endfacet
  facet normal -5.084250e-01 -8.186344e-01 -2.670988e-01
    outer loop
      vertex 1.6983343063e-01 2.4119945588e-01 4.2203242610e-01
      vertex 1.2862450226e-01 2.6220523122e-01 4.3609314031e-01
      vertex 1.4516351398e-01 2.6496449049e-01 3.9615409556e-01
    endloop
  endfacet
  facet normal -5.811538e-01 -7.591756e-01 -2.931085e-01
    outer loop
      vertex 1.0577643184e-01 2.8930704598e-01 4.1119862223e-01
      vertex 1.4516351398e-01 2.6496449049e-01 3.9615409556e-01
      vertex 1.2862450226e-01 2.6220523122e-01 4.3609314031e-01
    endloop
  endfacet
  facet normal -8.336794e-01 -8.117845e-02 -5.462496e-01
    outer loop
      vertex 4.4804757494e-02 5.0000000000e-01 3.4228066636e-01
      vertex 6.4847087274e-02 4.7567411197e-01 3.1530739374e-01
      vertex 4.0521199241e-02 4.6063988636e-01 3.5466750738e-01
    endloop
  endfacet
  facet normal -7.592464e-01 -1.614436e-01 -6.304608e-01
    outer loop
      vertex 8.9386066567e-02 4.5181338931e-01 2.9186585673e-01
      vertex 6.2205231222e-02 4.3609314031e-01 3.2862450226e-01
      vertex 6.4847087274e-02 4.7567411197e-01 3.1530739374e-01
    endloop
  endfacet
  facet normal -8.397879e-01 -2.112210e-01 -5.001420e-01
    outer loop
      vertex 4.1199455875e-02 4.2203242610e-01 3.6983343063e-01
      vertex 4.0521199241e-02 4.6063988636e-01 3.5466750738e-01
      vertex 6.2205231222e-02 4.3609314031e-01 3.2862450226e-01
    endloop
  endfacet
  facet normal -8.196344e-01 -1.327925e-01 -5.572841e-01
    outer loop
      vertex 6.4847087274e-02 4.7567411197e-01 3.1530739374e-01
      vertex 6.2205231222e-02 4.3609314031e-01 3.2862450226e-01
      vertex 4.0521199241e-02 4.6063988636e-01 3.5466750738e-01
    endloop
  endfacet
  facet normal -5.693580e-01 -3.134218e-01 -7.599989e-01
    outer loop
      vertex 1.5000000000e-01 4.0729490169e-01 2.5729490169e-01
      vertex 1.1954971350e-01 3.8847558966e-01 2.8786796564e-01
      vertex 1.1795245522e-01 4.2887410239e-01 2.7240430995e-01
    endloop
  endfacet
  facet normal -6.636828e-01 -3.717435e-01 -6.491008e-01
    outer loop
      vertex 9.3542711929e-02 3.7240237875e-01 3.2366442431e-01
      vertex 8.9307045977e-02 4.1119862223e-01 3.0577643184e-01
      vertex 1.1954971350e-01 3.8847558966e-01 2.8786796564e-01
    endloop
  endfacet
  facet normal -6.705276e-01 -2.392192e-01 -7.022584e-01
    outer loop
      vertex 8.9386066567e-02 4.5181338931e-01 2.9186585673e-01
      vertex 1.1795245522e-01 4.2887410239e-01 2.7240430995e-01
      vertex 8.9307045977e-02 4.1119862223e-01 3.0577643184e-01
    endloop
  endfacet
  facet normal -6.415571e-01 -2.962101e-01 -7.075762e-01
    outer loop
      vertex 1.1954971350e-01 3.8847558966e-01 2.8786796564e-01
      vertex 8.9307045977e-02 4.1119862223e-01 3.0577643184e-01
      vertex 1.1795245522e-01 4.2887410239e-01 2.7240430995e-01
    endloop
  endfacet
  facet normal -8.026783e-01 -4.576217e-01 -3.824786e-01
    outer loop
      vertex 5.7294901688e-02 3.5000000000e-01 4.0729490169e-01
      vertex 4.6826557613e-02 3.8491588019e-01 3.8748842976e-01
      vertex 7.2619373986e-02 3.5947104474e-01 3.6380285008e-01
    endloop
  endfacet
  facet normal -8.294800e-01 -3.374572e-01 -4.450681e-01
    outer loop
      vertex 4.1199455875e-02 4.2203242610e-01 3.6983343063e-01
      vertex 6.4964490491e-02 3.9615409556e-01 3.4516351398e-01
      vertex 4.6826557613e-02 3.8491588019e-01 3.8748842976e-01
    endloop
  endfacet
  facet normal -7.421000e-01 -4.202079e-01 -5.222192e-01
    outer loop
      vertex 9.3542711929e-02 3.7240237875e-01 3.2366442431e-01
      vertex 7.2619373986e-02 3.5947104474e-01 3.6380285008e-01
      vertex 6.4964490491e-02 3.9615409556e-01 3.4516351398e-01
    endloop
  endfacet
  facet normal -8.016858e-01 -3.951751e-01 -4.484825e-01
    outer loop
      vertex 4.6826557613e-02 3.8491588019e-01 3.8748842976e-01
      vertex 6.4964490491e-02 3.9615409556e-01 3.4516351398e-01
      vertex 7.2619373986e-02 3.5947104474e-01 3.6380285008e-01
    endloop
  endfacet
  facet normal -7.381036e-01 -2.173281e-01 -6.387266e-01
    outer loop
      vertex 8.9386066567e-02 4.5181338931e-01 2.9186585673e-01
      vertex 8.9307045977e-02 4.1119862223e-01 3.0577643184e-01
      vertex 6.2205231222e-02 4.3609314031e-01 3.2862450226e-01
    endloop
  endfacet
  facet normal -7.312575e-01 -3.498255e-01 -5.855635e-01
    outer loop
      vertex 9.3542711929e-02 3.7240237875e-01 3.2366442431e-01
      vertex 6.4964490491e-02 3.9615409556e-01 3.4516351398e-01
      vertex 8.9307045977e-02 4.1119862223e-01 3.0577643184e-01
    endloop
  endfacet
  facet normal -8.186344e-01 -2.670988e-01 -5.084250e-01
    outer loop
      vertex 4.1199455875e-02 4.2203242610e-01 3.6983343063e-01
      vertex 6.2205231222e-02 4.3609314031e-01 3.2862450226e-01
      vertex 6.4964490491e-02 3.9615409556e-01 3.4516351398e-01
    endloop
  endfacet
  facet normal -7.591756e-01 -2.931085e-01 -5.811538e-01
    outer loop
      vertex 8.9307045977e-02 4.1119862223e-01 3.0577643184e-01
      vertex 6.4964490491e-02 3.9615409556e-01 3.4516351398e-01
      vertex 6.2205231222e-02 4.3609314031e-01 3.2862450226e-01
    endloop
  endfacet
  facet normal -3.822343e-01 -7.595136e-01 -5.263422e-01
    outer loop
      vertex 2.0729490169e-01 2.5729490169e-01 3.5000000000e-01
      vertex 1.6380285008e-01 2.7261937399e-01 3.5947104474e-01
      vertex 1.8847558966e-01 2.8786796564e-01 3.1954971350e-01
    endloop
  endfacet
  facet normal -5.218865e-01 -6.990111e-01 -4.888946e-01
    outer loop
      vertex 1.2366442431e-01 2.9354271193e-01 3.7240237875e-01
      vertex 1.4598736763e-01 3.0602666246e-01 3.3072373647e-01
      vertex 1.6380285008e-01 2.7261937399e-01 3.5947104474e-01
    endloop
  endfacet
  facet normal -4.404610e-01 -6.486873e-01 -6.206439e-01
    outer loop
      vertex 1.7240237875e-01 3.2366442431e-01 2.9354271193e-01
      vertex 1.8847558966e-01 2.8786796564e-01 3.1954971350e-01
      vertex 1.4598736763e-01 3.0602666246e-01 3.3072373647e-01
    endloop
  endfacet
  facet normal -4.465169e-01 -7.084426e-01 -5.465636e-01
    outer loop
      vertex 1.6380285008e-01 2.7261937399e-01 3.5947104474e-01
      vertex 1.4598736763e-01 3.0602666246e-01 3.3072373647e-01
      vertex 1.8847558966e-01 2.8786796564e-01 3.1954971350e-01
    endloop
  endfacet
  facet normal -7.595136e-01 -5.263422e-01 -3.822343e-01
    outer loop
      vertex 5.7294901688e-02 3.5000000000e-01 4.0729490169e-01
      vertex 7.2619373986e-02 3.5947104474e-01 3.6380285008e-01
      vertex 8.7867965644e-02 3.1954971350e-01 3.8847558966e-01
    endloop
  endfacet
  facet normal -6.990111e-01 -4.888946e-01 -5.218865e-01
    outer loop
      vertex 9.3542711929e-02 3.7240237875e-01 3.2366442431e-01
      vertex 1.0602666246e-01 3.3072373647e-01 3.4598736763e-01
      vertex 7.2619373986e-02 3.5947104474e-01 3.6380285008e-01
    endloop
  endfacet
  facet normal -6.486873e-01 -6.206439e-01 -4.404610e-01
    outer loop
      vertex 1.2366442431e-01 2.9354271193e-01 3.7240237875e-01
      vertex 8.7867965644e-02 3.1954971350e-01 3.8847558966e-01
      vertex 1.0602666246e-01 3.3072373647e-01 3.4598736763e-01
    endloop
  endfacet
  facet normal -7.084426e-01 -5.465636e-01 -4.465169e-01
    outer loop
      vertex 7.2619373986e-02 3.5947104474e-01 3.6380285008e-01
      vertex 1.0602666246e-01 3.3072373647e-01 3.4598736763e-01
      vertex 8.7867965644e-02 3.1954971350e-01 3.8847558966e-01
    endloop
  endfacet
  facet normal -5.263422e-01 -3.822343e-01 -7.595136e-01
    outer loop
      vertex 1.5000000000e-01 4.0729490169e-01 2.5729490169e-01
      vertex 1.5947104474e-01 3.6380285008e-01 2.7261937399e-01
      vertex 1.1954971350e-01 3.8847558966e-01 2.8786796564e-01
    endloop
  endfacet
  facet normal -4.888946e-01 -5.218865e-01 -6.990111e-01
    outer loop
      vertex 1.7240237875e-01 3.2366442431e-01 2.9354271193e-01
      vertex 1.3072373647e-01 3.4598736763e-01 3.0602666246e-01
      vertex 1.5947104474e-01 3.6380285008e-01 2.7261937399e-01
    endloop
  endfacet
  facet normal -6.206439e-01 -4.404610e-01 -6.486873e-01
    outer loop
      vertex 9.3542711929e-02 3.7240237875e-01 3.2366442431e-01
      vertex 1.1954971350e-01 3.8847558966e-01 2.8786796564e-01
      vertex 1.3072373647e-01 3.4598736763e-01 3.0602666246e-01
    endloop
  endfacet
  facet normal -5.465636e-01 -4.465169e-01 -7.084426e-01
    outer loop
      vertex 1.5947104474e-01 3.6380285008e-01 2.7261937399e-01
      vertex 1.3072373647e-01 3.4598736763e-01 3.0602666246e-01
      vertex 1.1954971350e-01 3.8847558966e-01 2.8786796564e-01
    endloop
  endfacet
  facet normal -5.851588e-01 -6.354715e-01 -5.037511e-01
    outer loop
      vertex 1.2366442431e-01 2.9354271193e-01 3.7240237875e-01
      vertex 1.0602666246e-01 3.3072373647e-01 3.4598736763e-01
      vertex 1.4598736763e-01 3.0602666246e-01 3.3072373647e-01
    endloop
  endfacet
  facet normal -6.354715e-01 -5.037511e-01 -5.851588e-01
    outer loop
      vertex 9.3542711929e-02 3.7240237875e-01 3.2366442431e-01
      vertex 1.3072373647e-01 3.4598736763e-01 3.0602666246e-01
      vertex 1.0602666246e-01 3.3072373647e-01 3.4598736763e-01
    endloop
  endfacet
  facet normal -5.037511e-01 -5.851588e-01 -6.354715e-01
    outer loop
      vertex 1.7240237875e-01 3.2366442431e-01 2.9354271193e-01
      vertex 1.4598736763e-01 3.0602666246e-01 3.3072373647e-01
      vertex 1.3072373647e-01 3.4598736763e-01 3.0602666246e-01
    endloop
  endfacet
  facet normal -5.773503e-01 -5.773503e-01 -5.773503e-01
    outer loop
      vertex 1.0602666246e-01 3.3072373647e-01 3.4598736763e-01
      vertex 1.3072373647e-01 3.4598736763e-01 3.0602666246e-01
      vertex 1.4598736763e-01 3.0602666246e-01 3.3072373647e-01
    endloop
  endfacet
  facet normal 8.026720e-01 0.000000e+00 -5.964207e-01
    outer loop
      vertex 5.5519524251e-01 5.0000000000e-01 3.4228066636e-01
      vertex 5.3515291273e-01 4.7567411197e-01 3.1530739374e-01
      vertex 5.3515291273e-01 5.2432588803e-01 3.1530739374e-01
    endloop
  endfacet
  facet normal 7.283445e-01 -8.054149e-02 -6.804611e-01
    outer loop
      vertex 5.1061393343e-01 4.5181338931e-01 2.9186585673e-01
      vertex 5.1338452049e-01 5.0000000000e-01 2.8912789085e-01
      vertex 5.3515291273e-01 4.7567411197e-01 3.1530739374e-01
    endloop
  endfacet
  facet normal 7.283445e-01 8.054149e-02 -6.804611e-01
    outer loop
      vertex 5.1061393343e-01 5.4818661069e-01 2.9186585673e-01
      vertex 5.3515291273e-01 5.2432588803e-01 3.1530739374e-01
      vertex 5.1338452049e-01 5.0000000000e-01 2.8912789085e-01
    endloop
  endfacet
  facet normal 7.689122e-01 0.000000e+00 -6.393544e-01
    outer loop
      vertex 5.3515291273e-01 4.7567411197e-01 3.1530739374e-01
      vertex 5.1338452049e-01 5.0000000000e-01 2.8912789085e-01
      vertex 5.3515291273e-01 5.2432588803e-01 3.1530739374e-01
    endloop
  endfacet
  facet normal 5.387620e-01 -2.333204e-01 -8.095043e-01
    outer loop
      vertex 4.5000000000e-01 4.0729490169e-01 2.5729490169e-01
      vertex 4.5577754692e-01 4.5306966049e-01 2.4794663440e-01
      vertex 4.8204754478e-01 4.2887410239e-01 2.7240430995e-01
    endloop
  endfacet
  facet normal 5.516422e-01 -7.841715e-02 -8.303865e-01
    outer loop
      vertex 4.5771933364e-01 5.0000000000e-01 2.4480475749e-01
      vertex 4.8607187478e-01 4.7565744451e-01 2.6593868879e-01
      vertex 4.5577754692e-01 4.5306966049e-01 2.4794663440e-01
    endloop
  endfacet
  facet normal 6.398684e-01 -1.589524e-01 -7.518660e-01
    outer loop
      vertex 5.1061393343e-01 4.5181338931e-01 2.9186585673e-01
      vertex 4.8204754478e-01 4.2887410239e-01 2.7240430995e-01
      vertex 4.8607187478e-01 4.7565744451e-01 2.6593868879e-01
    endloop
  endfacet
  facet normal 5.895786e-01 -1.601287e-01 -7.916792e-01
    outer loop
      vertex 4.5577754692e-01 4.5306966049e-01 2.4794663440e-01
      vertex 4.8607187478e-01 4.7565744451e-01 2.6593868879e-01
      vertex 4.8204754478e-01 4.2887410239e-01 2.7240430995e-01
    endloop
  endfacet
  facet normal 5.387620e-01 2.333204e-01 -8.095043e-01
    outer loop
      vertex 4.5000000000e-01 5.9270509831e-01 2.5729490169e-01
      vertex 4.8204754478e-01 5.7112589761e-01 2.7240430995e-01
      vertex 4.5577754692e-01 5.4693033951e-01 2.4794663440e-01
    endloop
  endfacet
  facet normal 6.398684e-01 1.589524e-01 -7.518660e-01
    outer loop
      vertex 5.1061393343e-01 5.4818661069e-01 2.9186585673e-01
      vertex 4.8607187478e-01 5.2434255549e-01 2.6593868879e-01
      vertex 4.8204754478e-01 5.7112589761e-01 2.7240430995e-01
    endloop
  endfacet
  facet normal 5.516422e-01 7.841715e-02 -8.303865e-01
    outer loop
      vertex 4.5771933364e-01 5.0000000000e-01 2.4480475749e-01
      vertex 4.5577754692e-01 5.4693033951e-01 2.4794663440e-01
      vertex 4.8607187478e-01 5.2434255549e-01 2.6593868879e-01
    endloop
  endfacet
  facet normal 5.895786e-01 1.601287e-01 -7.916792e-01
    outer loop
      vertex 4.8204754478e-01 5.7112589761e-01 2.7240430995e-01
      vertex 4.8607187478e-01 5.2434255549e-01 2.6593868879e-01
      vertex 4.5577754692e-01 5.4693033951e-01 2.4794663440e-01
    endloop
  endfacet
  facet normal 6.858517e-01 -8.053079e-02 -7.232719e-01
    outer loop
      vertex 5.1061393343e-01 4.5181338931e-01 2.9186585673e-01
      vertex 4.8607187478e-01 4.7565744451e-01 2.6593868879e-01
      vertex 5.1338452049e-01 5.0000000000e-01 2.8912789085e-01
    endloop
  endfacet
  facet normal 5.976360e-01 0.000000e+00 -8.017675e-01
    outer loop
      vertex 4.5771933364e-01 5.0000000000e-01 2.4480475749e-01
      vertex 4.8607187478e-01 5.2434255549e-01 2.6593868879e-01
      vertex 4.8607187478e-01 4.7565744451e-01 2.6593868879e-01
    endloop
  endfacet
  facet normal 6.858517e-01 8.053079e-02 -7.232719e-01
    outer loop
      vertex 5.1061393343e-01 5.4818661069e-01 2.9186585673e-01
      vertex 5.1338452049e-01 5.0000000000e-01 2.8912789085e-01
      vertex 4.8607187478e-01 5.2434255549e-01 2.6593868879e-01
    endloop
  endfacet
  facet normal 6.472182e-01 0.000000e+00 -7.623048e-01
    outer loop
      vertex 4.8607187478e-01 4.7565744451e-01 2.6593868879e-01
      vertex 4.8607187478e-01 5.2434255549e-01 2.6593868879e-01
      vertex 5.1338452049e-01 5.0000000000e-01 2.8912789085e-01
    endloop
  endfacet
  facet normal 5.017104e-02 -4.650712e-01 -8.838505e-01
    outer loop
      vertex 3.0000000000e-01 3.4228066636e-01 2.4480475749e-01
      vertex 3.0000000000e-01 3.7899339541e-01 2.2548697363e-01
      vertex 3.3936011364e-01 3.5466750738e-01 2.4052119924e-01
    endloop
  endfacet
  facet normal 5.000027e-02 -3.386983e-01 -9.395655e-01
    outer loop
      vertex 3.0000000000e-01 4.1802004133e-01 2.1141849266e-01
      vertex 3.3949661141e-01 3.9253136195e-01 2.2270861982e-01
      vertex 3.0000000000e-01 3.7899339541e-01 2.2548697363e-01
    endloop
  endfacet
  facet normal 1.803191e-01 -4.192398e-01 -8.897882e-01
    outer loop
      vertex 3.7796757390e-01 3.6983343063e-01 2.4119945588e-01
      vertex 3.3936011364e-01 3.5466750738e-01 2.4052119924e-01
      vertex 3.3949661141e-01 3.9253136195e-01 2.2270861982e-01
    endloop
  endfacet
  facet normal 8.207030e-02 -4.244916e-01 -9.017047e-01
    outer loop
      vertex 3.0000000000e-01 3.7899339541e-01 2.2548697363e-01
      vertex 3.3949661141e-01 3.9253136195e-01 2.2270861982e-01
      vertex 3.3936011364e-01 3.5466750738e-01 2.4052119924e-01
    endloop
  endfacet
  facet normal 4.950537e-02 -6.905681e-02 -9.963836e-01
    outer loop
      vertex 3.0000000000e-01 5.0000000000e-01 2.0000000000e-01
      vertex 3.3992133124e-01 4.7532726042e-01 2.0369349782e-01
      vertex 3.0000000000e-01 4.5861432736e-01 2.0286833541e-01
    endloop
  endfacet
  facet normal 1.812856e-01 -1.504758e-01 -9.718501e-01
    outer loop
      vertex 3.7885966682e-01 4.5126204557e-01 2.1468304511e-01
      vertex 3.3983774305e-01 4.3396489176e-01 2.1008222078e-01
      vertex 3.3992133124e-01 4.7532726042e-01 2.0369349782e-01
    endloop
  endfacet
  facet normal 4.960764e-02 -2.058489e-01 -9.773256e-01
    outer loop
      vertex 3.0000000000e-01 4.1802004133e-01 2.1141849266e-01
      vertex 3.0000000000e-01 4.5861432736e-01 2.0286833541e-01
      vertex 3.3983774305e-01 4.3396489176e-01 2.1008222078e-01
    endloop
  endfacet
  facet normal 8.410292e-02 -1.522724e-01 -9.847537e-01
    outer loop
      vertex 3.3992133124e-01 4.7532726042e-01 2.0369349782e-01
      vertex 3.3983774305e-01 4.3396489176e-01 2.1008222078e-01
      vertex 3.0000000000e-01 4.5861432736e-01 2.0286833541e-01
    endloop
  endfacet
  facet normal 4.270257e-01 -3.023772e-01 -8.521837e-01
    outer loop
      vertex 4.5000000000e-01 4.0729490169e-01 2.5729490169e-01
      vertex 4.1508411981e-01 3.8748842976e-01 2.4682655761e-01
      vertex 4.1585621568e-01 4.2839692090e-01 2.3269804274e-01
    endloop
  endfacet
  facet normal 3.067980e-01 -3.648012e-01 -8.790876e-01
    outer loop
      vertex 3.7796757390e-01 3.6983343063e-01 2.4119945588e-01
      vertex 3.7922482520e-01 4.0962233627e-01 2.2512674744e-01
      vertex 4.1508411981e-01 3.8748842976e-01 2.4682655761e-01
    endloop
  endfacet
  facet normal 3.081672e-01 -2.288929e-01 -9.233856e-01
    outer loop
      vertex 3.7885966682e-01 4.5126204557e-01 2.1468304511e-01
      vertex 4.1585621568e-01 4.2839692090e-01 2.3269804274e-01
      vertex 3.7922482520e-01 4.0962233627e-01 2.2512674744e-01
    endloop
  endfacet
  facet normal 3.431966e-01 -3.124011e-01 -8.857887e-01
    outer loop
      vertex 4.1508411981e-01 3.8748842976e-01 2.4682655761e-01
      vertex 3.7922482520e-01 4.0962233627e-01 2.2512674744e-01
      vertex 4.1585621568e-01 4.2839692090e-01 2.3269804274e-01
    endloop
  endfacet
  facet normal 8.454536e-02 -2.910970e-01 -9.529505e-01
    outer loop
      vertex 3.0000000000e-01 4.1802004133e-01 2.1141849266e-01
      vertex 3.3983774305e-01 4.3396489176e-01 2.1008222078e-01
      vertex 3.3949661141e-01 3.9253136195e-01 2.2270861982e-01
    endloop
  endfacet
  facet normal 2.162041e-01 -2.357379e-01 -9.474616e-01
    outer loop
      vertex 3.7885966682e-01 4.5126204557e-01 2.1468304511e-01
      vertex 3.7922482520e-01 4.0962233627e-01 2.2512674744e-01
      vertex 3.3983774305e-01 4.3396489176e-01 2.1008222078e-01
    endloop
  endfacet
  facet normal 2.148469e-01 -3.716277e-01 -9.031797e-01
    outer loop
      vertex 3.7796757390e-01 3.6983343063e-01 2.4119945588e-01
      vertex 3.3949661141e-01 3.9253136195e-01 2.2270861982e-01
      vertex 3.7922482520e-01 4.0962233627e-01 2.2512674744e-01
    endloop
  endfacet
  facet normal 1.811510e-01 -2.880454e-01 -9.403266e-01
    outer loop
      vertex 3.3983774305e-01 4.3396489176e-01 2.1008222078e-01
      vertex 3.7922482520e-01 4.0962233627e-01 2.2512674744e-01
      vertex 3.3949661141e-01 3.9253136195e-01 2.2270861982e-01
    endloop
  endfacet
  facet normal 5.017104e-02 4.650712e-01 -8.838505e-01
    outer loop
      vertex 3.0000000000e-01 6.5771933364e-01 2.4480475749e-01
      vertex 3.3936011364e-01 6.4533249262e-01 2.4052119924e-01
      vertex 3.0000000000e-01 6.2100660459e-01 2.2548697363e-01
    endloop
  endfacet
  facet normal 1.803191e-01 4.192398e-01 -8.897882e-01
    outer loop
      vertex 3.7796757390e-01 6.3016656937e-01 2.4119945588e-01
      vertex 3.3949661141e-01 6.0746863805e-01 2.2270861982e-01
      vertex 3.3936011364e-01 6.4533249262e-01 2.4052119924e-01
    endloop
  endfacet
  facet normal 5.000027e-02 3.386983e-01 -9.395655e-01
    outer loop
      vertex 3.0000000000e-01 5.8197995867e-01 2.1141849266e-01
      vertex 3.0000000000e-01 6.2100660459e-01 2.2548697363e-01
      vertex 3.3949661141e-01 6.0746863805e-01 2.2270861982e-01
    endloop
  endfacet
  facet normal 8.207030e-02 4.244916e-01 -9.017047e-01
    outer loop
      vertex 3.3936011364e-01 6.4533249262e-01 2.4052119924e-01
      vertex 3.3949661141e-01 6.0746863805e-01 2.2270861982e-01
      vertex 3.0000000000e-01 6.2100660459e-01 2.2548697363e-01
    endloop
  endfacet
  facet normal 4.270257e-01 3.023772e-01 -8.521837e-01
    outer loop
      vertex 4.5000000000e-01 5.9270509831e-01 2.5729490169e-01
      vertex 4.1585621568e-01 5.7160307910e-01 2.3269804274e-01
      vertex 4.1508411981e-01 6.1251157024e-01 2.4682655761e-01
    endloop
  endfacet
  facet normal 3.081672e-01 2.288929e-01 -9.233856e-01
    outer loop
      vertex 3.7885966682e-01 5.4873795443e-01 2.1468304511e-01
      vertex 3.7922482520e-01 5.9037766373e-01 2.2512674744e-01
      vertex 4.1585621568e-01 5.7160307910e-01 2.3269804274e-01
    endloop
  endfacet
  facet normal 3.067980e-01 3.648012e-01 -8.790876e-01
    outer loop
      vertex 3.7796757390e-01 6.3016656937e-01 2.4119945588e-01
      vertex 4.1508411981e-01 6.1251157024e-01 2.4682655761e-01
      vertex 3.7922482520e-01 5.9037766373e-01 2.2512674744e-01
    endloop
  endfacet
  facet normal 3.431966e-01 3.124011e-01 -8.857887e-01
    outer loop
      vertex 4.1585621568e-01 5.7160307910e-01 2.3269804274e-01
      vertex 3.7922482520e-01 5.9037766373e-01 2.2512674744e-01
      vertex 4.1508411981e-01 6.1251157024e-01 2.4682655761e-01
    endloop
  endfacet
  facet normal 4.950537e-02 6.905681e-02 -9.963836e-01
    outer loop
      vertex 3.0000000000e-01 5.0000000000e-01 2.0000000000e-01
      vertex 3.0000000000e-01 5.4138567264e-01 2.0286833541e-01
      vertex 3.3992133124e-01 5.2467273958e-01 2.0369349782e-01
    endloop
  endfacet
  facet normal 4.960764e-02 2.058489e-01 -9.773256e-01
    outer loop
      vertex 3.0000000000e-01 5.8197995867e-01 2.1141849266e-01
      vertex 3.3983774305e-01 5.6603510824e-01 2.1008222078e-01
      vertex 3.0000000000e-01 5.4138567264e-01 2.0286833541e-01
    endloop
  endfacet
  facet normal 1.812856e-01 1.504758e-01 -9.718501e-01
    outer loop
      vertex 3.7885966682e-01 5.4873795443e-01 2.1468304511e-01
      vertex 3.3992133124e-01 5.2467273958e-01 2.0369349782e-01
      vertex 3.3983774305e-01 5.6603510824e-01 2.1008222078e-01
    endloop
  endfacet
  facet normal 8.410292e-02 1.522724e-01 -9.847537e-01
    outer loop
      vertex 3.0000000000e-01 5.4138567264e-01 2.0286833541e-01
      vertex 3.3983774305e-01 5.6603510824e-01 2.1008222078e-01
      vertex 3.3992133124e-01 5.2467273958e-01 2.0369349782e-01
    endloop
  endfacet
  facet normal 2.148469e-01 3.716277e-01 -9.031797e-01
    outer loop
      vertex 3.7796757390e-01 6.3016656937e-01 2.4119945588e-01
      vertex 3.7922482520e-01 5.9037766373e-01 2.2512674744e-01
      vertex 3.3949661141e-01 6.0746863805e-01 2.2270861982e-01
    endloop
  endfacet
  facet normal 2.162041e-01 2.357379e-01 -9.474616e-01
    outer loop
      vertex 3.7885966682e-01 5.4873795443e-01 2.1468304511e-01
      vertex 3.3983774305e-01 5.6603510824e-01 2.1008222078e-01
      vertex 3.7922482520e-01 5.9037766373e-01 2.2512674744e-01
    endloop
  endfacet
  facet normal 8.454536e-02 2.910970e-01 -9.529505e-01
    outer loop
      vertex 3.0000000000e-01 5.8197995867e-01 2.1141849266e-01
      vertex 3.3949661141e-01 6.0746863805e-01 2.2270861982e-01
      vertex 3.3983774305e-01 5.6603510824e-01 2.1008222078e-01
    endloop
  endfacet
  facet normal 1.811510e-01 2.880454e-01 -9.403266e-01
    outer loop
      vertex 3.7922482520e-01 5.9037766373e-01 2.2512674744e-01
      vertex 3.3983774305e-01 5.6603510824e-01 2.1008222078e-01
      vertex 3.3949661141e-01 6.0746863805e-01 2.2270861982e-01
    endloop
  endfacet
  facet normal 4.694052e-01 -2.331714e-01 -8.516395e-01
    outer loop
      vertex 4.5000000000e-01 4.0729490169e-01 2.5729490169e-01
      vertex 4.1585621568e-01 4.2839692090e-01 2.3269804274e-01
      vertex 4.5577754692e-01 4.5306966049e-01 2.4794663440e-01
    endloop
  endfacet
  facet normal 3.505871e-01 -1.597927e-01 -9.227974e-01
    outer loop
      vertex 3.7885966682e-01 4.5126204557e-01 2.1468304511e-01
      vertex 4.1988211551e-01 4.7530292599e-01 2.2610525212e-01
      vertex 4.1585621568e-01 4.2839692090e-01 2.3269804274e-01
    endloop
  endfacet
  facet normal 4.823363e-01 -7.836719e-02 -8.724736e-01
    outer loop
      vertex 4.5771933364e-01 5.0000000000e-01 2.4480475749e-01
      vertex 4.5577754692e-01 4.5306966049e-01 2.4794663440e-01
      vertex 4.1988211551e-01 4.7530292599e-01 2.2610525212e-01
    endloop
  endfacet
  facet normal 4.378416e-01 -1.618790e-01 -8.843585e-01
    outer loop
      vertex 4.1585621568e-01 4.2839692090e-01 2.3269804274e-01
      vertex 4.1988211551e-01 4.7530292599e-01 2.2610525212e-01
      vertex 4.5577754692e-01 4.5306966049e-01 2.4794663440e-01
    endloop
  endfacet
  facet normal 9.212595e-02 0.000000e+00 -9.957474e-01
    outer loop
      vertex 3.0000000000e-01 5.0000000000e-01 2.0000000000e-01
      vertex 3.3992133124e-01 5.2467273958e-01 2.0369349782e-01
      vertex 3.3992133124e-01 4.7532726042e-01 2.0369349782e-01
    endloop
  endfacet
  facet normal 2.237863e-01 8.142553e-02 -9.712310e-01
    outer loop
      vertex 3.7885966682e-01 5.4873795443e-01 2.1468304511e-01
      vertex 3.7992141034e-01 5.0000000000e-01 2.1084162096e-01
      vertex 3.3992133124e-01 5.2467273958e-01 2.0369349782e-01
    endloop
  endfacet
  facet normal 2.237863e-01 -8.142553e-02 -9.712310e-01
    outer loop
      vertex 3.7885966682e-01 4.5126204557e-01 2.1468304511e-01
      vertex 3.3992133124e-01 4.7532726042e-01 2.0369349782e-01
      vertex 3.7992141034e-01 5.0000000000e-01 2.1084162096e-01
    endloop
  endfacet
  facet normal 1.759159e-01 0.000000e+00 -9.844052e-01
    outer loop
      vertex 3.3992133124e-01 5.2467273958e-01 2.0369349782e-01
      vertex 3.7992141034e-01 5.0000000000e-01 2.1084162096e-01
      vertex 3.3992133124e-01 4.7532726042e-01 2.0369349782e-01
    endloop
  endfacet
  facet normal 4.694052e-01 2.331714e-01 -8.516395e-01
    outer loop
      vertex 4.5000000000e-01 5.9270509831e-01 2.5729490169e-01
      vertex 4.5577754692e-01 5.4693033951e-01 2.4794663440e-01
      vertex 4.1585621568e-01 5.7160307910e-01 2.3269804274e-01
    endloop
  endfacet
  facet normal 4.823363e-01 7.836719e-02 -8.724736e-01
    outer loop
      vertex 4.5771933364e-01 5.0000000000e-01 2.4480475749e-01
      vertex 4.1988211551e-01 5.2469707401e-01 2.2610525212e-01
      vertex 4.5577754692e-01 5.4693033951e-01 2.4794663440e-01
    endloop
  endfacet
  facet normal 3.505871e-01 1.597927e-01 -9.227974e-01
    outer loop
      vertex 3.7885966682e-01 5.4873795443e-01 2.1468304511e-01
      vertex 4.1585621568e-01 5.7160307910e-01 2.3269804274e-01
      vertex 4.1988211551e-01 5.2469707401e-01 2.2610525212e-01
    endloop
  endfacet
  facet normal 4.378416e-01 1.618790e-01 -8.843585e-01
    outer loop
      vertex 4.5577754692e-01 5.4693033951e-01 2.4794663440e-01
      vertex 4.1988211551e-01 5.2469707401e-01 2.2610525212e-01
      vertex 4.1585621568e-01 5.7160307910e-01 2.3269804274e-01
    endloop
  endfacet
  facet normal 3.113353e-01 -8.140770e-02 -9.468068e-01
    outer loop
      vertex 3.7885966682e-01 4.5126204557e-01 2.1468304511e-01
      vertex 3.7992141034e-01 5.0000000000e-01 2.1084162096e-01
      vertex 4.1988211551e-01 4.7530292599e-01 2.2610525212e-01
    endloop
  endfacet
  facet normal 3.113353e-01 8.140770e-02 -9.468068e-01
    outer loop
      vertex 3.7885966682e-01 5.4873795443e-01 2.1468304511e-01
      vertex 4.1988211551e-01 5.2469707401e-01 2.2610525212e-01
      vertex 3.7992141034e-01 5.0000000000e-01 2.1084162096e-01
    endloop
  endfacet
  facet normal 4.430557e-01 0.000000e+00 -8.964941e-01
    outer loop
      vertex 4.5771933364e-01 5.0000000000e-01 2.4480475749e-01
      vertex 4.1988211551e-01 4.7530292599e-01 2.2610525212e-01
      vertex 4.1988211551e-01 5.2469707401e-01 2.2610525212e-01
    endloop
  endfacet
  facet normal 3.568221e-01 0.000000e+00 -9.341724e-01
    outer loop
      vertex 3.7992141034e-01 5.0000000000e-01 2.1084162096e-01
      vertex 4.1988211551e-01 5.2469707401e-01 2.2610525212e-01
      vertex 4.1988211551e-01 4.7530292599e-01 2.2610525212e-01
    endloop
  endfacet
  facet normal 8.838505e-01 5.017104e-02 4.650712e-01
    outer loop
      vertex 5.5519524251e-01 5.0000000000e-01 6.5771933364e-01
      vertex 5.7451302637e-01 5.0000000000e-01 6.2100660459e-01
      vertex 5.5947880076e-01 5.3936011364e-01 6.4533249262e-01
    endloop
  endfacet
  facet normal 9.395655e-01 5.000027e-02 3.386983e-01
    outer loop
      vertex 5.8858150734e-01 5.0000000000e-01 5.8197995867e-01
      vertex 5.7729138018e-01 5.3949661141e-01 6.0746863805e-01
      vertex 5.7451302637e-01 5.0000000000e-01 6.2100660459e-01
    endloop
  endfacet
  facet normal 8.897882e-01 1.803191e-01 4.192398e-01
    outer loop
      vertex 5.5880054412e-01 5.7796757390e-01 6.3016656937e-01
      vertex 5.5947880076e-01 5.3936011364e-01 6.4533249262e-01
      vertex 5.7729138018e-01 5.3949661141e-01 6.0746863805e-01
    endloop
  endfacet
  facet normal 9.017047e-01 8.207030e-02 4.244916e-01
    outer loop
      vertex 5.7451302637e-01 5.0000000000e-01 6.2100660459e-01
      vertex 5.7729138018e-01 5.3949661141e-01 6.0746863805e-01
      vertex 5.5947880076e-01 5.3936011364e-01 6.4533249262e-01
    endloop
  endfacet
  facet normal 9.963836e-01 4.950537e-02 6.905681e-02
    outer loop
      vertex 6.0000000000e-01 5.0000000000e-01 5.0000000000e-01
      vertex 5.9630650218e-01 5.3992133124e-01 5.2467273958e-01
      vertex 5.9713166459e-01 5.0000000000e-01 5.4138567264e-01
    endloop
  endfacet
  facet normal 9.718501e-01 1.812856e-01 1.504758e-01
    outer loop
      vertex 5.8531695489e-01 5.7885966682e-01 5.4873795443e-01
      vertex 5.8991777922e-01 5.3983774305e-01 5.6603510824e-01
      vertex 5.9630650218e-01 5.3992133124e-01 5.2467273958e-01
    endloop
  endfacet
  facet normal 9.773256e-01 4.960764e-02 2.058489e-01
    outer loop
      vertex 5.8858150734e-01 5.0000000000e-01 5.8197995867e-01
      vertex 5.9713166459e-01 5.0000000000e-01 5.4138567264e-01
      vertex 5.8991777922e-01 5.3983774305e-01 5.6603510824e-01
    endloop
  endfacet
  facet normal 9.847537e-01 8.410292e-02 1.522724e-01
    outer loop
      vertex 5.9630650218e-01 5.3992133124e-01 5.2467273958e-01
      vertex 5.8991777922e-01 5.3983774305e-01 5.6603510824e-01
      vertex 5.9713166459e-01 5.0000000000e-01 5.4138567264e-01
    endloop
  endfacet
  facet normal 8.521837e-01 4.270257e-01 3.023772e-01
    outer loop
      vertex 5.4270509831e-01 6.5000000000e-01 5.9270509831e-01
      vertex 5.5317344239e-01 6.1508411981e-01 6.1251157024e-01
      vertex 5.6730195726e-01 6.1585621568e-01 5.7160307910e-01
    endloop
  endfacet
  facet normal 8.790876e-01 3.067980e-01 3.648012e-01
    outer loop
      vertex 5.5880054412e-01 5.7796757390e-01 6.3016656937e-01
      vertex 5.7487325256e-01 5.7922482520e-01 5.9037766373e-01
      vertex 5.5317344239e-01 6.1508411981e-01 6.1251157024e-01
    endloop
  endfacet
  facet normal 9.233856e-01 3.081672e-01 2.288929e-01
    outer loop
      vertex 5.8531695489e-01 5.7885966682e-01 5.4873795443e-01
      vertex 5.6730195726e-01 6.1585621568e-01 5.7160307910e-01
      vertex 5.7487325256e-01 5.7922482520e-01 5.9037766373e-01
    endloop
  endfacet
  facet normal 8.857887e-01 3.431966e-01 3.124011e-01
    outer loop
      vertex 5.5317344239e-01 6.1508411981e-01 6.1251157024e-01
      vertex 5.7487325256e-01 5.7922482520e-01 5.9037766373e-01
      vertex 5.6730195726e-01 6.1585621568e-01 5.7160307910e-01
    endloop
  endfacet
  facet normal 9.529505e-01 8.454536e-02 2.910970e-01
    outer loop
      vertex 5.8858150734e-01 5.0000000000e-01 5.8197995867e-01
      vertex 5.8991777922e-01 5.3983774305e-01 5.6603510824e-01
      vertex 5.7729138018e-01 5.3949661141e-01 6.0746863805e-01
    endloop
  endfacet
  facet normal 9.474616e-01 2.162041e-01 2.357379e-01
    outer loop
      vertex 5.8531695489e-01 5.7885966682e-01 5.4873795443e-01
      vertex 5.7487325256e-01 5.7922482520e-01 5.9037766373e-01
      vertex 5.8991777922e-01 5.3983774305e-01 5.6603510824e-01
    endloop
  endfacet
  facet normal 9.031797e-01 2.148469e-01 3.716277e-01
    outer loop
      vertex 5.5880054412e-01 5.7796757390e-01 6.3016656937e-01
      vertex 5.7729138018e-01 5.3949661141e-01 6.0746863805e-01
      vertex 5.7487325256e-01 5.7922482520e-01 5.9037766373e-01
    endloop
  endfacet
  facet normal 9.403266e-01 1.811510e-01 2.880454e-01
    outer loop
      vertex 5.8991777922e-01 5.3983774305e-01 5.6603510824e-01
      vertex 5.7487325256e-01 5.7922482520e-01 5.9037766373e-01
      vertex 5.7729138018e-01 5.3949661141e-01 6.0746863805e-01
    endloop
  endfacet
  facet normal 8.838505e-01 5.017104e-02 -4.650712e-01
    outer loop
      vertex 5.5519524251e-01 5.0000000000e-01 3.4228066636e-01
      vertex 5.5947880076e-01 5.3936011364e-01 3.5466750738e-01
      vertex 5.7451302637e-01 5.0000000000e-01 3.7899339541e-01
    endloop
  endfacet
  facet normal 8.897882e-01 1.803191e-01 -4.192398e-01
    outer loop
      vertex 5.5880054412e-01 5.7796757390e-01 3.6983343063e-01
      vertex 5.7729138018e-01 5.3949661141e-01 3.9253136195e-01
      vertex 5.5947880076e-01 5.3936011364e-01 3.5466750738e-01
    endloop
  endfacet
  facet normal 9.395655e-01 5.000027e-02 -3.386983e-01
    outer loop
      vertex 5.8858150734e-01 5.0000000000e-01 4.1802004133e-01
      vertex 5.7451302637e-01 5.0000000000e-01 3.7899339541e-01
      vertex 5.7729138018e-01 5.3949661141e-01 3.9253136195e-01
    endloop
  endfacet
  facet normal 9.017047e-01 8.207030e-02 -4.244916e-01
    outer loop
      vertex 5.5947880076e-01 5.3936011364e-01 3.5466750738e-01
      vertex 5.7729138018e-01 5.3949661141e-01 3.9253136195e-01
      vertex 5.7451302637e-01 5.0000000000e-01 3.7899339541e-01
    endloop
  endfacet
  facet normal 8.521837e-01 4.270257e-01 -3.023772e-01
    outer loop
      vertex 5.4270509831e-01 6.5000000000e-01 4.0729490169e-01
      vertex 5.6730195726e-01 6.1585621568e-01 4.2839692090e-01
      vertex 5.5317344239e-01 6.1508411981e-01 3.8748842976e-01
    endloop
  endfacet
  facet normal 9.233856e-01 3.081672e-01 -2.288929e-01
    outer loop
      vertex 5.8531695489e-01 5.7885966682e-01 4.5126204557e-01
      vertex 5.7487325256e-01 5.7922482520e-01 4.0962233627e-01
      vertex 5.6730195726e-01 6.1585621568e-01 4.2839692090e-01
    endloop
  endfacet
  facet normal 8.790876e-01 3.067980e-01 -3.648012e-01
    outer loop
      vertex 5.5880054412e-01 5.7796757390e-01 3.6983343063e-01
      vertex 5.5317344239e-01 6.1508411981e-01 3.8748842976e-01
      vertex 5.7487325256e-01 5.7922482520e-01 4.0962233627e-01
    endloop
  endfacet
  facet normal 8.857887e-01 3.431966e-01 -3.124011e-01
    outer loop
      vertex 5.6730195726e-01 6.1585621568e-01 4.2839692090e-01
      vertex 5.7487325256e-01 5.7922482520e-01 4.0962233627e-01
      vertex 5.5317344239e-01 6.1508411981e-01 3.8748842976e-01
    endloop
  endfacet
  facet normal 9.963836e-01 4.950537e-02 -6.905681e-02
    outer loop
      vertex 6.0000000000e-01 5.0000000000e-01 5.0000000000e-01
      vertex 5.9713166459e-01 5.0000000000e-01 4.5861432736e-01
      vertex 5.9630650218e-01 5.3992133124e-01 4.7532726042e-01
    endloop
  endfacet
  facet normal 9.773256e-01 4.960764e-02 -2.058489e-01
    outer loop
      vertex 5.8858150734e-01 5.0000000000e-01 4.1802004133e-01
      vertex 5.8991777922e-01 5.3983774305e-01 4.3396489176e-01
      vertex 5.9713166459e-01 5.0000000000e-01 4.5861432736e-01
    endloop
  endfacet
  facet normal 9.718501e-01 1.812856e-01 -1.504758e-01
    outer loop
      vertex 5.8531695489e-01 5.7885966682e-01 4.5126204557e-01
      vertex 5.9630650218e-01 5.3992133124e-01 4.7532726042e-01
      vertex 5.8991777922e-01 5.3983774305e-01 4.3396489176e-01
    endloop
  endfacet
  facet normal 9.847537e-01 8.410292e-02 -1.522724e-01
    outer loop
      vertex 5.9713166459e-01 5.0000000000e-01 4.5861432736e-01
      vertex 5.8991777922e-01 5.3983774305e-01 4.3396489176e-01
      vertex 5.9630650218e-01 5.3992133124e-01 4.7532726042e-01
    endloop
  endfacet
  facet normal 9.031797e-01 2.148469e-01 -3.716277e-01
    outer loop
      vertex 5.5880054412e-01 5.7796757390e-01 3.6983343063e-01
      vertex 5.7487325256e-01 5.7922482520e-01 4.0962233627e-01
      vertex 5.7729138018e-01 5.3949661141e-01 3.9253136195e-01
    endloop
  endfacet
  facet normal 9.474616e-01 2.162041e-01 -2.357379e-01
    outer loop
      vertex 5.8531695489e-01 5.7885966682e-01 4.5126204557e-01
      vertex 5.8991777922e-01 5.3983774305e-01 4.3396489176e-01
      vertex 5.7487325256e-01 5.7922482520e-01 4.0962233627e-01
    endloop
  endfacet
  facet normal 9.529505e-01 8.454536e-02 -2.910970e-01
    outer loop
      vertex 5.8858150734e-01 5.0000000000e-01 4.1802004133e-01
      vertex 5.7729138018e-01 5.3949661141e-01 3.9253136195e-01
      vertex 5.8991777922e-01 5.3983774305e-01 4.3396489176e-01
    endloop
  endfacet
  facet normal 9.403266e-01 1.811510e-01 -2.880454e-01
    outer loop
      vertex 5.7487325256e-01 5.7922482520e-01 4.0962233627e-01
      vertex 5.8991777922e-01 5.3983774305e-01 4.3396489176e-01
      vertex 5.7729138018e-01 5.3949661141e-01 3.9253136195e-01
    endloop
  endfacet
  facet normal 5.964207e-01 8.026720e-01 0.000000e+00
    outer loop
      vertex 4.5771933364e-01 7.5519524251e-01 5.0000000000e-01
      vertex 4.8469260626e-01 7.3515291273e-01 5.2432588803e-01
      vertex 4.8469260626e-01 7.3515291273e-01 4.7567411197e-01
    endloop
  endfacet
  facet normal 6.804611e-01 7.283445e-01 8.054149e-02
    outer loop
      vertex 5.0813414327e-01 7.1061393343e-01 5.4818661069e-01
      vertex 5.1087210915e-01 7.1338452049e-01 5.0000000000e-01
      vertex 4.8469260626e-01 7.3515291273e-01 5.2432588803e-01
    endloop
  endfacet
  facet normal 6.804611e-01 7.283445e-01 -8.054149e-02
    outer loop
      vertex 5.0813414327e-01 7.1061393343e-01 4.5181338931e-01
      vertex 4.8469260626e-01 7.3515291273e-01 4.7567411197e-01
      vertex 5.1087210915e-01 7.1338452049e-01 5.0000000000e-01
    endloop
  endfacet
  facet normal 6.393544e-01 7.689122e-01 0.000000e+00
    outer loop
      vertex 4.8469260626e-01 7.3515291273e-01 5.2432588803e-01
      vertex 5.1087210915e-01 7.1338452049e-01 5.0000000000e-01
      vertex 4.8469260626e-01 7.3515291273e-01 4.7567411197e-01
    endloop
  endfacet
  facet normal 8.095043e-01 5.387620e-01 2.333204e-01
    outer loop
      vertex 5.4270509831e-01 6.5000000000e-01 5.9270509831e-01
      vertex 5.5205336560e-01 6.5577754692e-01 5.4693033951e-01
      vertex 5.2759569005e-01 6.8204754478e-01 5.7112589761e-01
    endloop
  endfacet
  facet normal 8.303865e-01 5.516422e-01 7.841715e-02
    outer loop
      vertex 5.5519524251e-01 6.5771933364e-01 5.0000000000e-01
      vertex 5.3406131121e-01 6.8607187478e-01 5.2434255549e-01
      vertex 5.5205336560e-01 6.5577754692e-01 5.4693033951e-01
    endloop
  endfacet
  facet normal 7.518660e-01 6.398684e-01 1.589524e-01
    outer loop
      vertex 5.0813414327e-01 7.1061393343e-01 5.4818661069e-01
      vertex 5.2759569005e-01 6.8204754478e-01 5.7112589761e-01
      vertex 5.3406131121e-01 6.8607187478e-01 5.2434255549e-01
    endloop
  endfacet
  facet normal 7.916792e-01 5.895786e-01 1.601287e-01
    outer loop
      vertex 5.5205336560e-01 6.5577754692e-01 5.4693033951e-01
      vertex 5.3406131121e-01 6.8607187478e-01 5.2434255549e-01
      vertex 5.2759569005e-01 6.8204754478e-01 5.7112589761e-01
    endloop
  endfacet
  facet normal 8.095043e-01 5.387620e-01 -2.333204e-01
    outer loop
      vertex 5.4270509831e-01 6.5000000000e-01 4.0729490169e-01
      vertex 5.2759569005e-01 6.8204754478e-01 4.2887410239e-01
      vertex 5.5205336560e-01 6.5577754692e-01 4.5306966049e-01
    endloop
  endfacet
  facet normal 7.518660e-01 6.398684e-01 -1.589524e-01
    outer loop
      vertex 5.0813414327e-01 7.1061393343e-01 4.5181338931e-01
      vertex 5.3406131121e-01 6.8607187478e-01 4.7565744451e-01
      vertex 5.2759569005e-01 6.8204754478e-01 4.2887410239e-01
    endloop
  endfacet
  facet normal 8.303865e-01 5.516422e-01 -7.841715e-02
    outer loop
      vertex 5.5519524251e-01 6.5771933364e-01 5.0000000000e-01
      vertex 5.5205336560e-01 6.5577754692e-01 4.5306966049e-01
      vertex 5.3406131121e-01 6.8607187478e-01 4.7565744451e-01
    endloop
  endfacet
  facet normal 7.916792e-01 5.895786e-01 -1.601287e-01
    outer loop
      vertex 5.2759569005e-01 6.8204754478e-01 4.2887410239e-01
      vertex 5.3406131121e-01 6.8607187478e-01 4.7565744451e-01
      vertex 5.5205336560e-01 6.5577754692e-01 4.5306966049e-01
    endloop
  endfacet
  facet normal 7.232719e-01 6.858517e-01 8.053079e-02
    outer loop
      vertex 5.0813414327e-01 7.1061393343e-01 5.4818661069e-01
      vertex 5.3406131121e-01 6.8607187478e-01 5.2434255549e-01
      vertex 5.1087210915e-01 7.1338452049e-01 5.0000000000e-01
    endloop
  endfacet
  facet normal 8.017675e-01 5.976360e-01 0.000000e+00
    outer loop
      vertex 5.5519524251e-01 6.5771933364e-01 5.0000000000e-01
      vertex 5.3406131121e-01 6.8607187478e-01 4.7565744451e-01
      vertex 5.3406131121e-01 6.8607187478e-01 5.2434255549e-01
    endloop
  endfacet
  facet normal 7.232719e-01 6.858517e-01 -8.053079e-02
    outer loop
      vertex 5.0813414327e-01 7.1061393343e-01 4.5181338931e-01
      vertex 5.1087210915e-01 7.1338452049e-01 5.0000000000e-01
      vertex 5.3406131121e-01 6.8607187478e-01 4.7565744451e-01
    endloop
  endfacet
  facet normal 7.623048e-01 6.472182e-01 0.000000e+00
    outer loop
      vertex 5.3406131121e-01 6.8607187478e-01 5.2434255549e-01
      vertex 5.3406131121e-01 6.8607187478e-01 4.7565744451e-01
      vertex 5.1087210915e-01 7.1338452049e-01 5.0000000000e-01
    endloop
  endfacet
  facet normal 9.957474e-01 9.212595e-02 0.000000e+00
    outer loop
      vertex 6.0000000000e-01 5.0000000000e-01 5.0000000000e-01
      vertex 5.9630650218e-01 5.3992133124e-01 4.7532726042e-01
      vertex 5.9630650218e-01 5.3992133124e-01 5.2467273958e-01
    endloop
  endfacet
  facet normal 9.712310e-01 2.237863e-01 -8.142553e-02
    outer loop
      vertex 5.8531695489e-01 5.7885966682e-01 4.5126204557e-01
      vertex 5.8915837904e-01 5.7992141034e-01 5.0000000000e-01
      vertex 5.9630650218e-01 5.3992133124e-01 4.7532726042e-01
    endloop
  endfacet
  facet normal 9.712310e-01 2.237863e-01 8.142553e-02
    outer loop
      vertex 5.8531695489e-01 5.7885966682e-01 5.4873795443e-01
      vertex 5.9630650218e-01 5.3992133124e-01 5.2467273958e-01
      vertex 5.8915837904e-01 5.7992141034e-01 5.0000000000e-01
    endloop
  endfacet
  facet normal 9.844052e-01 1.759159e-01 -0.000000e+00
    outer loop
      vertex 5.9630650218e-01 5.3992133124e-01 4.7532726042e-01
      vertex 5.8915837904e-01 5.7992141034e-01 5.0000000000e-01
      vertex 5.9630650218e-01 5.3992133124e-01 5.2467273958e-01
    endloop
  endfacet
  facet normal 8.516395e-01 4.694052e-01 -2.331714e-01
    outer loop
      vertex 5.4270509831e-01 6.5000000000e-01 4.0729490169e-01
      vertex 5.5205336560e-01 6.5577754692e-01 4.5306966049e-01
      vertex 5.6730195726e-01 6.1585621568e-01 4.2839692090e-01
    endloop
  endfacet
  facet normal 8.724736e-01 4.823363e-01 -7.836719e-02
    outer loop
      vertex 5.5519524251e-01 6.5771933364e-01 5.0000000000e-01
      vertex 5.7389474788e-01 6.1988211551e-01 4.7530292599e-01
      vertex 5.5205336560e-01 6.5577754692e-01 4.5306966049e-01
    endloop
  endfacet
  facet normal 9.227974e-01 3.505871e-01 -1.597927e-01
    outer loop
      vertex 5.8531695489e-01 5.7885966682e-01 4.5126204557e-01
      vertex 5.6730195726e-01 6.1585621568e-01 4.2839692090e-01
      vertex 5.7389474788e-01 6.1988211551e-01 4.7530292599e-01
    endloop
  endfacet
  facet normal 8.843585e-01 4.378416e-01 -1.618790e-01
    outer loop
      vertex 5.5205336560e-01 6.5577754692e-01 4.5306966049e-01
      vertex 5.7389474788e-01 6.1988211551e-01 4.7530292599e-01
      vertex 5.6730195726e-01 6.1585621568e-01 4.2839692090e-01
    endloop
  endfacet
  facet normal 8.516395e-01 4.694052e-01 2.331714e-01
    outer loop
      vertex 5.4270509831e-01 6.5000000000e-01 5.9270509831e-01
      vertex 5.6730195726e-01 6.1585621568e-01 5.7160307910e-01
      vertex 5.5205336560e-01 6.5577754692e-01 5.4693033951e-01
    endloop
  endfacet
  facet normal 9.227974e-01 3.505871e-01 1.597927e-01
    outer loop
      vertex 5.8531695489e-01 5.7885966682e-01 5.4873795443e-01
      vertex 5.7389474788e-01 6.1988211551e-01 5.2469707401e-01
      vertex 5.6730195726e-01 6.1585621568e-01 5.7160307910e-01
    endloop
  endfacet
  facet normal 8.724736e-01 4.823363e-01 7.836719e-02
    outer loop
      vertex 5.5519524251e-01 6.5771933364e-01 5.0000000000e-01
      vertex 5.5205336560e-01 6.5577754692e-01 5.4693033951e-01
      vertex 5.7389474788e-01 6.1988211551e-01 5.2469707401e-01
    endloop
  endfacet
  facet normal 8.843585e-01 4.378416e-01 1.618790e-01
    outer loop
      vertex 5.6730195726e-01 6.1585621568e-01 5.7160307910e-01
      vertex 5.7389474788e-01 6.1988211551e-01 5.2469707401e-01
      vertex 5.5205336560e-01 6.5577754692e-01 5.4693033951e-01
    endloop
  endfacet
  facet normal 9.468068e-01 3.113353e-01 -8.140770e-02
    outer loop
      vertex 5.8531695489e-01 5.7885966682e-01 4.5126204557e-01
      vertex 5.7389474788e-01 6.1988211551e-01 4.7530292599e-01
      vertex 5.8915837904e-01 5.7992141034e-01 5.0000000000e-01
    endloop
  endfacet
  facet normal 8.964941e-01 4.430557e-01 0.000000e+00
    outer loop
      vertex 5.5519524251e-01 6.5771933364e-01 5.0000000000e-01
      vertex 5.7389474788e-01 6.1988211551e-01 5.2469707401e-01
      vertex 5.7389474788e-01 6.1988211551e-01 4.7530292599e-01
    endloop
  endfacet
  facet normal 9.468068e-01 3.113353e-01 8.140770e-02
    outer loop
      vertex 5.8531695489e-01 5.7885966682e-01 5.4873795443e-01
      vertex 5.8915837904e-01 5.7992141034e-01 5.0000000000e-01
      vertex 5.7389474788e-01 6.1988211551e-01 5.2469707401e-01
    endloop
  endfacet
  facet normal 9.341724e-01 3.568221e-01 -0.000000e+00
    outer loop
      vertex 5.7389474788e-01 6.1988211551e-01 4.7530292599e-01
      vertex 5.7389474788e-01 6.1988211551e-01 5.2469707401e-01
      vertex 5.8915837904e-01 5.7992141034e-01 5.0000000000e-01
    endloop
  endfacet
endsolid sphere_at
